0,Help us fight for net neutrality!,We can already see the effects of restricted content on academia through the paywalled publishing practices of most journals. The high cost of institutional licenses or large-scale purchasing of individual articles can be an overwhelming expense for new companies or smaller universities. Science relies upon the free flow of information and knowledge between persons and institutions around the world. Ending net neutrality puts that at risk.
1,Stephen Hawking megathread,He reached a status where you'd think he would never die
2,Black Lives Matter,"I’m curious what the numbers would look like if you factored in socioeconomic status. For example, Blacks vs Whites who make less than 25,000 a year, or something to that effect. It would be hard to argue against racial bias at that point if the numbers still looked similar to those in this graph."
3,A message to our users,"For those that are out of the loop, here's what going on:  
https://www.reddit.com/r/OutOfTheLoop/comments/3bxduw/why_was_riama_along_with_a_number_of_other_large/ 

Edit: To keep a little bit of science in every AskScience post, here's a neat color photograph of Pluto and Charon taken by the New Horizons spacecraft:  
http://pluto.jhuapl.edu/Multimedia/Science-Photos/image.php?gallery_id=2&image_id=191"
4,"Why is it that during winter it's not uncommon to have days with abnormally high temperature and summer-like weather, but in the summer it never drops to winter-like weather for a day?","Hmm, lots of incomplete answers here.

Take a look at [this graph](https://www.e-education.psu.edu/earth103/sites/www.e-education.psu.edu.earth103/files/module03/fig8sol.png) of solar intensity vs latitude.  As you can see, the summer pole receives about as much sunlight as the equator (actually, slightly more because of the 24-hour days in the arctic circle!).  On the other hand, there's a huge difference in energy provided to the equator vs the completely dark winter pole.   As a result, there's a huge difference in temperature between the winter pole and the equator, and not so much between the summer pole and equator.

But that just explains changes in temperature vs *latitude*, not changes over time, so let's think about weather systems.  Storms are created by the north-south temperature gradient: as heat moves from equator to pole, a small amount of it is converted into kinetic energy.  Heat flow causes motion, just like a very inefficient steam or gasoline engine.  When the temperature difference is large, the ""engine"" runs faster and more efficiently, creating more kinetic energy -- which is to say the storm winds blow stronger when the pole-equator temperature difference is large.

So.  In the wintertime, the difference in solar heating creates a much larger equator-pole temperature difference than in the summer.  This creates much stronger wind patterns.  So you've got stronger winds, blowing a bigger temperature gradient around across the surface of the Earth ... so you see much bigger temperature shifts from day to day.

Edited to add some examples.  Here are views of temperatures and winds at the 500 mbar level [in northern hemisphere summer](https://earth.nullschool.net/#2017/08/19/1800Z/wind/isobaric/500hPa/overlay=temp/orthographic=-66.65,42.29,316) (last August 19) and [northern hemisphere winter](https://earth.nullschool.net/#2018/02/19/1800Z/wind/isobaric/500hPa/overlay=temp/orthographic=-66.65,42.29,316) (yesterday).  Colors indicate temperature contrast (purple is colder), streaks indicate wind direction and speed."
5,"If we could travel at 99.9% the speed of light, it would take 4 years to get to Alpha Centauri. Would the people on the spaceship feel like they were stuck on board for 4 years or would it feel shorter for them?","Nope, time dilation is a cool part of special relativity. At 99.9% the speed of light the trip would be 0.17 ish years to the occupants of the spaceship. The closer you get to 100%, ie. add more 9’s to the end of your percentage, the faster the trip would feel to the occupants. Here’s a cool calculator site you can play with to see these effects. http://www.emc2-explained.info/Dilation-Calc/#.XESiMRZlCEc

-edit This seems to be a frequent question and it’s a good one. How would you age? The traveler would age relative to the time they experience. So on this trip while everyone on earth experienced 4 years, you’d only age a few months! Take a long enough trip and you might just outlive your own grandchildren!


-edit2 Time dilation has been proven experimentally using very precise measurements. Here's a link to an article for some further reading. https://www.scientificamerican.com/article/einsteins-time-dilation-prediction-verified/

Also, as some have pointed out, it would take a long time to accelerate to these speeds at 1g and would require a HUGE amount of energy to do so. Definitely not practical with current propulsion technologies. I have heard that large solar sails might be able to accelerate small probes to high speeds 20-30% c which would be a cool thing to see. 

-edit3 For those curious about the solar sail probe, if you google StarShot you’ll find a lot of info about it. https://breakthroughinitiatives.org/initiative/3

-edit4 As many have pointed out, time dilation is a direct result of the length contraction observed by the traveling body. Also, thanks for for the gifts kind strangers.

-edit5 Another fun link thanks to /u/konstantinua00 talking about relativistic effects on mission duration http://convertalot.com/relativistic_star_ship_calculator.html"
6,Do giraffes get struck by lightning more often than other animals?,"So this is not my area of expertise and I hope other more qualified people chime in but I have found some informations (some of it even peer reviewed!). 

[This article [1]](https://link.springer.com/article/10.1007/s00484-011-0515-5) talks about how four legged animals are more vulnerable to lightning strikes because ground current has high chances to go through vital organs. It also describes how large animals such as giraffes and elephants have higher chances of deadly strikes. There is the obvious thing about the fact that they are tall so even under a tree there is a non-negligeable chance that lighting could [jump directly to their head](http://i.imgur.com/iYzL85H.png). The other less obvious one is that even if they are not directly hit, the large distance their legs span increased the voltage (and potentially the current) going though them (as described in[ this figure](http://i.imgur.com/JkPWM1K.png)). Sadly the article lacks hard numbers on strike frequency depending on the species. 

This [blog post](http://scienceblogs.com/tetrapodzoology/2009/07/15/mammal-deaths-by-lightning/) seems to suggest that giraffes getting killed by lightning is not that uncommon. 

> Between 1996 and 1999 the Rhino and Lion Reserve near Krugersdorp, South Africa, had two of its three giraffes killed by lightning – the third animal (a juvenile) was also struck but survived. Betsy the giraffe was killed by lightning at Walt Disney World in Florida in 2003 (in front of lots of witnesses).

...

>  A juvenile giraffe at Louisiana’s Global Wildlife Center, named Dusty, was killed after lightning struck a nearby tree. 

[1] Gomes, Chandima. ""Lightning safety of animals."" International journal of biometeorology 56.6 (2012): 1011-1023."
7,What % of my weight am I actually lifting when doing a push-up?,"Your question made me curious and a quick search yielded the study linked below, which looked at exactly this question.^1 The researchers found that the answer depends both on the variant of the exercise as well as the stage of the exercise. For example, in a traditional push-up the number is about 69% in the up position (at the top of the movement) and 75% in the down position (bottom of the movement).

It's also worth mentioning that the study also looked at a ""modified push-up."" This modification [as shown here](https://i.imgur.com/2PagQIv.png) is essentially just an ~~lazier~~ easier version of the exercise where the knees stay on the floor.  Surprisingly (to me at least), even in this simpler version you still lift quite a bit of your body mass (54% in the up position and 62% in the down position).

edit: I corrected ""going up/down"" to ""up/down position"" to reflect the fact the body was kept stationary when the force was recorded in this study.

^(**1**) Suprak, et al. **The effect of position on the percentage of body mass supported during traditional and modified push-up variants.** 2011: 25 (2) pp 497-503 *J. Strength Cond. Res.* [Link](https://www.ncbi.nlm.nih.gov/pubmed/20179649)"
8,"What is the point of using screws with a Phillips head, flathead, allen, hex, etc. instead of just having one universal screw type?","The reason for the different styles is cost and torque. The slotted head screws are cheap and easy to make. But they're completely useless for powered screwdrivers and you can't put much torque on the screw without it either slipping out or stripping the head (and maring the surface of whatever you're screwing). Phillips screws are self-centering, making powered screwdrivers possible. They're somewhat more expensive to produce than slotted-head. They tend to 'cam-out' easily under torque, making it hard to apply much torque. I've heard they were designed that way to prevent overtightning. However, it's not good for exposed fasteners to look stripped. Robertson-head and allen-head fasteners can handle more torque than phillips-head fasteners, but are more expensive. Because the bottom of the hole is flat (unlike the pointed end of the phillips), there's more contact area and so it's less likely to cam-out. The robertson-head is cheaper than the allen-head, but the allen-head has six points of contact rather than 4, making it less prone to rounding out the hole. The Torx-head fasteners solve the problem of rounding/stripping by having the flat bottom of the robertson/allen that reduces cam-out, but it has much better contact with the driving bit to prevent stripping the head. The points of the 'star' on the driving bit engage the recesses on the screw at nearly right angles, so it has a very positive contact. Torx is becoming more and more popular because of that, particularly in assembly-line work. Because they're less likely than a phillips to be damaged when tightening, the allen (internal hex) heads are often used for exposed ('decorative') fasteners on 'some assembly required' furniture. It's also very cheap to make the allen keys, so they usually include one with the fasteners.
"
9,"If hand sanitizer kills 99.99% of germs, then won't the surviving 0.01% make hand sanitizer resistant strains?","Most hand sanitizers use alcohol, which kills indiscriminately.  It would kill us if we didn't have livers to filter it, and in high enough doses will kill anyway.  Some germs survive due to randomly being out of contact, in nooks and crannies and such, not due to any mechanism that might be selected for."
10,Do heavily forested regions of the world like the eastern United States experience a noticeable difference in oxygen levels/air quality during the winter months when the trees lose all of their leaves?,"Yes.  [Here](https://m.youtube.com/watch?v=x1SgmFa0r04) is an excellent map showing accurately modeled atmospheric levels of CO2 from satellite and ground measurements taken during a year, for example.  You can easily see humans emitting it, and then forested regions sucking it up.  Unless it’s winter in that hemisphere, in which case it just swirls around until spring.  Other gas levels show similar seasonal patterns.

(Edit: changed to specify that it is a model based on continuous samples.  They obviously can’t sample the entire atmosphere at once every day.  And CO2 isn’t bright red.  Among other points people apparently felt necessary to clarify.)

(Edit again:  wow, I was not really expecting so much karma and a double-gold for this.  The question just reminded me of this cool map I once saw.  I bet it's even a repost!)"
11,"Does the size of a creature, or the size of its eye, affect what can be seen by the ""naked eye""? for example, can ants see things we consider microscopic? are ants microscopic to elephants?","in terms of optics and photoreceptor density, which are the principal factors in a creature's visual resolution (""details per degree of visual angle""), there probably isn't much real difference between the *angular* visual resolution of e.g. a jumping spider and a house cat - both can see, at best, about ~10 details per degree. so if you shrank a cat down to spider size (or vice versa), they'd both have similar limits to the smallest things they could see.

but since they're different sizes, the sizes of the things they can see will also scale; since the eye is getting smaller, its ~~*near point*~~ (i think i meant 'depth of field' here) is getting proportionally shorter. so if a jumping spider's eye is a thousand times smaller than a cat's eye, it can potentially resolve details that are a thousand times smaller than what a cat's can resolve. a cat can never get optically close enough to a grain of sand to make it a degree wide, so that it could see 'ten details' on its surface, while this optical distance is easily available to the spider.

the caveat to this general scalability of vision is in the ""noisiness"" of light, i.e. factors like diffraction (limitation in how small of a point can be focused) or chromatic aberration (the difference in focal distance for different light wavelengths) - for a big eye with a big pupil, this noisiness is insignificant, but for a spider's eye it is getting significant, since all of us are looking at more-or-less the same light bandwidth. jumping spiders, for example, deal with this by having retinas at different focal depths to try to account for chromatic aberration.

but this stuff gets complicated, especially considering that the range in optical quality and photoreceptor density across species washes out most of these limitations. i think you could safely suppose that, in the range of terrestrial creature sizes, vision basically scales with size.

*edit* the important thing is that things scale, but my concepts are confused re ""near point"" etc, see /u/craigdubyah for better/more detailed info---

*edit edit* sorry i didn't keep up with this, was busy all day; but let me excuse the rough edges of my answer by saying it was a lot of well-informed hand waving and of course i didn't try to go into detail about diffraction and lens power and etc etc; i just wanted to get the basic gist across that vision should more-or-less scale with the size of the eye, receptor sampling being equal (as in the cat/spider comparison). field of view, pupil sizes, etc, all very important but another time and place, ok?"
12,Can my 7 year old ask you about tornadoes?,[removed]
13,"Why do we have to ""fall"" asleep? Why can't we just decide to be asleep?","Sleeping literally changes our very physiology. Our core body temperature drops which allows certain proteins to work differently than they do during our ""waking temp,"" as a broad example. It's not something we'd want easy control over. 

Most importantly the process of getting sleepy is highly regulated by not only our Circadian rhythm but also by other hormone systems. 

We need to burn energy to feel fatigued (when we use ATP and make Adenosine as a byproduct, which signals fatigue in humans). 

We need a lack of blue-wavelength light to initiate the process of releasing melatonin at night, which makes us sleepy and helps initiate the sleeping-end of our Circadian processes. 

We don't have voluntary control over sleep because it's chemically regulated. Adenosine, melatonin, hypercretin (Orexin), etc.. 

It's not something we can flex like a muscle. It's essentially hormonal in nature and therefore requires us to use drugs (meaning ligands that bind to targets in our body) to control it. 

"
14,Have a question about the 2019 novel coronavirus (2019-nCoV)? Ask us here!,"How does this compare to previous viral outbreaks like SARS, Zika and Ebola? I don’t remember entire cities or regions being evacuated of foreigners, or cities walling themselves off with other outbreaks. Is this a bigger deal than previous outbreaks?"
15,"For humans, sea water is not drinkable due to its high salt content. How do whales, manatees, seals, and other sea faring mammals stay hydrated?",[removed]
16,"Why do nearsighted people need a prescription and a $300 pair of glasses, while farsighted people can buy their glasses at the dollar store?","Nearsightedness needs to be corrected precisely so that objects at infinity are in focus. Each eye may need a different correction and there may be astigmatism as well. Farsightedness just needs to be corrected for a comfortable reading distance.  A limited analogy is that it is like buying and using magnifying glass vs  a camera or projector lens.

Edit: An optometrist's explanation is here 

https://www.reddit.com/r/askscience/comments/d26nwr/why_do_nearsighted_people_need_a_prescription_and/ezt656x/"
17,Many of us haven’t been sick in over a year due to lack of exposure to germs (COVID stay at home etc). Does this create any risk for our immune systems in the coming years?,"My institution (major midwest hospital, \~20-30k employees, 800+ bed main hospital and multiple 100-200+ bed satellite hospitals) **has not had a single positive test of the flu since \~mid-November.**

To highlight, in about September we switched to all COVID tests would be combo COVID/Influenza tests to see how much co-infection was occurring. Now, because we literally have no positive influenza tests, the default will now be COVID only.

To put this in perspective, it's like all auto shops in the state of Michigan all of a sudden started saying ""no one's engine oil is wearing out anymore, so we don't need to do engine oil changes until next fall, only transmission fluid changes for now""."
18,"Asked my chemistry teacher (first year of highschool) this ""Why do we use the mole (unit) instead of just using the mass (grams) isn't it easier to handle given the fact that we can weigh it easily? why the need to use the mole?"" And he said he ""doesn't answer to stupid questions""","We use moles instead of mass since it accurately shows how many molecules of a substance we have. The chemistry behind reactions is dependent on the number of molecules present, not their mass. 
To put more simply, it's more important to know many ingredients you have for making a hamburger, then it is to know how much the ingredients weigh. It's more important to have two buns instead of just knowing you have 100g of buns.

Edit: Forgot to mention that the OPs question is not stupid, and is completely reasonable. As some others pointed it, it would be a good opportunity for the teacher to emphasize the importance of moles vs mass."
19,"If we return to the moon, is there a telescope on earth today strong enough to watch astronauts walking around on the surface?","No, I don't think any telescope could come close.

For instance, Hubble has an angular resolution of about 1/10 of an arcsecond. It is approximately 384,000km from the moon. 1/10 arcsecond is 1/36000 of a degree, and a circle is 360 degrees. 

1/10 arcsecond on a circle with radius 384000 km is:

2 * 384000 * pi / 360 / 36000 = 0.18617

So the resolution of Hubble would be 186m, much too large to make out a single human. To achieve the sub-1m resolution needed to discern a person on the moon, a telescope would need a resolution over 100 times better, which does not exist."
20,"If climate change is a serious threat and sea levels are going to rise or are rising, why don’t we see real-estate prices drastically decreasing around coastal areas?","This is less of an earth science question and more of an economics / consumer psychology question (which as an earth scientist, I'm not going to be particularly able to answer). From a very basic level though, there are a lot of assumptions baked into this as a line of reasoning, e.g. that consumers (or most people in general) understand risk assessments, etc. The faulty (ha, pun not intended) line of reasoning could equally be applied to the continued existence / expansion of population centers in earthquake prone regions, e.g. 'If earthquakes are real, why haven't we seen a plummeting of real estate prices in Los Angeles as the time since the last major earthquake increases?'.  That being said, some quick browsing does suggest that there are the early signs of what you're describing (though none of these could be construed as a crash in real-estate prices at this point, more that there does appear to be a measurable influence of sea level rise on home prices), e.g. [Bernstein et al 2018](https://papers.ssrn.com/sol3/papers.cfm?abstract_id=3073842) showing that houses more in danger of sea level rise sold for 7% less than equivalent less risky homes or [Keenan et al 2018](https://iopscience.iop.org/article/10.1088/1748-9326/aabb32) showing a price premium being placed on homes at higher elevation in south Florida."
21,"When a person gets a cut, is it better to wipe off the blood or let the blood coagulate to protect the cut?","Hi, medic here! It depends. For the sake of the conversation, I'm going to assume you mean something like a run-of-the-mill, basic cut. You nicked yourself shaving, or your knife slipped a little when you were cutting veggies. Nothing that would require sutures. 

Typically, its best to wash the cut with antibacterial soap (like Dial) and warm water, that probably constitutes ""wiping it away"", but only to get any dirt/nasties out of the cut. You do this because when you DO hold pressure to stop the bleeding, you don't want to keep the trapped nasties in there. So technically, it's better to take a little of column a, a little of column b. After your cut has been wiped clean, put steady pressure on it until it clots, then put a layer of protectant (neosporin or the like) and a bandage/bandaid/gauze over it to help it heal. 

Now, if you're talking about a trauma situation, it's a little different. Say, for example, you're first responding to a motorcycle accident and this dude's calf is just wrecked to hell, blood everywhere, gravel everywhere inside the laceration- your best bet isn't to keep wiping the gash continuously, you need to apply direct pressure first and foremost to stop the bleeding. Wiping it will do nothing and not allow the blood to clot properly. Pop a tourniquet on too. (This includes keeping the nasties and gravel and all, unfortunately, the hospital will properly clean and suture when they arrive. Motorcycle dude has bigger issues than a little dirt and gravel right now.) You don't want to be exsanguinated just because you kept wiping blood. Wiping continuously doesn't really promote clotting factors, nor allows platelets to form to stop the blood. It's why you are always taught ""direct pressure"" any time there is blood leaking from a wound that shouldn't be there. 

TL;DR: when in doubt, keep pressure on it. 

I hope this makes sense and answers your question, I'm on maternity leave, pregnant AF, insomnia and heartburn have kept me up for over a day. (: 

Edit: holy shit RIP inbox, I wake up because my son decided to falcon punch my bladder after I could finally go to sleep (weird sensation from the inside out) and I have 100+ comments, replies, and messages. Obligatory thank you for the gold! Now, a few clarity points:

For my first basic scenario, I used a common example of what might happen at home/what people have at home to use. Water and really any kind of soap is fine, Dial soap is just what I've been taught to use if I have it, and many of my colleagues do too. (I HATE it though, but I'm also allergic to a lot of other cleansing agents and have to stick with it.) Personally, I don't think water temperature is a difference/makes a difference in the basic cut situation. I cut myself in the shower shaving the other day (big 'ol 32w pregnant belly over here) and I just let it run in the shower, cleaned with soap, but it didn't clot until after I got out and put pressure. EVERY PERSON'S CLOTTING FACTOR IS DIFFERENT, your mileage may vary from others. It takes me 20 minutes to stop a simple little cut like that, whereas my husband just washes and slaps a bandaid on it and forgets about it in three minutes. 

On using alcohol/sticking your finger in your mouth- as long as it's rubbing alcohol or peroxide, I don't see why you couldn't dab a bit on. We carry it in the ambulance in situations like this. (Since we don't exactly have a sink with soap and water.) If the drinking alcohol (high proof) you want to use is fresh/unopened, or ensure that nobody has drank from the bottle directly. I've never used drinking alcohol as a sanitizer, so I couldn't tell you. As for sticking your finger or cut in your mouth- I'm completely guilty of doing this too, but just keep in mind that human mouths are NASTY AF! We treat human bites wayyyy more aggressively than dog or animal bites (save for snakes, because venom). Human mouths are just... filthy. I learned how gross our mouths are and made a conscious effort to stop sticking my cut up hands/arms in my mouth. Google some human bites, and look at when they get infected. They aren't pleasant. After seeing some in the field and looking at the infections they harbor, I wouldn't ever consciously do it again- but I mean, you do you. Like I said, I'm guilty of it too, and I think it's a bit of a reflex if I'm honest. (So many people do it!) I'm too tired to do any link adding, so if someone wants to add it, I'll put it here. (:

ON TOURNIQUETS:

A little background for those that don't know me: before I got off the truck due to my little parasite I have affectionately decided to raise, I work in a huge metropolitan area with a combo critical care/911 system. I'm mainly on the CCT (critical care transport) side, meaning we transferred people from hospital to hospital, higher level of care, etc. Got to see some gnarly stuff. We also backflowed our 911 areas when they got busy, so I've seen some crap there too. 

Tourniquets are coming back into the mainstream. Using a tourniquet is simple, easy, and (in my opinion) should be part of a public safety course/first aid/CPR for civilians. You have HOURS (if tourniquet applied correctly) before you risk ANY harm to the limb. (And remember! Life > limb, regardless. So that argument is out.) 

You do not need to loosen it every fifteen minutes. That's the exact opposite of what you're trying to do. You do need to check for pulses in the extremity very frequently- if you feel one, readjust till there isn't one. Double tourniquets are a thing, I've had to do it on people before. You are restricting blood flow. A pulse means that the person has blood flow and they will continue to bleed out. Once you apply it, hospital staff need to be the ones removing it, not you. In my trauma scenario, I pictured a free flowing bloody calf that got ripped to shreds by a gravel road and is squirting blood that you can't stop with direct pressure alone. (Guess I should've said femoral, I wasn't thinking straight. Either way.) Put the tourniquet on the femoral artery, as high as you can, and cinch it tight. If that doesn't help, double tourniquet it. 

Tourniquets are a very underrated emergency medical device, in my opinion. We carry several on the ambulance. They're good use for GSWs, deep cuts, lacerations, arterial bleeding from pretty much anywhere. It's easier to remove a tourniquet than remove a limb. We might use them more than you think. Open fractures that are bleeding and you can't put pressure on because bone is protruding, etc. They're very useful and can be used for several situations. 

Another local EMS company near me actually does civilian first aid training, and they are doing a good job in removing public stigma around tourniquets in our huge metropolitan area. ""Stop the Bleed!"" is really great too. 

As for in-field debridement: if I have the chance to squirt some saline and remove the dirt from a wound (and the bleeding IS CONTROLLED) I do en route to the hospital. If they're so messed up that I got called because of a GSW or severe accident, I'm going to be a little too busy maintaining airway, keeping BP up, etc to do much. We'll be at the facility that can take their time to clean it properly versus my crude knock-up job when I really need to focus on doing other things. If I have an extra hand or some firefighters, I might ask them to help me if I have everything else under control. (S/O to my fire guys, you rock!) 

I hope I answered all the questions and cleared some stuff up in the edit. I will totally try to get back to all that commented! Baby boy is craving some tacos, now I gotta go make some tacos at 7am... my husband will be very confused when he wakes up, lol. "
22,The recent fire in London was traced to an electrical fault in a fridge freezer. How can you trace with such accuracy what was the single appliance that caused it?,"In this case, it was easy - the fire was seen when it started, reported, firefighters attended and extinguished the fire in that flat - but not before the fire spread to the outside of the building. The questions to be answered here are engineering ones - why a cladding material that would have been designed and tested as safe proved to be so unsafe in practice.

But even in less obvious cases, the source of the ignition is often obvious. When ignition happens, there is lots of oxygen there, so things burn completely. When the fire gets going, there's less oxygen available, so things burn partially. Fire generally burns up - so the source of a fire is often the only thing on the floor that is badly burned.

Edit: Lots of good replies to my comment - including some fire investigators that state that the source of the fire is usually less combusted than the surroundings, as they burn cooler before the fire gets going."
23,"The video game ""Subnautica"" depicts an alien planet with many exotic underwater ecosystems. One of these is a ""lava zone"" where molten lava stays in liquid form under the sea. Is this possible?","Oh shoot!  As a geoscientist and a huge Subnautica fan, I'm sorry to come in late on this.

**No**, the lava depicted in the lava zone is completely unrealistic (but *so* cool.)  Let me comment on the pieces of the answer that people have already given:

As /u/Little_Mouse points out, real underwater volcanism on Earth doesn't have much glow to it: the water cools the lava so fast that it's almost all dark except for a few glints of red.  Their video was taken at shallow depth by a scuba diver: here's a video from 1 km deep, similar to the lava zone in Subnautica:

https://www.youtube.com/watch?v=hmMlspNoZMs

No glowing pools, no red lava falls.  Water is a fantastic reservoir for heat, and the fact that warm water rises lets it carry away heat by convection really *really* well.

/u/PresidentRex has a great analysis of pressures and the phase diagram of water, but there's one thing they didn't realize: **hot supercritical water is always less dense than cold**, as shown in the graphs [here](http://www1.lsbu.ac.uk/water/water_density.html).  Thus, there will be no ""stable layer of supercritical water"": it would be buoyant, rise, and be replaced by cool water, carrying away heat by convection.

What if the layer of water near the lava surface had a ton of salts dissolved in it, so it was denser?  As /u/Bassmanbiff points out, the thermal radiation law applies to *everything*, not just rock: the supercritical water layer *itself* would glow.  But that's clearly not what we see in Subnautica, and in any case the water above this layer would still convect, rapidly cooling it just as if it were lava itself.

Finally, as /u/UniqueUserTheSecond points out, there's a thermometer in the game, and it reads 70 degrees C in the active lava zone.  That's probably a reasonable temperature, actually -- note that in the video I linked to, the submersible isn't damaged by the volcano's heat, and /u/Little_Mouse 's video was taken by a scuba diver swimming just a few feet from the lava!  But this is nowhere near the temperature at which stuff starts to glow -- no matter what stuff.

As a side note, several people are commenting on air pressure and O2.  One thing's for sure: the way Subnautica handles air and breathing at depth is completely wrong, and trying to dive the way you can in Subnautica would kill you dead.  Nobody in the real world has done a dive on pressurized gas to a depth greater than 700 meters, the people who've done it to a depth below 100 meters only do so with hours of preparation, a special gas mixture, and slow cautious pressure changes, and even then many people who've tried to dive below 300 meters have died.  The vehicles and seabases behave as if they are at sea-level pressure (if they weren't, they wouldn't implode if you take them too deep), but you can't just hop from 800 meters of pressure into your sea-level pressure vehicle without dying immediately.  And let's not even talk about how moonpools work....

Of course, a realistic approach to lava and air pressure wouldn't make for nearly as fun a game!"
24,Why do we use pillows now when we sleep? Did we need this during the prehistoric/ancient age? What changed?,[removed]
25,"Similar to increasing wealth gap, are we experiencing an increasing educational gap? Are well-educated getting more educated and under-educated staying under-educated?",[deleted]
26,"Why are Primates incapable of Human speech, while lesser animals such as Parrots can emulate Human speech?",[removed]
27,"If light can travel freely through space, why isn’t the Earth perfectly lit all the time? Where does all the light from all the stars get lost?",[removed]
28,Why do computers and game consoles need to restart in order to install software updates?,"A CPU can only work on stuff in its cache and the RAM of the device (be it PC / Mac / console / mobile / etc). However, such memory is volatile, and loses all its data if it is not powered. To solve this problem, secondary storage exists: hard disk drives, DVD drives, USB disks, flash memory, etc. They hold persistent data that is then transferred to the RAM as and when needed, to be worked on by the CPU. 

Now, when a computer boots up, a lot of its core processes and functions are pre loaded into RAM and kept there permanently, for regular usage. (The first of this stuff that loads is known as the *kernel*.) They are also heavily dependent on each other; eg, the input manager talks to the process scheduler and the graphics and memory controllers when you press a button. Because these are so interconnected, shutting one down to update it is not usually possible without breaking the rest of the OS' functionality*.

So how do we update them? By replacing the files *on disk*, not touching anything already in memory, and then rebooting, so that the computer uses the new, updated files from the start. 

*In fact, Linux's OS architecture and process handling tackles this modularity so well that it can largely update without a restart."
29,"If each day is only 23h56m4s, over the course of 4 years, we accumulate 95.7 hours of unaccounted time when approximating each day to 24 hours. We give ourselves one extra day in February, which accounts for only 24 hours of that extra time, but where does that extra 71.7 hours go?","It sounds like you're confusing [sidereal time](https://en.wikipedia.org/wiki/Sidereal_time) with [solar time](https://en.wikipedia.org/wiki/Solar_time).  A sidereal day is the amount of time it takes for the Earth to rotate by 360°, and is indeed 23h56m4s.  A solar day is the interval between two successive instances of the Sun crossing the [local meridian](https://en.wikipedia.org/wiki/Meridian_\(astronomy\)).  Since the Earth moves by roughly 1° around the Sun each day, the Earth has to rotate by roughly 361° for the Sun to cross the local meridian.  In [this image](https://en.wikipedia.org/wiki/File:Sidereal_day_\(prograde\).png), sidereal time is the difference between the blue circles labelled ""1"" and ""2"", where solar time is the difference between the blue circles labelled ""1"" and ""3""."
30,What percentage of 74-year-olds survive a COVID-19 diagnosis?,"This will necessarily be a very broad generalization. 

All else being equal, in the US, since the start of the pandemic, of all people ages 70-79 who have tested positive for COVID-19, about 8% die before recovering. In other words, 92% survive. 

There are many more variables than just age. Men with the virus are more likely to die of it than women are. Underlying conditions such as diabetes, heart failure, and obesity are linked to worse survival rates. Survival is better now than at the start of the pandemic because we have learned some treatments that are effective, and some other things that we should avoid doing. 

Also, the above percentage only refers to deaths. There are other possible long-term effects. Even a relatively mild case can cause permanent damage to the heart, lungs, and blood vessels. The most severe cases can leave patients ventilator-dependent or with brain damage from lack of oxygen. So, ""survival"" may not be the best metric to pay attention to."
31,"Ethiopia is building the largest hydroelectric power plant in Africa, Egypt opposes the dam which it believes will reduce the amount of water that it gets, Ethiopia asserts that the dam will in fact increase water flow to Egypt by reducing evaporation on Egypt's Lake Nasser, How so?","There is a fixed amount of water available in the basin that varies only slowly over decade time scales. So if Ethiopia builds a dam close to the source of the water and stores it there this will have results downstream. A minor effect would be the evaporation from the lake which would be lost to the region (the recycling factor in the Ethiopian highlands is small). A major effect would be a quick fill which would temporarily cut off water supply to the downstream areas. A long term effect would be that in times of drought Ethiopia has control over the distribution and can keep more water for itself. All of these are negative effects for Egypt's water security. As for the claim that Egypt's waterflow is increased by reducing Lake Nasser evaporation, this is really a wry statement. It means that they might reduce the level of Lake Nasser by siphoning of more water upstream thereby decreasing the volume of the lake and the area from which it can evaporate. That might slightly reduce evaporation in Egypt which is what they could mean by ""increased water flow"" but I don't see how Egypt's total water budget would increase because of this.

That said, if Ethiopia's dam is properly managed it might increase the overall water security of the region, something that would also benefit Egypt. It all depends on the amount of irrigation Ethiopia is going to develop with this dam."
32,"What does ""The Universe is not locally real"" mean?",[removed]
33,"What affect does the quantity of injuries have on healing time? For example, would a paper cut take longer to heal if I had a broken Jaw at the same time?","A fun bit of trivia:

In polytrauma injuries involving a traumatic brain injury and bone fracture, the fracture may actually heal at a faster rate than the same fracture alone. The mechanism is currently not well understood, but some researchers speculate it's related to enhanced macrophage mobilization.

EDIT: For some more formal reading, check out some of work being performed in small animal models: [here](https://www.ncbi.nlm.nih.gov/pubmed/25682315), [here](https://www.ncbi.nlm.nih.gov/pubmed/26636276), [and here](http://globalprojects.ucsf.edu/project/murine-model-polytrauma-understanding-molecular-basis-accelerated-bone-repair-concomitant). Then, even more exciting, check out [this study](https://www.ncbi.nlm.nih.gov/pubmed/22323691) that looked at human patients with combined TBI + fracture injuries. Finally, to try to sum it up as best as we can, check out these lit reviews: [here](https://www.ncbi.nlm.nih.gov/pubmed/25873754) and [here](https://www.ncbi.nlm.nih.gov/pubmed/15710151)"
34,Why do airplanes need to fly so high?,"There are generally a few reasons.  One of the biggest being that higher altitude means thinner atmosphere and less resistance on the plane. 

There's also the fact that terrain is marked by sea level and some terrains may be much higher above sea level than the takeoff strip and they need to be able to clear those with a lot of room left over.

Lastly, another good reason is simply because they need to be above things like insects and most types of birds.

Because of the lower resistance, at higher altitudes, the plane can almost come down to an idle and stay elevated and moving so it also helps a lot with efficiency. 

Edit:  Forgot to mention that weather plays its part as well since planes don't have to worry about getting caught up in the lower atmosphere where things like rain clouds and such form."
35,Gravitational Wave Megathread,"A wave is typically measured by frequency and amplitude. What aspects of gravity do these two properties affect, and are these aspects explainable/understandable to non-physicists?"
36,"How will the waters actually recede from Harvey, and how do storms like these change the landscape? Will permanent rivers or lakes be made?","As a flood engineer i wish i came here sooner to answer a few questions. 

But the main thing is that a number of vectors will remove the water due to gravity.   Namely sewers, ground drains, good old evaporation, lay of the land, local ground geology, tidal differences to name a few.  Once the hurricane has passed though then levels will drop fairly quickly.

The biggest problem will be both the environmental (mobilised sewage etc...) and physical property damage that has occured.

Lots of standing water means mozzies and vermin.  Contaminated waters means polluted ground water sources, damaged agriculture infrastructure, dead livestock, crops wiped out and quarantined/destroyed  (certain crops absorb harmful nasties). 

Infrastructure wise lots of work gutting out the drainage system and clearing hurricane damage will take place. Damaged electricity/phone/gas infrastructure will need checking too.  

Now let's talk about the houses that are damaged. 

There are typical damage assessments that can be done but there are 2 typical factors that ultimately determine damage costs and severity - the depth of water and the time water stays around (ok and type of building materials used)

Anything typically above 400mm for a day or 2 means that the lower floor needs gutting and requires a complete rework.

Now think of this in terms of demands locally.  Every homeless person will  need rehousing, every house will require skilled trades to repair them(and they WILL be in  demand). It will take years for all affected properties to be repaired by all trades.

But as a starter for then why not google what happened during hurricane katrina or the 2005 flooding carlisle in the UK.  Some of the stats are just mindblowing and heartbreaking.

Ps also google the lake levels rises during hurricane Katrina due to the low air pressure alone.  It makes for amazing reading.

Source : i am really a flood engineer 😊

Edit: Thank you for my first ever gold(s!!!) and all your messages."
37,"If a heart is a muscle, why doesn’t it ever get tired of beating but things like my arms and legs do?","Cardiovascular physiologist with extensive exercise physiology experience here.

Couple of things first - cardiac muscle is fundamentally different compared to skeletal muscle. Although certain contractile proteins are similar, in terms of energetics (energy production and consumption), cardiomyocytes (heart cells) are very different. 

The main reason why cardiomyocytes are so resistant to fatigue is because they contain almost twice the amount of mitochondria. Mitochondria are the **aerobic** cellular powerhouse. We know this by looking at the content of [citric synthase which tracks very well with mitochondrial content.](https://www.ncbi.nlm.nih.gov/pmc/articles/PMC4121645/#!po=35.0000)

The heart is very metabolically flexible in terms of fuel. [It consumes glucose, free fatty acid and **lactate.** Yes.. you read that right. It consumes lactate (so does skeletal muscle).](https://www.ncbi.nlm.nih.gov/pmc/articles/PMC2290415/) This is especially pronounced at high exercise intensities.

Finally, cardiomyocytes are very well vascularized and since they have more mitochondria are incredibly good at extracting oxygen and using it for aerobic respiration. In fact, even at the rest heart muscle pretty much extracts most usable oxygen from blood which means the only way for the heart to improve oxygen delivery is to improve flow (as it cannot improve on extraction).

These are just some broad concepts but I recommend taking a look at some exercise physiology texts that will help.

Obligatory edit - Woah! this blew up. RIP my inbox. 

Thanks for the kind words. Going to try to answer the most common questions asked here.

**One common question is - what would happen if we replaced all muscle in the body with cardiac muscle?**

**Answer** 

Lots of bad things. Cardiac cells talk to each other through a structure called the intercalated disk which allows all cardiomyocytes to beat synchronously to produce an effective beat. Further, cardiomyocytes are self-excitatory i.e. they contract even without nerve supply (that's why a transplanted heart with its nerves cut still beats - a lot faster rate too because the heart needs the vagus nerve to rein it in). Obviously both of these would be very bad for skeletal muscle as these are incompatible with voluntary, purposeful movements. First, it's precisely because muscle fibers in a motor unit are isolated from others that we're capable of effective movements otherwise a contraction that started in one fiber would rapidly spread to others. Secondly, you can only imagine how bad it would be if skeletal muscle cells started to contract by themselves without any nervous system input. Ninja edit - oh and one more thing, the [metabolic rate of cardiac tissue per unit mass is almost 35-times greater](https://nyaspubs.onlinelibrary.wiley.com/doi/abs/10.1111/j.1749-6632.2000.tb06470.x?sid=nlm%3Apubmed) than skeletal muscle (440 kcal/kg per day vs 13 kcal/kg per day). If we replaced skeletal muscle with cardiac muscle our daily energetic needs would skyrocket given that skeletal muscle is a substantial percentage of our body mass/weight.

**Another common question - some variation of; does the heart only have a set number of beats and if I speed my heart up with exercise am I draining it?**

**Answer**

Not true and please don't stop exercising. If anything, exercise revs up your heart (esp cardio; weight training has very modest cardiac effects) during exercise and that's a good thing (if your heart rate doesn't go up that's bad and called chronotropic incompetence). That's because over time you get what's called eccentric hypertrophy so your heart can pump more blood out per beat (increased stroke volume). Further, regular cardio also increases vagal tone (the vagus is the nerve that slows the heart rate) and this in combination with the increased stroke volume means you get a very nice resting heart rate. [Low resting heart rates](https://heart.bmj.com/content/99/12/882) and [high cardiorespiratory fitness] (https://mayocl.in/2WzpBok) VO2max (or VO2peak) are associated with significantly lower risks of heart disease and all-cause mortality."
38,Why is the human nose the shape it is? Why isn't it just two holes in our face?,"The nose is actually an organ that performs many functions aside from just being a conduit to the respiratory and olfactory system.  The nose warms up and moistens  air before it enters the trachea in the winter and has an air conditioning effect in the summer.  The nose is the first line of defense before foreign particles can be inhaled into the respiratory tract – large particles are captured by hairs and smaller ones get caught in mucus.  In that way, it can be thought of as an organ of the immune system, since it is responsible for draining the sinuses.  The endings of the olfactory nerves go through the roof of the nasal cavity; if there was no protection and just open orifices on the front of the face, you would basically have very little between raw exposed cranial nerve endings and the outside world.  Lastly, the shape of the nose changes vocal resonance and affects your voice.

Edit:  Wow, leaving for a few hours, you wouldn't expect a little comment about the nose to blow up like this, or else I would've elaborated more.  I did a little lower down, going into more detail on theories of racial/climate-related differences in nose shape and comparative anatomy of other animal noses (carotid rete).  I also agree that noses are not usually classified as immune system organs, but I just meant that it has functions with innate immunity.  And good point on helping to keep liquids out of the respiratory tract!"
39,If you picked a random spot in the middle of the ocean would it be teeming with life? Or are there huge dead zones with no fish around?,"There are large areas in the middle of the major oceanic basins called the subtropical gyres. These could be considered the deserts of the ocean in that the biomass (total mass of all organisms) density and biodiversity are low. This is because the ocean circulation doesn't replenish the nutrients available in these areas for algae to live off, which are the base of the food-chain.

In general, you tend to find much more biomass and biodiversity closer to the coasts. But you can get hotspots of productivity in other places such as upwelling regions and also near seamounts [(shameless plug of my paper on this)](https://www.sciencedirect.com/science/article/pii/S0079661116300702).

Vertically, there is much much more life in the surface 100 m or so as this is where algae can photosynthesise. But even in the ocean deserts (subtropical gyres) you can find all sorts of life in the deep ocean and buried in the mud at the bottom of the ocean. Just not as much as near coasts."
40,"My parents told me phones and tech emit dangerous radiation, is it true?","No, it is not.

Phones and other devices that broadcast (tablets, laptops, you name it ...) emit electromagnetic (EM) radiation. EM radiation comes in many different forms, but it is typically characterized by its frequency (or wavelength, the two are directly connected).

Most mobile devices communicate with EM signals in the frequency range running from a few hundred megahertz (MHz) to a few gigahertz (GHz).

So what happens when we're hit with EM radiation? Well, it depends on the frequency. The frequency of the radiation determines the energy of the individual photons that make up the radiation. Higher frequency = higher energy photons. If photons have sufficiently high energy, they can damage a molecule and, by extension, a cell in your body. There's no exact frequency threshold from which point on EM radiation can cause damage in this way, but 1 petahertz (PHz, or 1,000,000 GHz) is a good rough estimate. For photons that don't have this much energy, the most they can hope to achieve is to see their energy converted into heat.

Converting EM radiation into a heat is the #1 activity of a very popular kitchen appliance: The microwave oven. This device emits EM radiation with a frequency of about 2.4 GHz to heat your milk and burn your noodles (while leaving parts of the meal suspiciously cold).

The attentive reader should now say to themselves: Wait a minute! This 2.4 GHz of the microwave oven is right there between the ""few hundred MHz"" and ""few GHz"" frequency range of our mobile devices. So are our devices mini-microwave ovens?

As it turns out, 2.4 GHz is also the frequency used by many wifi routers (and devices connecting to them) (which coincidentally is the reason why poorly shielded microwave ovens can cause dropped wifi connections when active). But this is where the second important variable that determines the effects of EM radiation comes into play: intensity.

A microwave oven operates with a power of somewhere around the 1,000 W (depending on the model), whereas a router has a broadcast power that is limited (by law, in most countries) to 0.1 W. That makes a microwave oven 10,000 more powerful than a wifi router at maximum output. And mobile devices typically broadcast at even lower intensities, to conserve battery. And while microwave ovens are designed to focus their radiation on a small volume in the interior of the oven, routers and mobile devices throw their radiation out in every direction.

So, not only is EM radiation emitted by our devices not energetic enough to cause direct damage, the intensity with which it is emitted is orders of magnitude lower to cause any noticeable heating.

But to close, I would like to discuss one more source of EM radiation. A source from which we receive radiation with frequencies ranging from 100 terahertz (THz) to 1 PHz or even slightly more. Yes, that overlaps with the range of potentially damaging radiation. And even more, the intensity of this radiation varies, but can reach up to tens of W. That's not the total emitted, but the total that directly reaches a human being. Not quite microwave oven level, but enough to make you feel much hotter when exposed to it.

So what is this source of EM radiation and why isn't it banned yet? The source is none other than the Sun. (And it's probably not yet banned due to the powerful agricultural lobby.) Our Sun blasts us with radiation that is far more energetic (to the point where it can be damaging) than anything our devices produce and with far greater intensity. Even indoors, behind a window, you'll receive so much more energy from the Sun (directly or indirectly when reflected by the sky or various objects) than you do from the ensemble of our mobile devices."
41,"If we could drain the ocean, could we breath or live on the deepest parts or would pressures, temperatures, and oxygen levels be too extreme for us to live such as high altitudes?","The Mariana trench is about 11,000 meters below sea level. If you built a cofferdam down to that depth, as u/SirHerald suggests, the pressure would be about 3.2 atm. Divers experience a similar pressure at a depth of around 22 meters, so humans can survive these pressures in the short term. In the long term, I found [this chart](http://www.hq.nasa.gov/pao/History/conghand/fig15d3.gif) from NASA suggesting you would have to worry about mild [nitrogen narcosis](https://en.wikipedia.org/wiki/Nitrogen_narcosis), making you feel slightly drunk, and mild [oxygen toxicity](https://en.wikipedia.org/wiki/Oxygen_toxicity). So you probably wouldn't want to live at that pressure, but a short trip down wouldn't be any worse than diving.

But, your question was about draining the oceans. The oceans cover 72% of the surface of the earth, and the average depth of the ocean is about 3700 meters. That means a large portion of the atmosphere will sink into the ocean, resetting 1 atm of pressure to a depth of something like 2600 meters below sea level. So that would make the Mariana trench a bit more tolerable at around 2.5 atm, but it would also mean some high altitude cities would become nearly uninhabitable. 

**edit** Fixed the bracket on the link. Wish I had caught it before I left this morning - wasn't expecting this to blow up so much."
42,"If someone was to cover their eyes for a year straight without seeing any light, would it just be really bright when they take it off then slowly adjust back to normal or would it have a permanent affect on the persons vision?","Optometrist here. It should cause no permanent damage to vision in an adult. Many elderly people have dense cataracts (which, if left long enough, would act pretty much the same as covering the eye). When these cataracts are removed, vision goes back to normal, assuming that no other diseases are present. "
43,Ages 1 to 4 are very important for brain development but yet most people can't recall anything from that time period. Why don't we remember our earliest memories?,"It’s not that we forget our earliest years, it’s that we don’t form memories in the first place. The term for this is infantile “amnesia”, but this is not actually a form of amnesia — that would require forgetting. As infants grow into toddlers, their brains grow fantastically quickly. So much so, that any pathways that are deemed unimportant/weak are “pruned”. Pruning is the technical term actually. By age three, pruning calms down to the point where toddlers can start forming the memories they’ll remember for possibly the rest of their lives. However, usually the very earliest memories are traumatic or notable in some way. Pruning continues for some time into childhood. Maybe age 4. 

Edit: this has gotten more traction than I anticipated, and I have to clarify: when I say “we don’t form memories in the first place” what I’m saying is that we form memories that we will NOT be able to RECALL after our brains grow and pruning occurs. Toddlers can remember things, but, as we’ve all experienced, they forget an exceptional amount of their day-to-day experiences. As another user pointed out, toddlers actually are learning a metric ton of stuff (motor, language, etc.). 

Edit 2: another user pointed out that it is the delayed development of the hippocampus (learning/memory/encoding center) that contributes to infantile amnesia. "
44,Do dogs of one breed prefer to be with their own breed over others or are they all just dogs to them?,"Dogs are relatively intelligent, with complex personalities, so the answer isn't completely ""yes"" or ""no.

The simple answer is no, in the general case dogs can recognize other dogs, but don't show preference for certain breeds.  This has been tested with simple visual identification:  Dogs recognize the dog species among several other species on a computer screen  https://www.sciencedaily.com/releases/2013/02/130214103703.htm

The complicated answer is closer to ""yes"", because the size and behavior of the other dogs will be relevant to their social dynamic.  Also, dogs may respond to certain smells or visual cues that correspond to various breeds depending on that dog's personal experience; Paedomorphosis affects agonistic visual signals of domestic dogs.  (In fact there is a study called ""Paedomorphosis affects agonistic visual signals of domestic dogs. 

https://www.sciencedirect.com/science/article/pii/S000334729690370X)


In addition to that, the instinctive methods of communication may be slightly different between breeds


So while dogs don't necessarily prefer one breed over others, the morphology and psychology inherent to different breeds will affect how they treat different dogs.  In addition, they can make positive or negative associations that correlate to those breeds."
45,"The all-green picture with ""red"" strawberries picture. Do I see red because I know ripe strawberries are red?","Your brain will compensate away the green tint, similar to automatic color balance in a camera, and the gray will then look red in comparison. Knowing anything about strawberries is not necessary.  The brain guesses that the background is meant to be white, which helps this compensation happen."
46,"If nuclear waste will still be radioactive for thousands of years, why is it not usable?","Radioactivity, by itself, is not that useful for generating power. What is useful for generating power is the induced splitting of _lots_ of atoms at the same time, not the slow trickle of energy release you get from radioactive decay alone. To put it another way: nuclear reactors don't work because their fuel is radioactive, they work because their fuel is splittable by neutrons. Those are not the same thing (all fuel splittable by neutrons is radioactive, but not all radioactive atoms are splittable by neutrons). "
47,"How realistic is the cancer ""vaccine"" talked about recently?","So, immunotherapy has long been seen as a holy grail for cancer treatment. The immune system is naturally programmed to attack cells that have gone a bit weird (to use the scientific term). The problem tends to be that the cancer cells can also alter themselves so that they are disguised from the immune system, or in fact inhibit any immune cells that come into contact with them. This stops the immune system from seeing them as dangerous, allowing the cancer to grow. So the balance of the immune response is in favour of leaving the cancer alone.

What this treatment does is inject the tumour with molecules that tell the immune cells in the vicinity of the tumour to wake up and start doing their job, overcoming the inhibition that the cancer cells have put in place. This means that the balance of the immune response is now to attack the tumour, which seems to work very well.

The really cool thing is that now that the immune system is trained to see the tumour as bad, and will attack similar cells in different sites. This is why it behaves in some fashion like a vaccine.

It's perfectly viable, and very exciting. As always, there is always the question of how well it translates into human biology but it is still very promising. I think one problem is going to be how specific the immune response is. In the paper, they see the immune cells are trained to attack cells with protein markers unique to the tumour cells, which is a good sign. One concern might be that if you accidentally trigger the immune response to normal cell markers, it could cause your immune system to attack healthy cells which would obviously be a very bad consequence. Another would be how readily a tumour can evolve to overcome the immune system attack. If the immune system only ends up going for certain markers, it could miss tumour cells that don't have the same ones. These could then continue to grow and cause the cancer to return.

ETA: thank you kind, golden stranger!

...strangers!"
48,"If the common cold is a type of coronavirus and we're unable to find a cure, why does the medical community have confidence we will find a vaccine for COVID-19?","The ""common cold"" is not a single virus.  It's a term we use to describe a whole lot of different viruses, some of which are rhinoviruses, some are coronaviruses, and others too, all with varying degrees of danger to health and wellness.

Some of these viruses mutate frequently as well so we can't make one single vaccine that will work for every infectious virus.

The SARS-CoV-2 virus that causes COVID-19 is a SINGLE virus that has a relatively stable genome (doesn't mutate too much).  So we are all over this.  This virus was made for a vaccine.

edit: Thanks so much for the gold, kind strangers!"
49,What determines the lifespan of a species? Why do humans have such a long lifespan compared to say a housecat?,"Other responses have gone into what makes an individual long-lived. This post will address the question as OP phrased it: what determines the lifespan *of a species*? And what's the deal with human longevity?

Many people have a concept of aging that could be described as the ""wear-and-tear"" model. Basically, the notion is that as you go through life, you accumulate nicks and dings from macroscopic scars and stretch marks to accumulating microscopic injury and DNA damage. Eventually it's just too much and you run down. *It turns out this concept is markedly untrue, at least at the species level*.

Drosophila melanogaster, the fruit fly, has been the workhorse of many experiments, including those studying longevity, life-history theory, and evolution. Many years ago, researchers working with flies did an evolution experiment. They selectively bred fruit flies for longevity, and in a remarkably short time they had flies with dramatically longer life-spans than is the norm. These flies weren't evolving novel genes in just a few generations, rather, they had recombined existing alleles in ways that lead to longevity. The important thing to note is what happened when these long-lived flies were re-introduced into a 'normal' population. Did these super-long-lived flies thrive? No, quite the contrary. Within a few short generations, any sign of longevity had disappeared. In competition with their 'normal' counterparts, they were immediately outcompeted. (I tried finding the original papers, here's a [modern replication](http://www.pnas.org/content/97/7/3309.full) of these sorts of studies, with more precision.)

What these researchers discovered was that while longevity is perfectly possible, and within the realm of already-existing genes in most populations, this potential isn't realized *because of trade-offs*. Increased longevity is exchanged for decreased fitness in other areas. Perhaps these long-lived flies in nature would be less likely to evade predators, have more difficulty finding food, or are less likely to find a mate. Everything has a cost. Note that this is different than the 'programmed' idea of death, that your genes have predetermined a time of death for you. In the life-history model of aging, it's not that DNA 'wants' an organism to die, far from it - it's just that other traits (that hurt longevity) are more directly advantageous to the propagation of genes, and so combinations of genes with these traits out-survive and out-reproduce the combinations that lead to longevity.

The immune system gets interesting. Unless something else kills it first, it's all but inevitable that an animal will die of cancer. The ticking clock of mutations accumulate, eventually leading cells to proliferate out of control, breaking internal apoptosis mechanisms, evading the immune system, and eventually killing the host organism by hogging the lion's share of nutrients and energy.

What exactly is a 'cancer resistance gene' or a 'cancer susceptibility gene'? Why would anything evolve a 'cancer susceptibility gene'? That doesn't make sense, and they don't. Rather, it's a gene that is perilously close to breaking something important, if it mutates. *Redundancy* is an important concept. If you have 3 copies of something important, you're more or less ok if 2 of them break. If you only have 1 copy, you will be in trouble quickly. Animals that tend to be long-lived, such as elephants and whales, tend to have many, multiply redundant copies of genes involved in important functions like apoptosis and immune regulation - the sorts of genes that when they break ~~tend to cause~~ are no longer able to stop cancer.

Humans don't seem to have nearly enough multiply-redundant copies of these sorts of genes to explain all of our longevity, while it might contribute somewhat. We don't look like elephants or whales in this respect. This sort of evolution towards longevity would reasonably be expected to take a relatively long time to evolve, as many duplication events would have to happen, and then spread through the population. 

It seems humans are probably like the flies that were selectively bred specifically for longevity. In humans, the [grandmother hypothesis](https://www.nature.com/articles/428128a)  conceives of human longevity as something that is directly advantageous to gene propagation ([wikipedia](https://en.wikipedia.org/wiki/Grandmother_hypothesis) introduces the concept well). It's a sort of grandiose kin selection, where elderly humans in prehistoric times were still able to contribute to the survival and reproductive fitness of their children, grandchildren, and extended relatives. Unlike other species that experience a rapid deterioration after their own ability to reproduce goes into decline (such as salmon after spawning), humans *could* contribute into their later years, and so longevity was selected for. Maybe we're not so unlike our experimental flies after all."
50,"Since light stops penetrating water at 1000 meters deep and the deepest freshwater lake is 1642 meters deep(both according to Google), is there an equivalent to deep sea creatures for freshwater?","[Lake Baikal](http://www.irkutsk.org/baikal/animals.htm) (deepest freshwater lake) appears to have complex life forms at it's greatest depths.

""Baikal is also home to the world's most abyssal freshwater fish. These fish have managed to preserve eyesight even at the greatest depths, although they see only in black and white.""

Also the golomyanka (oil fish) ""can endure most pressure in the depths of the Baikal water. At night it rises to the water surface, and at daytime it swims down to great depths. Limnologists have had a chance to observe the golomynka's behaviour in the water depths. At a depth of 1,000-1,400 metres and more, the golomyanka moves freely both horizontally and vertically, whereas at such a depth even a cannon cannot shoot because of the enormous pressure."""
51,"How ""green"" is the life cycle of a solar panel end-to-end compared to traditional energy sources?",[deleted]
52,Why haven’t black boxes in airplanes been engineered to have real-time streaming to a remote location yet?,[deleted]
53,"If you put a Garden in the ISS, Could you have infinite oxygen?","This is called bioregenerative life support, and in falls in the broader category of Environmental Control and Life Support Systems (ECLSS). Short answer is yes, but not infinite and not without disadvantages.

Note that plants aren't the only way to recycle oxygen. Currently they use water electrolysis to inject oxygen into their atmosphere, and use the resulting hydrogen to apply the Sabatier reaction with CO2. This yields methane as a waste product, and captures oxygen from CO2 in the form of water, so they can later apply electrolysis again and recycle oxygen.

A clear advantage of using plants would be trapping carbon into edible forms, so you'd be recycling not only oxygen but also food. However, not all plants have a 100% edible mass, and those who do usually offer very few calories if not negligible (e.g. lettuce).

A problem with plants is that they could die under some conditions, so this system isn't 100% reliable. And in any case, whether bioregenerative or artificially regenerative, you can never achieve a 100% reuse of ECLSS resources. But it's ok, you can get close enough and have them for a long time relying on very little supplies.

They are actively researching on this topic. Recently they've been able to grow lettuce in the ISS.
"
54,Does a burnt piece of toast have the same number of calories as a regular piece of toast?,[removed]
55,Coronavirus Megathread,"It seems like we get a virus scare every couple of years, the last one being Ebola. Is this one any worse than previous viruses?"
56,Is it possible to Yo-Yo in space?,"It is indeed possible to yo-yo in space. The only thing is that if you ""free wheel it"" (sorry not a yo-yo expert) it tends to float around. It will however try to keep its orientation due to gyroscopic effects. This is sometime used on spacecraft to either stabilise them or to turn them (with moment gyros).  [Here is a great video](https://www.youtube.com/watch?v=ni4j5K4Lz3o) of my favorite astronaut Dr Don Pettit inventing new yoyo tricks on board the international space station."
57,"If my 60 GB phone is full or empty, is there any difference in weight at the nano level?","Yes, if my understanding of this article is correct:
http://www.nytimes.com/2011/10/25/science/25qna.html 
(I hope nytimes is an acceptable source, even if not academic)

In the linked article, John D. Kubiatowicz, a professor of computer science at the University of California, Berkeley says that for a kindle with 4 Gigabyte memory, this would mean a rough increase in weight of 10^–18 grams.

For your situation of a 60GB phone, this would mean 
(60Gb/4Gb) * (10^-18 grams) = 1.5 × 10^-17 grams.  So certainly less than what you would be able to feel.

While I originally thought this would be because the storage would use extra electrons, the article/Prof. Kubiatowicz say otherwise:

""Although the total number of electrons in the memory does not change as the stored data changes,” Dr. Kubiatowicz said, the trapped ones have a higher energy than the untrapped ones. A conservative estimate of the difference would be 10^–15 joules per bit.

""As the equation E=mc2 makes clear, this energy is equivalent to mass and will have weight.""

It is my understanding that most/all mobile phones use flash memory for storage so the linked article about flash memory in Kindles would be applicable here.  Please let me know (or just delete this outright) if I am mistaken.

*edited to fix exponent formatting
 

"
58,"Israel has now given approximately 42% of its population one or more doses of Covid-19 vaccine. Has the vaccination program had a noticeable impact on covid-19 cases, hospitalizations and deaths so far in Israel?","According to one of the Israeli health providers, in the week after their second shot, just 20 out of 128,000 Israelis tested positive. This is 0.015%, compared to the 0.65% of the general population who are currently getting infected each week. This would suggest an efficacy of around 95% as claimed by Pfizer. None of the 20 were hospitalised. 

The effect after a single dose is significantly smaller (and apparently less than Pfizer was claiming), though it still reduces infections by around a third. 

Overall infections among over 60s have dropped very significantly compared to the rest of the (still mostly unvaccinated) population. This has coincided with the British virus variant becoming more widespread in Israel, leading to an increase in infections among younger people."
59,Do people become immune to CoVid-19 after recovering from it?,"[https://www.boston.com/news/health/2020/03/25/can-you-become-immune-to-the-coronavirus](https://www.boston.com/news/health/2020/03/25/can-you-become-immune-to-the-coronavirus)

  By  **Apoorva Mandavilli**, 		 The New York Times Company March 25, 2020   

As the number of people infected with the coronavirus surpasses  450,000 worldwide, and more than 1 billion are locked in their homes,  scientists are wrestling with one of the most pressing questions of the  pandemic: Do people who survive the infection become immune to the  virus?The answer is a qualified yes, with some significant unknowns. That’s important for several reasons.People who are confirmed to be immune could venture from their homes  and help shore up the workforce until a vaccine becomes available, for  example. In particular, health care workers who are known to be immune  could continue to care for the severely ill.

Growing immunity in the community also is the way the epidemic ends:  With fewer and fewer people to infect, the coronavirus will lose its  toehold and even the most vulnerable citizens become more insulated from  the threat.

Immunity may also bring an early treatment. Antibodies gathered from  the bodies of those who have recovered may be used to aid those  struggling with the illness caused by the coronavirus, called COVID-19.

On Tuesday, the Food and Drug Administration approved the use of  plasma from recovered patients to treat some severe cases. A day  earlier, Gov. Andrew Cuomo announced that New York would become the  first state to begin testing serum from people who have recovered from  COVID-19 to treat those who are seriously ill.

“It’s a trial for people who are in serious condition, but the New  York State Department of Health has been working on this with some of  New York’s best health care agencies, and we think it shows promise,”  Cuomo said.

The body’s first line of defense against an infectious virus is an  antibody called immunoglobulin M, whose job is to stay vigilant in the  body and alert the rest of the immune system to intruders like viruses  and bacteria.

Days into an infection, the immune system refines this antibody into a  second type, called immunoglobulin G, exquisitely designed to recognize  and neutralize a specific virus.

The refinement may take as long as a week; both the process and the  potency of the final antibodies can vary. Some people make powerful  neutralizing antibodies to an infection, while others mount a milder  response.

The antibodies generated in response to infection with some viruses —  polio or measles, for example — bestow a lifetime of immunity. But  antibodies to the coronaviruses that cause the common cold persist for  just one to three years — and that may be true of their new cousin as  well.

A study in macaques infected with the new coronavirus suggested that  once infected, the monkeys produce neutralizing antibodies and resist  further infection. But it is unclear how long the monkeys, or people  infected with the virus, will remain immune.

Most people who became infected during the SARS epidemic — that virus  is a close cousin of the new coronavirus, called SARS-CoV-2 — had  long-term immunity lasting eight to 10 years, said Vineet D. Menachery, a  virologist at the University of Texas Medical Branch at Galveston.

Those who recovered from MERS, another coronavirus, saw much  shorter-term protection, Menachery said. People who have been infected  with the new coronavirus may have immunity lasting at least one to two  years, he added: “Beyond that, we can’t predict.”

Still, even if antibody protection were short-lasting and people  became reinfected, the second bout with the coronavirus would likely be  much milder than the first, said Florian Krammer, a microbiologist at  the Icahn School of Medicine at Mount Sinai in New York.

Even after the body stops producing neutralizing antibodies, a subset  of immune memory cells can reactivate a response effectively, he noted.

“You probably would make a good immune response before you even  become symptomatic again and might really blunt the course of the  disease,” Krammer said.

A crucial question is whether children and adults who have only mild  symptoms still generate a strong enough response to remain immune to the  virus until a vaccine is available.

Dr. Marion Koopmans, a virologist at Erasmus University in Rotterdam,  and her team have screened antibody responses in 15 infected patients  and health care workers.

The researchers are also using banked blood samples from about 100  people who were known to be infected with one of four coronaviruses  known to cause the common cold.

If those samples show some immune response to the new coronavirus,  too, Koopmans said, it might explain why some people — children, for  example — have only mild symptoms. They may have antibodies to related  coronaviruses that are at last somewhat effective against the new one."
60,"When someone is dying of hunger or thirst, is there a ""point of no return"" after which they are still alive but if they were given food or water their body would not be able to absorb it fast enough to survive?",[removed]
61,Does sipping water vs 'chugging' water impact how the body processes water?,"Ok, this will likely get buried, but I'll give an explanation.

After you ingest (swallow) water, it goes to your stomach. There, it is slowly released to your small intestine to be absorbed and pass to your bloodstream.
It takes water between 10 and 40 minutes to pass to your small intestine and be absorbed. The speed of this depends on how much water, the temperature (cold water will be released slower), if there is something else in the stomach, etc.
But, in general, it doesn't matter whether you chug a bottle of water down in 10 seconds or slowly sip it in 10 minutes. It will all end up in your bloodstream in about the same time.

The only thing that can make a difference is whether you vomit the water that you are ingesting. You stomach vomits its contents in response to a series of things (whether it senses that something you ate may be rotten or dangerous, whether there is a bad smell, etc), and one of those things that the stomach takes into account is how full it is. So ingesting water in small sips can help avoid vomiting, and that is what's recommended when for example children have gastroenteritis. But if you don't vomit the water that you swallow, it doesn't matter whether you swallowed it in 10 seconds or 10 minutes.

Edit: Wow, thanks for all the upvotes. Turns out it didn't get buried after all! This is 1/4 of my total karma right there! Glad you liked it!

Edit2: it's actually not clear whether cold water will be released (and thus absorbed) slower. As someone pointed out below, studies on this seem to be contradictory.
"
62,"The Gunpowder Plot involved 36 barrels of gunpowder in an undercroft below the House of Lords. Just how big an explosion would 36 barrels of 1605 gunpowder have created, had they gone off?","The University of Wales's Centre for Explosion Studies, in research commissioned by the Institute of Physics, ""estimate that severe structural damage would have been sustained by buildings up to half a kilometre away,"" razing everything within 40 metres, and destroying Westminster Abbey.

[Here's a New Scientist article.](https://www.newscientist.com/article/dn4338-gunpowder-plot-would-have-devastated-london/)

The author notes amongst other things that they assumed for this calculation an equal amount of TNT, a more powerful but better studied explosive. They justify this increase in explosive yield with Fawkes' expertise as someone well versed in the use of explosives for military purposes, though it's not clear how much of a difference it would make. [Wikipedia](https://en.wikipedia.org/wiki/TNT_equivalent) lists the relative effectiveness of black powder as half that of TNT.
"
63,"Didn't the person who wrote world's first compiler have to, well, compile it somehow?Did he compile it at all, and if he did, how did he do that?","Early on in the history of computing, programs would be written as a sequence of operations in assembly language, which basically means they would be written in terms of actual physical operations for the computer architecture to perform, e.g. copy this numeric value to that memory location.

That's obviously very time consuming and difficult, and it means that programs have to be rewritten for each new type of processor that you run them on. So to make it easier, higher level languages that are more human readable were created, with commands that basically work as shortcuts for all the repetitive number-juggling required in assembly language. So you have to write a compiler in assembly language, which doesn't require compiling. 

It's interesting that you ask ""did **he** compile it at all"", since the first person to write a compiler was actually a woman, Grace Hopper :)"
64,"We encounter static electricity all the time and it's not shocking (sorry) because we know what's going on, but what on earth did people think was happening before we understood electricity?","The scientific community (including Ben Franklin) thought of electric current as some sort of invisible fluid. ""Positive"" objects possessed a surplus of this fluid and negative bodies didn't posses ""enough fluid"" to be ""balanced."""
65,Is there any reason for the alphabet being in the order its in?,[removed]
66,Yuo're prboably albe to raed tihs setencne. Deos tihs wrok in non-alhabpet lanugaegs lkie Chneise?,I don't see how you could do the same in standard Chinese. You can do wordplays with sounds (like 布吉岛 instead of 不知道) for example that can be understood in text messaging. You could also theoretically express a sentence by using the right characters with the wrong radical and people would probably be able to understand more or less but it wouldn't be fluid like we read your title's sentence in English.
67,"The universe is said to be around 23% dark matter, 72% dark energy and 5% ordinary matter. If we don't know what dark matter and dark energy are, where do the percentages come from?","We can calculate things like gravity and energy density of the universe base on how the galaxies behave on a cosmic scale.  We can also calculate how much stuff is out there by direct observation.  When we look at the cosmos and look at how the galaxies behave, there is not enough material to generate the gravity (even when accounting for all the gas and dust that may obscuring it).  So there's some matter that doesn't emit light but still generates that gravity we see.  We call it dark matter, because that's what it is: dark.

There's also an expansion to the universe that suggests that the energy density is not what we can directly measure.  There's a bunch of stuff out there causing the universe to expand at an accelerated rate.  We call it dark energy, because, hey, we have dark matter already--why not call it ""Dark Energy""; that way it sounds cool.

So there's like 5 times as much matter as what we can see, and like 3 times as much energy density as what can be explained by that matter.  So that's where the percentages come from: just add up all the stuff we know about that makes up the universe even if we don't yet know what that stuff is."
68,"With all this fuss about net neutrality, exactly how much are we relying on America for our regular global use of the internet?","Canadian checking in here. 

**This comment has been updated with better info and links for the sake of clarity, see below for new info**

Original Comment:

>As far as I can tell from my research into how this affects Canada, there is only one undersea fiber cable linking Canada's internet to the rest of the world that doesnt go through the US first. That link goes to Greenland and reportedly has had frequent issues since it was built due to poor construction. Aside from this Greenland link, all other wired Canadian internet traffic goes through the US first before going to the rest of the world. The US could effectively cut Canada off from the internet if it wanted to.

>However, there is a proposal to built a new, modern fiber link through the Canadian arctic that would link London, UK with Tokyo, Japan. This would significantly reduce latency between Western Europe and East Asia while also bypassing the mainland US. It would also provide gigabit internet access to thousands of remote Inuit communities in the Canadian Arctic, which could have life changing effects on their economies.

**UPDATES**

Thanks to /u/RcNorth and /u/markszpak for highlighting [this more detailed map](https://www.submarinecablemap.com/#/submarine-cable/gtt-atlantic) than the ones I based the previous version of this comment on. This more detailed map clearly shows that there are 3 fiber links from Halifax to the UK in addition to a fiber link up to Greenland that I mentioned previously.

However as described by /u/SoontobeSam:

>As a former network operations technician for a Canadian ISP, this is correct, telegreenland's cable is the only subsea fiber I am aware of that does not enter the US before Canada, our other main access routes are in Toronto and Vancouver, but both connect to the US to access international networks.
I can also confirm that their network uptime is mostly ok, but when they do have issues it takes forever to get any progress and dealing with ongoing non outage issues is difficult, also Newfies and Scots have a serious language barrier even though they're both speaking ""English"".

So while my initial remarks regarding the US basically being the gatekeeper for Canada's access to the wider Internet may be more or less correct, I was incorrect in saying that the Greenland fiber link is the ONLY fiber link Canada has to the rest of the world. While the Toronto, Halifax, and Vancouver links /u/SoontobeSam mentioned appear to all go through the US in some way first which technically restricts Canada's direct access through those links.

**Arctic Fiber**

By popular request here is [the link to the site](http://qexpressnet.com/system/) for the fiber link through the Canadian Arctic that I mentioned previously. The project was formerly known as Arctic Fiber, but has been re-branded as the Quintillion Cable System after the name of the company task with installing the cable. Yes, you read that right, this project has gotten the green light since I last checked up on it (I didn't have time to check on my way to work when I commented originally). They just completed Phase 1 which covers Alaska, and will be starting the Phase 2 to expand through Asia to Tokyo soon. Quintillion has also built a terrestrial link through Alaska and down to the mainland US in order to provide connection to existing connection hubs on the west coast.

*UPDATE 2: Just have to highlight these two awesome users comments:*

User /u/KrazyTrumpeter05 posted [an awesome comment](https://www.reddit.com/r/askscience/comments/7ez85x/with_all_this_fuss_about_net_neutrality_exactly/dq9ir7v/) with more info about Canadian Fiber connections, and also linked to [this 293 report](http://subtelforum.com/products/submarine-cable-almanac/) they claim to have played a major role in writing about Internet Fiber connections around the world. Thanks for the fascinating info!

User /u/Fochang1 posted [this fascinating comment](https://www.reddit.com/r/askscience/comments/7ez85x/with_all_this_fuss_about_net_neutrality_exactly/dq9ic13/) about how South American/Caribbean nations have a similar issue with the US acting as their Internet gatekeepers. They linked to [this insane Internet Exchange Point](https://en.m.wikipedia.org/wiki/NAP_of_the_Americas) in Miami that routes most of South/Central America's internet traffic. Thanks for sharing this incredible perspective that Canadians like myself would otherwise be oblivious to!

**Some thoughts on the impact of Arctic Fiber**
The fact that this project is actually being built is incredible, because it will mean a huge boost in connection for remote arctic communities that open up massive new economic and information exchange opportunities to these historically very isolated regions. I can't wait to see what the Inuit peoples of Canada's arctic will do with this new link to the outside world. Reconciliation between Canada's indigenous and non-indigenous peoples has become a major focus for Canada in recent years, with the Canadian government [set to fully implement into law](http://www.cbc.ca/news/politics/wilson-raybould-backs-undrip-bill-1.4412037) a 2007 [UN declaration on the rights of Indigenous peoples](https://www.un.org/development/desa/indigenouspeoples/declaration-on-the-rights-of-indigenous-peoples.html). There is a long way to go for reconciliation, and it has been a very rocky road so far, but I hope that this new Fiber link will open up new ways for a large portion of Canada's indigenous population to showcase their own culture to the world and make new economic opportunities for their communities in the digital marketplace.

If you for some reason read through everything to this point, thanks for reading :)"
69,"With people under quarantine and practicing social distancing, are we seeing a decrease in the number of people getting the flu vs. expectations?","Very interesting question and there has been some evidence for social distancing diminishing other community diseases.


Here's a chart of Taiwan's influenza-related out-patient clinic weekly ratio data, 2020 is the thick blue line:
https://i.imgur.com/ayTcvyH.png

Source: https://data.cdc.gov.tw/en/"
70,When did scientists realize that Jupiter had no solid ground?,"As several people have pointed out, the question is not [""what is Jupiter's structure""](https://www.reddit.com/r/askscience/comments/80cpqc/when_did_scientists_realize_that_jupiter_had_no/duunoak/?utm_content=permalink&utm_medium=front&utm_source=reddit&utm_name=askscience) or [""When did scientists realize that Jupiter had an atmosphere""](https://www.reddit.com/r/askscience/comments/80cpqc/when_did_scientists_realize_that_jupiter_had_no/duupzwm/?utm_content=permalink&utm_medium=front&utm_source=reddit&utm_name=askscience), it's ""when did scientists realize it had no solid ground?"".  It's about the *history* of knowledge of the interior composition.  Since, [recent spacecraft results](https://www.reddit.com/r/askscience/comments/80cpqc/when_did_scientists_realize_that_jupiter_had_no/duuorz9/?utm_content=permalink&utm_medium=front&utm_source=reddit&utm_name=askscience) suggest it may gradually transition into something like a small solid core, let's interpret the question as, ""When did we first realize that Jupiter wasn't a rocky planet""?

To solve this problem, you need to calculate the mass of Jupiter and its size, so you can find its *density*.  The mass of Jupiter can be calculated using Newtonian orbital mechanics, provided you know the orbital period and orbital diameter of its moons.  Period is easy, but a major historical problem in solar system studies was finding the relative scale of *everything*: it's easy to measure angles and relative sizes with a telescope, but we need the actual length dimensions.  You need a baseline distance to start with, such as the distance from the Earth to the Sun: this was worked out [in the late 1600s](https://en.wikipedia.org/wiki/Astronomical_unit#History): from that, the size of Jupiter, the size of its moons' orbits, and thus its mass and density could be found.

So even before 1700, astronomers realized that Jupiter was 300 times the mass of Earth, but with a density much less than that of rock.  Since the density known today is about 1.4 times that of water, I suppose that without knowledge of high-pressure physics they couldn't rule out a liquid water or ice planet, but scientists have known for over 300 years that Jupiter is definitely not a rocky world.  H. G. Wells was a fantastic writer, but he maybe wasn't so meticulous about doing his library research.

The story is laid out by Reta Beebe in [*Jupiter: The Giant Planet*](https://www.amazon.com/JUPITER-Smithsonian-Library-Solar-System/dp/1560986859) (1997).  
"
71,"Why can we develop a vaccine for COVID in 8 months, but still don't have a vaccine for other viruses that are decades old?","HIV is a highly mutagenic virus - there are a handful of different COVID strains circulating around the world, but in HIV the virus continues to mutate readily after infection, leading to the presence of multiple strains per individual [(source)](https://link.springer.com/article/10.1007/BF00163230). This makes it a much more difficult task to come up with an effective vaccine for HIV.

As for the others, its more of an economic reason than a biological one. The scale of the COVID pandemic has caused governments and industry worldwide to pour money into the development of a vaccine -- and that level of demand just isn't there for RSV/EBV/etc. Would love for someone with more of a background in healthcare economics to chime in here."
72,"If you placed wood in a very hot environment with no oxygen, would it be possible to melt wood?","It is pretty much impossible to melt wood. The reason is that as you start heading the wood up, its constituent building blocks tend to break up before the material can melt. This behavior is due to the fact that wood is made up of a strong network of cellulose fibers connected by a lignin mesh. You would need to add *a lot* of energy to allow the cellulose fibers to be able to easily slide past each other in order to create a molten state. On the other hand, there are plenty of other reactions that can kick in first as you transfer heat to the material.

If you have oxygen around you one key reactions is of course combustion. But even in the absence of oxygen there are plenty of reactions that will break up the material at the molecular level. The umbrella term for all of these messy reactions driven by heat is called [pyrolysis.](https://en.wikipedia.org/wiki/Pyrolysis)

**Reference:**

1. Schroeter, J., et al. Melting Cellulose. *Cellulose* 2005: 12, pg 159-165. ([link](https://link.springer.com/article/10.1007%2Fs10570-004-0344-3))"
73,What is the “pins and needles” feeling that happens when you cut off circulation to a part of your body?,[removed]
74,Why does my shower curtain seem to gravitate towards me when I take a shower?,"I recall reading an analysis of this phenomenon many years ago in scientific american. The shower head does generate airflow, but also in a hot shower the warm air goes out over the top, sucking in cold air at floor level, causing the curtain to blow in. 

I tried to find it again, but failed. Instead, [here](https://www.scientificamerican.com/article/why-does-the-shower-curta/) is a modern equivalent analysis of the airflow using a finite element simulation - it seems comprehensive enough.
"
75,What happened to acid rain? I remember hearing lots about it in the early 90s but nothing since.,"Acid rain was caused by SO2 emissions from coal plants, **which have been cut by >90% since 1990**. 

The 1990 Clean Air Act Amendments kicked off a cap-and-trade scheme that incentivized coal plants to install scrubbers and/or switch to low-sulfur coal, then low-cost natural gas took ~50% of coal's market share since 2008.

Bottom line: coal is somewhat cleaner than it used to be, and we're burning far less of it.

[SOURCE](https://www3.epa.gov/airmarkets/progress/reports/index.html)"
76,"COVID-19 started with one person getting infected and spread globally: doesn't that mean that as long as there's at least one person infected, there is always the risk of it spiking again? Even if only one person in America is infected, can't that person be the catalyst for another epidemic?","You're on the right track, but as always, it's more complicated than that.

For starters, COVID may not have necessarily started from a patient X, it could have been a group of people.  Not sure if we know that for certain, but that's besides the point.  You're right in thinking that as long as someone has it, they can still transmit it to other people, but then we get into ideas like herd immunity and how COVID-19 exists in the environment.

For starters, herd immunity is the idea that so many people have had an immune response to a specific virus that if it were to become prevalent again in a specific community, it would not lead to an epidemic, because only a few people would likely show symptoms when contracting it, if any.  As others here have said, we are no where near that yet, that would likely take a few years to reach, especially here in the US.  Even so, this does not mean it can't infect people, there are always those who cannot receive vaccines due to a weakened immune system, hence the idea of herd immunity and actually being smart enough to get your vaccines to protect those who can't.

Secondly, we aren't sure how long our antibodies will last for this strain of COVID, much less if COVID has, or could, mutate enough to where the antibodies wouldn't be effective in fighting it off.  Certain diseases, like tetanus, we receive a vaccine for over certain intervals of time, this is could be due to a number of factors, one of which is that some antibodies are not forever, they vary on their length of effectiveness, or memory, within the body.  Another possible factor for other diseases is that the disease is so potent that we are only able to use dead forms of the microbe (or various other methods of making vaccines) in the vaccine which doesn't elicit as strong as an immune response as a weakened form would cause.  The strongest response your body will have in fighting off a disease in the future is to actually become infected, and sick.  This is obviously not what we want, but a similar magnitude of response often occurs because of many vaccines.  As mentioned above, mutations could also become an issue.  The reason why there is a new flu vaccine every year is because it mutates so rapidly.  In fact, the vaccine you get is an ""estimate"" of what scientists believe the flu may look like that year, so it could be entirely ineffective, or pretty spot-on.  Even so, sometimes the antibodies we have work against infectious organisms that aren't exactly what they were made for, but still work to some degree.  Effectiveness of this topic is somewhat controversial.

Finally, sometimes it's not possible to eradicate something entirely, because it still exists in the environment.  COVID-19 supposedly started in bats, then mutated to be able to infect humans, that means that even though we could potentially reach a point where humans aren't being effected by it, it could still cause problems in other animals.  There are serious consequences that could result from this as well, not even considering the fact that transmitting from 1 species to another indicates that it does have the ability to mutate into a new strain, and COVID-21 or something could eventually become a result of that.

TL;DR - Yes"
77,"The earth is about 4,5 billion years old, and the universe about 14,5 billion, if life isn't special, then shouldn't we have already been contacted?","This is a large part of the Fermi Paradox. The galaxy is only about 100,000 light years across, so even at 1% of the speed of light, it takes 10 million years to cross the galaxy. We evolved from small mammals to tool-using humans with space rockets over less than 100 million years. The invention of writing to the Apollo Program is maybe 10,000 years or less. All of these time-scales are much shorter than the age of the Earth, let alone the universe. This means that if life intelligent evolved anywhere else within the galaxy, it's unlikely that it appeared at the same time as us - it's almost certain that any intelligent life would be millions of years more advanced or millions of years less advanced.

This tells us that galaxy-colonising advanced life must be rare, as if there is intelligent life that has the capability and intent to colonise the galaxy, anywhere within the galaxy, anywhere in the past X million or billion years, they should have reached Earth a very long time ago.

Of course, there are multiple reasons why galaxy-colonising advanced life might be rare.

- they lack the intent, i.e. they could colonise the galaxy, but they choose not to leave their home planet, or they do explore the galaxy but leave us alone (basically the Zoo hypothesis)

- they lack the ability, i.e. even with millions of years of advancement it's not practical to leave a solar system in mass migrations, or a more advanced society generally becomes more at risk of destroying itself before it reaches that stage (""the great filter"")

- *intelligent* life is rare. Life has thrived on Earth for billions of years before one species developed spaceflight. Evolution doesn't inevitably lead towards developing life that can invent advanced technology. There may be many planets out there full of animals and plants, or even just bacteria, but it's possible that humanity is a bit of a freak accident.

- life is rare in general. We don't really know how common life is. We know the ingredients seem to be fairly abundant, but how often do these combine to make something we would reasonably call ""life""?

- the conditions for life are rare. However, as we discover more and more exoplanets, it looks like there are quite a few planets that seem like they would be hospitable to life, so this is less of a factor than we used to think.

So this isn't really a ""paradox"" in the common sense, because there are many ways to resolve it. But each of the resolutions involves stuff we just don't know - we don't know how frequently life evolves in the right conditions, we don't know how frequently life evolves to form intelligent space-faring species, and we don't know how often a space-faring space faring species would have the intent and capability to explore the galaxy. Any of these are plausible, and it could easily be a combination of everything."
78,"If I put a flashlight in space, would it propel itself forward by ""shooting out"" light?","Yes, very slowly.

Light has momentum, even though it is massless, so if you shoot a beam of light in one direction, conservation of momentum will push you in the opposite direction.

A reasonably powerful LED flashlight will use about 1-3 Watt, lets say 3 W. The efficiency of a LED is somewhere between 25% and 40%, so for sake of ease of computation lets make that 33% and we get a net amount of light output of 1 W. 

The ratio between the momentum and energy of light is 299,792,458 (Which is also the speed of light). So in 1 second, the flashlight produces 1 J worth of light, which is equal to 0.33 * 10^-8 kg m/s. If the flashlight is not too heavy, say 100 gram or 0.1 kg, that means that 1 second of light would propel the flashlight to a velocity of 10^-7 m/s. This assumes that all light is directed in straight line. The more cone-shaped the bundle of light is, the lower the momentum transfer is.

Leaving the light on for one day would propel the flashlight to about 0.009 m/s or almost 1 cm per second. Unfortunately, operating a 3 W LED for a day uses about 260 kJ of energy. Regular AA batteries have somewhere around 10 kJ of energy (depending on the type). And at a weight of 20-30 grams per battery, you can't carry put more than 2-3 in the device without violating our original assumption of a 100 gram device."
79,"If dividing by zero is undefined and causes so much trouble, why not define the result as a constant and build the theory around it? (Like 'i' was defined to be the sqrt of -1 and the complex numbers)",[removed]
80,"Is a cure for tinnitus actively being worked on by anyone? And if so, what progress has been made?","Yes! There's a lot of research going into tinnitus. The DOD funds a good portion of it (turns out loud explosions and artillery are destroying the hearing of our active troops and vets.)

I'm sure there are many groups working on this, but I know the Tzounopoulos group at the University of Pittsburgh is actively working on a drug to cure/prevent tinnitus. Not my area of expertise so I don't know the specifics of the project, but here is a link to his website. Some of his papers may be interesting to OP and anyone else looking for info. 



http://phrc.pitt.edu/people/thanos-tzounopoulos"
81,The last time atmospheric CO2 levels were this high the world was 3-6C warmer. So how do scientists believe we can keep warming under 2C?,"Well the reason the temperature in the past was so much higher is that the high CO2 levels persisted for many thousands of years allowing for the progressive accumulation of water vapor in the atmosphere which accelerated the greenhouse effect. CO2 is actually the second most important greenhouse gas behind water vapor, though it is often the trigger for climatic change because it's concentration in the atmosphere is controlled by a variety of complex processes where as water vapor is effectively controlled by temperature and pressure. Over time the increased temperature has a positive feedback with water in the atmosphere allowing for very elevated temperatures. It's worth noting that when we say the ""the last time"" we are taking a snapshot of a world that had been experiencing those conditions for millenia.

We currently believe we can keep the warming around 2C because we are projecting mitigation and emission reduction strategies that will eventually slow the warming trend. In the short term (geologically speaking) that means a temperature rise of around 2C."
82,Do animals have blood types like we do?,"Apes and old-world monkeys have ABO blood types like us. 

Other animals have blood types, but not the same ones as us. There are thirteen different dog blood types, but cats are categorised as A, B, or AB. Not the same as human A and B. "
83,Are humans closer in relative size to the planck length or the entire observable universe?,"Definitely the latter; the comoving radius of the observable Universe is on the order of 10^(26) m, while the Planck length sits at about 10^(-35) m. The metre is closer to the cosmological scale than the Planck scale.  "
84,If the Niagara falls is frozen where does all the water go behind it? Does it just spill over and flood surrounding land,"“Niagara Falls” is actually three waterfalls, the “American”, the “Bridal veil”, and the “Horseshoe”  falls.  Never in recorded history have all three of them completely frozen, but the smaller two (American and Bridal Veil”) have frozen a few times.  When it happens, most of the water on the surfaces of Lake Erie and the Niagara river is already frozen so the volume of water going over the falls is reduced anyway. The rest of the moving water goes over the unfrozen parts of the Horseshoe falls.  Besides this, two big hydroelectric power plants, one American and one Canadian, divert water away from the falls to generate electricity.  This means the river and the falls have less water than they can handle anyway.  

Source: grew up in the city of Niagara Falls.  This stuff is local legend and drilled into our heads as kids.  "
85,"Why do dogs have such extreme diversity in size, shape, and attributes when compared to cats?","Wolves are noted for their genetic plasticity.  Canines in general seem to be very adaptable to a wide range of environmental pressures, including selective breeding from humans.  The famous domestication study with Russian foxes further exemplifies this.  Most animals are nowhere near as plastic, including domesticated cats.  


[https://en.wikipedia.org/wiki/Phenotypic\_plasticity](https://en.wikipedia.org/wiki/Phenotypic_plasticity)   
[https://www.nature.com/articles/s41559-018-0611-6](https://www.nature.com/articles/s41559-018-0611-6)"
86,"So atmospheric CO2 levels just reached 410 ppm, first time in 3 million years it's been that high. What happened 3 million years ago?","Geology PhD here, I will add citations and extra info if this comment gets interest, I'm just about to get on a plane so that'll be in several hours but a lot happened 3 Ma, during that period the Earth transitioned from a ""greenhouse"" earth to an ""ice house"" Earth as the Northern hemisphere glaciated. This was due to the closure of the Isthmus of Panama which altered ocean currents and allowed the Atlantic meridional overturning circulation to form (it may have existed in a weakened state before however). This cooled the northern hemisphere allowing ice sheets to form. The ice sheets of Antarctica had already formed at this point however around 34 Ma. 

In short the CO2 levels were higher due to a number of reasons but one was the planet was still in a warm ""phase"" with high levels of atmospheric CO2 because there was less area of ice sheet to store CO2 and cool the planet allowing more CO2 to be stored in the oceans

Disclaimer: this is all I can remember off the top of my head, please correct me if any of it is wrong :-)

Edit: My flight is delayed! Good news for you all but bad news for me haha, anyway, promised citations from a presentation I did on the topic recently:

• Bartoli, G. et al. 2005: Final closure of Panama and the onset of Northern hemisphere glaciation. Earth and Planetary science letters. V. 237, 1-2, p. 33-44. http://dx.doi.org/10.1016/j.epsl.2005.06.020

• Filippelli, G. M. and Flores, J-A. 2009: From the warm Pliocene to the cold Pleistocene: A tale of two oceans. Geology. V. 37, no. 10, p. 959 – 960. doi: 10.1130/focus102009.1

• Grotzinger, J. P. and Jordan, T. H., 2014: Understanding the Earth. W.H. Freeman and Co. (seventh ed.)

• Haug, G. H., and Tiedemann, R. 1998: Effect of the formation of the Isthmus of Panama on Atlantic Ocean thermohaline circulation. Nature. V. 393, p. 673 – 676. doi: 10.1038/31447

• Schneider, B. and Schmittner A. 2006: Simulating the impact of the Panamanian seaway closure on ocean circulation, marine productivity and nutrient cycling. Earth and Planetary science letters. V. 246, p. 367 – 380. http://dx.doi.org/10.1016/j.epsl.2006.04.028

• Linthout, K., Helmers, H. and Sopaheluwakan, J. 1997: Late Miocene obduction and microplate migration around the Banda sea and the closure of the Indonesian Seaway. Tectonophysics. V. 281, no. 1, pp. 17 – 30. 

• Lisiecki, L. E., and Raymo, M. E., 2005: A Pliocene-Pleistocene stack of 57 globally distributed benthic 18O records. Palaeoceanography. V. 20. doi:10.1029/2004PA001071

Edit 2: If you thought the Pleistocene had high CO2 then google the paleocene eocene thermal maximum, I'm happy to add info about that after my flight (once I can access my computer)

Edit 3: thanks for the gold! My first :-D boarding now (delay was minimal) I'll be back in a few hours with more cool palaeo stuff."
87,"I just looked at the sun with my eclipse glasses, and there are two black dots on the sun. What are those?","Those are called sunspots. They are areas of the sun's surface that are cooler than the rest of it. They're still very hot, just not hot enough for the light they're emitting to be enough to see through eclipse glasses. Basically, there are strong magnetic fields in those locations that are inhibiting the normal surface convection of those areas, thus keeping them somewhat cooler than the rest of the sun."
88,How do women astronauts deal with periods in antigravity?,"You mean ""micro gravity"" as ""anti-gravity"" is more of a science fiction term ([micro-gravity is NASA's term](https://www.nasa.gov/audience/forstudents/5-8/features/nasa-knows/what-is-microgravity-58.html) about living and working in/on spacecraft). Or more likely just ""weightlessness"".

Female astronauts have the option of carrying their preferred pads or tampons while in space ([Popular Science 2016](http://www.popsci.com/brief-history-menstruating-in-space)). If they choose to not get their periods they can medically induce amenorrhea, or stop their periods from happening ([The Atlantic 2016](https://www.theatlantic.com/health/archive/2016/04/menstruating-in-space/479229/)). There was [a scientific paper](https://www.nature.com/articles/npjmgrav20168) written on medically induced amenorrhea in female astronauts in 2016. 

There are several ways to induce amenorrhea, through hormonal pills, injections or intrauterine device (IUDs). While it is safe to have your period in space, it may not be all that convenient to switch pads or tampons and deal with disposal. The water treatment is also set up to recycle water from urine, but not menstrual blood so that is also an issue ([American Chemical Society 2014](https://www.acs.org/content/acs/en/pressroom/presspacs/2014/acs-presspac-april-9-2014/recycling-astronaut-urine-for-energy-and-drinking-water.html)).

According to National Geographic (link below) if a woman spent three years in space she would need about 1,100 pills, which adds some weight to a mission but is less unwieldy than many tampons. Alternatively, three years worth of tampons (or pads) still weighs more than three years worth of pills.

Female astronauts' periods have a long history. National Geographic has a great opening paragraph in one of [their articles](http://phenomena.nationalgeographic.com/2016/04/22/how-do-women-deal-with-having-a-period-in-space/) on the subject:

>Sally Ride’s tampons might be the most-discussed tampons in the world. Before Ride became the first American woman in space, scientists pondered her tampons, weighed them, and NASA’s professional sniffer smelled them—better to take deodorized or non-deodorized?—to make sure they wouldn’t smell too strongly in a confined space capsule. Engineers considered exactly how many she might need for a week in space. (Is 100 the right number?, they famously asked her. No, Ride said. That is not the right number.)"
89,"If iron loses it's magnetism around 800 degrees C, how can the earth's core, at ~6000 degrees C, be magnetic?","[Dynamo Theory](http://abyss.uoregon.edu/~js/glossary/dynamo_effect.html). Quote:

_""In this dynamo mechanism, fluid motion in the Earth's outer core moves conducting material (liquid iron) across an already existing, weak magnetic field and generates an electric current. The electric current, in turn, produces a magnetic field that also interacts with the fluid motion to create a secondary magnetic field.""_

So, to paraphrase, while the iron itself is not magnetic, it produces an electric current, which generates an electo-magnetic effect."
90,"Why can't we just inject a ton of power into a phone at once to instantly charge it? Is that just too dangerous, or just not possible?","To understand why not, you have to understand how a battery works. It's not a tank of electrons, exactly. A battery is a chemical reaction between an anode (-), cathode (+), and an electrolyte (or some form of conduit) which facilitates the exchange of electrons.

When you discharge (use) a battery, a chemical reaction is occurring, moving electrons between the two chemicals (anode and cathode). So, don't think of a battery as a vessel which just holds a pile of electricity. It's a specific transfer of energy between two chemicals.

Now, in a rechargeable battery, this reaction can be reversed by applying electricity using a charger. But, again, it's not adding anything, really. It's reversing the chemical reaction which is putting the chemicals back to their original state.

When charging, it takes time for the reaction to reverse and at the same time, heat is created because the electrons are moving back across the conduit they travelled across originally. Electrons moving over a conductor meet resistance which creates heat, no matter which direction. Much like the battery heating up when you use the phone, the battery will heat up while charging for the same reason. If you were to throw a bunch of current at the battery, it could easily cause a thermal issue. Nickel-cadmium (NiCd: pronounced Nye-Cad) batteries had a problem called thermal runaway where the battery, if charged too quickly, the heat generated could induce a self-feeding loop where the battery could heat to a point of ignition or explosion. But that's not an issue with Lead-Acid batteries (like sealed lead acid batteries like in your car, which use a liquid electrolyte, also known as a wet cell [thanks to u/gilescoreywasframed for the correction below]). Also prone are Lithium Ion (LiOn, like in your cell phone) or Lithium-Polymer (Li-PO) batteries (credit to u/incrediboy729 for the correction here), but these usually incorporate circuitry to prevent this situation.

tl;dr - it is dangerous, and modern cell phone chargers and batteries have circuitry to prevent too fast/overcharging which could lead to heat damage or fire."
91,Why does electricity always hum at a B-flat pitch?,"Electricity is run on an alternating current (AC) which reverses voltage in the pattern of a sine wave. In the US, the frequency of this alternating is 60 Hz, which is a B flat (more of a flat B or sharp B flat, really). Sometimes interactions with surroundings, especially at high voltages like in transformers, can cause a hum at the frequency the grid is run on. In most of Europe, as an example, it's run at 50 Hz not 60 Hz, so you would hear a G (a little sharp) instead of a B flat."
92,Why do we hear about breakthroughs in cancer treatment only to never see them again?,"Several things.

There HAVE been many advances in cancer prevention, detection and treatment. (Though obviously there is tremendous work yet to be done.)

Often, new treatment technologies, while genuinely promising, fail to fully live up to that initial promise.

Pop science and medical news reporting often exaggerates or overstates the potential of emerging technologies. Even responsible journalism is often sensationalized to bolster reader interest.

Finally, there are MANY different forms of cancer with wildly different causes, characteristics and disease processes. It is pretty unlikely that we will ever see any single ""cure"" for all types of cancers."
93,Do other Great apes pee holding their penises with their hands or is that just humans?,"Former zookeeper here: I’ve only personally worked with lesser apes, but from my observations they either squat to use their urine to scent mark, or just pee from their perch. No hands involved. Ring tailed lemurs (not an ape, but a tangentially related fun fact) will pee on their tails, then flick the scent at each other. 

The rest of the great apes have much much smaller penis to body size ratios than humans do. Gorillas are only about the size of your pinky. Also unlike humans, most apes have a penis bone, which means their flaccid penis is much less “floppy.” So humans have a much different penis anatomy than other apes, which could lead to the behavioral difference of holding it while you pee."
94,Can an insect be “fat”? How do they store energy?,"It depends a lot on the insect in question.

The most extreme example I can think of is the [honeypot ant](https://en.wikipedia.org/wiki/Honeypot_ant). Some members of these colonies become living food storage for the rest, hanging in place and taking in or giving out their stored reserves as needed. "
95,"What is the bottom of the Sahara desert like? Like underneath the sand, what condition is the bedrock in?","First, I'm required to point out that the Sahara, contrary to popular belief, is mostly *not* covered in sand dunes. [Here's a map](https://upload.wikimedia.org/wikipedia/commons/c/c1/Saharan_topographic_elements_map.png) of all the dune fields (in yellow) in the Sahara. Most of the Sahara looks something like [this](https://commons.wikimedia.org/wiki/File:Algeria_desert_park.JPG)- a rock-strewn sandy soil with a hard crust (""desert pavement""), like what you see in the Mars rover photos but with scattered bushes. The dunes covered places that look like that, so imagine a rocky soil a few meters thick at the bottom of the dunes. Then the groundwater level is usually somewhere above the old ground level, so imagine that it's soaking wet and muddy. That's what it's like down there. The dunes are not like glaciers- they don't rub rock formations smooth once they're buried. They mostly preserve it whole. (For an extreme example of this, see the [camel thorn trees of Namibia](https://www.nationalgeographic.com/photography/photo-of-the-day/2011/5/camel-thorn-trees-namibia/) which were buried centuries ago and only recently uncovered as the dune kept migrating.)

Another thing to consider is where all that sand came from. You get sand dunes when the environment is producing more new sand grains faster than it can stabilize them into rock. The Sahara has so many dune fields because when the climate was wetter about 6000-10000 years ago, there were massive lakes covering what is now desert. When these lakes dried up, their sandy bottoms provided an ample source of sand to make dunes (and an ample source of nutrients in the form of wind blown dust to feed [the Amazon rainforest](https://www.nasa.gov/content/goddard/nasa-satellite-reveals-how-much-saharan-dust-feeds-amazon-s-plants/)). [Here's a map](https://imgur.com/a/EJ45gPx) (snipped from [this paper](https://www.researchgate.net/publication/258066270_Dynamics_of_Green_Sahara_Periods_and_Their_Role_in_Hominin_Evolution)) of all the huge lakes and alluvial fans (in blue and gray) that used to cover the Sahara. Notice how many of them are in the same parts of the desert that now have dune fields in that earlier image? In many places, the current dunes are directly over the old lake bed, so the bottom of the dunes is exactly what you would imagine a dried up lake to be like. See [this radar image](https://imgur.com/a/0fHqobo) from [an earlier askscience](https://www.reddit.com/r/askscience/comments/1xjnz0/if_all_the_sand_in_the_saharan_desert_were_to_be/) question. The top of the gray bar is the top of the dunes, and the red line is the bottom. It's so flat because it's an old lake bed. There probably aren't mountain ranges or other huge topographical features buried under the sand.

EDIT: Thanks to /u/RenascentMan for correcting me on the GPR image

"
96,"How does a computer network like HBO's handle the massive output of data for short bursts of time, like a GoT episode?","Content Delivery Networks (CDN).  Multiple servers around the country cache the content, closest geographical or fastest is the one that serves you so not everyone is pulling from the same server.  It's not hard to forecast bandwidth usage since it is just simple data and in general most CDNs are not run near capacity so there is room for these spikes.  "
97,"Why doesn't modern healthcare protocol include yearly full-body CAT, MRI, or PET scans to really see what COULD be wrong with ppl?","1. Cost. The equipment and personnel needed to conduct such regular scans is prohibitive. A lot of people are talking about the machines, but the radiologists trained to read these scans are highly paid professionals.
2. Time. To conduct full-body scans of every type would be prohibitive. The scans you mentioned aren't like X-rays; they're not instantaneous. They take time to conduct properly.
3. Lack of personnel. We would need a massive influx of both techs to conduct the scans and radiologists to read them to handle the number of scans you're suggesting, and it would take decades to ramp up to a point where we have enough of them to handle the kind of volume this would be introducing. Both the techs and radiologists require years of specialized training.
4. Space. MRI/CAT/PET machines aren't small. If you needed enough of them to conduct these yearly scans, you either need to get rid of something in hospitals/labs currently, or create entirely new spaces to house them. This again adds to cost.
5. It's more likely to result in false positives and invasive exploratory procedures than real positives. Scans aren't always binary i.e. that's cancer/that's not. Many times there are areas that require further exploration. You might have to do more imaging focused on a single area, or a biopsy or other test.

In short, the chance that it might catch something isn't worth the cost in money/time/false positives. Unfortunately for your friend, the best indicators we have right now are symptoms, family history, and screening tests based on demographics.

Hopefully in the future, some or all of these barriers will be removed, and something like what you're suggesting will be possible rather than prohibitive.

I'm sorry about your friend."
98,"If doctors can fit babies with prescription eye ware when they can't talk, why do they need feedback from me to do the same thing?","Pediatric patients are fitted with eyewear based on prescriptions from mostly just the autofractors as jaimemaidana pointed out. This gives a really good estimation of the corrective lens prescription. A ballpark or rough estimation of the prescription.

Once someone learns his/her abc’s or sometimes shapes a phoropter may be used. The device that sits in front of your face, and you are asked if one or two, or a or b looks better as you are looking at an eye chart. This allows for an even better prescription to be determined. The phoropter may be used by itself or it may be used to fine tune the prescription that the autorefractor read, so you get the best possible vision.

It’s not that an adult’s autorefratcor generated prescription couldn’t be used, but your doctor wants your eyewear to have the best chance for giving you the best possible sight."
99,"Numerically there have been more deaths from the common flu than from the new Corona virus, but that is because it is still contained at the moment. Just how deadly is it compared to the established influenza strains? And SARS? And the swine flu?","Bill & Melinda Gates Foundation article covers it pretty well 

https://www.gatesnotes.com/Health/How-to-respond-to-COVID-19

“There are two reasons that COVID-19 is such a threat. First, it can kill healthy adults in addition to elderly people with existing health problems. The data so far suggests that the virus has a case fatality risk around 1%; this rate would make it several times more severe than typical seasonal influenza and would put it somewhere between the 1957 influenza pandemic (0.6%) and the 1918 influenza pandemic (2%).

Second, COVID-19 is transmitted quite efficiently. The average infected person spreads the disease to two or three others. That’s an exponential rate of increase. There is also strong evidence that it can be transmitted by people who are just mildly ill or not even showing symptoms yet. This means COVID-19 will be much harder to contain than Middle East Respiratory Syndrome or Severe Acute Respiratory Syndrome (SARS), which were only spread by those showing symptoms and were much less efficiently transmitted. In fact, COVID-19 has already caused 10 times as many cases as SARS in just a quarter of the time”"
100,Are there crazy caves with no entrance to the surface pocketed all throughout the earth or is the earth pretty solid except for cave systems near the top?,"Cave systems can be present deep underground in sedimentary rocks under the right conditions.  One way is to have a layer of limestone at the surface long enough to form a karst (cave) topography, then subsequently subside and be buried by thousands of feet of sediment.  The caves will still exist, but have no connection to the surface.  One place this occurs is some parts of Texas, where those deep caves can be a significant drilling hazard in oil and gas exploration."
101,"When I breathe in dust, how does it eventually leave my body?","It gets caught in the thin layer of mucus lining the inside surfaces of your lungs. The lungs are also lined with tiny hairs called cilia that beat in a coordinated fashion to slowly push the mucus up and out of your lungs as new, fresh mucus is produced to take its place. The old, dirty mucus reaches the top of your airway where you may cough it out, but healthy people usually swallow it continually. It is then cleared through your digestive system, which (unlike the lungs) is quite robust to dirt and bacteria and such."
102,"In HBO's Chernobyl, radiation sickness is depicted as highly contagious, able to be transmitted by brief skin-to-skin contact with a contaminated person. Is this actually how radiation works?","Radiation isn't ""contagious"" so much as you just have to keep in mind that radioactive material is constantly giving off radiation. At Chernobyl, that material was everywhere- not only on the ground in huge chunks, but also in the air, in fumes, ash, and dust.

&#x200B;

The firefighters who responded were covered in this material when they arrived at the hospital. It's why it was critical to remove their uniforms and store them in the basement where they are still radioactive today. I don't know if the time it took for a nurse to carry them downstairs would have been enough time to give the ""sunburn"" effect on her hand, but they're still moderately dangerous today, and would have been much more so at the time.

&#x200B;

The other thing to remember is that radioactive material can become trapped in the body. Those firefighters weren't just covered with the ash and dust, (which can mostly be removed with a shower and change of clothes), they breathed it in as well, where it gathered in their lungs and blood and ate them apart from the inside. The gamma rays emitted by those internal particles would have shot right through them and hit anything around them, making their bodies minorly radioactive.

&#x200B;

This is played up *slightly* on the show. While the radioactivity they admitted would be an issue, the main reason for keeping the patients separated from visitors is that your immune system is one of the first things to go from radioactivity, and so any visitors could pass on all manner of diseases to them."
103,Does washing off fruits and vegetables before eating them actually remove much of the residual preservatives and/or pesticides?,"For a big part, yes. It mainly works for residues, which are on the outer layer of the vegetable skin, where normally the biggest part of pesticides is located. A lot of studies show further, that a acidic washing solution, eg acetic or citric acid, is way more powerful, especially for organophosphorus and organochlorines. 
Also, peeling and cooking also have a strong effect on reducing pesticide concentration. 

Anyway, normally fruits and vegetables are washed in the factory before selling and shouldn‘t have residues above critical limits, theres no need to be scared, at least if you‘re in a country with proper food safety regulations. 


Some Papers about the topic (there are much more):

https://www.sciencedirect.com/science/article/pii/S0278691501000163

https://www.sciencedirect.com/science/article/pii/S0308814698002313

https://www.sciencedirect.com/science/article/pii/S0308814610005984

https://www.sciencedirect.com/science/article/pii/S0278691500001770

Edit: spelling"
104,"Besides cilantro, are there any other ingredients that have been identified to taste different to people based on their genetics?","Brussels Sprouts are regulated by TAS2R38, a.k.a. “the brussels sprouts gene”.

TAS2R38 controls the bonding of a specific chemical called phenylthiocarbamide (PTC). If you have the gene, PTC will be detectable to you. Sprouts and cabbages are laced with PTC. 

I love the story of the sensitivity’s discovery. There were two scientists working in a lab, one was decanting phenylthiocarbamide, and had no idea the other could smell the horrific stench. Intrigued he basically gassed family members until he had a working hypothesis and went from there. While he didn’t have the ability to inspect the genes, it was clearly genetic in nature even in the 1930s."
