question,answer,metaphor_v8_score,scaffolding_v2_score,metaphor_v8_reason,scaffolding_v2_reason,Index,original_question,original_answer,reddit_url,match_score,mattany_metaphor_v8,nirgrn_metaphor_v8,mattany_metaphor_v8_reason,nirgrn_metaphor_v8_reason,mattany_scaffolding_v2,nirgrn_scaffolding_v2,mattany_scaffolding_v2_reason,nirgrn_scaffolding_v2_reason,maximbr_metaphor_v8,maximbr_metaphor_v8_reason,maximbr_scaffolding_v2,maximbr_scaffolding_v2_reason
How is Bitcoin secure?,"Take a look [here](https://en.bitcoin.it/wiki/How_bitcoin_works) for a good explanation about bitcoin.

At a really high level, bitcoin is a public record of all transactions that have ever occured. Imagine the following infrastructure:

Every person in the world has a unique identity (some number called a Public Key). Everyone also has a book which lists every identity. Next to every identity (let's call it a PK from here on out) is a list of every serial number for every dollar bill (dollar bills are the only currency in my world) that they own. 

When someone spends a dollar, they write it down at the end of the transaction ledger, and sign it (bitcoin uses cryptographic signatures). Then they tell everybody they know to add it to their ledger. Eventually the information spreads, and nobody will accept the dollar from its original owner, only the person he transferred it to. 

Bitcoin works similarly, using an incredibly innovative technique called block-chaining. The public record from above is almost exactly the block chain in bitcoin. The major difference is in how bitcoins are mined - they aren't printed by a mint and assigned to people (like in my example). There's a cryptographic problem which is considered *hard* in the literature. This means that basically the only way to solve it faster is to throw more computational power at it. Bitcoin uses one such problem for mining - every time someone mines a bitcoin, they have 'won the lottery' and solved this iteration of the problem.

When a coin is mined, whoever mines it tells the entire world he fixed the problem and announces the next problem to solve. He also adds a list of every transaction he has heard of since the last coin mining. So, when you spend bitcoin it doesn't actually process for about ten minuets or so. 

One more key point: 
Bitcoin only works because everyone in the world tries to make the longest iteration of the chain even longer (by mining new coins and adding to them) - the longer the chain, the more permanent the things that have been written down are. Since making the chain longer requires computational power, its impossible to just go around announcing your own version of the ledger (unless you have more then half the computing power, the competing chain will be longer than yours) and double spending, etc.

",0.0124316505673371,0.5312093733737562,"The passage provides a literal explanation of how Bitcoin works, using a straightforward analogy to explain the concept of a public ledger. The analogy does not introduce a novel or domain-shifting figurative framing, nor does it depend on non-literal conceptual framing. The explanation is clear and technical, without employing active metaphors or personification.","The response effectively uses scaffolding by starting with a simple analogy of a public record of transactions and gradually introducing more complex concepts like public keys, cryptographic signatures, and blockchain. It builds understanding by first explaining a relatable infrastructure and then relating it to how Bitcoin functions, including mining and the importance of computational power. Each idea deepens the understanding of the previous one, demonstrating a clear progression from simple to complex.",3602,how is bitcoin secure?,"take a look [here](_url_0_) for a good explanation about bitcoin. at a really high level, bitcoin is a public record of all transactions that have ever occured. imagine the following infrastructure: every person in the world has a unique identity (some number called a public key). everyone also has a book which lists every identity. next to every identity (let's call it a pk from here on out) is a list of every serial number for every dollar bill (dollar bills are the only currency in my world) that they own. when someone spends a dollar, they write it down at the end of the transaction ledger, and sign it (bitcoin uses cryptographic signatures). then they tell everybody they know to add it to their ledger. eventually the information spreads, and nobody will accept the dollar from its original owner, only the person he transferred it to. bitcoin works similarly, using an incredibly innovative technique called block-chaining. the public record from above is almost exactly the block chain in bitcoin. the major difference is in how bitcoins are mined - they aren't printed by a mint and assigned to people (like in my example). there's a cryptographic problem which is considered *hard* in the literature. this means that basically the only way to solve it faster is to throw more computational power at it. bitcoin uses one such problem for mining - every time someone mines a bitcoin, they have 'won the lottery' and solved this iteration of the problem. when a coin is mined, whoever mines it tells the entire world he fixed the problem and announces the next problem to solve. he also adds a list of every transaction he has heard of since the last coin mining. so, when you spend bitcoin it doesn't actually process for about ten minuets or so. one more key point: bitcoin only works because everyone in the world tries to make the longest iteration of the chain even longer (by mining new coins and adding to them) - the longer the chain, the more permanent the things that have been written down are. since making the chain longer requires computational power, its impossible to just go around announcing your own version of the ledger (unless you have more then half the computing power, the competing chain will be longer than yours) and double spending, etc.",https://reddit.com/r/askscience/comments/1glhi3/how_is_bitcoin_secure/,1.0,1.0,0.0,. Everyone also has a book which lists every identity etc,,1.0,1.0,,,1.0,,1.0,
"if 2 space ships accelerated away from each other at 1/2 the speed of light, what would they see behind them?","let's answer this question two ways. first, let's set up the question differently. imagine a space station, with two space ships. the space ships then leave the space station, moving 0.5c with respect to the space station. the question is: what does someone on the space station see, and what does someone on the space ship see? well, someone on the space station has it easy. he will simply see the ships separating at 1c, as each are leaving away from him at 0.5c. this is not a problem, since he is not seeing any single massive object leaving at a speed greater than c. i understand that this part might be obvious, but it gives us a reference point. now, what does someone on a spaceship see? well, they will see the other space ship moving away at 0.8c. this can be calculated using the [relativistic velocity-addition formula](_url_0_). where does this come from? well, as einstein showed, the speed of light is the same in all reference frames. there are several consequences of this- the ones being important here are time dilation and length contraction. what this means is, a person on the space ship and a person on the space station will not measure time or distances the same way. the person on the space ship will have his clock running slower, and will measure distances shorter, than the person on the space station. so, he is measuring that the second ship is closer to him, and it took a different amount of time to get there, and thus will measure his speed to be less than the speed of light.",0.0,0.9046505318875316,"The passage does not contain an active metaphor. It provides a literal explanation of relativistic physics concepts, such as velocity addition, time dilation, and length contraction, without using non-literal conceptual framing or domain shifts. The language is technical and descriptive, focusing on explaining scientific phenomena rather than employing figurative language.","The response effectively uses scaffolding by first establishing a simple scenario with space ships moving at 0.5c relative to a space station, which is easy to understand. It then builds on this by introducing the more complex concept of relativistic velocity addition, explaining how someone on the spaceship perceives the other ship moving at 0.8c. The explanation further deepens by discussing Einstein's principles of time dilation and length contraction, which are necessary to understand the relativistic effects. This progression from a simple scenario to complex relativistic concepts demonstrates clear scaffolding.",4888,"if 2 space ships accelerated away from each other at 1/2 the speed of light, what would they see behind them?","let's answer this question two ways. first, let's set up the question differently. imagine a space station, with two space ships. the space ships then leave the space station, moving 0.5c with respect to the space station. the question is: what does someone on the space station see, and what does someone on the space ship see? well, someone on the space station has it easy. he will simply see the ships separating at 1c, as each are leaving away from him at 0.5c. this is not a problem, since he is not seeing any single massive object leaving at a speed greater than c. i understand that this part might be obvious, but it gives us a reference point. now, what does someone on a spaceship see? well, they will see the other space ship moving away at 0.8c. this can be calculated using the [relativistic velocity-addition formula](_url_0_). where does this come from? well, as einstein showed, the speed of light is the same in all reference frames. there are several consequences of this- the ones being important here are time dilation and length contraction. what this means is, a person on the space ship and a person on the space station will not measure time or distances the same way. the person on the space ship will have his clock running slower, and will measure distances shorter, than the person on the space station. so, he is measuring that the second ship is closer to him, and it took a different amount of time to get there, and thus will measure his speed to be less than the speed of light.",,0.0,0.0,0.0,,,1.0,1.0,,,0.0,,1.0,
why is not vaccinating some children a threat to the whole population and not just other unvaccinated people?,"vaccines are not 100% effective. you could get the vaccine, and still get sick. some people cannot take vaccines because of allergies or complicating medical problems. very young children cannot be vaccinated for some diseases because their immune systems aren't strong enough. if a patient comes into the hospital with a harmful disease, that child could die. these populations are at risk because there are people purposefully keeping diseases that should be eradicated completely (and in some cases, were) alive.",0.5926665999540697,0.0,"The passage uses an active metaphor by describing diseases as being 'kept alive' by people, which is a non-literal conceptual framing. This metaphor introduces a domain shift by attributing life-like qualities to diseases, altering how the concept of disease persistence is understood. The metaphor is not idiomatic or frozen, as it is not a common expression used across domains.","The response presents a series of related facts about vaccines and vulnerable populations but lacks a progression from simple to complex ideas. Each statement stands independently without building on the previous one, resulting in no scaffolding.",3353,why is not vaccinating some children a threat to the whole population and not just other unvaccinated people?,"vaccines are not 100% effective. you could get the vaccine, and still get sick. some people cannot take vaccines because of allergies or complicating medical problems. very young children cannot be vaccinated for some diseases because their immune systems aren't strong enough. if a patient comes into the hospital with a harmful disease, that child could die. these populations are at risk because there are people purposefully keeping diseases that should be eradicated completely (and in some cases, were) alive.",,0.0,0.0,0.0,,,0.0,0.0,,,0.0,,0.0,
"When a photon is ""born"", is it instantaneously going the speed of light? Or does it have to accelerate to that speed?","A photon, because it has no rest mass, can only travel at the speed of light, c or 3x10^8 m/s. This means that a photon must instantaneously move at a speed of c as soon as it is created since it since it simply cannot travel at any other speed, and so it can't experience any acceleration. 

If you find it hard to understand how photons can move at c as soon as they are created, remember that you can also think of light as a wave. While the fact that light can only propagate at a speed of c (in vacuum) is only specific to electromagnetic waves, the fact that no acceleration is needed is a general property of all waves. Take something as simple as a slinky. When you hit it on one end, you will create a longitudinal wave that will immediately start propagating at a certain speed determined by the material properties of the system, [as you can see in this video](https://www.youtube.com/watch?v=ubRlaCCQfDk). Yes, the individual atoms making up the wire in the slinky will be accelerated, but the collective propagation of the excitation (i.e. the wave) will (to a good approximation) move at a constant speed from the moment it was started. Something completely analogous happens to light, where the excitation (the light) once it is created moves through its medium (the electromagnetic field in this case) at a constant speed of c.",0.0124316528998621,0.5312093733737562,"The passage provides a literal explanation of how photons and waves propagate, using technical and scientific language without employing non-literal conceptual framing. The analogy with a slinky is a straightforward comparison to explain wave propagation, not a metaphorical domain shift. The description remains within the literal and technical domain, with no active metaphor present.","The response effectively uses scaffolding by starting with the simple concept that photons travel at the speed of light due to having no rest mass. It then builds on this by explaining the concept of light as a wave and uses the analogy of a slinky to illustrate wave propagation without acceleration. This progression from the specific property of photons to the general property of waves, and the use of a concrete analogy, demonstrates a clear increase in complexity and understanding.",4073,"when a photon is ""born"", is it instantaneously going the speed of light? or does it have to accelerate to that speed?","a photon, because it has no rest mass, can only travel at the speed of light, c or 3x10^8 m/s. this means that a photon must instantaneously move at a speed of c as soon as it is created since it since it simply cannot travel at any other speed, and so it can't experience any acceleration. if you find it hard to understand how photons can move at c as soon as they are created, remember that you can also think of light as a wave. while the fact that light can only propagate at a speed of c (in vacuum) is only specific to electromagnetic waves, the fact that no acceleration is needed is a general property of all waves. take something as simple as a slinky. when you hit it on one end, you will create a longitudinal wave that will immediately start propagating at a certain speed determined by the material properties of the system, [as you can see in this video](_url_0_). yes, the individual atoms making up the wire in the slinky will be accelerated, but the collective propagation of the excitation (i.e. the wave) will (to a good approximation) move at a constant speed from the moment it was started. something completely analogous happens to light, where the excitation (the light) once it is created moves through its medium (the electromagnetic field in this case) at a constant speed of c.",https://reddit.com/r/askscience/comments/3sfq22/when_a_photon_is_born_is_it_instantaneously_going/,0.8983050847457628,1.0,0.0,Slinky,slinky analogy is not a metaphor,1.0,1.0,clear simple to complex scaffolding,,0.0,,1.0,
How does a Sand Bubbler Crab sift food from sand?,"In [this paper,](https://oup.silverchair-cdn.com/oup/backfile/Content_public/Journal/jcb/22/3/10.1163_20021975-99990263/1/jcb0521.pdf?Expires=1501062740&Signature=B5zNWaIb6UzizUeii08HCwyywsXUaHSD~9C4UUeZfj8E1cpOjhJY4zyPFHHmpjUu4ly6L~VCxXRbmSfqXphRzPb9ic5UMUAKNgZ24ZtYfkDzpd~88I9FsWlIRkQxDf~SzGFgdXdOFe8zx~EvUfGJrqD3QGAhV19SgVRz3loPUWmYXGF6A90l7jtnLvdVoOCbGEx4BW7EqrHeqHxk6Lbo16bATcDBjJMvPiUNIf8nFBKHHYiWAjhELNO5TuK~cSGnrIiLrLclMnxt4vP6HPtseJ51K-ivh2kekwPWHwaDpFigTY5-XXNm1gepz6KoTKEG7fD1vYWVpFYaDxc-Djn5VA__&Key-Pair-Id=APKAIUCZBIA4LVPAVW3Q) the dude describes the ""floatation feeding process."" All crabs have little appendages called maxillipeds in front of their mouths that they use to handle food, but the Sand Bubby evolved spoon-shaped maxillipeds that are really good at holding on to sand particles. So, they hold the sand with their mouth spoons and then shoot water out of their gill chambers across the sand and into their mouth. All the bacteria, algae, etc that were clinging to the sand get power-washed into the belly of the Sand Bubby.

",0.6791787056691698,0.0420877273148584,"The passage uses an active metaphor by describing the sand bubby's feeding process as 'power-washed into the belly,' which involves a non-literal conceptual framing. This metaphor introduces a novel domain shift by applying the concept of power-washing, typically associated with cleaning surfaces, to the biological process of feeding, altering the understanding of how the sand bubby ingests its food.","The response provides a description of the 'floatation feeding process' in sand bubbies, but it lacks scaffolding. It presents a series of facts about the process without building from simple to complex. The explanation does not introduce a simpler idea that is then deepened or expanded upon, and the concepts are presented at a similar complexity level without progression.",3498,how does a sand bubbler crab sift food from sand?,"in [this paper,](_url_0_) the dude describes the ""floatation feeding process."" all crabs have little appendages called maxillipeds in front of their mouths that they use to handle food, but the sand bubby evolved spoon-shaped maxillipeds that are really good at holding on to sand particles. so, they hold the sand with their mouth spoons and then shoot water out of their gill chambers across the sand and into their mouth. all the bacteria, algae, etc that were clinging to the sand get power-washed into the belly of the sand bubby.",https://reddit.com/r/askscience/comments/6pd9tj/how_does_a_sand_bubbler_crab_sift_food_from_sand/,0.9666666666666668,0.0,1.0,power-washed - not sure if metaphor since it can be understood literally,power-washed,0.0,0.0,,doesn't get more complex,1.0,,0.0,
"How come when hot metal is placed in cold water, it does not shatter like glass?","There are two main reasons. First, glasses are generally worse heat conductors than metals and second metals tend to be ductile while glasses are generally brittle.

So let's step back a second. The reason that glass shatters when rapidly cooled is usually because of heat gradients in the material. These variations in temperature create stresses at different points in the material. If the stress is large enough it can then lead the glass to shatter. So what's different in metals? To start off metals are much better conductors so that such heat gradients can more quickly dissipate.

But just as important is the fact that metals also tend to be much more ductile. The reason is twofold: 1) metals tend to be crystalline and 2) they are connected through metallic bonding. These properties allow metals to relieve stress through dislocations where planes of atoms slide past each other. As a result the material can easily deform in the presence of a stress without cracking, which is what makes crystalline metals rather soft.

If you move away from these conditions you tend to reduce the ductility of the material. So for example if you move away from metallic bonding to ionic or covalent bonding the materials tend to become quite a bit more brittle. The reason is that now the directional bonding makes it much harder to slide atoms around in order to relax. It's for this reason that quartz (the crystalline form of common glass) is pretty brittle. Likewise if you move away [from a crystalline structure to an amorphous structure](https://i.imgur.com/RqBqCYW.gif) you again prevent atoms from being able to slide away from each other in an orderly way. As a result it's much likely for cracks to develop and propagate, which leads to materials shattering. For this reason, even metallic glasses can be quite brittle.  

As a final note, in some cases even crystalline metals can shatter. Certain metals exhibit [a ductile-to-brittle transition](https://en.wikipedia.org/wiki/Ductility#Ductile%E2%80%93brittle_transition_temperature) in a given temperature range. At those temperatures if you apply a strong enough stress the metal will also develop cracks like glass and shatter.

edit: I added a more thorough discussion on the effect of the type of bonding per the point raised by /u/Narwhal_Jesus ",0.0,0.8670357580842941,"The passage provides a technical explanation of the differences between metals and glasses in terms of heat conduction and ductility. It does not employ any active metaphors or non-literal conceptual framing. The language is literal and descriptive, focusing on scientific properties and processes without introducing novel or domain-shifting figurative language.","The response effectively uses scaffolding by starting with simpler concepts and building to more complex ones. It begins with the basic idea that glasses are worse heat conductors and more brittle than metals, then explains the mechanism of heat gradients causing stress in glass. It progresses to the more complex idea of metals being better conductors and ductile due to their crystalline structure and metallic bonding, which allows stress relief through dislocations. The explanation further deepens by discussing how different bonding types and structures affect material brittleness, providing a clear progression from simple to complex concepts.",3554,"how come when hot metal is placed in cold water, it does not shatter like glass?","there are two main reasons. first, glasses are generally worse heat conductors than metals and second metals tend to be ductile while glasses are generally brittle. so let's step back a second. the reason that glass shatters when rapidly cooled is usually because of heat gradients in the material. these variations in temperature create stresses at different points in the material. if the stress is large enough it can then lead the glass to shatter. so what's different in metals? to start off metals are much better conductors so that such heat gradients can more quickly dissipate. but just as important is the fact that metals also tend to be much more ductile. the reason is twofold: 1) metals tend to be crystalline and 2) they are connected through metallic bonding. these properties allow metals to relieve stress through dislocations where planes of atoms slide past each other. as a result the material can easily deform in the presence of a stress without cracking, which is what makes crystalline metals rather soft. if you move away from these conditions you tend to reduce the ductility of the material. so for example if you move away from metallic bonding to ionic or covalent bonding the materials tend to become quite a bit more brittle. the reason is that now the directional bonding makes it much harder to slide atoms around in order to relax. it's for this reason that quartz (the crystalline form of common glass) is pretty brittle. likewise if you move away [from a crystalline structure to an amorphous structure](_url_1_) you again prevent atoms from being able to slide away from each other in an orderly way. as a result it's much likely for cracks to develop and propagate, which leads to materials shattering. for this reason, even metallic glasses can be quite brittle. as a final note, in some cases even crystalline metals can shatter. certain metals exhibit [a ductile-to-brittle transition](_url_0_) in a given temperature range. at those temperatures if you apply a strong enough stress the metal will also develop cracks like glass and shatter. edit: i added a more thorough discussion on the effect of the type of bonding per the point raised by /u/narwhal_jesus",https://reddit.com/r/askscience/comments/8mjbk5/how_come_when_hot_metal_is_placed_in_cold_water/,0.9776536312849162,0.0,0.0,,,1.0,1.0,built well,,0.0,,1.0,
How does the elemental composition of 'average' planets change over a universe's lifetime?,"There was a [Scientific American article](http://www.scientificamerican.com/article/could-life-survive-in-the-universe-s-far-distant-future/) which said that the ratio of heavier elements to hydrogen will increase in interstellar dust clouds due to supernova explosions sending heavier elements outward. Because of this, in the far future, stars will cough up more planets, including planets that are small and rocky, like Earth. Quote from article:

> Despite the diminishing rate of star formation, perhaps half or two thirds of all the planets that will ever exist have yet to be born.

In addition, stars will be smaller, because of less available hydrogen to form new stars. Smaller stars are not a problem though for life (the habitable zone will just be closer to the star), so in the far future the universe will be more hospitable for life, because there will be more habitable planets. Quote from article:

> At first, the proliferation of planets does not seem promising for life. Most of the stars of the far future will be much less massive and less luminous than the sun. Fortunately, even a low-mass, dim star can allow life to flourish. A star with as little as one one-thousandth of the sun's luminosity can maintain temperatures that allow liquids to exist on close-in planets, satisfying what seems to be a requirement for living things to exist.

And more:

> Planets should not only grow generally more common but also be enriched in the stuff of life. In addition to requiring a liquid bath, life on Earth, as well as almost all other forms of life that scientists speculate about, depends on the existence of carbon, nitrogen and oxygen. As time goes on, the increasing relative abundance of these elements should yield planets more hospitable to life. Therefore, as star formation steadily diminishes, every newborn star should appear with a progressively greater probability of lighting one or more potential life-bearing planets. Some of these new stars will have the low masses and tiny luminosities that allow them to last for hundreds or thousands of billions of years (not that such immense lifetimes seem necessary for the origin and evolution of life). However full or empty of life the universe may be today, it should teem with more abundant and more varied forms of life in the future.

EDIT: got access to article. Can add in more details.",0.6224593312018546,0.0,"The phrase 'stars will cough up more planets' is an active metaphor. It uses non-literal language to describe the process of star formation and planet creation, framing it in terms of a biological action (coughing), which is unexpected for the domain of astronomy. This introduces a novel and expressive domain shift, aligning with the criteria for an active metaphor.","The response presents a series of related facts about interstellar dust clouds, supernova explosions, and future star and planet formation, but lacks a clear progression from simple to complex ideas. Each statement is presented at a similar complexity level without building upon the previous one, and the use of quotes and references to an article does not contribute to scaffolding. The response does not demonstrate increasing depth or dependency between ideas.",4321,how does the elemental composition of 'average' planets change over a universe's lifetime?,"there was a [scientific american article](_url_0_) which said that the ratio of heavier elements to hydrogen will increase in interstellar dust clouds due to supernova explosions sending heavier elements outward. because of this, in the far future, stars will cough up more planets, including planets that are small and rocky, like earth. quote from article: in addition, stars will be smaller, because of less available hydrogen to form new stars. smaller stars are not a problem though for life (the habitable zone will just be closer to the star), so in the far future the universe will be more hospitable for life, because there will be more habitable planets. quote from article: and more: edit: got access to article. can add in more details.",https://reddit.com/r/askscience/comments/2sino3/how_does_the_elemental_composition_of_average/,0.3612565445026178,0.0,1.0,,stars will cough up more planets,0.0,0.0,,,1.0,,0.0,
"If a woman is born with all her eggs, why does age affect the risk of mutation?","This is due to the rate of nondisjunction errors increasing with maternal age. These are chromosomal mutations rather than modifications of the nucleotide sequence. To understand how they occur, you must know that while women are born with a full complement of eggs, the eggs are not mature ovum, but primary oocytes. These cells are diploid (two full sets of chromosomes) having been stopped at Prophase I of meiosis. It is not until ovulation that meiosis resumes and the egg becomes haploid, and it is in this step that errors occur. 

In a normal egg, meiosis resumes, and one full set of 23 chromosomes is removed, leaving a haploid egg with 23 chromosomes. Nondisjunction refers to the failure of chromosomes to segregate during meiosis. This either results in the egg having too many or too few chromosomes, a situation referred to as aneuploidy. Normally, fertilization by a sperm transforms the egg into a diploid zygote with 46 chromosomes, but if nondisjunction has occurred, this will not be the case. 

Chromosomes carry a lot of information, so having too many or too few can have drastic consequences. Most aneuploid embryos do not survive. The most commonly survived aneuploidy is the result of nondisjunction of chromosome 21, resulting in Trisomy-21, which manifests itself as Down syndrome. Trisomies of 18 and 13 are also survivable. Klinefelter syndrome is the result of nondisjunction of X.
",0.0,0.7310585727705126,"The passage provides a literal and technical explanation of nondisjunction errors and their consequences, without employing any non-literal conceptual framing or domain shift. It describes biological processes in a straightforward manner, lacking any active metaphorical language.","The response effectively uses scaffolding by starting with the concept of nondisjunction errors and gradually building on it. It begins with the simpler idea of chromosomal mutations and the basic biology of oocytes, then progresses to the more complex process of meiosis and the specific errors that can occur. The explanation further deepens by discussing the consequences of nondisjunction, such as aneuploidy and specific syndromes like Down syndrome and Klinefelter syndrome. Each idea builds on the previous one, demonstrating a clear progression from simple to complex concepts.",3954,"if a woman is born with all her eggs, why does age affect the risk of mutation?","this is due to the rate of nondisjunction errors increasing with maternal age. these are chromosomal mutations rather than modifications of the nucleotide sequence. to understand how they occur, you must know that while women are born with a full complement of eggs, the eggs are not mature ovum, but primary oocytes. these cells are diploid (two full sets of chromosomes) having been stopped at prophase i of meiosis. it is not until ovulation that meiosis resumes and the egg becomes haploid, and it is in this step that errors occur. in a normal egg, meiosis resumes, and one full set of 23 chromosomes is removed, leaving a haploid egg with 23 chromosomes. nondisjunction refers to the failure of chromosomes to segregate during meiosis. this either results in the egg having too many or too few chromosomes, a situation referred to as aneuploidy. normally, fertilization by a sperm transforms the egg into a diploid zygote with 46 chromosomes, but if nondisjunction has occurred, this will not be the case. chromosomes carry a lot of information, so having too many or too few can have drastic consequences. most aneuploid embryos do not survive. the most commonly survived aneuploidy is the result of nondisjunction of chromosome 21, resulting in trisomy-21, which manifests itself as down syndrome. trisomies of 18 and 13 are also survivable. klinefelter syndrome is the result of nondisjunction of x.",https://reddit.com/r/askscience/comments/17vyt5/if_a_woman_is_born_with_all_her_eggs_why_does_age/,1.0,0.0,0.0,,,0.0,0.0,,All is fairly complex,0.0,,0.0,
Do snowflakes spontaneously form from vapor? Or do droplets first fall then crystallize?,"I have a Master's degree in Meteorology, currently working on my Ph.D. Should probably take the time to get the flair, but eh.

The processes that form hail and snow are very different. Snow, or ice crystals, are formed in cloud regions where temperatures are uniformly below freezing. All snow is initially formed from ice nuclei; these are tiny particles in the atmosphere which water has initially frozen to (or, if temperatures are extremely cold, can be just pure water - but that is rare, as it requires temps below -38 degrees C...pure water doesn't always actually freeze at 0 degrees C, but that is a separate physics discussion for a different time). From there, excess water vapor in the atmosphere can undergo deposition (gas -> solid) onto the nuclei, forming a crystal. Exactly how this happens depends on the exact temperature. Here is a nice chart showing the different ice crystals which grow at different temps (and this chart isn't complete or perfect, I will say):

http://ryanhanrahan.files.wordpress.com/2012/01/habits.gif

Ice growth is dependent on both temperature and the ""willingness"" of water vapor to move to the solid form (excess vapor pressure over ice).

For ""good"" snow, you want dendrites; these maximize air pockets giving you a good, ""thick"" snow that accumulates very quickly. In forecasting snow events, meteorologists look for cloud formation (rising motion) in the -12 to -18 degree C region of the atmosphere. We call it the ""dendritic growth zone"".


Hail is formed by a different process. Hail requires very strong rising motions, or updrafts, to keep frozen particles aloft. There is currently a lot of research in this area that is challenging the traditional approach thought of for hail stone formation. Current thinking leads to two ways hail stones grow: ""dry"" and ""wet"" growth. Ice nuclei form in the cloud, but the strong updrafts present cause these nuclei to mix with supercooled water droplets. When the ice nuclei encounters supercooled water, the water freezes to it. This is ""wet"" growth. If the ice nuclei enters a region of excess water vapor, the water vapor undergoes deposition onto the ice nuclei. This is ""dry"" growth. The hail stone encounters these regions throughout its life cycle as it moves through the cloud. Wet growth leads to clear ice, whereas dry growth lead to ""foggy"" ice. This is what may give the hail stone its onion like appearance:

http://upload.wikimedia.org/wikipedia/commons/d/d5/Hagelkorn_mit_Anlagerungsschichten.jpg

The stronger the updraft, the longer the hail stone can stay in the cloud, the larger it grows.

Hope that helps!


",0.2227001285074596,0.6513548714339144,"The passage uses the term 'sound barrier' in a conventional, idiomatic sense, referring to the challenges faced by pilots at transonic speeds. The term is widely recognized and does not involve a novel domain shift or non-literal conceptual framing. Additionally, the analogy to nuclear fusion is a straightforward comparison without introducing a novel metaphorical framing.","The response effectively uses scaffolding by first explaining the simpler concept of snow formation, detailing the role of ice nuclei and temperature, before moving to the more complex process of hail formation, which involves updrafts and different growth mechanisms. This progression from simple to complex concepts demonstrates clear scaffolding.",4822,do snowflakes spontaneously form from vapor? or do droplets first fall then crystallize?,"i have a master's degree in meteorology, currently working on my ph.d. should probably take the time to get the flair, but eh. the processes that form hail and snow are very different. snow, or ice crystals, are formed in cloud regions where temperatures are uniformly below freezing. all snow is initially formed from ice nuclei; these are tiny particles in the atmosphere which water has initially frozen to (or, if temperatures are extremely cold, can be just pure water - but that is rare, as it requires temps below -38 degrees c...pure water doesn't always actually freeze at 0 degrees c, but that is a separate physics discussion for a different time). from there, excess water vapor in the atmosphere can undergo deposition (gas - _url_0_ ice growth is dependent on both temperature and the ""willingness"" of water vapor to move to the solid form (excess vapor pressure over ice). for ""good"" snow, you want dendrites; these maximize air pockets giving you a good, ""thick"" snow that accumulates very quickly. in forecasting snow events, meteorologists look for cloud formation (rising motion) in the -12 to -18 degree c region of the atmosphere. we call it the ""dendritic growth zone"". hail is formed by a different process. hail requires very strong rising motions, or updrafts, to keep frozen particles aloft. there is currently a lot of research in this area that is challenging the traditional approach thought of for hail stone formation. current thinking leads to two ways hail stones grow: ""dry"" and ""wet"" growth. ice nuclei form in the cloud, but the strong updrafts present cause these nuclei to mix with supercooled water droplets. when the ice nuclei encounters supercooled water, the water freezes to it. this is ""wet"" growth. if the ice nuclei enters a region of excess water vapor, the water vapor undergoes deposition onto the ice nuclei. this is ""dry"" growth. the hail stone encounters these regions throughout its life cycle as it moves through the cloud. wet growth leads to clear ice, whereas dry growth lead to ""foggy"" ice. this is what may give the hail stone its onion like appearance: _url_1_ the stronger the updraft, the longer the hail stone can stay in the cloud, the larger it grows. hope that helps!",https://reddit.com/r/askscience/comments/2s5zxg/do_snowflakes_spontaneously_form_from_vapor_or_do/,0.9104477611940298,0.0,0.0,,,1.0,1.0,,,0.0,,1.0,
How did hugs originate and why do they make us happy?,"[Lots of primates hug](https://www.google.com/search?q=hugging+monkey&tbm=isch&tbo=u&source=univ&sa=X&ei=4kXvUdTXI4-C9gTa4IGoBw&ved=0CDsQsAQ&biw=1353&bih=817), and, as you say, cuddling is found in all sorts of mammals. 

In general, these sorts of friendly social behaviors in mammals are all based on the most basic positive mammalian bond...that between mother and offspring.  Mother primates hug their babies for practical reasons such as providing warmth, positioning for nursing, and transport, but it also serves as an important signal to the baby that it is safe and cared for.  The basic hug response pattern is then used to send the same message outside of the mother-offspring bond.",0.0,0.754914975839675,"The passage describes the behavior of primates and mammals in a literal and factual manner, focusing on the practical and evolutionary reasons for hugging. There is no non-literal conceptual framing or domain shift present that would qualify as an active metaphor. The explanation remains within the realm of biological and social behavior without invoking figurative language.","The response effectively uses scaffolding by starting with the basic concept of the mother-offspring bond in mammals, which is simple and widely understood. It then builds on this by explaining how this basic behavior of hugging serves practical purposes like warmth and safety, and further extends this concept to explain how the hug response pattern is used in broader social contexts among mammals. This progression from a simple, standalone idea to more complex applications demonstrates clear scaffolding.",4788,how did hugs originate and why do they make us happy?,"[lots of primates hug](_url_0_), and, as you say, cuddling is found in all sorts of mammals. in general, these sorts of friendly social behaviors in mammals are all based on the most basic positive mammalian bond...that between mother and offspring. mother primates hug their babies for practical reasons such as providing warmth, positioning for nursing, and transport, but it also serves as an important signal to the baby that it is safe and cared for. the basic hug response pattern is then used to send the same message outside of the mother-offspring bond.",https://reddit.com/r/askscience/comments/1ixg2y/how_did_hugs_originate_and_why_do_they_make_us/,0.9846153846153848,0.0,0.0,,,0.0,0.0,,,0.0,,0.0,
Does the earth's rotation affect the force of gravity Near the equator?,"Does it affect the actual force of gravity? No (except to the extent that it distorts the shape of the Earth). Does it affect the *perceived* gravity (the measurable acceleration towards the center of the Earth)? Yes. 

How much? The equatorial velocity of the Earth's rotation is 465.1 m/s. The equatorial radius is 6378.1 km. Therefore the centripetal acceleration required to maintain the uniform circular motion of objects around the equator is a = v^2 / &rho;  = (465.1)^2 / (6378100) =  0.034 m/s^2 . Subtract that from the standard gravity *g* and you get *g**_net_* = 9.77265 m/s^2 . This is about a 0.35% difference.",0.914900957313305,0.0,"The passage contains an active metaphor: 'think of it like a training system that teaches your immune system to recognize and fight a disease.' This uses a non-literal conceptual framing by comparing the immune system to a training system, which changes how the concept of vaccination is understood. The metaphor introduces a domain shift from education/training to immunology, making it an active metaphor.","The response presents a series of facts and calculations related to gravity and centripetal acceleration without building understanding from simple to complex. It lacks a progression of ideas where one concept deepens or depends on the previous one, which is necessary for scaffolding.",4529,does the earth's rotation affect the force of gravity near the equator?,does it affect the actual force of gravity? no (except to the extent that it distorts the shape of the earth). does it affect the *perceived* gravity (the measurable acceleration towards the center of the earth)? yes. how much? the equatorial velocity of the earth's rotation is 465.1 m/s. the equatorial radius is 6378.1 km. therefore the centripetal acceleration required to maintain the uniform circular motion of objects around the equator is a = v^2 / & rho; = (465.1)^2 / (6378100) = 0.034 m/s^2 . subtract that from the standard gravity *g* and you get *g**_net_* = 9.77265 m/s^2 . this is about a 0.35% difference.,https://reddit.com/r/askscience/comments/1y1ixf/does_the_earths_rotation_affect_the_force_of/,1.0,0.0,0.0,,,0.0,0.0,first paragraph is two standalone facts of same complexity. Second one just gives a mathematical answer,,0.0,,0.0,
why do some venomous snakes (such as the black mamba) have venom that is much more powerful than necessary to take down the prey they go after?,"red queen hypothesis: you must run as fast as you can to stay in one place. it's an arms race. snake develops stronger venom, so prey develops stronger resistance, so snake develops stronger venom, so prey develops stronger resistance, and this continues until the energy that each species spends on the contest is too great to sustain because it takes away from energy that needs to be spent on other things. i.e if a rabbit spends so much energy on resistance to snake venom that it can no longer reproduce, then the advantage will go to a rabbit that can reproduce even if there is also a great risk of this rabbit dying due to a snake bite. so, one of two things is probably true: either the black mamba has a prey species that has a pretty strong resistance to its particular brand of venom, or it did have a prey species with a strong resistance, but that prey species has exhausted its resources and is pressured in another direction, making it appear as though the mamba is overpowered, when in fact it is just lagging behind in terms of de-escalation. it's important to remember that venom and resistance can also be very specific, so a venom that is very damaging to humans (who are not in the arms race) might not be very damaging to a rabbit (which is in the arms race).",0.932453305575492,0.0850990363058007,"The passage uses an active metaphor by framing the evolutionary concept of the Red Queen Hypothesis as an 'arms race,' which is a non-literal conceptual framing that changes how the evolutionary dynamics are understood. This metaphor involves a domain shift from military conflict to biological evolution, making it an active metaphor. The metaphorical language is essential to the explanation and cannot be interpreted literally without losing its intended meaning.","The response presents a complex explanation of the Red Queen hypothesis without a clear progression from simple to complex ideas. It starts with a metaphor and immediately delves into the arms race concept without establishing simpler foundational ideas first. The explanation lacks scaffolding as it presents multiple complex ideas at once, such as the energy trade-off in evolutionary arms races and the specificity of venom, without building from simpler concepts.",4176,why do some venomous snakes (such as the black mamba) have venom that is much more powerful than necessary to take down the prey they go after?,"red queen hypothesis: you must run as fast as you can to stay in one place. it's an arms race. snake develops stronger venom, so prey develops stronger resistance, so snake develops stronger venom, so prey develops stronger resistance, and this continues until the energy that each species spends on the contest is too great to sustain because it takes away from energy that needs to be spent on other things. i.e if a rabbit spends so much energy on resistance to snake venom that it can no longer reproduce, then the advantage will go to a rabbit that can reproduce even if there is also a great risk of this rabbit dying due to a snake bite. so, one of two things is probably true: either the black mamba has a prey species that has a pretty strong resistance to its particular brand of venom, or it did have a prey species with a strong resistance, but that prey species has exhausted its resources and is pressured in another direction, making it appear as though the mamba is overpowered, when in fact it is just lagging behind in terms of de-escalation. it's important to remember that venom and resistance can also be very specific, so a venom that is very damaging to humans (who are not in the arms race) might not be very damaging to a rabbit (which is in the arms race).",,0.0,1.0,1.0,energy that each species spends on the contest - not metaphor. you must run as fast as you can to stay in one place,arms race,0.0,1.0,,,1.0,,1.0,
Why are animal noses hairless?,"Many warm-blooded animals conserve water by keeping a cool nose. Air in lungs reaches 100% humidity. When this air is breathed out, all the water 'added' to that lung air might be lost -- quickly dehydrating the animal -- unless the water were retained in some way. One way that animals retain this water is by having long cool noses. As the humid air is exhaled through the nose, it cools. This causes the water to condense out, drying the exhaled air and recapturing the water that would otherwise be lost. The recapturing of water is enhanced if the air swirls around a bit in the cool nose before exiting. This swirling is aided by curls of fine bones in the nose called 'turbinates'. The humid air swirls around and around, losing moisture, and finally exits the nose. A lot of the water is kept instead of being lost to the environment. 

This is why dogs often have wet drippy noses. The drippy moistness is all the water that is condensing as the humid air from their lungs exits the nose.

It's also why your nose tends to run when it is cold. The runny stuff in your nose isn't actually snot in this case, it's water from your lungs condensing in your cold nose. You should swallow as much of this runny nose water as you can, so you don't dehydrate (really!).

This is also why you see your breath when it is cold. The water added to air in your lungs condenses when the humid air is cooled after you breath it out. This causes a cloud/fog to form. The same thing happens when you breath on a cold window. The window fogs up because the water added to the air in your lungs is condensing as the humid air hits the cold window.

If animals had hairy noses, the noses would tend to stay warmer, and the water from the lungs would condense outside the nose instead of inside the nose. This would increase dehydration. Of course, the animal must balance water loss (which makes noses bald) and heat loss (which makes noses hairy). Life is full of trade-offs.",0.0,0.8519527982093666,"The passage provides a literal explanation of how animals conserve water through physiological processes involving their noses. It does not employ non-literal conceptual framing or domain shifts that would qualify as an active metaphor. The description is purely scientific and factual, without any figurative language that alters the understanding of the concepts involved.","The response effectively uses scaffolding by starting with the basic concept of warm-blooded animals conserving water through cool noses, then progressively introduces more complex ideas such as the role of turbinates, the condensation process, and the trade-offs between water and heat loss. Each idea builds on the previous one, moving from simple to complex, and deepening the understanding of how animals manage water retention.",3491,why are animal noses hairless?,"many warm-blooded animals conserve water by keeping a cool nose. air in lungs reaches 100% humidity. when this air is breathed out, all the water 'added' to that lung air might be lost -- quickly dehydrating the animal -- unless the water were retained in some way. one way that animals retain this water is by having long cool noses. as the humid air is exhaled through the nose, it cools. this causes the water to condense out, drying the exhaled air and recapturing the water that would otherwise be lost. the recapturing of water is enhanced if the air swirls around a bit in the cool nose before exiting. this swirling is aided by curls of fine bones in the nose called 'turbinates'. the humid air swirls around and around, losing moisture, and finally exits the nose. a lot of the water is kept instead of being lost to the environment. this is why dogs often have wet drippy noses. the drippy moistness is all the water that is condensing as the humid air from their lungs exits the nose. it's also why your nose tends to run when it is cold. the runny stuff in your nose isn't actually snot in this case, it's water from your lungs condensing in your cold nose. you should swallow as much of this runny nose water as you can, so you don't dehydrate (really!). this is also why you see your breath when it is cold. the water added to air in your lungs condenses when the humid air is cooled after you breath it out. this causes a cloud/fog to form. the same thing happens when you breath on a cold window. the window fogs up because the water added to the air in your lungs is condensing as the humid air hits the cold window. if animals had hairy noses, the noses would tend to stay warmer, and the water from the lungs would condense outside the nose instead of inside the nose. this would increase dehydration. of course, the animal must balance water loss (which makes noses bald) and heat loss (which makes noses hairy). life is full of trade-offs.",https://reddit.com/r/askscience/comments/1sbz1x/why_are_animal_noses_hairless/,1.0,0.0,0.0,,,1.0,1.0,,,0.0,,1.0,
"does a supermassive black hole exist before a galaxy aggregates, and serve as an attractor to create​ the galaxy, or does the supermassive black hole aggregate because of the existing galaxy?","there is some evidence suggesting that galactic development is both spurred and controlled by the formation of black holes. in the following quote, the 'bulges' being referred to are the bulges present at the center of spiral galaxies. it kind of makes sense, really. according to the big-bang theory, the early universe is was very dense and early stars were universally large and short-lived -- the perfect progenitors of super-massive black holes. those early black holes would coalesce and concentrate the field of matter around them, leading to galaxies. their presence also serves to limit the growth of galaxies, as they feed on matter they heat up the surrounding gas -- making it both hotter and less dense, and that limits star formation.",0.5621765008857981,0.0259573601176451,"The passage uses active metaphorical language by describing black holes as 'feeding on matter' and 'heating up the surrounding gas,' which personifies black holes with actions that are non-literal and unexpected for their domain. This framing alters the understanding of black holes' role in galactic development, making it an active metaphor.","The response presents a series of related facts about galactic development and black holes but lacks a clear progression from simple to complex ideas. It introduces complex concepts like the Big Bang theory and super-massive black holes without first establishing simpler foundational ideas. The explanation does not build understanding incrementally, as required for scaffolding.",3692,"does a supermassive black hole exist before a galaxy aggregates, and serve as an attractor to create​ the galaxy, or does the supermassive black hole aggregate because of the existing galaxy?","there is some evidence suggesting that galactic development is both spurred and controlled by the formation of black holes. in the following quote, the 'bulges' being referred to are the bulges present at the center of spiral galaxies. it kind of makes sense, really. according to the big-bang theory, the early universe is was very dense and early stars were universally large and short-lived -- the perfect progenitors of super-massive black holes. those early black holes would coalesce and concentrate the field of matter around them, leading to galaxies. their presence also serves to limit the growth of galaxies, as they feed on matter they heat up the surrounding gas -- making it both hotter and less dense, and that limits star formation.",,0.0,0.0,1.0,bulges - just shape,the perfect progenitors of super-massive black holes,0.0,0.0,,,0.0,,0.0,
Why isn't there muscle cancer?,"There are- rhabdomyosarcoma, for example. 

It's comparatively rare though because there isn't much turnover of cells in the muscle, and they don't get much exposure to carcinogens. Any lining of the body has a high rate of cell division, and that's where errors creep in. 

Imagine photocopying the instructions for baking a cake every time you baked one, but instead of using a master copy you used the previous photocopy. And there's a little gremlin who can come in and change a number or a letter at random, and you don't know what the gremlin has been doing. 

The first cake is fine. And so is the 2nd, 3rd, 4th etc. Until eventually you can't quite tell if it's 5 or 6 ounces of sugar. Or what that squiggle means that you're supposed to add a teaspoon of. This is what happens with cancer. The photocopying is cell division, and the gremlin is the action of carcinogens on the DNA of the cell. Most of these errors get caught, either by the error checking in the cell division mechanism, by the immune system which kills off cancer cells, or by the cell simply ceasing to function properly and dying. 

Muscle cells don't duplicate very often, unlike your skin or the lining of your bowel. Your lungs, skin, bowels etc are all basically linings, and so have loads of cell divisions going on all the time. Rhabdomyosarcoma is commonly a disease of childhood, as this is when muscles are growing and the cells are dividing. When someone trains a lot in the gym, they don't actually get new cells in their muscles, it's that the existing cells develop more muscle fibres within them, so the individual cells get bigger.  

Basically, the muscle cells are like a cake recipe that you bake once a year. Skin, bowel, etc etc are cakes that you bake every day. Lungs are cakes with a particularly disruptive gremlin, if you're a smoker. ",1.0,0.3775406687981454,"The passage uses an active metaphor by comparing cell division and the action of carcinogens to photocopying a cake recipe with a gremlin altering it. This non-literal framing changes the understanding of how errors in cell division can lead to cancer, fulfilling the core metaphor test. The metaphor is novel due to the domain shift from baking to biological processes, and it cannot be interpreted literally without losing meaning, thus passing the literal fallback test.","The response provides a detailed analogy comparing cell division to photocopying a recipe, but it lacks a clear progression from simple to complex ideas. It presents multiple concepts at the same complexity level without building upon each other, such as the comparison of different tissues and the analogy of the gremlin. The explanation does not scaffold understanding by introducing simpler ideas first and then deepening them with more complex concepts.",3986,why isn't there muscle cancer?,"there are- rhabdomyosarcoma, for example. it's comparatively rare though because there isn't much turnover of cells in the muscle, and they don't get much exposure to carcinogens. any lining of the body has a high rate of cell division, and that's where errors creep in. imagine photocopying the instructions for baking a cake every time you baked one, but instead of using a master copy you used the previous photocopy. and there's a little gremlin who can come in and change a number or a letter at random, and you don't know what the gremlin has been doing. the first cake is fine. and so is the 2nd, 3rd, 4th etc. until eventually you can't quite tell if it's 5 or 6 ounces of sugar. or what that squiggle means that you're supposed to add a teaspoon of. this is what happens with cancer. the photocopying is cell division, and the gremlin is the action of carcinogens on the dna of the cell. most of these errors get caught, either by the error checking in the cell division mechanism, by the immune system which kills off cancer cells, or by the cell simply ceasing to function properly and dying. muscle cells don't duplicate very often, unlike your skin or the lining of your bowel. your lungs, skin, bowels etc are all basically linings, and so have loads of cell divisions going on all the time. rhabdomyosarcoma is commonly a disease of childhood, as this is when muscles are growing and the cells are dividing. when someone trains a lot in the gym, they don't actually get new cells in their muscles, it's that the existing cells develop more muscle fibres within them, so the individual cells get bigger. basically, the muscle cells are like a cake recipe that you bake once a year. skin, bowel, etc etc are cakes that you bake every day. lungs are cakes with a particularly disruptive gremlin, if you're a smoker.",https://reddit.com/r/askscience/comments/6mf7oz/why_isnt_there_muscle_cancer/,1.0,1.0,1.0,gremlin,,0.0,1.0,logical flow without scaffolding,,1.0,,1.0,
"if a human were to have a blood transfusion with a blood type that was not their own, what would happen?","because of the way the body recognizes the proteins on the erythrocytes (red blood cells), it depends. a simplified way of looking at it is purely using blood types. let's say person 1 has type ab blood. that means their blood cells have protein a and protein b on them. if you were to give them blood without those proteins in it, person 1's body wouldn't see anything amiss, as there are no recognizable foreign pathogens. person 2, on the other hand, has type o blood. that means their blood cells lack proteins a and b. if we give them blood that is their own type, nothing happens. but if we give them blood with proteins a, b, or both a and b, their body raises its defenses, because it sees these strange new contaminants that it has never dealt with before. so the body attacks anything with these new proteins a and b, ""rejecting"" the transfusion and causing some serious medical problems. a similar thing happens with rh- people receiving rh+ blood. that is why people with blood type ab+ are known as universal receivers, and people with o- blood are called universal donors.",0.0,0.7057850340255386,The passage provides a literal explanation of blood transfusion compatibility using blood types and proteins. It does not employ non-literal conceptual framing or domain shifts that would qualify as an active metaphor. The terms 'universal receivers' and 'universal donors' are standard terminology in medical contexts and do not introduce novel figurative language.,"The response effectively uses scaffolding by starting with a simple explanation of blood types and their proteins, then progressively building on this foundation to explain the body's immune response to foreign proteins. It introduces the concept of blood type AB and O, then deepens the understanding by explaining the immune reaction to mismatched transfusions, and finally connects to the concept of universal donors and receivers. This progression from simple to complex ideas demonstrates clear scaffolding.",3873,"if a human were to have a blood transfusion with a blood type that was not their own, what would happen?","because of the way the body recognizes the proteins on the erythrocytes (red blood cells), it depends. a simplified way of looking at it is purely using blood types. let's say person 1 has type ab blood. that means their blood cells have protein a and protein b on them. if you were to give them blood without those proteins in it, person 1's body wouldn't see anything amiss, as there are no recognizable foreign pathogens. person 2, on the other hand, has type o blood. that means their blood cells lack proteins a and b. if we give them blood that is their own type, nothing happens. but if we give them blood with proteins a, b, or both a and b, their body raises its defenses, because it sees these strange new contaminants that it has never dealt with before. so the body attacks anything with these new proteins a and b, ""rejecting"" the transfusion and causing some serious medical problems. a similar thing happens with rh- people receiving rh+ blood. that is why people with blood type ab+ are known as universal receivers, and people with o- blood are called universal donors.",,0.0,0.0,0.0,body attacks - scientific terminology,"the body attacks is common for the domain, not a metaphor.",1.0,1.0,builds the example from fewer to most prequesits,,0.0,,1.0,
"if i were to travel down into an 'empty' oil well to the reservoir, what would it look like?","the oil reservoirs are actually not a open cavern. its more like a sponge, just made of rock. unlike a sponge though, the pores in the rock will collapse, which in turn will subside the land above and around the oil reservoir. lastly this oil soaked rock is capped by some impermeable rock so the oil doesn't travel all the way up to the surface to air/water.",0.6224593241981982,0.1480471961522175,"The passage uses an active metaphor by comparing oil reservoirs to a sponge, which is a domain shift from geology to everyday objects. This non-literal framing changes the understanding of the oil reservoir's structure and behavior, making it an active metaphor. The comparison is not idiomatic or frozen, and the meaning cannot be preserved under a literal reading.","The response presents multiple facts about oil reservoirs but lacks a clear progression from simple to complex ideas. It describes the nature of oil reservoirs, the collapse of rock pores, and the presence of impermeable rock, but these facts are presented without building on each other in increasing complexity. Each statement stands alone without a dependent relationship, failing to meet the criteria for scaffolding.",3327,"if i were to travel down into an 'empty' oil well to the reservoir, what would it look like?","the oil reservoirs are actually not a open cavern. its more like a sponge, just made of rock. unlike a sponge though, the pores in the rock will collapse, which in turn will subside the land above and around the oil reservoir. lastly this oil soaked rock is capped by some impermeable rock so the oil doesn't travel all the way up to the surface to air/water.",,0.0,1.0,1.0,sponge,I think the sponge analogy is also adding novelty to the explanation --> metaphor,1.0,0.0,,,1.0,,1.0,
Are Wormholes real?,"Wormholes can be described by General Relativity. This suggests that a wormhole could exist. However, since the conditions needed for a wormhole to be created are hugely difficult to create - it needs things like 'exotic matter', matter with negative mass or pressure - they are not expected to exist in the universe. If they did, they would be detectable, and this is what this paper is exploring. The paper is not reporting on a detection of a wormhole, rather it is describing a method by which a wormhole, if it did exist, could be detected

When light passes by a massive object, the gravity of the object (or more accurately, the warping of the space around the object) bends the path of the light. The resulting distortion, and the bending itself, is known as gravitational lensing. When light is travelling from a background object to us and is bent by a massive object, the amount by which, and the way in which, the light is lensed tells us about the intervening object. This paper explores what you would see when the lensing object is a wormhole, and describes the tell-tale signature that would result. Should we see such a signal, then this would be proof that wormholes do exist, but it has not yet been observed.

Also, it should be noted that this article is not from Cornell. It is hosted on the Arxiv, a website run by Cornell, where scientists can upload papers for others to view before they are officially published. The authors of this paper work at the Huazhong University of Science and Technology in China.",0.0,0.6791786861878392,"The passage is a literal scientific explanation of wormholes and gravitational lensing, with no use of non-literal conceptual framing or active metaphors. It describes technical processes and does not employ figurative language that changes the understanding of the concepts discussed.","The response effectively uses scaffolding by starting with a simple concept of hard rock over soft rock, then explaining the erosion process, leading to the formation of a waterfall. Each idea builds on the previous one, moving from the basic geological setup to the dynamic process of waterfall formation and movement.",5162,are wormholes real?,"wormholes can be described by general relativity. this suggests that a wormhole could exist. however, since the conditions needed for a wormhole to be created are hugely difficult to create - it needs things like 'exotic matter', matter with negative mass or pressure - they are not expected to exist in the universe. if they did, they would be detectable, and this is what this paper is exploring. the paper is not reporting on a detection of a wormhole, rather it is describing a method by which a wormhole, if it did exist, could be detected when light passes by a massive object, the gravity of the object (or more accurately, the warping of the space around the object) bends the path of the light. the resulting distortion, and the bending itself, is known as gravitational lensing. when light is travelling from a background object to us and is bent by a massive object, the amount by which, and the way in which, the light is lensed tells us about the intervening object. this paper explores what you would see when the lensing object is a wormhole, and describes the tell-tale signature that would result. should we see such a signal, then this would be proof that wormholes do exist, but it has not yet been observed. also, it should be noted that this article is not from cornell. it is hosted on the arxiv, a website run by cornell, where scientists can upload papers for others to view before they are officially published. the authors of this paper work at the huazhong university of science and technology in china.",https://reddit.com/r/askscience/comments/7d3asw/are_wormholes_real/,1.0,0.0,0.0,warping space - standard scientific,,1.0,1.0,,,0.0,,1.0,
How do calculators solve equations?,"Yeah as /u/NavIIIn said it's a pretty complicated topic and requires knowledge of digital electronics and logic. But the basics are the following:

Computers interpret all informations, including numbers, in binary (base 2). For example, in a 8-bit system: 0 will be 00000000, 1 will be 00000001, 2 will be 00000010 and so on. This is done because digital electronics work with discrete voltage values, high voltage (on) corresponds to a 1 and low voltage (off) corresponds to a 0. This is much easier to implement than multiple discrete voltage states.

Anyway, now that we know how numbers are represented, we want to do operations with them. For example, for the operation 5+3: in an 8-bit system, 5 would be 00000101 and 3 would be 00000011. Adding them is done just like decimal addition: 0+0 = 0, 0+1 = 1, 1+1 = 0, carry 1. Doing this for 5+3 results in the following:
 

         111
     00000101
    +00000011
    _________
     00001000

And of course, 00001000 is the binary representation for 8 in an 8-bit system.

Now, how do computers do this? At the lowest level, transistors make logic gates known as NOT, AND, OR, XOR and others which perform operations on bits. NOT takes an input and inverts it (i.e. 0 becomes 1, 1 becomes 0). AND takes 2 inputs and if they are both 1, outputs 1. OR takes 2 inputs and if either is 1, outputs 1. XOR takes 2 inputs and if just one of them is 1, it outputs 1. Here's a [truth table](http://www.chem.uoa.gr/applets/appletgates/Images/Image1.gif) for these gates.

Now, with a bit of thinking, one can use these to perform the simplest operation which is addition. Start from the right, use XOR on the first bit of the two numbers to determine the output for that column. Use AND to determine the number to carry. This is referred to as a half-adder. A full adder has the added advantage of being able to handle a carry bit as well. Schematics of half adders and full adders [here](http://www.ustudy.in/node/3035).

Then, more complicated operations. Subtraction can be done by inverting all bits of a given number first then adding them normally. The leftmost bit becomes the sign: 0 is positive, 1 is negative. Multiplication can be done like in binary, with shifting and adding. However, there are more efficient ways of doing this.

Even more complicated operations, such as divisions, squaring and square roots can be done via methods such as [Newton-Raphson's](http://en.wikipedia.org/wiki/Newton's_method) but other methods also exist, which exceed the scope of my knowledge.
    ",0.4687906266262437,0.7057850340255386,"The passage uses literal descriptions of the digestive tract and its functions, such as sphincters acting as doors and peristalsis moving substances. These are standard biological explanations without non-literal conceptual framing or domain shifts, thus not qualifying as active metaphors.","The response effectively uses scaffolding by starting with the basic concept of binary representation in computers, which is simple and standalone. It then builds on this by explaining how binary addition works, which requires understanding the initial concept. The explanation progresses to more complex ideas, such as the use of logic gates and the construction of adders, which depend on the previous explanations. This demonstrates a clear progression from simple to complex concepts, aligning well with the evaluation steps.",5121,how do calculators solve equations?,"yeah as /u/naviiin said it's a pretty complicated topic and requires knowledge of digital electronics and logic. but the basics are the following: computers interpret all informations, including numbers, in binary (base 2). for example, in a 8-bit system: 0 will be 00000000, 1 will be 00000001, 2 will be 00000010 and so on. this is done because digital electronics work with discrete voltage values, high voltage (on) corresponds to a 1 and low voltage (off) corresponds to a 0. this is much easier to implement than multiple discrete voltage states. anyway, now that we know how numbers are represented, we want to do operations with them. for example, for the operation 5+3: in an 8-bit system, 5 would be 00000101 and 3 would be 00000011. adding them is done just like decimal addition: 0+0 = 0, 0+1 = 1, 1+1 = 0, carry 1. doing this for 5+3 results in the following: 111 00000101 +00000011 _________ 00001000 and of course, 00001000 is the binary representation for 8 in an 8-bit system. now, how do computers do this? at the lowest level, transistors make logic gates known as not, and, or, xor and others which perform operations on bits. not takes an input and inverts it (i.e. 0 becomes 1, 1 becomes 0). and takes 2 inputs and if they are both 1, outputs 1. or takes 2 inputs and if either is 1, outputs 1. xor takes 2 inputs and if just one of them is 1, it outputs 1. here's a [truth table](_url_2_) for these gates. now, with a bit of thinking, one can use these to perform the simplest operation which is addition. start from the right, use xor on the first bit of the two numbers to determine the output for that column. use and to determine the number to carry. this is referred to as a half-adder. a full adder has the added advantage of being able to handle a carry bit as well. schematics of half adders and full adders [here](_url_1_). then, more complicated operations. subtraction can be done by inverting all bits of a given number first then adding them normally. the leftmost bit becomes the sign: 0 is positive, 1 is negative. multiplication can be done like in binary, with shifting and adding. however, there are more efficient ways of doing this. even more complicated operations, such as divisions, squaring and square roots can be done via methods such as [newton-raphson's](_url_0_) but other methods also exist, which exceed the scope of my knowledge.",https://reddit.com/r/askscience/comments/29abi4/how_do_calculators_solve_equations/,0.9790575916230366,0.0,0.0,,,1.0,1.0,,,0.0,,1.0,
"What is the effect, positive or negative, of receiving multiple immunizations at the same time; such as when the military goes through ""shot lines"" to receive all deployment related vaccines?","It varies depending on the vaccines in question. I can’t speak at all to military vaccine schedules specifically, but in general the answer depends on the vaccines in question. 

TL;DR: Vaccines are spaced out when it is necessary to improve their safety and/or effectiveness. Clustering together is most commonly a pragmatic consideration. 

Speaking to receiving multiple different vaccines, many can be given at once without impacting each others’ efficacy (in either direction). Childhood vaccination schedules are a good example of how we cluster immunizations that can be safely and effectively co-administered. This way we can ensure children receive the protection they need when they most need it and their body will best respond, without a pile of otherwise unnecessary office visits. 

On the other hand, there are immunizations that we cannot give too close together, because in effect the immune system can’t respond fully to both without adequate time between them, so their effectiveness is reduced.

(Related: this is why we don’t just do all the doses of a multi-dose vaccine at once - your immune system needs time to respond. Think about it like training your body’s military - pile on all the drills at once and the end result is not going to be as good as giving the troops time to master each stage of training.)

As well, there are safety considerations. Some vaccines have shown to have increased risk of harmful side effects/reactions when given together, but are perfectly safe for use given enough time between them. 

Hope this helps.

(Source: am MD. Disclaimer: am not immunologist or travel medicine expert - so I’ll leave the nitty gritty in more capable hands). 

Edit: added TL;DR",0.9525741256443598,0.0850990502277523,"The passage contains an active metaphor with a domain shift, comparing the immune system's response to vaccines to training a military. This non-literal framing changes how the concept of vaccine scheduling is understood, emphasizing the need for time between doses for optimal effectiveness, similar to how military training requires time for mastery. The metaphor is novel due to the domain shift from military training to immunology, and it cannot be interpreted literally without losing its intended meaning.","The response provides a coherent explanation of vaccine scheduling but lacks scaffolding. It presents multiple related facts about vaccine timing and safety without building from simple to complex. Each idea is presented at a similar complexity level, and there is no clear progression where one idea deepens or depends on another.",3542,"what is the effect, positive or negative, of receiving multiple immunizations at the same time; such as when the military goes through ""shot lines"" to receive all deployment related vaccines?","it varies depending on the vaccines in question. i can’t speak at all to military vaccine schedules specifically, but in general the answer depends on the vaccines in question. tl;dr: vaccines are spaced out when it is necessary to improve their safety and/or effectiveness. clustering together is most commonly a pragmatic consideration. speaking to receiving multiple different vaccines, many can be given at once without impacting each others’ efficacy (in either direction). childhood vaccination schedules are a good example of how we cluster immunizations that can be safely and effectively co-administered. this way we can ensure children receive the protection they need when they most need it and their body will best respond, without a pile of otherwise unnecessary office visits. on the other hand, there are immunizations that we cannot give too close together, because in effect the immune system can’t respond fully to both without adequate time between them, so their effectiveness is reduced. (related: this is why we don’t just do all the doses of a multi-dose vaccine at once - your immune system needs time to respond. think about it like training your body’s military - pile on all the drills at once and the end result is not going to be as good as giving the troops time to master each stage of training.) as well, there are safety considerations. some vaccines have shown to have increased risk of harmful side effects/reactions when given together, but are perfectly safe for use given enough time between them. hope this helps. (source: am md. disclaimer: am not immunologist or travel medicine expert - so i’ll leave the nitty gritty in more capable hands). edit: added tl;dr",https://reddit.com/r/askscience/comments/7zb956/what_is_the_effect_positive_or_negative_of/,1.0,1.0,1.0,army drills,military metaphor,0.0,1.0,no simple to complex,,1.0,,1.0,
do snakes accidentally get themselves tied in knots?,"yes, but they can ""untie"" themselves quite easily since they aren't restricted to pulling on ends and edges. certain worms will actually tie themselves into an overhand knot and roll it up their body to escape the grip of predators.",0.679178699175393,0.0,"The passage uses an active metaphor by describing worms 'tying themselves into an overhand knot' and 'rolling it up their body' to escape predators. This non-literal framing introduces a novel and expressive way to understand the worms' behavior, which cannot be interpreted literally. The metaphor involves a domain shift from human actions (tying knots) to animal behavior, making it an active metaphor.","The response provides a single fact about worms tying themselves into knots to escape predators. There is no progression from a simpler to a more complex idea, nor is there any building of understanding through dependent concepts.",3866,do snakes accidentally get themselves tied in knots?,"yes, but they can ""untie"" themselves quite easily since they aren't restricted to pulling on ends and edges. certain worms will actually tie themselves into an overhand knot and roll it up their body to escape the grip of predators.",,0.0,0.0,0.0,untie - literal representation of shape,,0.0,0.0,,,0.0,,0.0,
What brain function takes over when I'm able to zone out while driving and still navigate turns and make stops without incident?,"The brain forms neural connections based on common activities. The more often you do the activity, the more connections are formed, thus improving the throughput across the 'ol synapses. The reverse actually occurs as well: if you don't do something for a long time, the brain scavenges some of that material, and downgrades the path in favor of something you do MORE often.

The practical upshot of this is that, if you do something constantly, and it's reasonably repetitive, you don't have to put much attention into it...The channels are so optimized, that it's not conscious anymore.

The problem is when you break the habit. When you get up in the morning, get in the car, and *don't* go to work. When you're driving down the road, and something unexpected happens. This is basically the same across all learned behaviour.",0.6224593382055109,0.0953494700404837,"The passage uses active metaphors such as 'the brain scavenges some of that material' and 'downgrades the path' to describe neural processes in non-literal terms. These metaphors involve a domain shift, applying concepts from material resource management to brain function, which is not a conventional usage. The metaphors alter the understanding of neural adaptation, making them active and novel.","The response lacks scaffolding as it presents a series of related facts about neural connections and habits without building from simple to complex. Each statement is at a similar complexity level, and there is no clear progression or dependency between ideas. The explanation does not introduce simpler concepts before moving to more complex ones, failing to meet the criteria for scaffolding.",4369,what brain function takes over when i'm able to zone out while driving and still navigate turns and make stops without incident?,"the brain forms neural connections based on common activities. the more often you do the activity, the more connections are formed, thus improving the throughput across the 'ol synapses. the reverse actually occurs as well: if you don't do something for a long time, the brain scavenges some of that material, and downgrades the path in favor of something you do more often. the practical upshot of this is that, if you do something constantly, and it's reasonably repetitive, you don't have to put much attention into it...the channels are so optimized, that it's not conscious anymore. the problem is when you break the habit. when you get up in the morning, get in the car, and *don't* go to work. when you're driving down the road, and something unexpected happens. this is basically the same across all learned behaviour.",https://reddit.com/r/askscience/comments/o9hv8/what_brain_function_takes_over_when_im_able_to/,1.0,1.0,0.0,the brain scavenges some of that material,,1.0,1.0,,,1.0,,1.0,
How do prions propagate by 'touching' healthy proteins?,"As best as we understand (because there's still a lot we don't understand about prions), it involves the infectious form creating insoluble aggregates that form a template that the normal prion arranges itself on to. We call these aggregates amyloids, and loosely speaking, they're a alternate, solid phase of a soluble protein. This insoluble form of the protein helps the soluble protein aggregate as well because it forms a kind of pre-organized template where every new molecule adds [one new link to an ever-growing chain](http://journals.plos.org/plospathogens/article/figure/image?size=medium&id=info:doi/10.1371/journal.ppat.1004584.g001)

You can think prion aggregation like [salt in a super-saturated solution](https://www.youtube.com/watch?v=BLq5NibwV5g). Everything will remain in solution if there is no where to start the growth of a crystal, but if you add a nucleating agent like a small seed crystal, salt ions from the solution will come together to make insoluble crystals. 

This analogy isn't perfect, because a supersaturated solution is unstable, while under normal physiology, prion proteins are stable and soluble. The important point is that you need a nucleant to start forming the amyloid growth. This is why a [small amount of aggregated protein can trigger a bunch more to aggregate as a result](https://upload.wikimedia.org/wikipedia/commons/6/62/Prion_Replication.png). ",0.7549149868676283,0.2450850186463483,"The passage uses an active metaphor by comparing prion aggregation to salt in a super-saturated solution, introducing a domain shift from chemistry to biology. This non-literal framing changes how prion aggregation is understood, highlighting the need for a nucleating agent to start the process. The metaphor is novel due to the specific analogy and domain shift, and it cannot be interpreted literally without losing meaning.","The response lacks scaffolding as it presents complex ideas without building from simpler concepts. It starts with the complex notion of prion aggregation and amyloids without first establishing a basic understanding of prions or proteins. The analogy with salt in a super-saturated solution is introduced without a simpler foundational explanation, making it difficult to follow for someone without prior knowledge.",4681,how do prions propagate by 'touching' healthy proteins?,"as best as we understand (because there's still a lot we don't understand about prions), it involves the infectious form creating insoluble aggregates that form a template that the normal prion arranges itself on to. we call these aggregates amyloids, and loosely speaking, they're a alternate, solid phase of a soluble protein. this insoluble form of the protein helps the soluble protein aggregate as well because it forms a kind of pre-organized template where every new molecule adds [one new link to an ever-growing chain](_url_2_) you can think prion aggregation like [salt in a super-saturated solution](_url_0_). everything will remain in solution if there is no where to start the growth of a crystal, but if you add a nucleating agent like a small seed crystal, salt ions from the solution will come together to make insoluble crystals. this analogy isn't perfect, because a supersaturated solution is unstable, while under normal physiology, prion proteins are stable and soluble. the important point is that you need a nucleant to start forming the amyloid growth. this is why a [small amount of aggregated protein can trigger a bunch more to aggregate as a result](_url_1_).",https://reddit.com/r/askscience/comments/41o7y6/how_do_prions_propagate_by_touching_healthy/,0.9017857142857144,1.0,0.0,"You can think prion aggregation like [salt in a super-saturated solution](https://www.youtube.com/watch?v=BLq5NibwV5g). Everything will remain in solution if there is no where to start the growth of a crystal, but if you add a nucleating agent like a small seed crystal, salt ions from the solution will come together to make insoluble crystals.. 
",,1.0,0.0,builds the answer gradually,complex before simple,1.0,,1.0,
"how does exposure to radioactivity affect the human body? in biological terms, what's the deadly process?","**short answer:** ionization. think of your cells as a very carefully arranged lego house, and the radiation as a 9mm bullet. **long answer:** the three classes of ionizing radiation are [alpha, beta, and gamma rays.](_url_0_) alpha particles are helium-4 nuclei, spat out of other nuclei. beta rays are electrons, spat out of neutrons when they turn into protons. gamma rays are high energy photons. these particles, when inside your body, have sufficient energy to disrupt other atomic bonds. they can remove electrons from other atoms, ionizing them and breaking up molecules. molecules broken down this way become free radicals - they're in an unstable state and want to find something new to bond with, which will in turn disrupt other chemical processes. the most dangerous reactions occur when radiation directly damages dna. if [both strands are severed](_url_1_) and the cell repairs them incorrectly (i.e. they get rearranged) then this damage can be irreversible, and the cell can become cancerous.",0.9770226305081272,0.1645164567520338,"The passage uses an active metaphor by comparing cells to a 'very carefully arranged lego house' and radiation to a '9mm bullet.' This non-literal framing introduces a novel and expressive domain shift, altering the understanding of the impact of radiation on cells. The metaphor is not idiomatic or frozen, and it cannot be interpreted literally without losing its intended meaning.","The response lacks scaffolding as it presents multiple complex ideas without a clear progression from simple to complex. It starts with a metaphor comparing cells to a Lego house and radiation to a bullet, but this does not build understanding of ionization. The explanation of ionizing radiation types and their effects on the body is detailed but does not follow a simple-to-complex order, nor does it build on a foundational idea. Each concept is introduced at a similar complexity level, failing to meet the criteria for scaffolding.",3708,"how does exposure to radioactivity affect the human body? in biological terms, what's the deadly process?","**short answer:** ionization. think of your cells as a very carefully arranged lego house, and the radiation as a 9mm bullet. **long answer:** the three classes of ionizing radiation are [alpha, beta, and gamma rays.](_url_0_) alpha particles are helium-4 nuclei, spat out of other nuclei. beta rays are electrons, spat out of neutrons when they turn into protons. gamma rays are high energy photons. these particles, when inside your body, have sufficient energy to disrupt other atomic bonds. they can remove electrons from other atoms, ionizing them and breaking up molecules. molecules broken down this way become free radicals - they're in an unstable state and want to find something new to bond with, which will in turn disrupt other chemical processes. the most dangerous reactions occur when radiation directly damages dna. if [both strands are severed](_url_1_) and the cell repairs them incorrectly (i.e. they get rearranged) then this damage can be irreversible, and the cell can become cancerous.",,0.0,0.0,1.0,spat out of other nuclei.,,1.0,1.0,"starts with ray types, then explains them",,1.0,,1.0,
Why is escape velocity so high?,"It can, it would just need to be thrusting the whole time. Escape velocity is the speed you need to escape without adding any more energy - just coasting. That is why escape velocity depends on altitude - the higher up you are, the less speed you need to go the rest of the way.",0.0,0.6791787121629465,"The passage provides a literal explanation of escape velocity and its dependence on altitude, without employing any non-literal conceptual framing or domain shift. The language used is technical and descriptive, lacking any active metaphorical elements.","The response demonstrates scaffolding by first explaining the concept of escape velocity as the speed needed to escape without additional energy, which is a simpler idea. It then builds on this by explaining why escape velocity depends on altitude, a more complex idea that requires understanding the initial concept.",4973,why is escape velocity so high?,"it can, it would just need to be thrusting the whole time. escape velocity is the speed you need to escape without adding any more energy - just coasting. that is why escape velocity depends on altitude - the higher up you are, the less speed you need to go the rest of the way.",https://reddit.com/r/askscience/comments/7uzehy/why_is_escape_velocity_so_high/,1.0,0.0,0.0,,,0.0,0.0,,,0.0,,0.0,
why don't waterfalls get worn down to gradual inclines?,"waterfalls form where a layer of hard rock lies on top of a layer of soft rock. the soft rock below erodes faster, creating a steep drop, sheltered by a ledge of hard rock above. eventually, the soft rock starts to erode beneath the hard rock, creating an overhang, which breaks off when it gets too long, creating a new vertical face, so the waterfall gradually moves upstream.",0.0,0.6791786861878392,"The passage provides a literal geological explanation of how waterfalls form, with no non-literal conceptual framing or domain shift. It describes physical processes without invoking any figurative language or metaphorical elements.","The response effectively uses scaffolding by starting with a simple concept of hard rock over soft rock, then explaining the erosion process, leading to the formation of a waterfall. Each idea builds on the previous one, moving from the basic geological setup to the dynamic process of waterfall formation and movement.",5170,why don't waterfalls get worn down to gradual inclines?,"waterfalls form where a layer of hard rock lies on top of a layer of soft rock. the soft rock below erodes faster, creating a steep drop, sheltered by a ledge of hard rock above. eventually, the soft rock starts to erode beneath the hard rock, creating an overhang, which breaks off when it gets too long, creating a new vertical face, so the waterfall gradually moves upstream.",,0.0,0.0,0.0,,"I think the ""vertical face"" reference is meant literally in this context",1.0,1.0,complexity increase,,0.0,,1.0,
What is the closest that we can push two electrons together?,"They can actually almost be in the exact same place, quantum mechanically, if they are in what's called the ""singlet"" state. As long as they have opposite spins, the Pauli Exclusion Principle will allow them to both occupy the same state. For example, two electrons in the ground state orbital of helium (the 1s2 state) are actually described by a difference of products of their wave functions. 

Okay, that was a lot of jargon. Imagine it like this. The electron is a wave, right? It's spread out over some space, like the surface water sloshing around in a bucket. Now pour another cup of water into the bucket. The water sloshes differently now, and you can identify that it's ""two cups of water"" sloshing, but you can't point to an exact ripple on the surface of the water and say ""this is the original cup of water"" or ""this is the added cup of water."" All you can do is describe the ripples as they are with either two cups of water in the bucket, or one cup of water in the bucket. The bucket is like the atom, and the sloshing is like the electron wavefunctions for different orbitals and electron occupancies. ",0.985936371342558,0.0330859777928198,"The passage uses an active metaphor by comparing electron wavefunctions to water sloshing in a bucket, introducing a novel domain shift from quantum mechanics to a more tangible, everyday experience. This non-literal framing changes how the concept of electron behavior is understood, making it an active metaphor.","The response presents a complex explanation of quantum mechanics concepts without a clear progression from simple to complex ideas. It starts with advanced concepts like the 'singlet state' and 'Pauli exclusion principle' without first establishing foundational knowledge. The analogy of water in a bucket is introduced, but it does not effectively scaffold understanding from simpler concepts, as it assumes prior knowledge of wavefunctions and electron behavior.",3771,what is the closest that we can push two electrons together?,"they can actually almost be in the exact same place, quantum mechanically, if they are in what's called the ""singlet"" state. as long as they have opposite spins, the pauli exclusion principle will allow them to both occupy the same state. for example, two electrons in the ground state orbital of helium (the 1s2 state) are actually described by a difference of products of their wave functions. okay, that was a lot of jargon. imagine it like this. the electron is a wave, right? it's spread out over some space, like the surface water sloshing around in a bucket. now pour another cup of water into the bucket. the water sloshes differently now, and you can identify that it's ""two cups of water"" sloshing, but you can't point to an exact ripple on the surface of the water and say ""this is the original cup of water"" or ""this is the added cup of water."" all you can do is describe the ripples as they are with either two cups of water in the bucket, or one cup of water in the bucket. the bucket is like the atom, and the sloshing is like the electron wavefunctions for different orbitals and electron occupancies.",https://reddit.com/r/askscience/comments/1fnx2j/what_is_the_closest_that_we_can_push_two/,1.0,1.0,1.0,surface water sloshing around in a bucket. ,,0.0,0.0,,complex before simple,1.0,,0.0,
how do we know the earths core is iron?,"- we know how big the earth is because we can measure it. - we can measure how strong gravity is. - combining those, we can figure out earth's mass. - combining mass and volume, we can figure out the earth's average density. - the density you get from this is immediately weird - 5.5 g/cm^(3). when we measure all the rocks around us, the density is more like 3 g/cm^(3). in order for the *average* density of the earth to be 5.5 g/cm^(3), there's got to be a lot of something even more dense so that earth averages out to a density of 5.5 g/cm^(3). - here's where earthquakes help us: shear waves won't travel through liquid. when we measure [which parts of the earth actually receive shear waves](_url_0_) we see a big shadow zone, so we can tell there's a big ball of something liquid at the core. - based on the size of the shadow zone, we can figure out the radius of the core. - in order for the average density to come out to 5.5 g/cm^(3), using the core's radius we can calculate its density must be somewhere around 7.9 g/cm^(3). - that incredible close to the density of iron, so that's a good candidate for the core material. - we also know that iron is super common in the universe (thanks to our understanding of how stars undergo fusion), so that further strengthens the case of iron as a good candidate. - finally, we can measure how strong the earth's magnetic field is. based on our knowledge of how quickly earth rotates and how dynamos work, we can determine that a rotating ball the size of our core and made of liquid iron produces a magnetic field that's just about the same strength as the one we measure. **tl;dr**: earth's average density, earthquake shadow zones, and the strength of our planet's magnetic field.",0.0,0.9046505267461572,"The passage provides a scientific explanation of how Earth's density and core composition are determined using measurements and calculations. It does not employ non-literal conceptual framing or figurative language that changes the understanding of the concepts. The language is technical and descriptive, focusing on empirical data and logical deductions, which aligns with literal interpretation rather than metaphorical expression.","The response effectively uses scaffolding by starting with simple measurements of Earth's size and gravity, then builds on these to calculate mass and density. It introduces the complexity of Earth's density discrepancy, uses earthquake data to infer a liquid core, and further builds on this by calculating core density and proposing iron as a candidate based on its universal abundance and magnetic properties. Each step logically builds on the previous, increasing in complexity and depth.",4513,how do we know the earths core is iron?,"- we know how big the earth is because we can measure it. - we can measure how strong gravity is. - combining those, we can figure out earth's mass. - combining mass and volume, we can figure out the earth's average density. - the density you get from this is immediately weird - 5.5 g/cm^(3). when we measure all the rocks around us, the density is more like 3 g/cm^(3). in order for the *average* density of the earth to be 5.5 g/cm^(3), there's got to be a lot of something even more dense so that earth averages out to a density of 5.5 g/cm^(3). - here's where earthquakes help us: shear waves won't travel through liquid. when we measure [which parts of the earth actually receive shear waves](_url_0_) we see a big shadow zone, so we can tell there's a big ball of something liquid at the core. - based on the size of the shadow zone, we can figure out the radius of the core. - in order for the average density to come out to 5.5 g/cm^(3), using the core's radius we can calculate its density must be somewhere around 7.9 g/cm^(3). - that incredible close to the density of iron, so that's a good candidate for the core material. - we also know that iron is super common in the universe (thanks to our understanding of how stars undergo fusion), so that further strengthens the case of iron as a good candidate. - finally, we can measure how strong the earth's magnetic field is. based on our knowledge of how quickly earth rotates and how dynamos work, we can determine that a rotating ball the size of our core and made of liquid iron produces a magnetic field that's just about the same strength as the one we measure. **tl;dr**: earth's average density, earthquake shadow zones, and the strength of our planet's magnetic field.",,0.0,0.0,0.0,shadow zone - scientific terminology,,1.0,1.0,simple to complex,"simple density idea, then more complex shadow zone idea building on that",0.0,,1.0,
"Why are reflections (especially in liquid) clearer when viewed at an angle, as opposed to straight-on?","In the simplest of terms, photons are more prone to bounce off a surface as the angle the impact decreases. Think about throwing a ball at a window, if you hit it straight on, it has a good chance of penetrating the window. If you hit the window with a glancing blow, the ball is more prone to bounce.",0.7057850402140659,0.2450850241603248,"The passage uses a metaphorical analogy by comparing the behavior of photons to throwing a ball at a window, introducing a novel and expressive figurative framing. This analogy shifts the domain from physics to a more relatable physical action, altering the understanding of the concept in a non-literal way.","The response provides a single analogy comparing photons to a ball hitting a window, but it does not build understanding by introducing ideas in order of increasing complexity. There is no progression from a simpler to a more complex concept, nor is there a dependency between multiple ideas.",3611,"why are reflections (especially in liquid) clearer when viewed at an angle, as opposed to straight-on?","in the simplest of terms, photons are more prone to bounce off a surface as the angle the impact decreases. think about throwing a ball at a window, if you hit it straight on, it has a good chance of penetrating the window. if you hit the window with a glancing blow, the ball is more prone to bounce.",https://reddit.com/r/askscience/comments/6opvwa/why_are_reflections_especially_in_liquid_clearer/,1.0,1.0,1.0," Think about throwing a ball at a window, if you hit it straight on, it has a good chance of penetrating the window. If you hit the window with a glancing blow, the ball is more prone to bounce.",,1.0,0.0,state phenomenon -> explain,,1.0,,0.0,
Why does removing a battery and replacing the same battery (in a wireless mouse for example) work?,"The contacts on the battery and your device can develop a layer of corrosion as they're exposed to oxygen. This layer does not conduct well. By replacing it you're scraping the contacts clean allowing better conductivity. When the batteries get low, this can make the difference between a usable amount of current and not.",0.0,0.651354857898194,"The passage describes a literal process of corrosion affecting battery contacts and the impact on conductivity. There is no non-literal conceptual framing or domain shift present, and the explanation can be fully understood literally without invoking a metaphorical interpretation.","The response demonstrates scaffolding by first explaining the simple concept of corrosion on battery contacts, then building on this by explaining how cleaning the contacts improves conductivity, and finally connecting this to the practical impact on battery performance. Each idea builds on the previous one, moving from a simple observation to a more complex understanding of its effects.",3646,why does removing a battery and replacing the same battery (in a wireless mouse for example) work?,"the contacts on the battery and your device can develop a layer of corrosion as they're exposed to oxygen. this layer does not conduct well. by replacing it you're scraping the contacts clean allowing better conductivity. when the batteries get low, this can make the difference between a usable amount of current and not.",https://reddit.com/r/askscience/comments/6d9lah/why_does_removing_a_battery_and_replacing_the/,1.0,0.0,0.0,,,1.0,1.0,,,0.0,,1.0,
