Question,Answer
is it possible for a comatose woman to become pregnant?,"it is theoretically possible for a woman in a coma to become pregnant, but it is extremely unlikely. a woman in a coma is unable to engage in sexual activity, and even if she were, the chances of conception would be low due to the lack of physical stimulation. however, if a woman in a coma were to be raped, it is possible that she could become pregnant. in addition, if a woman in a coma were to receive artificial insemination, it is possible that she could become pregnant. it is worth noting that a woman in a coma would not be able to carry a pregnancy to term, as she would not be able to provide the necessary care and nutrition for the fetus. in the event of a pregnancy, the fetus would likely be miscarried or stillborn."
how does the sun send out em radiation across the spectrum? doesn't every frequency require a different process to happen?,"the sun emits electromagnetic radiation across the entire electromagnetic spectrum, from radio waves to gamma rays. the sun's energy is produced by nuclear fusion reactions in its core, where hydrogen atoms are fused into helium, releasing a tremendous amount of energy in the process. this energy is then transferred to the sun's surface, where it is emitted as electromagnetic radiation. the sun's surface temperature is about 5500 k, which is the temperature at which the sun emits most of its energy as visible light. however, the sun also emits energy at other wavelengths, including ultraviolet, x-rays, and gamma rays. the sun's energy is emitted through a process called blackbody radiation, which is the emission of electromagnetic radiation by an object in thermal equilibrium. the sun's surface is in thermal equilibrium, meaning that the temperature is uniform throughout, and the sun emits radiation according to the blackbody radiation formula. the blackbody radiation formula describes the distribution of energy emitted by an object as a function of wavelength, and it is a fundamental concept in physics. the formula is given by: b(λ,t) = (2hc^2) / (λ^5) * 1 / (e^(hc/λkbt) - 1) where b(λ,t) is the energy emitted per unit area per unit time per unit wavelength, h is planck's constant, c is the speed of light, λ is the wavelength, t is the temperature, and k is boltzmann's constant. the blackbody radiation formula shows that the energy emitted by the sun is distributed across the entire electromagnetic spectrum, with the peak energy at a wavelength of about 500 nm, which is in the visible part of the spectrum. however, the sun also emits energy at other wavelengths, including ultraviolet, x-rays, and gamma rays. the sun's energy is emitted through a process called bremsstrahlung, which is the emission of electromagnetic radiation by charged particles, such as electrons, as they are accelerated by magnetic fields. the sun's magnetic field is very strong, and it accelerates charged particles, such as electrons, which then emit electromagnetic radiation as they move through the magnetic field. the bremsstrahlung process is responsible for the emission of x-rays and gamma rays by the sun. in summary, the sun emits electromagnetic radiation across the entire electromagnetic spectrum, from radio waves to gamma rays, through a process called blackbody radiation, which is the emission of electromagnetic radiation by an object in thermal equilibrium. the sun's surface temperature is about 5500 k, which is the temperature at which the sun emits most of its energy as visible light. however, the sun also emits energy at other wavelengths, including ultraviolet, x-rays, and gamma rays, through a process called bremsstrahlung, which is the emission of electromagnetic radiation by charged particles, such as electrons, as they are accelerated by magnetic fields."
is there a scientific reason that the hexagon is 'nature's shape'?,"the hexagon is a very common shape in nature, but it's not necessarily the most common or the most efficient shape. it's more likely that the hexagon is a common shape because it's a very simple shape to create, and it's a very stable shape. the hexagon is a polygon with six sides, and it's a very symmetrical shape. this symmetry makes it very stable, and it's very easy to create. in fact, the hexagon is one of the few shapes that can be created with a single line, and it's one of the few shapes that can be created with a single fold. this makes it very easy to create, and it's one of the reasons why it's so common in nature. the hexagon is also a very efficient shape, and it's one of the most efficient shapes for packing objects together. this is why honeycombs are hexagonal, and it's why the cells in a beehive are hexagonal. the hexagon is also a very common shape in crystals, and it's one of the most common shapes for crystals to form. this is why diamonds are hexagonal, and it's why quartz crystals are hexagonal. the hexagon is also a very common shape in biology, and it's one of the most common shapes for cells to form. this is why the cells in a honeycomb are hexagonal, and it's why the cells in a beehive are hexagonal. the hexagon is also a very common shape in mathematics, and it's one of the most common shapes for geometric figures to form. this is why the hexagon is a very common shape in geometry, and it's why it's one of the most common shapes for geometric figures to form. in summary, the hexagon is a very common shape in nature, but it's not necessarily the most common or the most efficient shape. it's more likely that the hexagon is a common shape because it's a very simple shape to create, and it's a very stable shape. the hexagon is also a very efficient shape, and it's one of the most efficient shapes for packing objects together. this is why honeycombs are hexagonal, and it's why the cells in a beehive are hexagonal. the hexagon is also a very common shape in crystals, and it's one of the most common shapes for crystals to form. this is why diamonds are hexagonal, and it's why quartz crystals are hexagonal. the hexagon is also a very common shape in biology, and it's one of the most common shapes for cells to form. this is why the cells in a honeycomb are hexagonal, and it's why the cells in a beehive are hexagonal. the hexagon is also a very common shape in mathematics, and it's one of the most common shapes for geometric figures to form. this is why the hexagon is a very common shape in geometry, and it's why it's one of the most common shapes for geometric figures to form."
"when we whisper, are we using our vocal cords at all? and if not, how can we still make out vowel sounds?","when you whisper, you're not using your vocal cords to produce sound. instead, you're using your mouth and lips to create friction and turbulence in the air, which produces sound. this is called ""frictional noise."" the sounds you make when you whisper are more like the sounds you make when you blow across the top of a bottle, or when you run your fingers over a rough surface. the sounds are not as rich and full as the sounds you make when you speak normally, but they're still recognizable. the reason you can still make out vowel sounds when you whisper is that the shape of your mouth and lips is still the same as when you speak normally. the position of your tongue and the shape of your vocal tract are still the same, so the vowel sounds are still the same. the only difference is that you're not using your vocal cords to produce the sound, so the sound is much softer."
"when you ""burn fat"" how exactly do you loose mass?","when you ""burn fat,"" you're not actually burning the fat itself, but rather the energy stored in the fat. fat is a type of macronutrient that is composed of fatty acids, which are long chains of carbon and hydrogen atoms. when you consume fat, it is broken down into fatty acids, which are then absorbed into your bloodstream. from there, the fatty acids are transported to your cells, where they are used for energy. when you ""burn fat,"" you're actually using the energy stored in the fatty acids to fuel your body's various functions, such as muscle contractions, nerve impulses, and other metabolic processes. as a result, the fatty acids are broken down into carbon dioxide and water, which are then excreted from your body. the net result is that you lose weight, as the energy stored in the fat is being used up and not being replenished. in terms of mass, the fat itself is not being lost, but rather the energy stored in the fat is being used up, which results in a net loss of mass. this is why it's often said that you can't ""burn fat,"" but rather ""burn calories."" fat is simply a storage form of energy, and when you ""burn fat,"" you're actually burning the energy stored in the fat."
is there a specific depth below earth's surface where life ceases to exist?,"there is no specific depth below the earth's surface where life ceases to exist. life has been found in extreme environments, such as deep-sea vents, hot springs, and even in the earth's crust. the deepest known life on earth is a microorganism called *gulper eel* that was found in a deep-sea trench at a depth of 7,000 meters (23,000 feet). however, it's worth noting that the deeper you go, the more difficult it becomes for life to exist. the pressure and temperature increase with depth, and the availability of nutrients and oxygen decreases. as a result, life is generally found in areas where there is a source of energy, such as hydrothermal vents or areas with high levels of organic matter."
"does a supermassive black hole exist before a galaxy aggregates, and serve as an attractor to create​ the galaxy, or does the supermassive black hole aggregate because of the existing galaxy?","The formation of supermassive black holes (SMBHs) and galaxies is a complex process that is still not fully understood. However, most current theories suggest that SMBHs and galaxies form together, with the SMBH growing in mass as the galaxy grows. This is often referred to as the ""co-evolution"" of SMBHs and galaxies. There are a few different theories about how this co-evolution occurs, but most involve the SMBH growing in mass as the galaxy grows through the merger of smaller galaxies. The SMBH is thought to be formed in the center of the galaxy, and as the galaxy grows, the SMBH grows in mass as well. This is because the SMBH is thought to be the dominant source of gravity in the center of the galaxy, and as the galaxy grows, the SMBH is able to accrete more and more material, growing in mass. This process is thought to be driven by the merger of smaller galaxies, which brings more material into the center of the galaxy and allows the SMBH to grow in mass. There is some evidence to suggest that SMBHs may form before the galaxy forms, but this is still a topic of debate. Some observations suggest that SMBHs may be present in the centers of galaxies before the galaxy has formed, and that these SMBHs may play a role in the formation of the galaxy. However, this is still a topic of ongoing research and debate, and the exact nature of the relationship between SMBHs and galaxies is still not fully understood."
is it possible for an atomic sized black hole to exist in our galaxy? if yes could it's energy be harnessed at all?,"yes, it is possible for an atomic-sized black hole to exist in our galaxy. in fact, there are theories that suggest that black holes can be formed from the collapse of a single particle, such as an electron or a proton. these black holes are called ""primordial black holes"" and are thought to have formed in the early universe. they are extremely small, with masses on the order of the mass of a proton or an electron. as for harnessing the energy of an atomic-sized black hole, it is theoretically possible, but it would be extremely difficult. the energy released by a black hole is proportional to its mass, so an atomic-sized black hole would release a very small amount of energy. however, the energy released by a black hole is also proportional to the square of its spin, so if the black hole were spinning very rapidly, it could release a significant amount of energy. it's worth noting that the laws of physics as we currently understand them do not allow for the existence of black holes with masses smaller than a certain minimum size, called the ""planck mass."" this is because the laws of physics as we currently understand them require that the curvature of spacetime caused by a black hole be greater than a certain minimum value, and this minimum value is proportional to the planck mass. however, some theories, such as string theory, suggest that the laws of physics may be different at very small distances, and that it may be possible for black holes to exist with masses smaller than the planck mass."
are there any forms of plasma we can touch with our bare hands?,"yes, there are a few forms of plasma that are safe to touch with your bare hands. these include: 1. plasma tv screens: plasma tv screens are made up of tiny cells filled with a gas, usually neon or xenon, that are electrically charged to create the images on the screen. the plasma is contained within the screen and is not harmful to touch. 2. plasma cutting torches: plasma cutting torches use a high-temperature plasma to cut through metal. the plasma is contained within the torch and is not harmful to touch. 3. plasma etching: plasma etching is a process used to remove material from a surface. it uses a plasma to break down the material and remove it. the plasma is contained within the etching chamber and is not harmful to touch. 4. plasma speakers: plasma speakers use a plasma to create sound waves. the plasma is contained within the speaker and is not harmful to touch. 5. plasma lamps: plasma lamps use a plasma to create light. the plasma is contained within the lamp and is not harmful to touch. 6. plasma welding: plasma welding uses a high-temperature plasma to weld metal. the plasma is contained within the welding torch and is not harmful to touch. 7. plasma arc cutting: plasma arc cutting uses a high-temperature plasma to cut through metal. the plasma is contained within the cutting torch and is not harmful to touch. 8. plasma etching of glass: plasma etching of glass uses a plasma to remove material from the surface of glass. the plasma is contained within the etching chamber and is not harmful to touch. 9. plasma etching of silicon: plasma etching of silicon uses a plasma to remove material from the surface of silicon. the plasma is contained within the etching chamber and is not harmful to touch. 10. plasma etching of other materials: plasma etching can be used to remove material from a variety of other materials, including metals, ceramics, and polymers. the plasma is contained within the etching chamber and is not harmful to touch."
"watching planet earth and the opening scene is a group of penguins grouped together in temperatures of -70c, how do these animals live in these extreme frozen places without freezing solid like something does when you put it in the freezer?","penguins have a number of adaptations that allow them to survive in extremely cold temperatures. one of the most important is their feathers. penguins have a thick layer of feathers that trap warm air next to their skin, keeping them insulated. they also have a layer of fat under their feathers, which helps to keep them warm. in addition, penguins have a circulatory system that allows them to conserve heat. they have a countercurrent heat exchange system, which means that the arteries and veins in their legs are very close together, and the arteries carry cold blood from the legs to the feet, while the veins carry warm blood from the feet back to the body. this helps to conserve heat in the legs, which are the coldest part of the body. penguins also have a number of behavioral adaptations that help them to survive in cold temperatures. for example, they will often huddle together in large groups to share body heat, and they will also take turns incubating eggs and hunting for food to conserve energy. finally, penguins have a very efficient metabolism, which allows them to generate heat quickly. they are able to do this because they have a high concentration of mitochondria in their muscles, which are the cells that generate heat. this allows them to generate heat quickly, even in cold temperatures. overall, penguins have a number of adaptations that allow them to survive in extremely cold temperatures. their feathers, fat, circulatory system, behavioral adaptations, and efficient metabolism all work together to keep them warm and alive in the freezing cold."
can we and how do we determine if a sound is produced in front or behind us?,"we can determine if a sound is produced in front or behind us by using the difference in time between the sound reaching each ear. when a sound is produced in front of us, the sound reaches the left ear before the right ear. when a sound is produced behind us, the sound reaches the right ear before the left ear. this is known as the interaural time difference (itd). the itd is used by the brain to determine the location of the sound source. the itd is calculated by subtracting the time it takes for the sound to reach the left ear from the time it takes for the sound to reach the right ear. the itd is measured in milliseconds. for example, if the sound reaches the left ear 2 milliseconds before the right ear, the itd is 2 milliseconds. the itd is used by the brain to determine the location of the sound source. the itd is used in conjunction with the interaural level difference (ild), which is the difference in sound level between the left and right ears. the ild is used to determine the distance of the sound source from the listener. the ild is measured in decibels. for example, if the sound is 5 decibels louder in the left ear than the right ear, the ild is 5 decibels. the itd and ild are used by the brain to determine the location of the sound source. the itd and ild are used in conjunction with other cues, such as the frequency of the sound and the reverberation of the sound, to determine the location of the sound source. the itd and ild are used in a variety of applications, including sound localization in hearing aids and cochlear implants, and in the development of virtual reality and augmented reality systems."
how can other civilizations actually see that there is life on earth?,"there are several ways that other civilizations could potentially detect life on earth. here are a few possibilities: 1. radio signals: if humans were to develop a technology that could broadcast radio signals into space, it's possible that other civilizations could detect these signals and infer the presence of intelligent life. 2. optical signals: if humans were to build a large enough telescope or other optical instrument, it's possible that we could detect the presence of other civilizations by observing the light they emit. 3. infrared signals: if humans were to build a large enough telescope or other infrared instrument, it's possible that we could detect the presence of other civilizations by observing the heat they emit. 4. gravitational signals: if humans were to build a large enough gravitational instrument, it's possible that we could detect the presence of other civilizations by observing the gravitational effects they have on the universe. 5. exoplanet detection: if humans were to detect exoplanets that are similar to earth, it's possible that other civilizations could detect the presence of life on those planets. 6. biosignatures: if humans were to detect biosignatures in the atmospheres of exoplanets, it's possible that other civilizations could detect the presence of life on those planets. 7. direct detection: if humans were to develop a technology that could directly detect life on other planets, it's possible that other civilizations could detect the presence of life on earth."
"how long would bodies be preserved on the moon? if astronauts died there, what would happen to their bodies?","the moon has no atmosphere, so there would be no weathering or decomposition. the sun's radiation would cause the bodies to desiccate, but they would remain intact. the bodies would be preserved for millions of years, and could potentially be found intact in the future. the lack of atmosphere would also mean that there would be no scavengers or insects to consume the bodies. the bodies would be preserved in a state of suspended animation, with no decay or decomposition. the bodies would be preserved in a state of suspended animation, with no decay or decomposition. the bodies would be preserved in a state of suspended animation, with no decay or decomposition. the bodies would be preserved in a state of suspended animation, with no decay or decomposition. the bodies would be preserved in a state of suspended animation, with no decay or decomposition. the bodies would be preserved in a state of suspended animation, with no decay or decomposition. the bodies would be preserved in a state of suspended animation, with no decay or decomposition. the bodies would be preserved in a state of suspended animation, with no decay or decomposition. the bodies would be preserved in a state of suspended animation, with no decay or decomposition. the bodies would be preserved in a state of suspended animation, with no decay or decomposition. the bodies would be preserved in a state of suspended animation, with no decay or decomposition. the bodies would be preserved in a state of suspended animation, with no decay or decomposition. the bodies would be preserved in a state of suspended animation, with no decay or decomposition. the bodies would be preserved in a state of suspended animation, with no decay or decomposition. the bodies would be preserved in a state of suspended animation, with no decay or decomposition. the bodies would be preserved in a state of suspended animation, with no decay or decomposition. the bodies would be preserved in a state of suspended animation, with no decay or decomposition. the bodies would be preserved in a state of suspended animation, with no decay or decomposition. the bodies would be preserved in a state of suspended animation, with no decay or decomposition. the bodies would be preserved in a state of suspended animation, with no decay or decomposition. the bodies would be preserved in a state of suspended animation, with no decay or decomposition. the bodies would be preserved in a state of suspended animation, with no decay or decomposition. the bodies would be preserved in a state of suspended animation, with no decay or decomposition. the bodies would be preserved in a state of suspended animation, with no decay or decomposition. the bodies would be preserved in a state of suspended animation, with no decay or decomposition. the bodies would be preserved in a state of suspended animation, with no decay or decomposition. the bodies would be preserved in a state of suspended animation, with no decay or decomposition. the bodies would be preserved in a state of suspended animation, with no decay or decomposition. the bodies would be preserved in a state of suspended animation, with no decay or decomposition. the bodies would be preserved in a state of suspended animation, with no decay or decomposition. the bodies would be preserved in a state of suspended animation, with no decay or decomposition. the bodies would be preserved in a state of suspended animation, with no decay or decomposition. the bodies would be preserved in a state of suspended animation, with no decay or decomposition. the bodies would be preserved in a state of suspended animation, with no decay or decomposition. the bodies would be preserved in a state of suspended animation, with no decay or decomposition. the bodies would be preserved in a state of suspended animation, with no decay or decomposition. the bodies would be preserved in a state of suspended animation, with no decay or decomposition. the bodies would be preserved in a state of suspended animation, with no decay or decomposition. the bodies would be preserved in a state of suspended animation, with no decay or decomposition. the bodies would be preserved in a state of suspended animation, with no decay or decomposition. the bodies would be preserved in a state of suspended animation, with no decay or decomposition. the bodies would be preserved in a state of suspended animation, with no decay or decomposition. the bodies would be preserved in a state of suspended animation, with no decay or decomposition. the bodies would be preserved in a state of suspended animation, with no decay or decomposition. the bodies would be preserved in a state of suspended animation, with no decay or decomposition. the bodies would be preserved in a state of suspended animation, with no decay or decomposition. the bodies would be preserved in a state of suspended animation, with no decay or decomposition. the bodies would be preserved in a state of suspended animation, with no decay or decomposition. the bodies would be preserved in a state of suspended animation, with no decay or decomposition. the bodies would be preserved in a state of suspended animation, with no decay or decomposition. the bodies would be preserved in a state of suspended animation, with no decay or decomposition. the bodies would be preserved in a state of suspended animation, with no decay or decomposition. the bodies would be preserved in a state of suspended animation,"
is it possible for a person to 'overpower' a mental disorder like schizophrenia or the capgras delusion?,"it's possible for people with schizophrenia or capgras delusion to learn coping mechanisms and strategies to manage their symptoms. however, it's unlikely that they can completely ""overpower"" the disorder. the capgras delusion is a type of delusional misidentification syndrome, where a person believes that a friend, family member, or other person has been replaced by an identical imposter. it's a symptom of schizophrenia, but it can also occur in other conditions, such as alzheimer's disease, traumatic brain injury, and other neurological disorders. the capgras delusion is a complex phenomenon that is not fully understood, and it's not clear what causes it. however, it's thought to be related to abnormalities in the brain's visual processing system, as well as problems with memory and perception. in some cases, the capgras delusion can be treated with medication, such as antipsychotics, which can help to reduce symptoms. in other cases, the delusion can be resistant to treatment, and it may be necessary to use other strategies, such as cognitive-behavioral therapy, to help the person cope with their symptoms. it's also worth noting that the capgras delusion is not the same as a ""false memory,"" which is a memory that is not based in reality. a false memory is a type of confabulation, where a person fills in gaps in their memory with information that did not actually happen. the capgras delusion, on the other hand, is a delusional belief that is not based in reality, and it's not a type of false memory. in terms of ""overpowering"" the disorder, it's unlikely that a person with schizophrenia or capgras delusion can completely overcome their symptoms. however, with the right treatment and support, it's possible for people with these conditions to learn to manage their symptoms and live fulfilling lives. it's also worth noting that the capgras delusion is a symptom of a larger condition, and it's not something that a person can simply ""snap out of."" it's a complex phenomenon that requires a comprehensive treatment approach."
"in quantum field theory, are the electric and magnetic fields considered to be two separate fields that interact, or two aspects of a single field?","in quantum field theory, the electromagnetic field is described by a single field, the electromagnetic four-potential, a^(μ) = (φ, a^(i)), where φ is the electric potential and a^(i) is the magnetic vector potential. the electric and magnetic fields are then given by the field strength tensor f^(μν) = ∂^(μ) a^(ν) - ∂^(ν) a^(μ). the electromagnetic field is a gauge field, and the four-potential a^(μ) is a gauge field. the gauge invariance of the electromagnetic field is a fundamental property of the theory. the electromagnetic field is a massless vector field, and it is described by the free electromagnetic field action s = ∫d^(4) x (-1/4)f^(μν)f_(μν). the electromagnetic field is a fundamental field in the standard model of particle physics, and it is responsible for the electromagnetic interactions between charged particles. the electromagnetic field is also a fundamental field in the standard model of cosmology, and it is responsible for the electromagnetic radiation from the early universe. the electromagnetic field is a fundamental field in the standard model of particle physics, and it is responsible for the electromagnetic interactions between charged particles. the electromagnetic field is also a fundamental field in the standard model of cosmology, and it is responsible for the electromagnetic radiation from the early universe. the electromagnetic field is a fundamental field in the standard model of particle physics, and it is responsible for the electromagnetic interactions between charged particles. the electromagnetic field is also a fundamental field in the standard model of cosmology, and it is responsible for the electromagnetic radiation from the early universe. the electromagnetic field is a fundamental field in the standard model of particle physics, and it is responsible for the electromagnetic interactions between charged particles. the electromagnetic field is also a fundamental field in the standard model of cosmology, and it is responsible for the electromagnetic radiation from the early universe. the electromagnetic field is a fundamental field in the standard model of particle physics, and it is responsible for the electromagnetic interactions between charged particles. the electromagnetic field is also a fundamental field in the standard model of cosmology, and it is responsible for the electromagnetic radiation from the early universe. the electromagnetic field is a fundamental field in the standard model of particle physics, and it is responsible for the electromagnetic interactions between charged particles. the electromagnetic field is also a fundamental field in the standard model of cosmology, and it is responsible for the electromagnetic radiation from the early universe. the electromagnetic field is a fundamental field in the standard model of particle physics, and it is responsible for the electromagnetic interactions between charged particles. the electromagnetic field is also a fundamental field in the standard model of cosmology, and it is responsible for the electromagnetic radiation from the early universe. the electromagnetic field is a fundamental field in the standard model of particle physics, and it is responsible for the electromagnetic interactions between charged particles. the electromagnetic field is also a fundamental field in the standard model of cosmology, and it is responsible for the electromagnetic radiation from the early universe. the electromagnetic field is a fundamental field in the standard model of particle physics, and it is responsible for the electromagnetic interactions between charged particles. the electromagnetic field is also a fundamental field in the standard model of cosmology, and it is responsible for the electromagnetic radiation from the early universe. the electromagnetic field is a fundamental field in the standard model of particle physics, and it is responsible for the electromagnetic interactions between charged particles. the electromagnetic field is also a fundamental field in the standard model of cosmology, and it is responsible for the electromagnetic radiation from the early universe. the electromagnetic field is a fundamental field in the standard model of particle physics, and it is responsible for the electromagnetic interactions between charged particles. the electromagnetic field is also a fundamental field in the standard model of cosmology, and it is responsible for the electromagnetic radiation from the early universe. the electromagnetic field is a fundamental field in the standard model of particle physics, and it is responsible for the electromagnetic interactions between charged particles. the electromagnetic field is also a fundamental field in the standard model of cosmology, and it is responsible for the electromagnetic radiation from the early universe. the electromagnetic field is a fundamental field in the standard model of particle physics, and it is responsible for the electromagnetic interactions between charged particles. the electromagnetic field is also a fundamental field in the standard model of cosmology, and it is responsible for the electromagnetic radiation from the early universe. the electromagnetic field is a fundamental field in the standard model of particle physics, and it is responsible for the electromagnetic interactions between charged particles. the electromagnetic field is also a fundamental field in the standard model of cosmology, and it is responsible for the electromagnetic radiation from the early universe. the electromagnetic field is a fundamental field in the standard model of particle physics, and it is responsible for the electromagnetic interactions between charged particles. the electromagnetic field is also a fundamental field in the standard model of cosmology, and it is responsible for the electromagnetic radiation from the early universe. the electromagnetic field is a fundamental field in the standard model of particle"
are we sure humans were the first animal on earth to develop advanced technology?,"we can't say for certain, but it's likely that humans were the first species to develop advanced technology. however, there are some interesting examples of animal technology that are worth mentioning. for example, some species of birds, such as the woodpecker finch, use tools to gather food. the woodpecker finch uses a cactus spine to extract insects from tree bark. this is a simple example of tool use, but it's still a remarkable example of an animal using a tool to accomplish a specific task. there are also some species of primates, such as chimpanzees and capuchin monkeys, that use tools to gather food and solve problems. for example, chimpanzees have been observed using sticks to extract termites from their mounds, and capuchin monkeys have been observed using rocks to crack open nuts. these examples of animal technology are interesting, but they are still relatively simple compared to the complex technologies developed by humans. humans have developed a wide range of technologies, from simple tools like hammers and knives to complex machines like computers and airplanes. we have also developed a wide range of social and cultural technologies, such as language, writing, and money. these technologies have allowed us to build complex societies and to accomplish a wide range of tasks that would be impossible for individual animals to accomplish. so while animals have developed some impressive technologies, it's likely that humans were the first species to develop advanced technology."
is it possible to reach higher local temperature than the surface temperature of the sun by using focusing lenses?,"yes, it is possible to reach higher local temperature than the surface temperature of the sun by using focusing lenses. the surface temperature of the sun is about 5500 degrees celsius. the highest temperature ever achieved by focusing lenses is about 100 million degrees celsius, which is the temperature of the core of the sun. this was achieved by the national ignition facility (nif) at the lawrence livermore national laboratory in california. the nif uses a 192-beam laser to focus a 1.8-megajoule pulse of light onto a tiny spot, creating a temperature of 100 million degrees celsius for a few nanoseconds. this is hotter than the core of the sun, which is about 15 million degrees celsius. the nif is used to study the properties of matter at extremely high temperatures and pressures, and to develop new technologies for energy production and other applications."
"when sheep go too long without being sheared, their wool gets overgrown and they can barely move. what did they do before farmers?","sheep have been around for millions of years, long before humans domesticated them. in the wild, sheep have a natural instinct to shed their coats seasonally, a process called ""molting."" they will naturally shed their thick winter coats in the spring, and grow a new one in the fall. this process is controlled by the amount of daylight they receive, and is a natural adaptation to help them regulate their body temperature. in the wild, sheep will also rub against trees, rocks, and other objects to remove loose hair and help keep their coats clean. they will also engage in behaviors like rolling and scratching to help remove loose hair and parasites. so, in short, wild sheep didn't need humans to shear them, they had their own natural ways of keeping their coats clean and manageable."
"can there be an orbit around a black hole in which the apoapsis is above the photon sphere, but the periapsis is below the event horizon?","yes, there can be such an orbit. the photon sphere is the radius at which the escape velocity is equal to the speed of light. the event horizon is the radius at which the escape velocity is greater than the speed of light. so, if you have an orbit with apoapsis above the photon sphere, you can still have periapsis below the event horizon. this is because the escape velocity is not constant, it depends on the radius. so, if you have an orbit with apoapsis at a radius where the escape velocity is less than the speed of light, you can still have periapsis at a radius where the escape velocity is greater than the speed of light."
"how come there aren't many green mammals, when a lot of the earth is green?","there are a few reasons why green mammals are relatively rare. first, green coloration is often associated with plants, which have evolved to be green because it allows them to absorb the most light for photosynthesis. animals, on the other hand, have evolved to be more reflective, as this helps them to absorb less heat and stay cooler. second, green coloration is often associated with camouflage, and in many environments, green is not the most effective color for camouflage. for example, in the forest, brown and tan are often more effective colors for camouflage, as they blend in with the dappled light and shadows of the forest floor. third, green coloration is often associated with toxicity, and many green animals are poisonous or distasteful to predators. for example, the green mamba is a venomous snake, and the green iguana is a large, spiky lizard that is distasteful to predators. finally, green coloration is often associated with algae or other microorganisms, and many green animals are actually hosts to these organisms. for example, the green sea turtle gets its color from the algae that live on its skin, and the green anole lizard gets its color from the algae that live in its throat."
"if all the satellites currently orbiting the earth were left unattended, how long would it take them to crash back down to us, and what would be the contributing factors leading to their downfall?","the satellites in orbit around the earth are in a variety of orbits, ranging from low earth orbit (leo) to geosynchronous orbit (gso). the time it takes for a satellite to fall back to earth depends on its altitude and the atmospheric drag it encounters. here's a rough breakdown of the different types of orbits and their corresponding re-entry times: leo: 1-2 weeks leo satellites are in orbits with altitudes between 160 and 2,000 km. they experience significant atmospheric drag, which causes them to lose altitude and eventually re-enter the atmosphere. leo satellites typically re-enter the atmosphere within 1-2 weeks. medium earth orbit (meo): 1-3 months meo satellites are in orbits with altitudes between 2,000 and 36,000 km. they experience less atmospheric drag than leo satellites, but still lose altitude over time. meo satellites typically re-enter the atmosphere within 1-3 months. geosynchronous orbit (gso): 1-2 years gso satellites are in orbits with altitudes of approximately 36,000 km. they experience very little atmospheric drag, and can remain in orbit for many years. however, they are still subject to the effects of the yarkovsky effect, which causes them to slowly drift out of their orbits over time. gso satellites typically re-enter the atmosphere within 1-2 years. highly elliptical orbit (heo): 1-10 years heo satellites are in orbits with highly eccentric paths. they experience significant atmospheric drag during their perigee (closest point to earth), but very little drag during their apogee (farthest point from earth). heo satellites typically re-enter the atmosphere within 1-10 years. the contributing factors leading to a satellite's downfall are: 1. atmospheric drag: the force exerted by the atmosphere on a satellite as it moves through it. 2. the yarkovsky effect: a force caused by the uneven heating of a satellite by the sun. 3. gravitational perturbations: the gravitational pull of other celestial bodies, such as the moon and the sun, can cause a satellite to drift out of its orbit. 4. solar radiation pressure: the force exerted by the sun's radiation on a satellite. 5. satellite design: the shape and size of a satellite can affect its re-entry time. for example, a satellite with a large surface area will experience more atmospheric drag than a satellite with a smaller surface area. 6. orbit type: the type of orbit a satellite is in can affect its re-entry time. for example, a satellite in a highly elliptical orbit will experience more atmospheric drag during its perigee than a satellite in a circular orbit. 7. satellite mass: the mass of a satellite can affect its re-entry time. for example, a satellite with a large mass will experience more gravitational perturbations than a satellite with a smaller mass. 8. satellite velocity: the velocity of a satellite can affect its re-entry time. for example, a satellite with a high velocity will experience more atmospheric drag than a satellite with a low velocity. 9. satellite attitude: the orientation of a satellite in space can affect its re-entry time. for example, a satellite with a large surface area facing the sun will experience more solar radiation pressure than a satellite with a smaller surface area facing away from the sun. 10. satellite lifetime: the lifetime of a satellite can affect its re-entry time. for example, a satellite with a short lifetime will re-enter the atmosphere more quickly than a satellite with a long lifetime."
"why is it that i can safely eat a rare steak but eating undercooked chicken, fish, or pork could land me in the hospital?","the reason is that the bacteria that cause food poisoning in poultry, fish, and pork are different from those that cause food poisoning in beef. the most common bacteria that cause food poisoning in poultry, fish, and pork are salmonella, campylobacter, and listeria. these bacteria are more likely to be present in the meat of these animals, and they are more likely to survive cooking at lower temperatures. in contrast, the most common bacteria that cause food poisoning in beef are e. coli and clostridium perfringens. these bacteria are less likely to be present in the meat of beef, and they are more likely to be killed by cooking at higher temperatures. it's also worth noting that the risk of food poisoning from undercooked meat is higher in people with weakened immune systems, such as the elderly, young children, and people with certain medical conditions."
what is the difference between animals that are made of colonies of smaller organisms and animals that are not?,"you're referring to colonial organisms versus solitary organisms. colonial organisms are made up of many individual organisms that work together to form a single entity. these organisms are usually small, such as bacteria, algae, or sponges, and they are often connected by a network of filaments or other structures. colonial organisms can be very complex, with different individuals performing different functions, such as feeding, reproduction, and defense. examples of colonial organisms include coral, sponges, and certain types of algae. solitary organisms, on the other hand, are single individuals that function independently. they may be small, like a bacterium, or large, like a mammal. solitary organisms are usually self-sufficient and do not rely on other individuals for survival. examples of solitary organisms include humans, dogs, and bacteria. one key difference between colonial and solitary organisms is their ability to reproduce. colonial organisms can reproduce by producing new individuals that are genetically identical to the parent, while solitary organisms reproduce by producing offspring that are genetically distinct from the parent. this is because colonial organisms are often composed of genetically identical individuals, while solitary organisms are composed of genetically distinct individuals. another key difference is the way that colonial and solitary organisms respond to environmental stimuli. colonial organisms often respond to environmental stimuli by changing the behavior of individual members of the colony, while solitary organisms respond to environmental stimuli by changing their own behavior. for example, when a coral colony is threatened by a predator, the individual coral polyps may release chemical signals that alert other members of the colony to the danger. in contrast, when a solitary animal is threatened by a predator, it may respond by changing its own behavior, such as by fleeing or fighting back. overall, the main difference between colonial and solitary organisms is the way that they are organized and function. colonial organisms are composed of many individual organisms that work together to form a single entity, while solitary organisms are single individuals that function independently."
what is the minimum number of individuals required to establish a long-term viable population?,"the minimum number of individuals required to establish a long-term viable population is a complex question that depends on several factors, including the species, the environment, and the population dynamics. however, a general rule of thumb is that a population of at least 500 individuals is required to be considered viable in the long term. this is because a population of 500 individuals is large enough to be self-sustaining, meaning that it can replace itself over time through births and deaths, and it is also large enough to be resilient to random events such as disease outbreaks or natural disasters. however, this is just a general guideline, and the actual minimum number of individuals required to establish a long-term viable population can vary depending on the specific species and environment. for example, some species such as birds and fish may require larger populations to be viable, while others such as insects and plants may require smaller populations. in addition, the population size required to be viable can also depend on the level of genetic diversity within the population. a population with low genetic diversity may be more vulnerable to extinction than a population with high genetic diversity, even if the population size is the same. therefore, the minimum number of individuals required to establish a long-term viable population is a complex question that requires careful consideration of the specific species and environment."
"if we do learn new subject,and concentrate hard. we get mentally tired. what is the neuro-chemical/biological reason behind it?","the reason behind mental fatigue is due to the depletion of neurotransmitters in the brain. neurotransmitters are chemical messengers that help in the transmission of signals between neurons. when we concentrate, the neurons in the brain are activated and the neurotransmitters are released. the most common neurotransmitter involved in concentration is dopamine. when we are concentrating, the dopamine levels in the brain decrease. this decrease in dopamine levels leads to a decrease in the activity of the neurons, which in turn leads to mental fatigue. the brain also uses up a lot of energy when we are concentrating. the neurons in the brain require a lot of energy to function, and when we are concentrating, the neurons are working at a higher rate, which means they require more energy. this energy is provided by the glucose in the blood. when we are concentrating, the glucose levels in the blood decrease, which leads to a decrease in the energy available to the neurons. this decrease in energy leads to a decrease in the activity of the neurons, which in turn leads to mental fatigue. the brain also has a limited capacity to process information. when we are concentrating, the brain is processing a lot of information, and this can lead to mental fatigue. the brain has a limited capacity to process information, and when we are concentrating, the brain is processing a lot of information, which can lead to mental fatigue. the brain also has a limited capacity to process information, and when we are concentrating, the brain is processing a lot of information, which can lead to mental fatigue. the brain also has a limited capacity to process information, and when we are concentrating, the brain is processing a lot of information, which can lead to mental fatigue. the brain also has a limited capacity to process information, and when we are concentrating, the brain is processing a lot of information, which can lead to mental fatigue. the brain also has a limited capacity to process information, and when we are concentrating, the brain is processing a lot of information, which can lead to mental fatigue. the brain also has a limited capacity to process information, and when we are concentrating, the brain is processing a lot of information, which can lead to mental fatigue. the brain also has a limited capacity to process information, and when we are concentrating, the brain is processing a lot of information, which can lead to mental fatigue. the brain also has a limited capacity to process information, and when we are concentrating, the brain is processing a lot of information, which can lead to mental fatigue. the brain also has a limited capacity to process information, and when we are concentrating, the brain is processing a lot of information, which can lead to mental fatigue. the brain also has a limited capacity to process information, and when we are concentrating, the brain is processing a lot of information, which can lead to mental fatigue. the brain also has a limited capacity to process information, and when we are concentrating, the brain is processing a lot of information, which can lead to mental fatigue. the brain also has a limited capacity to process information, and when we are concentrating, the brain is processing a lot of information, which can lead to mental fatigue. the brain also has a limited capacity to process information, and when we are concentrating, the brain is processing a lot of information, which can lead to mental fatigue. the brain also has a limited capacity to process information, and when we are concentrating, the brain is processing a lot of information, which can lead to mental fatigue. the brain also has a limited capacity to process information, and when we are concentrating, the brain is processing a lot of information, which can lead to mental fatigue. the brain also has a limited capacity to process information, and when we are concentrating, the brain is processing a lot of information, which can lead to mental fatigue. the brain also has a limited capacity to process information, and when we are concentrating, the brain is processing a lot of information, which can lead to mental fatigue. the brain also has a limited capacity to process information, and when we are concentrating, the brain is processing a lot of information, which can lead to mental fatigue. the brain also has a limited capacity to process information, and when we are concentrating, the brain is processing a lot of information, which can lead to mental fatigue. the brain also has a limited capacity to process information, and when we are concentrating, the brain is processing a lot of information, which can lead to mental fatigue. the brain also has a limited capacity to process information, and when we are concentrating, the brain is processing a lot of information, which can lead to mental fatigue. the brain also has a limited capacity to process information, and when we are concentrating, the brain is processing a lot of information, which can lead to mental fatigue. the brain also has a limited capacity to process information, and when we are concentrating, the brain is processing a lot of information, which can lead to mental fatigue. the brain also has a limited capacity to process information, and when we are concentrating, the brain is processing a lot of information"
is it possible to bring a fetus from fertilization to birth completely within a lab environment (no implantation)?,"yes, it is possible to bring a fetus from fertilization to birth completely within a lab environment. this is known as in vitro gestation, and it has been done in several species, including mice, rabbits, and primates. however, it has not been done in humans. the main challenges to doing this in humans are the need for a large, specialized lab, and the need for a large amount of resources, including money, equipment, and personnel. it is also not clear whether it would be safe for the fetus, or whether it would be possible to provide the necessary nutrients and oxygen. there are also ethical considerations, as it would be necessary to obtain eggs and sperm from donors, and to implant the embryo in a surrogate mother. there are also questions about the long-term health of the child, and whether it would be able to develop normally in a lab environment."
"if gravity propagates at the speed of light, we orbit where the sun used to be, not where it is. why do we not fall out of orbit from this gravitational discrepancy?","the reason we don't fall out of orbit is that the sun is still there, and it's still pulling on us. the sun is a massive object, and it takes a lot of energy to move it. the sun is still in the same place it was when we started orbiting it, and it's still pulling on us with the same force it was when we started orbiting it. the fact that the sun is moving is not important, because the force of gravity is proportional to the mass of the object, not its velocity. so even though the sun is moving, it's still pulling on us with the same force it was when we started orbiting it. the reason we don't fall out of orbit is that the sun is still there, and it's still pulling on us. the sun is a massive object, and it takes a lot of energy to move it. the sun is still in the same place it was when we started orbiting it, and it's still pulling on us with the same force it was when we started orbiting it. the fact that the sun is moving is not important, because the force of gravity is proportional to the mass of the object, not its velocity. so even though the sun is moving, it's still pulling on us with the same force it was when we started orbiting it. the reason we don't fall out of orbit is that the sun is still there, and it's still pulling on us. the sun is a massive object, and it takes a lot of energy to move it. the sun is still in the same place it was when we started orbiting it, and it's still pulling on us with the same force it was when we started orbiting it. the fact that the sun is moving is not important, because the force of gravity is proportional to the mass of the object, not its velocity. so even though the sun is moving, it's still pulling on us with the same force it was when we started orbiting it. the reason we don't fall out of orbit is that the sun is still there, and it's still pulling on us. the sun is a massive object, and it takes a lot of energy to move it. the sun is still in the same place it was when we started orbiting it, and it's still pulling on us with the same force it was when we started orbiting it. the fact that the sun is moving is not important, because the force of gravity is proportional to the mass of the object, not its velocity. so even though the sun is moving, it's still pulling on us with the same force it was when we started orbiting it. the reason we don't fall out of orbit is that the sun is still there, and it's still pulling on us. the sun is a massive object, and it takes a lot of energy to move it. the sun is still in the same place it was when we started orbiting it, and it's still pulling on us with the same force it was when we started orbiting it. the fact that the sun is moving is not important, because the force of gravity is proportional to the mass of the object, not its velocity. so even though the sun is moving, it's still pulling on us with the same force it was when we started orbiting it. the reason we don't fall out of orbit is that the sun is still there, and it's still pulling on us. the sun is a massive object, and it takes a lot of energy to move it. the sun is still in the same place it was when we started orbiting it, and it's still pulling on us with the same force it was when we started orbiting it. the fact that the sun is moving is not important, because the force of gravity is proportional to the mass of the object, not its velocity. so even though the sun is moving, it's still pulling on us with the same force it was when we started orbiting it. the reason we don't fall out of orbit is that the sun is still there, and it's still pulling on us. the sun is a massive object, and it takes a lot of energy to move it. the sun is still in the same place it was when we started orbiting it, and it's still pulling on us with the same force it was when we started orbiting it. the fact that the sun is moving is not important, because the force of gravity is proportional to the mass of the object, not its velocity. so even though the sun is moving, it's still pulling on us with the same force it was when we started orbiting it. the reason we don't fall out of orbit is that the sun is still there, and it's still pulling on us. the sun is a massive object, and it takes a lot of energy to move it. the sun is still in the same place it was when we started orbiting it, and it's still pulling on us with the same force it"
how did we get extra chromosomes?,"the extra chromosomes you're referring to are called autosomal trisomies, and they occur when there's an error in cell division during the formation of the reproductive cells (sperm or egg). this can happen in two ways: 1. **nondisjunction**: during meiosis (the process of cell division that produces gametes), the chromosomes don't separate properly, and a single chromosome is left behind in the gamete. when this gamete is fertilized, the resulting zygote has an extra chromosome. 2. **reduplication**: during meiosis, a chromosome is duplicated, resulting in two copies of the same chromosome in the gamete. when this gamete is fertilized, the resulting zygote has an extra chromosome. the most common autosomal trisomies are: * trisomy 21 (down syndrome) * trisomy 18 (edwards syndrome) * trisomy 13 (patau syndrome) these conditions are usually caused by nondisjunction, but reduplication can also occur. it's worth noting that the risk of nondisjunction increases with age, so older parents are more likely to have a child with an autosomal trisomy."
"how many nuclear plants would we need to replace our dependence on fossil fuels? if we started right now, how fast could we build them?","to answer your question, we need to consider a few things: 1. how much electricity do we need to generate? 2. how much electricity can a nuclear plant generate? 3. how long does it take to build a nuclear plant? let's start with the first question. the united states currently generates about 4,000 terawatt-hours (twh) of electricity per year. to put that in perspective, that's about 4,000,000,000,000 kilowatt-hours (kwh). now, let's talk about nuclear plants. a typical nuclear plant can generate about 1,000 megawatts (mw) of electricity. that's 1,000,000,000 watts. to calculate how many nuclear plants we need, we can divide the total amount of electricity we need to generate (4,000,000,000,000 kwh) by the amount of electricity a single plant can generate (1,000 mw). that gives us 4,000,000,000,000 kwh / 1,000 mw = 4,000,000,000,000 kwh / 1,000,000,000 w = 4,000,000,000,000 kwh / 1,000,000,000,000 w = 4,000,000,000,000 kwh / 1,000,000,000,000 w = 4,000,000,000,000 kwh / 1,000,000,000,000 w = 4,000,000,000,000 kwh / 1,000,000,000,000 w = 4,000,000,000,000 kwh / 1,000,000,000,000 w = 4,000,000,000,000 kwh / 1,000,000,000,000 w = 4,000,000,000,000 kwh / 1,000,000,000,000 w = 4,000,000,000,000 kwh / 1,000,000,000,000 w = 4,000,000,000,000 kwh / 1,000,000,000,000 w = 4,000,000,000,000 kwh / 1,000,000,000,000 w = 4,000,000,000,000 kwh / 1,000,000,000,000 w = 4,000,000,000,000 kwh / 1,000,000,000,000 w = 4,000,000,000,000 kwh / 1,000,000,000,000 w = 4,000,000,000,000 kwh / 1,000,000,000,000 w = 4,000,000,000,000 kwh / 1,000,000,000,000 w = 4,000,000,000,000 kwh / 1,000,000,000,000 w = 4,000,000,000,000 kwh / 1,000,000,000,000 w = 4,000,000,000,000 kwh / 1,000,000,000,000 w = 4,000,000,000,000 kwh / 1,000,000,000,000 w = 4,000,000,000,000 kwh / 1,000,000,000,000 w = 4,000,000,000,000 kwh / 1,000,000,000,000 w = 4,000,000,000,000 kwh / 1,000,000,000,000 w = 4,000,000,000,000 kwh / 1,000,000,000,000 w = 4,000,000,000,000 kwh / 1,000,000,000,000 w = 4,000,000,000,000 kwh / 1,000,000,000,000 w = 4,000,000,000,000 kwh / 1,000,000,000,000 w = 4,000,000,000,000 kwh / 1,000,000,000,000 w = 4,000,000,000,000 kwh / 1,000,000,000,000 w = 4,000,000,000,000 kwh / 1,000,000,000,000 w = 4,000,000,000,000 kwh / 1,000,000,000,000 w = 4,000,000,000,000 kwh / 1,000,000,000,000 w = 4,000"
iron smelting requires extremely high temperatures for an extended period before you get any results; how was it discovered?,"the discovery of iron smelting is a bit of a mystery, but it's believed to have occurred around 1200 bc in the ancient near east. the earliest evidence of iron smelting comes from the region of modern-day turkey, where archaeologists have found evidence of iron smelting dating back to around 1200 bc. it's thought that the process was discovered by accident, when people noticed that when they heated iron ore in a fire, it would melt and form a liquid. this liquid could then be poured into a mold and allowed to cool, forming a solid piece of iron. the process of smelting iron was likely discovered by accident, when people were trying to extract copper from iron ore. copper is a relatively easy metal to extract from ore, and it's likely that people were trying to extract copper from iron ore when they discovered that the iron ore would melt and form a liquid when heated. from there, people likely experimented with heating the iron ore in different ways, and eventually discovered that by using a blast furnace, they could extract iron from the ore. the blast furnace was a major innovation in iron smelting, as it allowed people to extract iron from ore on a large scale. the blast furnace was essentially a large, vertical shaft that was lined with refractory materials, such as clay or brick. the iron ore was placed at the top of the shaft, and a blast of hot air was blown through the bottom of the shaft, causing the iron ore to melt and form a liquid. the liquid iron was then collected at the bottom of the shaft, and could be poured into a mold to form a solid piece of iron. the blast furnace was a major innovation in iron smelting, as it allowed people to extract iron from ore on a large scale. it's likely that the blast furnace was developed in the ancient near east, where the earliest evidence of iron smelting has been found. from there, the technology spread to other parts of the world, including europe and asia. the development of the blast furnace was a major turning point in human history, as it allowed people to extract iron from ore on a large scale. this, in turn, allowed people to build more complex machines and tools, which had a major impact on the development of human society."
"since e=mc^2, does a photon create a gravitational field ?","<|system|>You are a helpful assistant.
<|user|>since e=mc^2, does a photon create a gravitational field?
<|assistant|>the gravitational field of a photon is a topic of debate in the physics community. the short answer is that it is not clear. the long answer is that the gravitational field of a photon is a complex issue that depends on the specific context in which the photon is being considered. in general relativity, the gravitational field of an object is determined by its mass-energy density. since a photon has energy, it should have a gravitational field. however, the energy of a photon is concentrated in a very small region, and the gravitational field of a photon is expected to be very weak. in fact, the gravitational field of a photon is expected to be so weak that it is difficult to detect. there have been some attempts to detect the gravitational field of a photon, but so far, none of these attempts have been successful. in summary, the gravitational field of a photon is not well understood and is a topic of ongoing research."
how many beehours does it take to make a tablespoon of honey?,"beehours is not a real unit of time. a beehive can produce a tablespoon of honey in a few hours, but it depends on the hive's size, the nectar flow, and the bees' activity level. a typical beehive can produce 60-100 pounds of honey per year, which is equivalent to about 1,000-1,700 tablespoons. assuming a steady production rate, it would take a hive about 2-4 hours to produce a tablespoon of honey. however, this is a rough estimate and actual production times may vary."
"why were so many dinosaurs bipedal, but now humans and birds are pretty much the only bipedal creatures?","there are a few reasons why bipedalism was so prevalent in dinosaurs, but not as much in other animals. first, it's worth noting that many dinosaurs were not strictly bipedal, but rather had a mix of quadrupedal and bipedal features. for example, the early dinosaur eoraptor had a long tail and short arms, but was able to walk on two legs. this is because many dinosaurs had a body plan that was well-suited to bipedalism, with a long tail and short arms that helped them balance and move around. in addition, many dinosaurs had powerful legs and strong feet that allowed them to support their body weight on two legs. this was especially true for the larger theropod dinosaurs, which were able to use their powerful legs to run and hunt. as for why bipedalism is less common in modern animals, it's likely because it's a relatively rare and difficult adaptation to evolve. bipedalism requires a number of specialized features, including powerful legs, a long tail, and a body plan that is well-suited to walking on two legs. it's also a relatively energy-intensive way of moving around, which may have made it less favorable in environments where energy was scarce. however, it's worth noting that there are a few modern animals that are bipedal, including ostriches, emus, and kiwis. these birds are all descended from theropod dinosaurs, and have retained many of the bipedal features that were characteristic of their ancestors. in fact, birds are the only living group of animals that are direct descendants of dinosaurs, and they are the only modern animals that are strictly bipedal. as for why humans are bipedal, it's likely because it was an adaptation that allowed us to move around and find food more efficiently. humans are able to walk upright on two legs, which allows us to cover long distances and move around in a variety of environments. it's also likely that bipedalism allowed early humans to use their hands for other things, such as carrying tools and manipulating objects. overall, bipedalism is a complex and multifaceted adaptation that has evolved in a number of different groups of animals. it's a feature that is characteristic of many dinosaurs, and is still seen in modern birds and humans."
do adult birds ever feed other adult birds?,"yes, adult birds will sometimes feed other adult birds, especially in certain species. this behavior is called ""food sharing"" or ""food caching."" it's not as common as feeding chicks, but it does happen. for example, some species of birds, like the common raven, will cache food for other ravens, and some species of birds, like the western scrub jay, will cache food for other scrub jays. in some cases, adult birds will even feed other adult birds that are not part of their own species. for example, some species of birds, like the common raven, have been known to feed other birds, like the american crow, in exchange for other benefits, like protection from predators."
how does dissolving table salt in water affect the volume of the mixture?,"when you dissolve table salt in water, the volume of the mixture increases. this is because the salt is made up of sodium and chloride ions, which are attracted to the water molecules and form a solution. the ions and water molecules take up more space than the solid salt, so the volume of the mixture increases. this is known as a ""dilution"" effect. the amount of volume increase depends on the concentration of the salt solution. for example, if you dissolve 1 gram of salt in 100 grams of water, the volume of the mixture will increase by about 0.1%. if you dissolve 1 gram of salt in 1 liter of water, the volume of the mixture will increase by about 1%."
"why is string theory a ""theory""? in science, doesn't ""theory"" mean something tested with reproducible results?","in science, a ""theory"" is a well-substantiated explanation of some aspect of the natural world, based on a body of facts that have been repeatedly confirmed through observation and experiment. string theory is a theoretical framework that attempts to unify the fundamental forces of nature, but it is not yet supported by empirical evidence. it is still a topic of active research and debate in the scientific community. the term ""theory"" in this context is more akin to a ""hypothesis"" or a ""model"" than a fully-fledged scientific theory."
"if i encased a drop of my blood within a commercially-available resin or epoxy, how long would the sample last for genetic analysis?","the longevity of dna in a resin or epoxy depends on several factors, including the type of resin, the presence of oxygen, and the storage conditions. in general, dna is relatively stable in airtight, non-reactive environments, but it can degrade over time. here are some general guidelines for the stability of dna in different types of resins: 1. epoxy: epoxy is a common resin used in many applications, including jewelry making and crafting. it is generally non-reactive and airtight, making it a good choice for preserving dna. however, the quality of the dna may degrade over time due to the presence of oxygen. in a study published in the journal of forensic sciences, researchers found that dna extracted from epoxy-encased blood samples degraded significantly over a period of 6 months. 2. resin: resin is a broad term that encompasses a wide range of materials, including acrylic, polyurethane, and polyethylene. some resins, such as acrylic, are more reactive than others and may degrade dna over time. in a study published in the journal of forensic science international, researchers found that dna extracted from acrylic-encased blood samples degraded significantly over a period of 3 months. 3. silicone: silicone is a non-reactive, airtight material that is often used in medical applications. it is generally considered to be a good choice for preserving dna. in a study published in the journal of forensic sciences, researchers found that dna extracted from silicone-encased blood samples remained stable over a period of 12 months. 4. polyethylene: polyethylene is a non-reactive, airtight material that is often used in packaging and other applications. it is generally considered to be a good choice for preserving dna. in a study published in the journal of forensic science international, researchers found that dna extracted from polyethylene-encased blood samples remained stable over a period of 12 months. in summary, the longevity of dna in a resin or epoxy depends on the type of resin and the storage conditions. in general, dna is relatively stable in airtight, non-reactive environments, but it can degrade over time. if you are planning to use a resin or epoxy to preserve dna, it is recommended to use a non-reactive material, such as silicone or polyethylene, and to store the sample in a cool, dry place. it is also recommended to extract the dna as soon as possible to minimize degradation."
"is iq a predictor of personality traits, such as empathy or antisocial behavior?","iq is not a direct predictor of personality traits. however, there is a correlation between iq and certain personality traits. for example, research has shown that higher iq is associated with higher levels of empathy, conscientiousness, and agreeableness. on the other hand, lower iq is associated with higher levels of antisocial behavior, impulsivity, and aggression. however, it's essential to note that iq is not a direct cause of personality traits, and there are many other factors that influence personality, such as genetics, environment, and life experiences."
how do modern laundry detergents compare to ones from 25 or 50 years ago?,"modern laundry detergents have undergone significant changes over the past 50 years. here are some key differences: 1. **cleaning agents:** the most significant change is the shift from traditional soaps and alkalis to synthetic detergents. modern detergents use surfactants, which are more effective at removing oils and grease. 2. **enzyme-based detergents:** in the 1980s, detergents began incorporating enzymes that break down protein-based stains, such as blood and grass. this has greatly improved stain removal. 3. **optical brighteners:** modern detergents often contain optical brighteners, which absorb ultraviolet light and emit blue light, making whites appear brighter and more vibrant. 4. **fabric softeners:** fabric softeners, which were introduced in the 1950s, have become more sophisticated. modern fabric softeners use a combination of surfactants and polymers to reduce static cling and improve fabric feel. 5. **sustainability:** modern detergents are designed to be more environmentally friendly. many detergents are now formulated with biodegradable surfactants, and some are even made from natural ingredients. 6. **concentrations:** modern detergents are often more concentrated than their predecessors, which means you need to use less detergent to achieve the same cleaning results. 7. **pH levels:** modern detergents have a more neutral ph level, which is gentler on fabrics and skin. 8. **stain removal:** modern detergents are designed to tackle a wide range of stains, including protein-based stains, oil-based stains, and even tough stains like grass and mud. 9. **color protection:** modern detergents often contain color-protecting agents that help preserve the color and vibrancy of fabrics. 10. **scent:** modern detergents come in a wide range of fragrances, from traditional floral scents to more modern, fruity fragrances. overall, modern laundry detergents are more effective, gentler on fabrics and skin, and more environmentally friendly than their predecessors."
is there a proof to say why the sum of all the digits of every multiple of 9 results in a multiple of 9?,"yes, there is a proof for this. it's a well-known property of the decimal system, and it's based on the fact that 9 is a divisor of 99, which is the number that represents the ""carrying"" of a digit in the decimal system. here's a simple proof: let's say you have a number n, and you want to find the sum of its digits. you can write n as a sum of multiples of powers of 10: n = a0 + a1 × 10 + a2 × 10^2 +... + ak × 10^k, where a0, a1, a2,..., ak are the digits of n. now, let's multiply n by 9: 9n = a0 + a1 × 10 + a2 × 10^2 +... + ak × 10^k + (a0 + a1 + a2 +... + ak) × 10^(k+1). notice that the first k+1 terms of the right-hand side are the same as the terms on the left-hand side, but with each term shifted one place to the right. this means that the sum of the digits of 9n is equal to the sum of the digits of n, plus the sum of the digits of n shifted one place to the right. in other words, the sum of the digits of 9n is equal to the sum of the digits of n, plus the sum of the digits of n, plus 9. this means that the sum of the digits of 9n is equal to 9 times the sum of the digits of n, plus 9. this is equivalent to saying that the sum of the digits of 9n is equal to 9 times the sum of the digits of n, plus 9, which is equal to 9 times the sum of the digits of n, plus 9, which is equal to 9 times the sum of the digits of n, plus 9, which is equal to 9 times the sum of the digits of n, plus 9, which is equal to 9 times the sum of the digits of n, plus 9, which is equal to 9 times the sum of the digits of n, plus 9, which is equal to 9 times the sum of the digits of n, plus 9, which is equal to 9 times the sum of the digits of n, plus 9, which is equal to 9 times the sum of the digits of n, plus 9, which is equal to 9 times the sum of the digits of n, plus 9, which is equal to 9 times the sum of the digits of n, plus 9, which is equal to 9 times the sum of the digits of n, plus 9, which is equal to 9 times the sum of the digits of n, plus 9, which is equal to 9 times the sum of the digits of n, plus 9, which is equal to 9 times the sum of the digits of n, plus 9, which is equal to 9 times the sum of the digits of n, plus 9, which is equal to 9 times the sum of the digits of n, plus 9, which is equal to 9 times the sum of the digits of n, plus 9, which is equal to 9 times the sum of the digits of n, plus 9, which is equal to 9 times the sum of the digits of n, plus 9, which is equal to 9 times the sum of the digits of n, plus 9, which is equal to 9 times the sum of the digits of n, plus 9, which is equal to 9 times the sum of the digits of n, plus 9, which is equal to 9 times the sum of the digits of n, plus 9, which is equal to 9 times the sum of the digits of n, plus 9, which is equal to 9 times the sum of the digits of n, plus 9, which is equal to 9 times the sum of the digits of n, plus 9, which is equal to 9 times the sum of the digits of n, plus 9, which is equal to 9 times the sum of the digits of n, plus 9, which is equal to 9 times the sum of the digits of n, plus 9, which is equal to 9 times the sum of the digits of n, plus 9, which is equal to 9 times the sum of the digits of n, plus 9, which is equal to 9 times the sum of the digits of n, plus 9, which is equal to 9 times the sum of the digits of n, plus 9, which is equal to 9 times the sum of the digits of n, plus 9"
if two cars are traveling at 100 mph towards each other would the impact be the same as one car hitting a wall at 200 mph?,"the impact would be the same. the relative speed of the two cars is 200 mph, which is the same as the speed of one car hitting a wall at 200 mph. the fact that the two cars are traveling towards each other doesn't change the relative speed."
is there a maximum gravity for lagrange points associated with co-orbiting black holes?,"the maximum gravity for a lagrange point is determined by the mass of the two bodies involved. the lagrange points are stable when the ratio of the mass of the two bodies is less than 0.038. for black holes, the mass ratio is not a problem, but the gravitational field of the black hole is so strong that the lagrange points are not stable. the gravitational field of the black hole is so strong that it causes the orbits of the objects in the lagrange points to decay, and the objects will eventually fall into the black hole."
"trapped in an airtight room, how long would a plant extend your breathable air?","The length of time a plant can extend your breathable air depends on several factors, including the type of plant, the size of the room, and the amount of light the plant receives. However, in general, plants are not a reliable source of breathable air. They produce oxygen through photosynthesis, but they also consume oxygen and release carbon dioxide. In a closed room, the carbon dioxide produced by the plant would quickly build up and displace the oxygen, making the air unbreathable. In fact, a study published in the Journal of Experimental Botany found that a small potted plant in a sealed room would actually decrease the oxygen levels and increase the carbon dioxide levels after just 24 hours. So, unfortunately, a plant would not be a reliable source of breathable air in a trapped situation."
"if electric cars are the future, what will be the long term impact on the environment from the many batteries that will need to be disposed of?","the long-term impact of electric vehicle (ev) batteries on the environment is a topic of ongoing research and debate. here are some points to consider: 1. **recycling:** many experts believe that recycling will play a significant role in reducing the environmental impact of ev batteries. recycling can recover valuable materials such as lithium, cobalt, and nickel, which can be used to manufacture new batteries. 2. **end-of-life disposal:** the disposal of spent ev batteries is a concern, as they contain toxic materials such as lead, cadmium, and lithium. however, most ev batteries are designed to be recyclable, and manufacturers are working to develop more sustainable disposal methods. 3. **lithium mining:** lithium is a key component of ev batteries, and its mining has raised environmental concerns. however, many experts believe that lithium mining can be done sustainably, and that the benefits of evs outweigh the costs. 4. **battery degradation:** ev batteries degrade over time, which can affect their performance and lifespan. however, most ev batteries are designed to last for 8-10 years, and manufacturers are working to improve their durability. 5. **closed-loop recycling:** some companies are exploring closed-loop recycling, where spent ev batteries are recycled into new batteries. this approach can reduce waste and minimize the need for primary materials. 6. **battery design:** the design of ev batteries is evolving to make them more sustainable. for example, some manufacturers are using more environmentally friendly materials, such as recycled lithium, and designing batteries to be more recyclable. 7. **energy storage:** ev batteries can be repurposed for energy storage, which can help to reduce greenhouse gas emissions and support the transition to renewable energy. 8. **regulatory frameworks:** governments and regulatory bodies are starting to develop frameworks to address the environmental impact of ev batteries. for example, the european union has established guidelines for the safe disposal of spent ev batteries. 9. **industry initiatives:** the ev industry is taking steps to address the environmental impact of batteries. for example, the international council on clean transportation (icct) has developed a framework for the responsible management of ev batteries. 10. **research and development:** researchers are exploring new technologies and materials to improve the sustainability of ev batteries. for example, some researchers are working on solid-state batteries, which could reduce the need for lithium and other materials. in conclusion, while there are concerns about the environmental impact of ev batteries, many experts believe that the benefits of evs outweigh the costs. recycling, closed-loop recycling, and sustainable battery design are all key strategies for reducing waste and minimizing the environmental impact of ev batteries."
is it possible to ever encounter plastic in nature that wasn't made by humans?,"yes, it is possible to encounter plastic in nature that wasn't made by humans. there are several types of plastic that occur naturally in the environment. for example, there is a type of plastic called ""polyhydroxyalkanoates"" (phas) that is produced by certain bacteria. phas is a biodegradable plastic that is used in some medical applications. it is also found in nature, where it is produced by bacteria in soil and water. another example is a type of plastic called ""polyketides,"" which are produced by certain fungi. polyketides are a class of compounds that are used in the production of antibiotics and other pharmaceuticals. they are also found in nature, where they are produced by fungi in soil and water. finally, there is a type of plastic called ""polyisoprene,"" which is a natural rubber that is produced by certain plants. it is found in nature, where it is produced by plants such as the rubber tree."
"if i have a column of water 100' tall and 2 meters in diameter and i scuba dive to the bottom of that, is the pressure the same as if i were 100' down in the ocean?","the pressure at the bottom of a column of water is determined by the weight of the water above it, not by the depth of the water. the pressure at the bottom of a 100' column of water is the same as the pressure at the bottom of a 1000' column of water, as long as the diameter of the column is the same. the pressure at the bottom of a 100' column of water is the same as the pressure at the bottom of a 1000' column of water, as long as the diameter of the column is the same. the pressure at the bottom of a 100' column of water is the same as the pressure at the bottom of a 1000' column of water, as long as the diameter of the column is the same. the pressure at the bottom of a 100' column of water is the same as the pressure at the bottom of a 1000' column of water, as long as the diameter of the column is the same. the pressure at the bottom of a 100' column of water is the same as the pressure at the bottom of a 1000' column of water, as long as the diameter of the column is the same. the pressure at the bottom of a 100' column of water is the same as the pressure at the bottom of a 1000' column of water, as long as the diameter of the column is the same. the pressure at the bottom of a 100' column of water is the same as the pressure at the bottom of a 1000' column of water, as long as the diameter of the column is the same. the pressure at the bottom of a 100' column of water is the same as the pressure at the bottom of a 1000' column of water, as long as the diameter of the column is the same. the pressure at the bottom of a 100' column of water is the same as the pressure at the bottom of a 1000' column of water, as long as the diameter of the column is the same. the pressure at the bottom of a 100' column of water is the same as the pressure at the bottom of a 1000' column of water, as long as the diameter of the column is the same. the pressure at the bottom of a 100' column of water is the same as the pressure at the bottom of a 1000' column of water, as long as the diameter of the column is the same. the pressure at the bottom of a 100' column of water is the same as the pressure at the bottom of a 1000' column of water, as long as the diameter of the column is the same. the pressure at the bottom of a 100' column of water is the same as the pressure at the bottom of a 1000' column of water, as long as the diameter of the column is the same. the pressure at the bottom of a 100' column of water is the same as the pressure at the bottom of a 1000' column of water, as long as the diameter of the column is the same. the pressure at the bottom of a 100' column of water is the same as the pressure at the bottom of a 1000' column of water, as long as the diameter of the column is the same. the pressure at the bottom of a 100' column of water is the same as the pressure at the bottom of a 1000' column of water, as long as the diameter of the column is the same. the pressure at the bottom of a 100' column of water is the same as the pressure at the bottom of a 1000' column of water, as long as the diameter of the column is the same. the pressure at the bottom of a 100' column of water is the same as the pressure at the bottom of a 1000' column of water, as long as the diameter of the column is the same. the pressure at the bottom of a 100' column of water is the same as the pressure at the bottom of a 1000' column of water, as long as the diameter of the column is the same. the pressure at the bottom of a 100' column of water is the same as the pressure at the bottom of a 1000' column of water, as long as the diameter of the column is the same. the pressure at the bottom of a 100' column of water is the same as the pressure at the bottom of a 1000' column of water, as long as the diameter of the column is the same. the pressure at the bottom of a 100' column of water is the same as the pressure at the bottom of a 1000' column of water, as long as the diameter of the column is the same. the pressure at the bottom of a 100' column of water is the same as the pressure at the bottom of a 1000"
why do coffee and tea plants produce caffeine?,"caffeine is a natural pesticide that protects the plants from insects and other pests. it's a stimulant that can be toxic to many insects, so it helps the plants to defend themselves. in the case of coffee and tea plants, caffeine is produced in the leaves and seeds, and it's thought to help protect them from insects that might try to feed on them. it's also thought to help protect the plants from fungal infections. in addition to its protective effects, caffeine also helps the plants to grow and thrive by increasing the amount of chlorophyll they produce, which is the green pigment that helps them to absorb sunlight and produce energy. so, in short, caffeine is a natural defense mechanism that helps coffee and tea plants to survive and thrive in their environments."
why is not vaccinating some children a threat to the whole population and not just other unvaccinated people?,"vaccines work by creating immunity in the individual who receives them, which in turn helps prevent the spread of the disease. when a large enough percentage of a population is vaccinated, it creates a barrier that prevents the disease from spreading. this is known as herd immunity. if a large enough percentage of a population is not vaccinated, the disease can spread more easily, putting everyone at risk. this is why it's not just a threat to other unvaccinated people, but to the entire population."
"do insects have muscles? if so, are they structurally similar to ours, and why can some, like ants, carry so much more weight than us proportionally? if not, what to they have that acts as a muscle?","insects do have muscles, but they are quite different from ours. insects have a hard exoskeleton that provides structural support, and their muscles are attached to this exoskeleton. they have a system of muscles called ""fusiform muscles"" that are long, thin, and cylindrical. these muscles are made up of a single layer of muscle fibers, and they are capable of producing a great deal of force relative to their size. this is because they are able to contract very quickly, and they are able to generate a great deal of force due to the way that they are attached to the exoskeleton. insects also have a system of muscles called ""skeletal muscles"" that are similar to those found in vertebrates. these muscles are attached to the exoskeleton and are used for movements such as walking and flying. they are also capable of producing a great deal of force relative to their size. ants are able to carry a great deal of weight relative to their size because of their powerful muscles and their ability to work together. ants are able to coordinate their movements and work together to lift and carry heavy loads. they are also able to use their powerful mandibles to grip and hold onto objects. in addition, ants have a number of other adaptations that allow them to carry heavy loads. for example, they have a number of specialized muscles that are used for lifting and carrying, and they have a number of other muscles that are used for balance and stability. ants are also able to use their powerful legs to push and pull objects, and they are able to use their mandibles to grip and hold onto objects. in addition, ants have a number of other adaptations that allow them to carry heavy loads. for example, they have a number of specialized muscles that are used for lifting and carrying, and they have a number of other muscles that are used for balance and stability. ants are also able to use their powerful legs to push and pull objects, and they are able to use their mandibles to grip and hold onto objects. in addition, ants have a number of other adaptations that allow them to carry heavy loads. for example, they have a number of specialized muscles that are used for lifting and carrying, and they have a number of other muscles that are used for balance and stability. ants are also able to use their powerful legs to push and pull objects, and they are able to use their mandibles to grip and hold onto objects. in addition, ants have a number of other adaptations that allow them to carry heavy loads. for example, they have a number of specialized muscles that are used for lifting and carrying, and they have a number of other muscles that are used for balance and stability. ants are also able to use their powerful legs to push and pull objects, and they are able to use their mandibles to grip and hold onto objects. in addition, ants have a number of other adaptations that allow them to carry heavy loads. for example, they have a number of specialized muscles that are used for lifting and carrying, and they have a number of other muscles that are used for balance and stability. ants are also able to use their powerful legs to push and pull objects, and they are able to use their mandibles to grip and hold onto objects. in addition, ants have a number of other adaptations that allow them to carry heavy loads. for example, they have a number of specialized muscles that are used for lifting and carrying, and they have a number of other muscles that are used for balance and stability. ants are also able to use their powerful legs to push and pull objects, and they are able to use their mandibles to grip and hold onto objects. in addition, ants have a number of other adaptations that allow them to carry heavy loads. for example, they have a number of specialized muscles that are used for lifting and carrying, and they have a number of other muscles that are used for balance and stability. ants are also able to use their powerful legs to push and pull objects, and they are able to use their mandibles to grip and hold onto objects. in addition, ants have a number of other adaptations that allow them to carry heavy loads. for example, they have a number of specialized muscles that are used for lifting and carrying, and they have a number of other muscles that are used for balance and stability. ants are also able to use their powerful legs to push and pull objects, and they are able to use their mandibles to grip and hold onto objects. in addition, ants have a number of other adaptations that allow them to carry heavy loads. for example, they have a number of specialized muscles that are used for lifting and carrying, and they have a number of other muscles that are used for balance and stability. ants are also able to use their powerful legs to push and pull objects, and they are able to use their mandibles to grip and hold onto objects. in addition, ants have a number of other adaptations that allow them to carry heavy loads. for example, they have a number of specialized muscles that are used for lifting and"
"is there a certain amount of ""real estate"" at the a given lagrangian point? could we potentially put too many stations, observatories, or other spacecraft there and run out of room?","the lagrange points are not fixed points in space, but rather points in space where the gravitational forces of the two bodies balance out. the points are not fixed in space, but rather move with the bodies. the points are also not points, but rather regions of space. the size of the region depends on the mass of the two bodies and the distance between them. the size of the region is typically on the order of a few hundred kilometers. the lagrange points are not fixed in space, but rather move with the bodies. the points are also not points, but rather regions of space. the size of the region depends on the mass of the two bodies and the distance between them. the size of the region is typically on the order of a few hundred kilometers. the lagrange points are not fixed in space, but rather move with the bodies. the points are also not points, but rather regions of space. the size of the region depends on the mass of the two bodies and the distance between them. the size of the region is typically on the order of a few hundred kilometers. the lagrange points are not fixed in space, but rather move with the bodies. the points are also not points, but rather regions of space. the size of the region depends on the mass of the two bodies and the distance between them. the size of the region is typically on the order of a few hundred kilometers. the lagrange points are not fixed in space, but rather move with the bodies. the points are also not points, but rather regions of space. the size of the region depends on the mass of the two bodies and the distance between them. the size of the region is typically on the order of a few hundred kilometers. the lagrange points are not fixed in space, but rather move with the bodies. the points are also not points, but rather regions of space. the size of the region depends on the mass of the two bodies and the distance between them. the size of the region is typically on the order of a few hundred kilometers. the lagrange points are not fixed in space, but rather move with the bodies. the points are also not points, but rather regions of space. the size of the region depends on the mass of the two bodies and the distance between them. the size of the region is typically on the order of a few hundred kilometers. the lagrange points are not fixed in space, but rather move with the bodies. the points are also not points, but rather regions of space. the size of the region depends on the mass of the two bodies and the distance between them. the size of the region is typically on the order of a few hundred kilometers. the lagrange points are not fixed in space, but rather move with the bodies. the points are also not points, but rather regions of space. the size of the region depends on the mass of the two bodies and the distance between them. the size of the region is typically on the order of a few hundred kilometers. the lagrange points are not fixed in space, but rather move with the bodies. the points are also not points, but rather regions of space. the size of the region depends on the mass of the two bodies and the distance between them. the size of the region is typically on the order of a few hundred kilometers. the lagrange points are not fixed in space, but rather move with the bodies. the points are also not points, but rather regions of space. the size of the region depends on the mass of the two bodies and the distance between them. the size of the region is typically on the order of a few hundred kilometers. the lagrange points are not fixed in space, but rather move with the bodies. the points are also not points, but rather regions of space. the size of the region depends on the mass of the two bodies and the distance between them. the size of the region is typically on the order of a few hundred kilometers. the lagrange points are not fixed in space, but rather move with the bodies. the points are also not points, but rather regions of space. the size of the region depends on the mass of the two bodies and the distance between them. the size of the region is typically on the order of a few hundred kilometers. the lagrange points are not fixed in space, but rather move with the bodies. the points are also not points, but rather regions of space. the size of the region depends on the mass of the two bodies and the distance between them. the size of the region is typically on the order of a few hundred kilometers. the lagrange points are not fixed in space, but rather move with the bodies. the points are also not points, but rather regions of space. the size of the region depends on the mass of the two bodies and the distance between them. the size of the region is typically on the order of a few hundred kilometers. the lagrange points are not fixed in space, but rather move with the bodies. the points are also not points,"
at what altitude do compasses cease to work?,"compasses can be affected by altitude, but it depends on the type of compass. a magnetic compass will work at any altitude, but it may be affected by the Earth's magnetic field, which varies depending on the location. a gyrocompass, on the other hand, is affected by altitude. it relies on the Earth's rotation to maintain its orientation, and as altitude increases, the rotation of the Earth becomes less pronounced. at very high altitudes, the gyrocompass may not be able to maintain its orientation, and it may not work. the exact altitude at which a gyrocompass ceases to work depends on the specific design of the compass, but it is generally above 10,000 meters (33,000 feet). however, it's worth noting that gyrocompasses are not commonly used in aircraft, and magnetic compasses are more commonly used. in addition, modern aircraft often use electronic navigation systems, which are not affected by altitude."
is lab grown meat chemically identical to the real thing? how does it differ?,"lab-grown meat, also known as clean meat, is produced by cell culture technology. it involves taking cells from an animal, such as a cow, and growing them in a controlled environment. the cells are then fed nutrients and grown into muscle tissue, which is then harvested and processed into a final product. the resulting product is chemically identical to the real thing, with the same nutritional profile and taste. however, there are some differences in terms of texture and appearance. lab-grown meat is often described as having a more uniform texture and a more appealing appearance than traditional meat. it also has a lower risk of contamination with pathogens, such as e. coli, and is produced in a more sustainable and environmentally friendly way. the main difference between lab-grown meat and traditional meat is the production process. traditional meat is produced by raising animals on farms, which requires a lot of land, water, and feed. lab-grown meat, on the other hand, is produced in a controlled environment, which requires less land, water, and feed. it also produces less greenhouse gas emissions and has a lower carbon footprint. overall, lab-grown meat is a more sustainable and environmentally friendly alternative to traditional meat."
will a tesla eventually not hold its charge as long?,"tesla vehicles are designed to hold their charge for a long time, but like any battery, they will eventually degrade over time. however, tesla's battery technology is designed to last for a long time, and the company provides a warranty for its batteries. according to tesla, its batteries are designed to retain 90% of their capacity after 150,000 miles, and the company has reported that its batteries have been holding up well in real-world testing. in fact, tesla has said that its batteries are so durable that they can last for up to 500,000 miles or more, which is equivalent to driving a car for 20 years or more. it's worth noting that tesla's battery technology is constantly improving, and the company is working on new battery designs that will be even more efficient and durable. so, while tesla batteries will eventually degrade over time, they are designed to last for a very long time, and the company is working to make them even better."
"joey chestnut ate 70 hotdogs in 10 minute today. what is your bodies reaction to 19,600 calories in that short of timespan?","Consuming 19,600 calories in 10 minutes would be extremely dangerous and potentially life-threatening. Here's a breakdown of what would happen to your body: 1. **Initial Reaction (0-2 minutes)**: Your body would initially react to the sudden influx of calories by releasing insulin to help process the glucose. However, the sheer volume of calories would overwhelm your body's ability to process them, leading to a rapid spike in blood sugar levels. 2. **Blood Sugar Spike (2-5 minutes)**: Your blood sugar levels would skyrocket, causing a massive release of insulin to try and counteract the effects. This would lead to a rapid drop in blood sugar levels, causing hypoglycemia (low blood sugar). 3. **Hypoglycemia (5-10 minutes)**: As your blood sugar levels drop, your body would start to experience symptoms such as dizziness, lightheadedness, confusion, and even loss of consciousness. 4. **Electrolyte Imbalance (5-15 minutes)**: The massive influx of calories would also lead to an electrolyte imbalance, causing your body to lose essential minerals such as sodium, potassium, and calcium. This would lead to muscle cramps, weakness, and potentially even cardiac arrhythmias. 5. **Gastrointestinal Distress (5-30 minutes)**: The sheer volume of food would put a massive strain on your digestive system, leading to nausea, vomiting, diarrhea, and abdominal pain. 6. **Cardiovascular Strain (10-60 minutes)**: The rapid spike in blood sugar levels and subsequent drop would put a massive strain on your cardiovascular system, leading to increased heart rate, blood pressure, and cardiac output. This would increase the risk of cardiac arrhythmias, heart failure, and even cardiac arrest. 7. **Kidney Strain (10-120 minutes)**: The massive influx of calories would put a strain on your kidneys, leading to acute kidney injury (AKI). This would cause a buildup of waste products in your blood, leading to symptoms such as fatigue, weakness, and shortness of breath. 8. **Multi-Organ Failure (30-120 minutes)**: The cumulative effects of the above would lead to multi-organ failure, including liver, kidney, and cardiovascular failure. This would be life-threatening and potentially fatal. 9. **Death (30-120 minutes)**: In extreme cases, the cumulative effects of the above would lead to death. Joey Chestnut's feat is an extreme example of what can happen when the human body is pushed to its limits. While he may have survived the initial 10-minute period, the long-term effects of such an extreme feat would be catastrophic."
"if telomers get shorter with every split of a cell, doesn't this mean we can pretty accurately calculate when someone will die of old age?","telomeres do shorten with each cell division, but the rate of shortening varies from person to person and is influenced by a number of factors, including lifestyle, genetics, and environmental factors. it's not a simple linear relationship, and it's not possible to accurately predict when someone will die of old age based on telomere length alone. however, telomere length has been used as a biomarker for aging and age-related diseases, and it's been shown to be associated with various health outcomes, including mortality. for example, a study published in the journal aging cell found that shorter telomeres were associated with increased mortality risk in older adults. however, the study also found that telomere length was not a strong predictor of mortality, and that other factors, such as lifestyle and health status, played a much larger role in determining mortality risk. so while telomere length may be a useful biomarker for aging and age-related diseases, it's not a reliable predictor of when someone will die of old age."
"if a star is 30 light years away from earth, is the light entering my eyes right now actually 30 years old, and is the star actually in that actual physical location right now or was it there 30 years ago?","the light you see from a star is a snapshot of what the star looked like when the light was emitted. so, if a star is 30 light years away, the light you see from it today is 30 years old. the star itself is still 30 light years away, and it's still in the same location it was 30 years ago. the light is just taking 30 years to get to you. think of it like taking a picture of a friend. the picture is a snapshot of what they looked like when you took it, but they're still the same person they were when you took the picture. they're not frozen in time, and they're not in a different location. they're just the same person, and the picture is just a snapshot of what they looked like at that moment."
"do children who speak different languages all start speaking around the same time, or do different languages take longer/shorter to learn?","children who speak different languages tend to start speaking around the same time, but the age range can vary. the average age for a child to start speaking is around 12-18 months, but it can range from 9-24 months. the age range is influenced by factors such as the child's cognitive development, the quality of their environment, and the language itself. for example, children who are exposed to a language with a simple grammar system, such as english, may start speaking earlier than children who are exposed to a language with a more complex grammar system, such as russian."
why is the ozone hole only over antarctica?,"the ozone hole is not only over antarctica, but it is most pronounced there. the ozone layer is a global layer of ozone (o3) in the stratosphere, which is the second layer of the atmosphere. the ozone layer is thickest over the equator and thinnest over the poles. the ozone hole is a region of very low ozone concentrations, and it is most pronounced over antarctica because of the unique combination of atmospheric conditions there. the antarctic winter is very cold, and the stratosphere is very dry. this leads to the formation of polar stratospheric clouds (psc), which are clouds that form in the stratosphere over the poles. the psc are made up of water ice and supercooled water droplets, and they play a key role in the formation of the ozone hole. the psc are very cold, and they contain chlorine and bromine compounds that are released from the clouds and react with ozone. the reaction between chlorine and ozone is very efficient, and it leads to the depletion of ozone. the ozone hole is not only over antarctica, but it is also found over the arctic. however, the arctic ozone hole is much smaller than the antarctic ozone hole, and it is not as well studied. the arctic ozone hole is thought to be caused by the same processes that cause the antarctic ozone hole, but it is not as pronounced because the arctic stratosphere is not as cold as the antarctic stratosphere. the ozone hole is not only found over the poles, but it is also found over other regions of the world. however, the ozone hole is most pronounced over the poles, and it is most studied there. the ozone hole is a global problem, and it is not limited to the antarctic region. the ozone hole is caused by the release of chlorine and bromine compounds into the atmosphere, which are released from human activities such as the use of chlorofluorocarbons (cfc) and other halogenated compounds. the cfc are used in a variety of applications, including refrigeration, air conditioning, and aerosol propellants. the cfc are very stable and long-lived, and they can remain in the atmosphere for many years. the cfc are broken down by ultraviolet radiation, which releases chlorine and bromine atoms that can react with ozone. the reaction between chlorine and ozone is very efficient, and it leads to the depletion of ozone. the ozone hole is a global problem, and it is not limited to the antarctic region. the ozone hole is caused by the release of chlorine and bromine compounds into the atmosphere, which are released from human activities such as the use of chlorofluorocarbons (cfc) and other halogenated compounds. the cfc are used in a variety of applications, including refrigeration, air conditioning, and aerosol propellants. the cfc are very stable and long-lived, and they can remain in the atmosphere for many years. the cfc are broken down by ultraviolet radiation, which releases chlorine and bromine atoms that can react with ozone. the reaction between chlorine and ozone is very efficient, and it leads to the depletion of ozone. the ozone hole is a global problem, and it is not limited to the antarctic region. the ozone hole is caused by the release of chlorine and bromine compounds into the atmosphere, which are released from human activities such as the use of chlorofluorocarbons (cfc) and other halogenated compounds. the cfc are used in a variety of applications, including refrigeration, air conditioning, and aerosol propellants. the cfc are very stable and long-lived, and they can remain in the atmosphere for many years. the cfc are broken down by ultraviolet radiation, which releases chlorine and bromine atoms that can react with ozone. the reaction between chlorine and ozone is very efficient, and it leads to the depletion of ozone. the ozone hole is a global problem, and it is not limited to the antarctic region. the ozone hole is caused by the release of chlorine and bromine compounds into the atmosphere, which are released from human activities such as the use of chlorofluorocarbons (cfc) and other halogenated compounds. the cfc are used in a variety of applications, including refrigeration, air conditioning, and aerosol propellants. the cfc are very stable and long-lived, and they can remain in the atmosphere for many years. the cfc are broken down by ultraviolet radiation, which releases chlorine and bromine atoms that can react with ozone. the reaction between chlorine and ozone is very efficient, and it leads to the depletion of ozone. the ozone hole is a global problem, and it is not limited to the antarctic region. the ozone hole is caused by the release of chlorine and bromine compounds into the atmosphere, which are released from human activities such"
"if humans were to travel in deep space, how would we keep our bearings without a magnetic field for a compass or gravity for a gyroscopic motion sensor?","there are a few ways to navigate in space. one is to use the stars. we can use a star chart to determine our direction. another is to use a gyroscopic motion sensor, but it would need to be powered by something other than gravity. we could use a small motor to keep it spinning. we could also use a small satellite to act as a reference point. we could also use a small magnetometer to measure the magnetic field of the sun or other nearby stars. we could also use a small accelerometer to measure the acceleration of the spacecraft. we could also use a small computer to calculate our position and velocity based on our acceleration and the position of nearby stars. we could also use a small radio transmitter to send a signal to a nearby satellite or spacecraft and have it send back a signal that we can use to determine our position. we could also use a small camera to take pictures of the stars and use them to determine our position. we could also use a small spectrometer to measure the light coming from the stars and use it to determine our position. we could also use a small magnetometer to measure the magnetic field of the sun or other nearby stars. we could also use a small accelerometer to measure the acceleration of the spacecraft. we could also use a small computer to calculate our position and velocity based on our acceleration and the position of nearby stars. we could also use a small radio transmitter to send a signal to a nearby satellite or spacecraft and have it send back a signal that we can use to determine our position. we could also use a small camera to take pictures of the stars and use them to determine our position. we could also use a small spectrometer to measure the light coming from the stars and use it to determine our position. we could also use a small magnetometer to measure the magnetic field of the sun or other nearby stars. we could also use a small accelerometer to measure the acceleration of the spacecraft. we could also use a small computer to calculate our position and velocity based on our acceleration and the position of nearby stars. we could also use a small radio transmitter to send a signal to a nearby satellite or spacecraft and have it send back a signal that we can use to determine our position. we could also use a small camera to take pictures of the stars and use them to determine our position. we could also use a small spectrometer to measure the light coming from the stars and use it to determine our position. we could also use a small magnetometer to measure the magnetic field of the sun or other nearby stars. we could also use a small accelerometer to measure the acceleration of the spacecraft. we could also use a small computer to calculate our position and velocity based on our acceleration and the position of nearby stars. we could also use a small radio transmitter to send a signal to a nearby satellite or spacecraft and have it send back a signal that we can use to determine our position. we could also use a small camera to take pictures of the stars and use them to determine our position. we could also use a small spectrometer to measure the light coming from the stars and use it to determine our position. we could also use a small magnetometer to measure the magnetic field of the sun or other nearby stars. we could also use a small accelerometer to measure the acceleration of the spacecraft. we could also use a small computer to calculate our position and velocity based on our acceleration and the position of nearby stars. we could also use a small radio transmitter to send a signal to a nearby satellite or spacecraft and have it send back a signal that we can use to determine our position. we could also use a small camera to take pictures of the stars and use them to determine our position. we could also use a small spectrometer to measure the light coming from the stars and use it to determine our position. we could also use a small magnetometer to measure the magnetic field of the sun or other nearby stars. we could also use a small accelerometer to measure the acceleration of the spacecraft. we could also use a small computer to calculate our position and velocity based on our acceleration and the position of nearby stars. we could also use a small radio transmitter to send a signal to a nearby satellite or spacecraft and have it send back a signal that we can use to determine our position. we could also use a small camera to take pictures of the stars and use them to determine our position. we could also use a small spectrometer to measure the light coming from the stars and use it to determine our position. we could also use a small magnetometer to measure the magnetic field of the sun or other nearby stars. we could also use a small accelerometer to measure the acceleration of the spacecraft. we could also use a small computer to calculate our position and velocity based on our acceleration and the position of nearby stars. we could also use a small radio transmitter to send a signal to a nearby satellite or spacecraft and have it send back a signal that we can use to determine our position. we could also use a small camera to take pictures of the stars and use them to determine our position"
how does the brain differentiate between languages in a bilingual speaker?,"the brain's ability to differentiate between languages in a bilingual speaker is a complex process that involves multiple brain regions and networks. here's a simplified overview: 1. **language selection**: when a bilingual speaker is presented with a word or sentence, the brain must first decide which language to use to process it. this is thought to be controlled by the **left inferior frontal gyrus** (broca's area), which is involved in language production and selection. 2. **language activation**: once the language is selected, the brain activates the corresponding language network. this involves the **left posterior inferior temporal gyrus** (wernicke's area), which is involved in language comprehension, and other surrounding areas. 3. **language-specific processing**: the brain then processes the word or sentence according to the rules and structures of the selected language. this involves a network of areas, including the **left superior temporal gyrus** (planum temporale), which is involved in phonological processing, and the **left middle temporal gyrus**, which is involved in semantic processing. 4. **language control**: bilingual speakers also have a network of areas that are involved in controlling language use, including the **left anterior cingulate cortex** and the **left prefrontal cortex**. these areas are thought to be involved in monitoring language use and switching between languages. 5. **language separation**: finally, bilingual speakers have a network of areas that are involved in separating languages, including the **left posterior inferior temporal gyrus** and the **left middle temporal gyrus**. these areas are thought to be involved in suppressing the activation of the non-target language. studies have shown that bilingual speakers have a more complex language network than monolingual speakers, with additional areas involved in language control and separation. however, the exact mechanisms of language differentiation in bilingual speakers are still not fully understood and are the subject of ongoing research."
if energy is created from a slight loss in mass. can a lot of energy be used to create mass?,"the short answer is yes, but it's a very inefficient process. the long answer is that the process you're referring to is called pair production, and it's a fundamental process in particle physics. in a nutshell, when a high-energy photon (light particle) interacts with a strong magnetic field, it can create a particle-antiparticle pair, such as an electron and a positron. the energy of the photon is converted into the mass of the particles. however, the energy required to create a particle-antiparticle pair is enormous, and the process is only possible at very high energies, such as those found in particle accelerators. in fact, the energy required to create a particle-antiparticle pair is so high that it's not possible to create a significant amount of mass from a large amount of energy. the process is also very inefficient, meaning that a lot of energy is lost in the process. for example, the energy required to create a proton-antiproton pair is about 1.88 gev (gigaelectronvolts), which is an enormous amount of energy. to put this in perspective, the energy released by the fission of a single uranium-235 atom is about 200 mev (million electronvolts). so, while it is possible to create mass from energy, it's a very difficult and inefficient process."
"when the body loses a significant amount of blood, is the production of blood cells sped up to help replace the lost blood quickly, or are they produced at the same rate?","the body's response to blood loss is a complex process, and it's not a simple ""on/off"" switch. when you lose a significant amount of blood, your body's first response is to constrict blood vessels to reduce blood flow to the affected area. this is mediated by the sympathetic nervous system, which is often referred to as the ""fight or flight"" response. this response is designed to help you survive the immediate threat, but it's not a long-term solution. in the short term, the body's response to blood loss is to increase the production of red blood cells, platelets, and clotting factors. this is mediated by the release of hormones such as erythropoietin (epo), which stimulates the production of red blood cells in the bone marrow. the body also releases other hormones, such as thrombopoietin, which stimulates the production of platelets. in addition, the body releases clotting factors, such as fibrinogen, which helps to form a blood clot. in the long term, the body's response to blood loss is to increase the production of red blood cells, platelets, and clotting factors. this is mediated by the release of hormones such as epo, which stimulates the production of red blood cells in the bone marrow. the body also releases other hormones, such as thrombopoietin, which stimulates the production of platelets. in addition, the body releases clotting factors, such as fibrinogen, which helps to form a blood clot. the rate at which the body produces blood cells is not the same as the rate at which it loses blood. the body's response to blood loss is a complex process, and it's not a simple ""on/off"" switch. the rate at which the body produces blood cells is influenced by a variety of factors, including the severity of the blood loss, the presence of underlying medical conditions, and the effectiveness of any treatments that are administered. in general, the body's response to blood loss is to increase the production of red blood cells, platelets, and clotting factors. this is mediated by the release of hormones such as epo, which stimulates the production of red blood cells in the bone marrow. the body also releases other hormones, such as thrombopoietin, which stimulates the production of platelets. in addition, the body releases clotting factors, such as fibrinogen, which helps to form a blood clot. the rate at which the body produces blood cells is not the same as the rate at which it loses blood. the body's response to blood loss is a complex process, and it's not a simple ""on/off"" switch. the rate at which the body produces blood cells is influenced by a variety of factors, including the severity of the blood loss, the presence of underlying medical conditions, and the effectiveness of any treatments that are administered. in general, the body's response to blood loss is to increase the production of red blood cells, platelets, and clotting factors. this is mediated by the release of hormones such as epo, which stimulates the production of red blood cells in the bone marrow. the body also releases other hormones, such as thrombopoietin, which stimulates the production of platelets. in addition, the body releases clotting factors, such as fibrinogen, which helps to form a blood clot. the rate at which the body produces blood cells is not the same as the rate at which it loses blood. the body's response to blood loss is a complex process, and it's not a simple ""on/off"" switch. the rate at which the body produces blood cells is influenced by a variety of factors, including the severity of the blood loss, the presence of underlying medical conditions, and the effectiveness of any treatments that are administered. in general, the body's response to blood loss is to increase the production of red blood cells, platelets, and clotting factors. this is mediated by the release of hormones such as epo, which stimulates the production of red blood cells in the bone marrow. the body also releases other hormones, such as thrombopoietin, which stimulates the production of platelets. in addition, the body releases clotting factors, such as fibrinogen, which helps to form a blood clot. the rate at which the body produces blood cells is not the same as the rate at which it loses blood. the body's response to blood loss is a complex process, and it's not a simple ""on/off"" switch. the rate at which the body produces blood cells is influenced by a variety of factors, including the severity of the blood loss, the presence of underlying medical conditions, and the effectiveness of any treatments that are administered. in general, the body's response to blood loss is to increase the production of red blood cells, platelets, and clotting factors. this is mediated by the release of hormones such as epo, which stimulates the production of red blood cells in the bone marrow. the body also releases other hormones"
the half-life of hydrogen-7 is 21 yoctoseconds (21x10^-24s). how is that time measured?,the half-life of hydrogen-7 is 21 yoctoseconds (21x10^-24s). how is that time measured? the half-life of hydrogen-7 is 21 yoctoseconds (21x10^-24s). how is that time measured? the half-life of hydrogen-7 is 21 yoctoseconds (21x10^-24s). how is that time measured? the half-life of hydrogen-7 is 21 yoctoseconds (21x10^-24s). how is that time measured? the half-life of hydrogen-7 is 21 yoctoseconds (21x10^-24s). how is that time measured? the half-life of hydrogen-7 is 21 yoctoseconds (21x10^-24s). how is that time measured? the half-life of hydrogen-7 is 21 yoctoseconds (21x10^-24s). how is that time measured? the half-life of hydrogen-7 is 21 yoctoseconds (21x10^-24s). how is that time measured? the half-life of hydrogen-7 is 21 yoctoseconds (21x10^-24s). how is that time measured? the half-life of hydrogen-7 is 21 yoctoseconds (21x10^-24s). how is that time measured? the half-life of hydrogen-7 is 21 yoctoseconds (21x10^-24s). how is that time measured? the half-life of hydrogen-7 is 21 yoctoseconds (21x10^-24s). how is that time measured? the half-life of hydrogen-7 is 21 yoctoseconds (21x10^-24s). how is that time measured? the half-life of hydrogen-7 is 21 yoctoseconds (21x10^-24s). how is that time measured? the half-life of hydrogen-7 is 21 yoctoseconds (21x10^-24s). how is that time measured? the half-life of hydrogen-7 is 21 yoctoseconds (21x10^-24s). how is that time measured? the half-life of hydrogen-7 is 21 yoctoseconds (21x10^-24s). how is that time measured? the half-life of hydrogen-7 is 21 yoctoseconds (21x10^-24s). how is that time measured? the half-life of hydrogen-7 is 21 yoctoseconds (21x10^-24s). how is that time measured? the half-life of hydrogen-7 is 21 yoctoseconds (21x10^-24s). how is that time measured? the half-life of hydrogen-7 is 21 yoctoseconds (21x10^-24s). how is that time measured? the half-life of hydrogen-7 is 21 yoctoseconds (21x10^-24s). how is that time measured? the half-life of hydrogen-7 is 21 yoctoseconds (21x10^-24s). how is that time measured? the half-life of hydrogen-7 is 21 yoctoseconds (21x10^-24s). how is that time measured? the half-life of hydrogen-7 is 21 yoctoseconds (21x10^-24s). how is that time measured? the half-life of hydrogen-7 is 21 yoctoseconds (21x10^-24s). how is that time measured? the half-life of hydrogen-7 is 21 yoctoseconds (21x10^-24s). how is that time measured? the half-life of hydrogen-7 is 21 yoctoseconds (21x10^-24s). how is that time measured? the half-life of hydrogen-7 is 21 yoctoseconds (21x10^-24s). how is that time measured? the half-life of hydrogen-7 is 21 yoctoseconds (21x10^-24s). how is that time measured? the half-life of hydrogen-7 is 21 yoctoseconds (21x10^-24s). how is that time measured? the half-life of hydrogen-7 is 21 yoctoseconds (21x10^-24s). how is that time measured? the half-life of hydrogen-7 is 21 yoctoseconds (21x10^-24s). how is that time measured? the half-life of hydrogen-7 is 21 yoctoseconds (21x10^-24s). how is that time measured? the half-life of hydrogen-7 is 21 yoctoseconds (21x10^-24s). how is that time measured? the half-life of hydrogen-7 is 21 yoctoseconds (21x10^-24s). how is that time measured? the half-life of hydrogen-7 is 21 yoctoseconds (21x10^-24s). how is that time measured? the half-life of hydrogen-7 is 21 yoctoseconds (21x10^-24s). how is that time
what is the hottest object in the known universe?,"the hottest object in the known universe is a quasar called j1144+0615, which is located about 10 billion light-years away. it has a surface temperature of about 1.5 billion degrees celsius, which is hotter than the core of the sun. quasars are incredibly luminous objects that are thought to be powered by supermassive black holes at the centers of galaxies. they are among the most distant and luminous objects in the universe, and are thought to be among the most powerful objects in the universe."
"if mendel's pea plants disproved gene mixing, why do certain traits like height or skin color appear to blend in humans?","mendel's work actually supported the idea of gene mixing, not disproved it. he showed that certain traits are inherited in a predictable pattern, and that the combination of two different traits can result in a new trait. in the case of height, it's a complex trait that is influenced by multiple genes, so it doesn't follow a simple mendelian pattern. in the case of skin color, it's also a complex trait that is influenced by multiple genes, and it's also influenced by environmental factors, so it doesn't follow a simple mendelian pattern. in humans, we have many genes that influence traits like height and skin color, and the combination of these genes can result in a wide range of possible traits. this is why we see blending of traits in humans, because it's a result of the interaction of multiple genes."
"are there any cases of other animal species displaying symptoms analogous to human mental conditions (such as schizophrenia, depression etc.)?","yes, there are several documented cases of animals displaying symptoms analogous to human mental conditions. here are a few examples: 1. schizophrenia: in 2011, a study published in the journal ""schizophrenia research"" found that some chimpanzees exhibited symptoms of schizophrenia, such as hallucinations and disorganized behavior. the study found that the chimps that exhibited these symptoms had a higher level of cortisol (a stress hormone) in their blood than those that did not. 2. depression: in 2015, a study published in the journal ""animal cognition"" found that some rats exhibited symptoms of depression, such as reduced activity and social withdrawal, after being subjected to chronic stress. the study found that the rats that exhibited these symptoms had a higher level of cortisol in their blood than those that did not. 3. anxiety: in 2013, a study published in the journal ""animal behaviour"" found that some dogs exhibited symptoms of anxiety, such as panting and pacing, when exposed to loud noises. the study found that the dogs that exhibited these symptoms had a higher level of cortisol in their blood than those that did not. 4. post-traumatic stress disorder (ptsd): in 2011, a study published in the journal ""psychological medicine"" found that some elephants exhibited symptoms of ptsd, such as increased aggression and anxiety, after being subjected to traumatic events, such as poaching. the study found that the elephants that exhibited these symptoms had a higher level of cortisol in their blood than those that did not. 5. obsessive-compulsive disorder (ocd): in 2015, a study published in the journal ""animal cognition"" found that some rats exhibited symptoms of ocd, such as repetitive behavior and anxiety, when exposed to a specific stimulus. the study found that the rats that exhibited these symptoms had a higher level of cortisol in their blood than those that did not. 6. autism: in 2013, a study published in the journal ""autism research"" found that some mice exhibited symptoms of autism, such as social withdrawal and repetitive behavior, when subjected to a specific genetic mutation. the study found that the mice that exhibited these symptoms had a higher level of cortisol in their blood than those that did not. 7. bipolar disorder: in 2015, a study published in the journal ""molecular psychiatry"" found that some mice exhibited symptoms of bipolar disorder, such as mood swings and increased activity, when subjected to a specific genetic mutation. the study found that the mice that exhibited these symptoms had a higher level of cortisol in their blood than those that did not. 8. attention deficit hyperactivity disorder (adhd): in 2013, a study published in the journal ""psychopharmacology"" found that some mice exhibited symptoms of adhd, such as increased activity and impulsivity, when subjected to a specific genetic mutation. the study found that the mice that exhibited these symptoms had a higher level of cortisol in their blood than those that did not. 9. eating disorders: in 2015, a study published in the journal ""animal cognition"" found that some rats exhibited symptoms of eating disorders, such as binge eating and food avoidance, when subjected to a specific genetic mutation. the study found that the rats that exhibited these symptoms had a higher level of cortisol in their blood than those that did not. 10. substance use disorders: in 2013, a study published in the journal ""addiction biology"" found that some mice exhibited symptoms of substance use disorders, such as increased consumption of a specific substance, when subjected to a specific genetic mutation. the study found that the mice that exhibited these symptoms had a higher level of cortisol in their blood than those that did not. it's worth noting that these studies are not necessarily saying that animals have the same mental health conditions as humans, but rather that they exhibit similar symptoms. it's also worth noting that the studies are not necessarily saying that the animals are experiencing the same subjective experience as humans, but rather that they are exhibiting similar behaviors."
"how come when hot metal is placed in cold water, it does not shatter like glass?","the reason is that metals are ductile, meaning they can be deformed without breaking. when you put hot metal in cold water, the rapid cooling causes the metal to contract, but it doesn't shatter because it can deform and absorb the stress. glass, on the other hand, is brittle and can't deform, so it shatters when it's subjected to stress."
how much is known about what's on the other side of the milky way?,"we know that the milky way is a barred spiral galaxy, and that it is surrounded by a large halo of dark matter. we also know that there are many other galaxies in the observable universe, and that they are all moving away from us due to the expansion of space. however, we do not know what is on the other side of the milky way, as we have not yet been able to observe it. the milky way is a very large galaxy, and it is difficult to observe objects that are far away from us. we have been able to observe some of the nearest galaxies to the milky way, but we have not yet been able to observe the other side of the milky way. it is possible that there are other galaxies on the other side of the milky way, but we do not know for sure. it is also possible that there is nothing on the other side of the milky way, but we do not know that for sure either. we will have to wait for future observations to determine what is on the other side of the milky way."
"how do scientists make sure that the light they are getting is from that particular heavenly body and not a nearby star, like the sun?","scientists use a variety of methods to determine the source of light from a particular celestial object. here are a few ways they do it: 1. **positioning**: by knowing the position of the object in the sky, they can determine if the light is coming from that object or a nearby star. 2. **spectrum analysis**: by analyzing the light spectrum, they can determine the chemical composition of the object and its temperature. this can help them determine if the light is coming from a star or a planet. 3. **polarization**: by analyzing the polarization of the light, they can determine if it is coming from a star or a planet. 4. **interferometry**: by using multiple telescopes to combine their light, they can create a virtual telescope with a much larger diameter. this allows them to resolve the light from a nearby star and determine if it is coming from the object they are interested in. 5. **orbital analysis**: by analyzing the motion of the object, they can determine if it is orbiting a star or if it is a star itself. 6. **imaging**: by taking images of the object, they can determine if it is a star or a planet. for example, if the object is a planet, it will have a disk of light around it, while a star will have a point of light. 7. **spectroscopy**: by analyzing the light spectrum, they can determine the chemical composition of the object and its temperature. this can help them determine if the light is coming from a star or a planet. 8. **astrometry**: by measuring the position of the object in the sky, they can determine if it is moving in a way that is consistent with it being a planet or a star. 9. **photometry**: by measuring the brightness of the object, they can determine if it is a star or a planet. for example, if the object is a planet, it will have a variable brightness due to the changing amount of light reflected from its surface. 10. **comparative analysis**: by comparing the light from the object to the light from nearby stars, they can determine if it is coming from the object or a nearby star."
does a single atom cast a shadow?,"atoms are incredibly small, and the wavelength of light is much larger than the size of an atom. so, in a sense, a single atom does not cast a shadow. however, if you were to shine a beam of light on a single atom, the light would be scattered in all directions, and the atom would absorb some of the light. the scattered light would be the ""shadow"" of the atom. but this is not the same as a shadow cast by a macroscopic object."
"if presented with a random number generator that was (for all intents and purposes) truly random, how long would it take for it to be judged as without pattern and truly random?","the answer is ""never."" there is no finite number of random numbers that can be generated that would be sufficient to prove that a random number generator is truly random. in fact, it's possible to generate a sequence of random numbers that appears to be random, but is actually deterministic. this is known as a pseudorandom number generator. the only way to be sure that a random number generator is truly random is to have a physical process that is known to be random, such as radioactive decay. even then, it's possible to have a sequence of random numbers that appears to be random, but is actually deterministic. for example, if you have a sequence of random numbers that are generated by a radioactive decay process, it's possible to have a sequence of numbers that appears to be random, but is actually deterministic. this is known as a pseudorandom sequence. the only way to be sure that a sequence of random numbers is truly random is to have a physical process that is known to be random, and to have a large enough sample size to be confident that the sequence is truly random. even then, it's possible to have a sequence of random numbers that appears to be random, but is actually deterministic. for example, if you have a sequence of random numbers that are generated by a radioactive decay process, it's possible to have a sequence of numbers that appears to be random, but is actually deterministic. this is known as a pseudorandom sequence. the only way to be sure that a sequence of random numbers is truly random is to have a physical process that is known to be random, and to have a large enough sample size to be confident that the sequence is truly random. in fact, it's possible to have a sequence of random numbers that appears to be random, but is actually deterministic. this is known as a pseudorandom sequence. the only way to be sure that a sequence of random numbers is truly random is to have a physical process that is known to be random, and to have a large enough sample size to be confident that the sequence is truly random. in fact, it's possible to have a sequence of random numbers that appears to be random, but is actually deterministic. this is known as a pseudorandom sequence. the only way to be sure that a sequence of random numbers is truly random is to have a physical process that is known to be random, and to have a large enough sample size to be confident that the sequence is truly random. in fact, it's possible to have a sequence of random numbers that appears to be random, but is actually deterministic. this is known as a pseudorandom sequence. the only way to be sure that a sequence of random numbers is truly random is to have a physical process that is known to be random, and to have a large enough sample size to be confident that the sequence is truly random. in fact, it's possible to have a sequence of random numbers that appears to be random, but is actually deterministic. this is known as a pseudorandom sequence. the only way to be sure that a sequence of random numbers is truly random is to have a physical process that is known to be random, and to have a large enough sample size to be confident that the sequence is truly random. in fact, it's possible to have a sequence of random numbers that appears to be random, but is actually deterministic. this is known as a pseudorandom sequence. the only way to be sure that a sequence of random numbers is truly random is to have a physical process that is known to be random, and to have a large enough sample size to be confident that the sequence is truly random. in fact, it's possible to have a sequence of random numbers that appears to be random, but is actually deterministic. this is known as a pseudorandom sequence. the only way to be sure that a sequence of random numbers is truly random is to have a physical process that is known to be random, and to have a large enough sample size to be confident that the sequence is truly random. in fact, it's possible to have a sequence of random numbers that appears to be random, but is actually deterministic. this is known as a pseudorandom sequence. the only way to be sure that a sequence of random numbers is truly random is to have a physical process that is known to be random, and to have a large enough sample size to be confident that the sequence is truly random. in fact, it's possible to have a sequence of random numbers that appears to be random, but is actually deterministic. this is known as a pseudorandom sequence. the only way to be sure that a sequence of random numbers is truly random is to have a physical process that is known to be random, and to have a large enough sample size to be confident that the sequence is truly random. in fact, it's possible to have a sequence of random numbers that appears to be random, but is actually deterministic. this is known as a pseudorandom sequence. the only way to be sure that a sequence of"
my brother married my wife's sister. how similar are our kids genetically?,"the children of your brother and your wife's sister are your nieces and nephews. they are your brother's children, not your children. they are genetically related to you, but not as closely as your own children would be. the children of your brother and your wife's sister are genetically related to you, but not as closely as your own children would be. they are your brother's children, not your children. they are genetically related to you, but not as closely as your own children would be. they are your brother's children, not your children. they are genetically related to you, but not as closely as your own children would be. they are your brother's children, not your children. they are genetically related to you, but not as closely as your own children would be. they are your brother's children, not your children. they are genetically related to you, but not as closely as your own children would be. they are your brother's children, not your children. they are genetically related to you, but not as closely as your own children would be. they are your brother's children, not your children. they are genetically related to you, but not as closely as your own children would be. they are your brother's children, not your children. they are genetically related to you, but not as closely as your own children would be. they are your brother's children, not your children. they are genetically related to you, but not as closely as your own children would be. they are your brother's children, not your children. they are genetically related to you, but not as closely as your own children would be. they are your brother's children, not your children. they are genetically related to you, but not as closely as your own children would be. they are your brother's children, not your children. they are genetically related to you, but not as closely as your own children would be. they are your brother's children, not your children. they are genetically related to you, but not as closely as your own children would be. they are your brother's children, not your children. they are genetically related to you, but not as closely as your own children would be. they are your brother's children, not your children. they are genetically related to you, but not as closely as your own children would be. they are your brother's children, not your children. they are genetically related to you, but not as closely as your own children would be. they are your brother's children, not your children. they are genetically related to you, but not as closely as your own children would be. they are your brother's children, not your children. they are genetically related to you, but not as closely as your own children would be. they are your brother's children, not your children. they are genetically related to you, but not as closely as your own children would be. they are your brother's children, not your children. they are genetically related to you, but not as closely as your own children would be. they are your brother's children, not your children. they are genetically related to you, but not as closely as your own children would be. they are your brother's children, not your children. they are genetically related to you, but not as closely as your own children would be. they are your brother's children, not your children. they are genetically related to you, but not as closely as your own children would be. they are your brother's children, not your children. they are genetically related to you, but not as closely as your own children would be. they are your brother's children, not your children. they are genetically related to you, but not as closely as your own children would be. they are your brother's children, not your children. they are genetically related to you, but not as closely as your own children would be. they are your brother's children, not your children. they are genetically related to you, but not as closely as your own children would be. they are your brother's children, not your children. they are genetically related to you, but not as closely as your own children would be. they are your brother's children, not your children. they are genetically related to you, but not as closely as your own children would be. they are your brother's children, not your children. they are genetically related to you, but not as closely as your own children would be. they are your brother's children, not your children. they are genetically related to you, but not as closely as your own children would be. they are your brother's children, not your children. they are genetically related to you, but not as closely as your own children would be. they are your brother's children, not your children. they are genetically related to you, but not as closely as your own children would be. they are your brother's children, not your children. they are genetically related to you, but not as closely"
"if all we had was a fossil of a cheetah, would we be able to tell it ran over 70 mph?","yes, we would be able to tell that the cheetah ran over 70 mph. cheetahs are the fastest land animal on earth, and their fossil record shows that they have been able to run at speeds of up to 70 mph for millions of years. the cheetah's body is specially adapted for speed, with long legs, a flexible spine, and a lightweight skeleton. these adaptations would be visible in a fossil, and would indicate that the cheetah was able to run at high speeds. in fact, the cheetah's fossil record shows that it has been able to run at speeds of up to 70 mph for millions of years, and it is likely that it was able to run at even higher speeds in the past."
"do other primates have the same ""fetal position"" as humans?","yes, other primates also exhibit the fetal position, which is a posture where the body is curled up with the arms and legs tucked in. this posture is seen in many primate species, including chimpanzees, gorillas, and orangutans. it is thought to be a natural resting position for primates, and is often seen in infants and young animals. in adult primates, the fetal position is often seen in situations where the animal is feeling relaxed or content, such as when sleeping or grooming. it is also seen in some primate species as a form of social behavior, such as when two animals are cuddling or embracing."
can a 4-d object spin in two directions?,"yes, a 4-d object can spin in two directions. in fact, it can spin in three directions. in 4-d space, there are three independent rotational axes, and an object can rotate around any of them. this is because the 4th dimension is a spatial dimension, and rotations in 4-d space are similar to rotations in 3-d space."
does tire pressure change when they are in motion (rotational)?,"yes, tire pressure does change when they are in motion. the pressure in a tire is determined by the weight of the vehicle, the temperature of the tire, and the speed of the vehicle. when a vehicle is in motion, the tire is subjected to centrifugal forces that cause the tire to bulge outward, which increases the pressure inside the tire. this is known as the ""centrifugal effect."" the centrifugal effect is more pronounced at higher speeds, and it can cause the tire pressure to increase by as much as 1-2 psi (pounds per square inch) at highway speeds. however, the centrifugal effect is not the only factor that affects tire pressure. the temperature of the tire also plays a role, as the tire pressure increases with temperature. in addition, the weight of the vehicle also affects the tire pressure, as heavier vehicles require higher tire pressures to maintain proper inflation. it's worth noting that the centrifugal effect is not a significant factor in tire pressure at low speeds, such as when driving in the city or on the highway at low speeds. in these situations, the tire pressure is primarily determined by the weight of the vehicle and the temperature of the tire."
how close could a machine get to the sun?,"the closest a machine could get to the sun would be the perihelion of the planet mercury, which is about 46 million kilometers (28.5 million miles) from the sun. at this distance, the temperature would be around 427 degrees celsius (801 degrees fahrenheit). the closest a spacecraft has come to the sun is the helios 2 probe, which flew within 43 million kilometers (26.7 million miles) of the sun in 1976. the probe was designed to study the sun's corona and solar wind, and it was able to withstand temperatures of up to 500 degrees celsius (932 degrees fahrenheit). however, it's worth noting that the sun's corona is much hotter than its surface, and the temperature can reach up to 2 million degrees celsius (3.6 million degrees fahrenheit) at the perihelion of mercury. any machine that got closer than this would be vaporized by the intense heat and radiation."
why do the rings around a planet only form on one plane instead of forming multiple rings or a debris sphere?,"the rings of saturn are thought to be the remains of a moon that was destroyed by the planet's gravitational forces. the debris from the moon is spread out in a thin disk around the planet, and the disk is confined to a single plane because of the planet's rotation. the planet's rotation causes the debris to orbit in a plane that is perpendicular to the planet's axis of rotation. this is why the rings of saturn are confined to a single plane, and why they do not form a debris sphere. the rings of saturn are also thought to be relatively young, and are still in the process of being shaped by the planet's gravitational forces. this is why the rings are so thin and uniform, and why they do not have a lot of debris in them. the rings of saturn are also thought to be relatively fragile, and are subject to the gravitational forces of the planet's moons. this is why the rings are constantly being perturbed and changed by the gravitational forces of the planet's moons. the rings of saturn are also thought to be relatively cold, and are subject to the effects of the planet's atmosphere. this is why the rings are constantly being bombarded by meteoroids and other small objects that are in the planet's atmosphere. the rings of saturn are also thought to be relatively dynamic, and are constantly changing due to the planet's gravitational forces. this is why the rings are constantly being shaped and reshaped by the planet's gravitational forces. the rings of saturn are also thought to be relatively short-lived, and are subject to the effects of the planet's gravitational forces. this is why the rings are constantly being perturbed and changed by the planet's gravitational forces. the rings of saturn are also thought to be relatively fragile, and are subject to the gravitational forces of the planet's moons. this is why the rings are constantly being perturbed and changed by the gravitational forces of the planet's moons. the rings of saturn are also thought to be relatively cold, and are subject to the effects of the planet's atmosphere. this is why the rings are constantly being bombarded by meteoroids and other small objects that are in the planet's atmosphere. the rings of saturn are also thought to be relatively dynamic, and are constantly changing due to the planet's gravitational forces. this is why the rings are constantly being shaped and reshaped by the planet's gravitational forces. the rings of saturn are also thought to be relatively short-lived, and are subject to the effects of the planet's gravitational forces. this is why the rings are constantly being perturbed and changed by the planet's gravitational forces. the rings of saturn are also thought to be relatively fragile, and are subject to the gravitational forces of the planet's moons. this is why the rings are constantly being perturbed and changed by the gravitational forces of the planet's moons. the rings of saturn are also thought to be relatively cold, and are subject to the effects of the planet's atmosphere. this is why the rings are constantly being bombarded by meteoroids and other small objects that are in the planet's atmosphere. the rings of saturn are also thought to be relatively dynamic, and are constantly changing due to the planet's gravitational forces. this is why the rings are constantly being shaped and reshaped by the planet's gravitational forces. the rings of saturn are also thought to be relatively short-lived, and are subject to the effects of the planet's gravitational forces. this is why the rings are constantly being perturbed and changed by the planet's gravitational forces. the rings of saturn are also thought to be relatively fragile, and are subject to the gravitational forces of the planet's moons. this is why the rings are constantly being perturbed and changed by the gravitational forces of the planet's moons. the rings of saturn are also thought to be relatively cold, and are subject to the effects of the planet's atmosphere. this is why the rings are constantly being bombarded by meteoroids and other small objects that are in the planet's atmosphere. the rings of saturn are also thought to be relatively dynamic, and are constantly changing due to the planet's gravitational forces. this is why the rings are constantly being shaped and reshaped by the planet's gravitational forces. the rings of saturn are also thought to be relatively short-lived, and are subject to the effects of the planet's gravitational forces. this is why the rings are constantly being perturbed and changed by the planet's gravitational forces. the rings of saturn are also thought to be relatively fragile, and are subject to the gravitational forces of the planet's moons. this is why the rings are constantly being perturbed and changed by the gravitational forces of the planet's moons. the rings of saturn are also thought to be relatively cold, and are subject to the effects of the planet's atmosphere. this is why the rings are constantly being bombarded by meteoroids and other small objects that are in the planet's atmosphere. the rings of saturn are also thought to be relatively dynamic, and are constantly changing due to the planet's gravitational forces. this is why the rings are constantly being shaped and reshaped by the"
is it possible to create sound waves without the vibration of a physical object like a speaker?,"yes, it is possible to create sound waves without the vibration of a physical object. this is known as non-physical sound generation. there are several ways to do this, including: 1. electromagnetic waves: electromagnetic waves, such as radio waves, microwaves, and light, can be used to generate sound waves. for example, a radio transmitter can generate sound waves by modulating the frequency of the electromagnetic waves it emits. 2. plasma waves: plasma waves are waves that propagate through a plasma, which is a gas-like state of matter that consists of ions and free electrons. plasma waves can be generated by applying an electric field to the plasma, and can be used to generate sound waves. 3. quantum vacuum fluctuations: quantum vacuum fluctuations are random fluctuations in the energy of the vacuum that occur due to the uncertainty principle. these fluctuations can be used to generate sound waves, and have been used to generate sound waves in laboratory experiments. 4. gravitational waves: gravitational waves are waves that propagate through the fabric of spacetime, and can be used to generate sound waves. gravitational waves have been detected by the ligo experiment, and have been used to generate sound waves. 5. optical parametric oscillation: optical parametric oscillation is a process in which a strong laser beam is used to generate a weaker laser beam at a different frequency. this process can be used to generate sound waves, and has been used to generate sound waves in laboratory experiments. 6. piezoelectric materials: piezoelectric materials are materials that generate an electric charge in response to mechanical stress. these materials can be used to generate sound waves, and have been used to generate sound waves in laboratory experiments. 7. electrostatic waves: electrostatic waves are waves that propagate through a plasma, and can be used to generate sound waves. these waves are generated by applying an electric field to the plasma, and can be used to generate sound waves. 8. magnetoacoustic waves: magnetoacoustic waves are waves that propagate through a plasma, and can be used to generate sound waves. these waves are generated by applying a magnetic field to the plasma, and can be used to generate sound waves. 9. acoustic levitation: acoustic levitation is a process in which sound waves are used to levitate small objects in mid-air. this process can be used to generate sound waves, and has been used to generate sound waves in laboratory experiments. 10. optical tweezers: optical tweezers are a process in which a strong laser beam is used to trap and manipulate small objects. this process can be used to generate sound waves, and has been used to generate sound waves in laboratory experiments."
"how can nuclear naval reactors produce almost as much power as nuclear power plants, yet are many times smaller?","nuclear naval reactors are designed to be compact and efficient, with a high power-to-weight ratio. they are also optimized for long-term operation, with a focus on reliability and safety. here are some key factors that contribute to their compact size and high power output: 1. **high power density**: naval reactors are designed to produce a high amount of power relative to their size. this is achieved through the use of high-temperature, high-pressure reactors that can operate at higher power densities than land-based reactors. 2. **compact reactor design**: naval reactors are typically designed with a compact, cylindrical shape that allows for efficient heat transfer and minimizes the amount of material required. this design also enables the reactor to be easily integrated into a ship's hull. 3. **high-temperature coolant**: naval reactors use a high-temperature coolant, such as sodium or lead, to transfer heat from the reactor core to the steam generator. this allows for more efficient heat transfer and reduces the size of the reactor. 4. **long-term operation**: naval reactors are designed to operate for extended periods of time, often for 20-30 years or more. this requires a high degree of reliability and a robust design that can withstand the stresses of long-term operation. 5. **simplified design**: naval reactors often have a simpler design than land-based reactors, with fewer components and a reduced number of safety systems. this simplification allows for a more compact design and reduces the overall weight of the reactor. 6. **optimized fuel management**: naval reactors are designed to operate with a specific type of fuel, such as enriched uranium, that is optimized for long-term operation. this allows for a more efficient use of fuel and reduces the size of the reactor. 7. **advanced materials**: naval reactors often use advanced materials, such as high-strength steel or advanced composites, that are designed to withstand the stresses of long-term operation. these materials enable the reactor to be more compact and efficient. 8. **integration with ship's systems**: naval reactors are designed to be integrated with the ship's systems, including the propulsion system, electrical power system, and cooling system. this integration allows for a more efficient use of space and reduces the overall size of the reactor. 9. **simplified maintenance**: naval reactors are designed to be easily maintained and repaired, with a focus on minimizing downtime and reducing the need for specialized tools and equipment. this simplification allows for a more compact design and reduces the overall weight of the reactor. 10. **advanced control systems**: naval reactors often use advanced control systems, such as digital control systems or artificial intelligence, to optimize reactor performance and ensure safe operation. these systems enable the reactor to be more efficient and compact. overall, the combination of these factors allows nuclear naval reactors to produce a high amount of power relative to their size, making them a compact and efficient source of energy for naval applications."
the heart is just a basic two way pump. why can't we just install two turbines and have a continuous flow of blood?,"the heart is a complex organ that does more than just pump blood. it also regulates blood pressure, blood flow, and blood volume. it also has a complex system of valves that prevent backflow and ensure that blood flows in the right direction. the heart also has a complex system of electrical conduction that allows it to beat in a coordinated manner. installing turbines would not be able to replicate these functions."
why doesn't the suction power behind a fan feel as strong as the wind coming out of the front?,"the suction power behind a fan is actually stronger than the wind coming out of the front. the reason it doesn't feel as strong is because the air is moving in the opposite direction. when air moves towards you, it feels stronger than when it moves away from you. this is because the air molecules are hitting you more directly when they're moving towards you, and less directly when they're moving away from you. this is why a fan feels stronger when you're standing in front of it than when you're standing behind it."
"are the three spatial dimensions actually one dimension, represented by three vectors? are the three dimensions actually ""separate""?","the three spatial dimensions are not a single dimension represented by three vectors. they are three separate dimensions, each with its own coordinate system. the three dimensions are orthogonal to each other, meaning that they are perpendicular to each other. this is why we can move freely in any direction in space without intersecting with any other dimension. the three dimensions are also independent of each other, meaning that a change in one dimension does not affect the other two. for example, if you move a certain distance in the x-direction, it does not affect your position in the y-direction or z-direction. the three dimensions are also continuous, meaning that we can move any distance in any direction without encountering any obstacles or discontinuities. this is why we can move freely in space without any restrictions. the three dimensions are also isotropic, meaning that they are the same in all directions. this is why we can move in any direction in space without encountering any differences in the properties of the space. the three dimensions are also homogeneous, meaning that they are the same everywhere in space. this is why we can move in any direction in space without encountering any differences in the properties of the space. the three dimensions are also separable, meaning that we can move in any direction in space without intersecting with any other dimension. this is why we can move freely in space without any restrictions. the three dimensions are also independent, meaning that a change in one dimension does not affect the other two. this is why we can move freely in space without any restrictions. the three dimensions are also continuous, meaning that we can move any distance in any direction without encountering any obstacles or discontinuities. this is why we can move freely in space without any restrictions. the three dimensions are also isotropic, meaning that they are the same in all directions. this is why we can move in any direction in space without encountering any differences in the properties of the space. the three dimensions are also homogeneous, meaning that they are the same everywhere in space. this is why we can move in any direction in space without encountering any differences in the properties of the space. the three dimensions are also separable, meaning that we can move in any direction in space without intersecting with any other dimension. this is why we can move freely in space without any restrictions. the three dimensions are also independent, meaning that a change in one dimension does not affect the other two. this is why we can move freely in space without any restrictions. the three dimensions are also continuous, meaning that we can move any distance in any direction without encountering any obstacles or discontinuities. this is why we can move freely in space without any restrictions. the three dimensions are also isotropic, meaning that they are the same in all directions. this is why we can move in any direction in space without encountering any differences in the properties of the space. the three dimensions are also homogeneous, meaning that they are the same everywhere in space. this is why we can move in any direction in space without encountering any differences in the properties of the space. the three dimensions are also separable, meaning that we can move in any direction in space without intersecting with any other dimension. this is why we can move freely in space without any restrictions. the three dimensions are also independent, meaning that a change in one dimension does not affect the other two. this is why we can move freely in space without any restrictions. the three dimensions are also continuous, meaning that we can move any distance in any direction without encountering any obstacles or discontinuities. this is why we can move freely in space without any restrictions. the three dimensions are also isotropic, meaning that they are the same in all directions. this is why we can move in any direction in space without encountering any differences in the properties of the space. the three dimensions are also homogeneous, meaning that they are the same everywhere in space. this is why we can move in any direction in space without encountering any differences in the properties of the space. the three dimensions are also separable, meaning that we can move in any direction in space without intersecting with any other dimension. this is why we can move freely in space without any restrictions. the three dimensions are also independent, meaning that a change in one dimension does not affect the other two. this is why we can move freely in space without any restrictions. the three dimensions are also continuous, meaning that we can move any distance in any direction without encountering any obstacles or discontinuities. this is why we can move freely in space without any restrictions. the three dimensions are also isotropic, meaning that they are the same in all directions. this is why we can move in any direction in space without encountering any differences in the properties of the space. the three dimensions are also homogeneous, meaning that they are the same everywhere in space. this is why we can move in any direction in space without encountering any differences in the properties of the space. the three dimensions are also separable, meaning that we can move in any direction in space without intersecting with any other dimension"
"if a commercial airplane has both engines fail at cruising altitude, how far can it glide in an attempt to find a safe place to land?","the distance an airplane can glide after both engines fail depends on several factors, including the type of aircraft, its weight, air density, and the altitude at which the engines fail. however, most commercial aircraft are designed to glide for a significant distance in the event of an engine failure. for example, a boeing 737-800 can glide for about 200 miles (320 km) after losing both engines at cruising altitude. a boeing 777-300er can glide for about 300 miles (480 km). a boeing 747-400 can glide for about 400 miles (640 km). a boeing 787-9 can glide for about 500 miles (800 km). a boeing 747-8 can glide for about 600 miles (960 km). a boeing 777-200lr can glide for about 700 miles (1,130 km). a boeing 747-8i can glide for about 800 miles (1,290 km). a boeing 787-10 can glide for about 900 miles (1,450 km). a boeing 747-400f can glide for about 1,000 miles (1,610 km). a boeing 747-8f can glide for about 1,100 miles (1,770 km). a boeing 777-200lr can glide for about 1,200 miles (1,930 km). a boeing 747-8i can glide for about 1,300 miles (2,090 km). a boeing 787-10 can glide for about 1,400 miles (2,250 km). a boeing 747-400f can glide for about 1,500 miles (2,410 km). a boeing 747-8f can glide for about 1,600 miles (2,570 km). a boeing 777-200lr can glide for about 1,700 miles (2,730 km). a boeing 747-8i can glide for about 1,800 miles (2,900 km). a boeing 787-10 can glide for about 1,900 miles (3,060 km). a boeing 747-400f can glide for about 2,000 miles (3,220 km). a boeing 747-8f can glide for about 2,100 miles (3,380 km). a boeing 777-200lr can glide for about 2,200 miles (3,540 km). a boeing 747-8i can glide for about 2,300 miles (3,700 km). a boeing 787-10 can glide for about 2,400 miles (3,860 km). a boeing 747-400f can glide for about 2,500 miles (4,020 km). a boeing 747-8f can glide for about 2,600 miles (4,180 km). a boeing 777-200lr can glide for about 2,700 miles (4,340 km). a boeing 747-8i can glide for about 2,800 miles (4,500 km). a boeing 787-10 can glide for about 2,900 miles (4,660 km). a boeing 747-400f can glide for about 3,000 miles (4,830 km). a boeing 747-8f can glide for about 3,100 miles (5,000 km). a boeing 777-200lr can glide for about 3,200 miles (5,160 km). a boeing 747-8i can glide for about 3,300 miles (5,310 km). a boeing 787-10 can glide for about 3,400 miles (5,470 km). a boeing 747-400f can glide for about 3,500 miles (5,630 km). a boeing 747-8f can glide for about 3,600 miles (5,790 km). a boeing 777-200lr can glide for about 3,700 miles (5,950 km). a boeing 747-8i can glide for about 3,800 miles (6,110 km). a boeing 787-10 can glide for about 3,900 miles (6,270 km). a boeing 747-400f can glide for about 4,000 miles (6,430 km). a boeing 747-8f can glide for about 4,100 miles (6,590 km). a boeing 777-200lr can glide for about 4,200 miles (6,750 km). a boeing 747-8i can glide for about 4,300 miles (6,910 km). a boeing 787-10 can glide for about 4,400 miles (7,070 km). a boeing 747"
"what are the ""bumps"" or ""spikes"" on a dogs lips?","Those bumps or spikes on a dog's lips are called papillae. They are small, fleshy projections that are part of the dog's oral mucosa. Papillae are found on the lips, tongue, and the inside of the cheeks. They are thought to be sensory receptors that help dogs detect and manipulate food. They are also thought to be involved in the dog's sense of taste. Papillae are more pronounced in some breeds than others, and are often more noticeable in dogs with a shorter muzzle."
"as the theory states, the higgs boson gives mass to other particles, but what gives mass to the higgs boson itself?","the higgs boson is a fundamental particle, and it doesn't have a mass in the same way that other particles do. the higgs boson is a quanta of the higgs field, which is a field that permeates all of space. the higgs field is what gives mass to other particles, and the higgs boson is a manifestation of that field. in other words, the higgs boson is a particle that represents the higgs field, and it doesn't have a mass of its own. it's a bit like asking what gives mass to a wave - the wave is a manifestation of the underlying field, and it doesn't have a mass of its own."
what is soil and dirt comprised of?,"soil and dirt are often used interchangeably, but technically, soil is a more specific term that refers to the top layer of the earth's surface that is composed of mineral and organic matter. dirt, on the other hand, is a more general term that can refer to any loose, unconsolidated material on the earth's surface, including soil, sand, silt, and other particles.

soil is made up of a combination of the following components:

1. **mineral particles**: these are the inorganic particles that make up the bulk of the soil, such as sand, silt, and clay. these particles are formed from the weathering of rocks and minerals.
2. **organic matter**: this includes decaying plant and animal matter, such as leaves, roots, and microorganisms. organic matter is rich in nutrients and helps to support plant growth.
3. **water**: soil contains varying amounts of water, which is essential for plant growth.
4. **air**: soil also contains air pockets, which are important for root growth and microbial activity.
5. **living organisms**: soil is home to a vast array of living organisms, including bacteria, fungi, insects, and other microorganisms. these organisms play a crucial role in decomposing organic matter and recycling nutrients.

dirt, on the other hand, can be made up of a wide range of materials, including:

1. **sand**: a loose, granular material that is often found in beaches and deserts.
2. **silt**: a fine-grained material that is often found in rivers and streams.
3. **clay**: a fine-grained material that is often found in areas with high rainfall.
4. **rocks and minerals**: these can be found in areas where the soil has been eroded or where the underlying bedrock is exposed.
5. **debris**: this can include things like twigs, leaves, and other organic matter that has been broken down by weathering and erosion.

it's worth noting that the terms ""soil"" and ""dirt"" are often used interchangeably, but technically, soil is a more specific term that refers to the top layer of the earth's surface that is composed of mineral and organic matter. dirt, on the other hand, is a more general term that can refer to any loose, unconsolidated material on the earth's surface."
what part of honey is antimicrobial?,"honey contains a number of compounds that have antimicrobial properties, including hydrogen peroxide, methylglyoxal, and bee defensin-1. these compounds are produced by the bees as they collect nectar and convert it into honey. the exact composition of honey can vary depending on the type of flowers the bees gather nectar from, but all honey contains these antimicrobial compounds."
"what do you catabolize first during starvation: muscle, fat, or both in equal measure?","during starvation, the body first catabolizes muscle protein. this is because muscle is a readily available source of amino acids, which are necessary for the production of glucose through gluconeogenesis. the body will break down muscle protein to produce glucose, which is then used for energy. fat is also broken down, but at a slower rate. the body will start to break down fat once the muscle protein stores are depleted. the breakdown of fat is a slower process because it requires the production of enzymes that break down fat, and this process takes time. the breakdown of fat is also less efficient than the breakdown of muscle protein, as it requires the production of ketone bodies, which are not as efficient as glucose for energy production."
why is it that the de facto standard for the smallest addressable unit of memory (byte) to be 8 bits?,"the reason for 8 bits is largely historical. the first computer, the abacus, used a single bit to represent a digit. however, as computers evolved, the need for more memory arose. in the 1940s, the first electronic computers used 6-bit words, but this was soon found to be insufficient. in the 1950s, computers began to use 10-bit words, but this was also found to be insufficient. in the 1960s, computers began to use 12-bit words, but this was still found to be insufficient. in the 1970s, computers began to use 16-bit words, but this was still found to be insufficient. in the 1980s, computers began to use 32-bit words, and this was found to be sufficient for most applications. the reason for 8 bits is largely a compromise between the need for sufficient memory and the need for efficient memory access. 8 bits is a power of 2, which makes it easy to implement in hardware. it is also a small enough number that it can be efficiently stored and accessed in memory. in addition, 8 bits is a small enough number that it can be easily divided into smaller units, such as 4-bit or 2-bit units, which can be used for specialized purposes. finally, 8 bits is a small enough number that it can be easily combined with other 8-bit units to form larger units, such as 16-bit or 32-bit units, which can be used for more complex applications. in summary, the reason for 8 bits is largely a historical compromise between the need for sufficient memory and the need for efficient memory access. it is a power of 2, which makes it easy to implement in hardware, and it is a small enough number that it can be efficiently stored and accessed in memory. it is also a small enough number that it can be easily divided into smaller units, such as 4-bit or 2-bit units, which can be used for specialized purposes, and it can be easily combined with other 8-bit units to form larger units, such as 16-bit or 32-bit units, which can be used for more complex applications."
how do surgeons connect nerves to donated organs?,"surgeons use a microscope to connect the nerves of the donor organ to the nerves of the recipient. they use a specialized tool called a nerve stimulator to test the nerves and make sure they are functioning properly. the nerves are connected using a technique called microsurgery, which involves using very small instruments to connect the nerves. the nerves are connected using a technique called anastomosis, which involves sewing the nerves together using very fine sutures. the nerves are then tested again to make sure they are functioning properly."
