,id,title
2252,5030,Bloody Sunday (1972)
3278,4049178,Dursunbey
3353,4049692,Behind the Sun (Red Hot Chili Peppers song)
3772,4052442,Sunset (1988 film)
3946,4053726,Sunshine (disambiguation)
4238,4056251,TNT Sunday Night Football
4319,4056974,List of Sundance Film Festival award winners
5057,4063196,Suncorp Group
5090,4063472,Dave Tatsuno
5716,4068757,Sunshine Superman: The Very Best of Donovan
6012,4070973,David N. Sundwall
6173,4072181,Try for the Sun: The Journey of Donovan
6671,4076313,Sundlaugin
7142,4080759,Per Olof Sundman
7634,4084564,Henrik Sundström
7756,4085589,Sundern
8643,4093361,Treaty of Asunción
8798,4094660,Ağlasun
9359,4098990,Sun Marine Stadium
9853,4102888,"Ramsund, Norway"
10135,4104044,Sunset at Blandings
10234,4104384,Göksun
10412,4105105,"Kavak, Samsun"
10553,4105803,Saksunarvatn tephra
10712,4106613,St. Anne of the Sunset Church in San Francisco
10743,4106765,Sunnyside Unified School District
12070,4116539,Sungurlu
12545,4119697,Assunta Spina (1915 film)
14088,4131019,Vormsund
14149,4131366,Bangsund
14730,4136278,Sunday NFL Countdown
14799,4136827,Lysøysundet
15092,4139527,World Without Sun
15997,4145634,Sunglasses at Night
16098,4146237,Tsunami Evaluation Coalition
16940,4152173,Chou Chun-hsun
17092,4153083,Leirsund
17546,4156629,WWE Cyber Sunday
17934,4159416,Asunafo District
17937,4159430,Asunafo South District
18360,4162181,"Myklebost, Ålesund"
18391,4162324,Sunndalsøra
19051,4166708,Suna Murray
20962,4180840,Another Spin Around the Sun
22100,4188952,Jin Sun-yu
22259,4190434,Sunshine Dream
22812,4194697,Sundridge with Ide Hill
22846,4194901,Sunbeam 1000 hp
24104,4204032,Havøysund
24153,4204330,Sunbeam 350HP
24248,4205209,Sunset Beach (Oahu)
24262,4205288,Dagfinn Sundsbø
24501,4206680,Cinnemousun Narrows Provincial Park
26102,4219012,Sunset Lake Floating Bridge
28154,4234927,Jyoti Sunita Kullu
28381,4237138,Tokyo Sunshine Boys
28481,4237868,Winged sun
28659,4239182,Nybergsund
28778,4239842,Suncroft GFC
29210,4241906,Sunningwell
29680,4243439,Datsun 280 ZZZAP
29807,4244193,Sun Arena
30718,4251471,Refreshment Sunday
30773,4251789,Sunspot (disambiguation)
31992,4261309,Coatbridge Sunnyside railway station
32238,4263241,Julius Sundblom
32293,4263577,Empire of the Rising Sun
32665,4266661,Separation Sunday
32721,4267217,Kroksund
32722,4267220,Sundvollen
33327,4271995,Sunrise (Fish Leong album)
33504,4273425,Sunblock (band)
33792,4275083,Sunao Sato
33953,4276204,Suncoast Seabird Sanctuary
35496,4288320,Soak Up the Sun
35814,4290582,Sujith Somasunder
36022,4292181,Six Ways to Sunday
36562,4296303,Sun Shengnan
36885,4298832,The Dark Side of the Sun (TV serial)
37420,4302723,Sunday Press
37619,4304505,Sun Tran
37859,4306064,Kiss (When the Sun Don't Shine)
38407,4310095,Grikor Suni
38428,4310257,Tecsun
38522,4311063,"Earth, Sun, Moon"
39069,4315483,Sunday Night Baseball
40510,4324946,Sunk Island
40532,4325069,Jon Sundby
40538,4325107,Arne Sunde
40541,4325120,Elias Sunde
41032,4329179,Samsung Q1
41289,4331278,Tursunzoda
41366,4331872,Seedy Sunday
41789,4335240,Rototom Sunsplash
42649,4341907,"Ålesund Airport, Vigra"
42656,4341963,Linda Sundblad
42928,4344156,Zhangsun (surname)
42958,4344377,Sørøysund
43463,4348131,Osun River
43491,4348259,Omi Osun
45027,4359090,Sunnydale High Yearbook
45207,4360453,Sunday Stew
45852,4365901,House of the Rising Sun (Lost)
45881,4366126,Song Hae-sung
46046,4367298,Mamelodi Sundowns F.C.
46206,4368344,Carnival Sunrise
46979,4373578,Murder on a Sunday Morning
46993,4373748,Røssesund Bridge
48392,4384528,KC and the Sunshine Band (album)
48595,4386099,Karmsund Bridge
49801,4395259,The Sound of Sunshine
49814,4395381,Part 3 (KC and the Sunshine Band album)
50038,4397517,Ganging Up on the Sun
50068,4397776,Omi-Osun ruins
50340,4399923,Avocado sunblotch viroid
50410,4400451,The Sunday Press
50968,4404218,Sunset Bain
51151,4405418,The Painter (KC and the Sunshine Band album)
51202,4405747,Oh Yeah! (KC and the Sunshine Band album)
51258,4406159,Fat Old Sun
51308,4406537,Sun SPOT
51425,4407430,Arizona Daily Sun
51458,4407583,Langesundsfjord
51625,4408987,Tsuneo Tamagawa
52176,4413065,Sunshine (1999 film)
52366,4414204,The Setting Sun
52381,4414312,Sun chart
53597,4422509,The Last Sunset
53948,4424952,Sunnyside Yard
53976,4425096,The Sunday Philosophy Club series
54637,4430420,Under the Sun of Satan (film)
55396,4435883,Sunfire (series)
56856,4445766,Sunset Handicap
57374,4449270,Sunningdale School
59099,4461968,Sundown murders
59214,4462733,Kim Sung-soo (actor)
59303,4463230,Catholic Academy of Sunnyvale
59328,4463392,Jaime Sunye Neto
59509,4464495,Haugesund Airport
61080,4475310,Raizo Matsuno
62687,4487729,Sunn pest
63705,4496944,Burford v. Sun Oil Co.
63981,4499025,Sunrise Radio (Ireland)
64022,4499391,Sunny Hundal
64098,4499885,Sunderland High School
65011,4506505,Sunwing Airlines
65606,4510878,Samsun 19 Mayıs Stadium (1975)
66308,4515327,Sunnybrae Provincial Park
66315,4515341,Sun-Oka Beach Provincial Park
66674,4517642,Sunrise equation
67071,4520896,Phil Keaggy and Sunday's Child
67228,4521904,Bjørn Sundquist
67274,4522272,The Sundown Playboys
67417,4523331,Sunday Live
67421,4523347,Sunday Morning (album)
67898,4527226,Sun Prairie East High School
67922,4527402,Flies Inside the Sun
68022,4528170,Sun sign astrology
68337,4530710,Newcastle Sunday
68358,4530946,Lord Sunday
68443,4531560,Tsintsunko Lakes Provincial Park
69480,4539604,UNSW Sunswift
69645,4540979,Black Sunshine
70000,4543420,Gongsun Gong
70625,4547885,"Dorothy Spencer, Countess of Sunderland"
71474,4555183,Sun Kuang
71585,4555851,Sun Zoom Spark
72969,4566360,Steve Sundra
73379,4569607,"Anne Spencer, Countess of Sunderland (died 1715)"
74005,4575955,Sunrise Izumo
74006,4575957,Sunrise Seto
74263,4578009,Arizona State Sun Devils
74276,4578083,Kilsund
74460,4579197,Sun Machine
74518,4579601,Sun Yi
74520,4579612,Sun Yu (Han dynasty)
74524,4579631,Sun Jing
74526,4579635,Sarah Cameron Sunde
74530,4579653,Sun Jiao
74534,4579681,Sun Huan (Shuwu)
74645,4580381,Investment AB Öresund
74870,4581890,Kneel to the Rising Sun
75068,4583187,Sun Cloud
75094,4583322,Mutsun language
75225,4584118,Don't Look Back into the Sun
75517,4586048,"Ode: Sung on the Occasion of Decorating the Graves of the Confederate Dead at Magnolia Cemetery, Charleston, S.C., 1867"
75793,4588462,Yu Gwan-sun
75846,4589008,The Sunday Times (Western Australia)
77251,4599844,Sunset Studies
77326,4600589,Sunder Singh Bhandari
77741,4603230,Suncoast Casino and Entertainment World
77743,4603249,Port Sunlight railway station
78445,4608129,Sunday Islet (Queensland)
78451,4608167,Sunday Island
78763,4611025,Sunday Island (King Sound)
79548,4617277,Tail of the Sun
80126,4622798,Zo In-sung
80207,4623384,Ken Sunshine
80382,4624372,Chung Eui-sun
80522,4625275,Elasund
81298,4631391,Dying in the Sun
82653,4642340,Land of the Midnight Sun (album)
83081,4645830,Vancouver Sun Run
83709,4651426,Sun Run
84133,4655213,South of Sunset
84847,4661587,Sunbeam Arab
84858,4661718,Sunbeam Sikh
85679,4667704,"S. ""Sundi"" Sundaresh"
86170,4672124,Kim Kwang-sun
86197,4672317,Chun Chil-sung
86200,4672327,Hong Sung-sik
86567,4674470,Sundar Popo
86872,4676329,Sunrise Alley
87323,4679936,Sun and moon letters
87344,4680104,Sun 'n Fun
87405,4680561,Children of the Sun (The Sallyangie album)
87614,4682438,Princess Sun
88338,4687239,Sunrise Boulevard (Broward County)
88861,4691911,Sun Lang
90323,4703011,Sunway Putra Mall
90375,4703444,Smif 'n' Wessun: Reloaded
90404,4703653,Sunday Street (song)
90630,4705281,Sunidhi Chauhan
91118,4709347,Hawaii Tsunami
91415,4711266,Tsuneo Kobayashi
91417,4711272,Please Don't Go (KC and the Sunshine Band song)
91660,4713770,Nightride and Sunrise
92072,4718046,Dark Is the Sun
92154,4718822,Moon Sung-hyun
92207,4719390,Sun Devil Marching Band
92402,4721518,Anuthin Wongsunkakon
92418,4721617,Shadows on the Sun
93755,4734352,Suno Ke Main Hun Jawan
93758,4734361,The Golden Apples of the Sun (album)
94397,4739929,Sun Valley Airport (Arizona)
94398,4739933,Sun Valley Airport
94979,4744575,Minakshisundaram–Pleijel zeta function
95151,4745712,Why Does the Sun Shine? (The Sun Is a Mass of Incandescent Gas)
96583,4756926,You're My Sunshine
98048,4768734,Paul Whitsun-Jones
98742,4772994,Sundergarh
99877,4781570,SunOpta
100329,4784910,Sunderland City Council
100719,4788380,James Sunderland
101146,4792288,"Sun Temple, Modhera"
101496,4796186,When Young Terrorists Chase the Sun
101644,4797743,ESPN Sunday Night NFL
101984,4800845,Sun Capital Partners
102655,4808456,Sassuntsi-Davit Tank Regiment
102819,4810275,Sunart
103064,4812540,The Sun Has Got His Hat On
103163,4813438,Sunlight Studio
103284,4814912,Sunderland (UK Parliament constituency)
103942,4821775,Suns
104781,4830244,The Warmth of the Sun
104806,4830412,Sunport Takamatsu
105315,4835514,Run to the Sun
105484,4837552,Tsuneko Okazaki
105509,4837813,"Sunehri Kothi, Tonk"
106473,4845827,Night on the Sun
106643,4847387,Earth Day Sunday
106664,4847587,Songs for Tsunami Relief: Austin to South Asia
106877,4849701,Tsunami (disambiguation)
107091,4851752,Jøssund
107290,4852843,Sunny Delight Beverages
107429,4853648,Sunshine Millions Dash
107500,4854045,Sunland Derby
107554,4854466,Closer to the Sun (Slightly Stoopid album)
108354,4861463,Sunflower Market
109002,4867128,Sunfire
109248,4869254,Sunriver
109564,4872032,Merced Sun-Star
109597,4872361,Yim Sung-ah
109663,4872956,"Fremont High School (Sunnyvale, California)"
109792,4874232,Sunward Aerospace Group
109954,4876145,Duke of Osuna
109959,4876226,"Pedro Téllez-Girón, 9th Duke of Osuna"
109974,4876333,"María Josefa Pimentel, Duchess of Osuna"
110997,4885064,Sunwah – PearL Linux
111623,4890381,Kim Myeong-sun
111700,4891126,Sunless Days
112226,4895973,Sunburn (disambiguation)
112355,4897672,"New Hope, Sunnyvale, Texas"
112356,4897719,Hansung Science High School
112360,4897858,"Tripp, Sunnyvale, Texas"
112407,4898297,Copper Sunrise
112592,4900137,Sungai Johor Bridge
113332,4905734,The Son of the Sun
113404,4906148,Libera Università Maria SS. Assunta
113767,4908814,Evil Under the Sun (1982 film)
114093,4911837,Suncatcher
114288,4913656,Andrea (The Sunrays album)
115076,4919983,Sunshine on My Shoulders
115782,4926472,Sunshine Coast Falcons
116313,4930810,California Sunshine
116821,4934893,Sunset Sound Recorders
117558,4940857,Utsunomiya Station
118146,4945154,SunRocket
118281,4946303,Taiyo Sentai Sun Vulcan
118813,4949985,Kim Sung-il (general)
118850,4950376,Sunshine City
119671,4957247,Sunjong of Goryeo
120754,4965394,Gyeongsun of Silla
120777,4965532,Sungnyung
120900,4966453,Sundaram Karivaradhan
121020,4967194,Sunshine Girl
121246,4969005,Sunil Wettimuny
121253,4969040,Sunil Jayasinghe
122005,4974549,Sunset Ridge School District 29
122087,4975547,Sunday (New Zealand TV programme)
122234,4976950,Songs before Sunrise
123908,4990893,Lin Tsung-yi
124017,4991888,Dmitry Tursunov
124694,4997228,Harpsund
124992,4999852,"Sunnyvale, Missouri"
125399,5003781,New Pop Sunday
125470,5004608,SunStar Cebu
125554,5005422,Bandar Sungai Long
125559,5005437,Bandar Sungai Buaya
126410,5013003,Sun Yuanliang
126589,5015250,Prisoners of the Sun (video game)
127173,5020263,USS Suncook (1865)
127404,5022135,Orangespotted sunfish
127640,5023602,Sundbyfoss
127976,5026418,Sun StorageTek 5800 System
128102,5027705,Aursund
128341,5029968,Sunset Rubdown
128418,5030539,Sunset Rubdown (EP)
128498,5031035,Not Before Sundown
128691,5032549,Order of Blue Sky and White Sun
129227,5037936,Mjosundvatnet
129399,5040232,On the Sun
129475,5040821,The Sunlander
130864,5053285,White Sunday (album)
130920,5053797,Sunshine (Alphrisk song)
131066,5055521,Sunlight Peak
131079,5055684,Sunshine Peak
131482,5059982,Sungai Besi
131963,5063945,Liquid Sunshine
133135,5074761,Sungor people
133659,5079733,Race the Sun (film)
134551,5088360,In Search of Sunrise (series)
135425,5096238,Suni (geography)
135670,5098993,Will Rogers Shrine of the Sun
135833,5100548,"Sunnyside Gardens, Queens"
136157,5103364,Sundial (disambiguation)
136370,5105319,Sundown to Midnight
137449,5114990,Dungeons & Dragons: Warriors of the Eternal Sun
137903,5117712,Sun God Festival
138924,5126202,Aviator sunglasses
139195,5128294,Sunshine Coast railway line
139331,5129751,Sunken Forests of New Hampshire
139675,5132896,Asuncion Island
139724,5133236,East of the Sun and West of the Moon
139831,5134109,Codex Osuna
140117,5137023,Tsuneyuki Nakajima
140151,5137310,Ian Sunter
140763,5141978,Jörgen Sundeqvist
141240,5146098,Samsung World Championship
141911,5151864,"Sunshine Island, Hong Kong"
141959,5152374,Sunway Lagoon
142897,5160556,Samsung Plaza
142986,5161430,The Sunday Philosophy Club
143419,5165166,Ersun Yanal
145375,5181883,Dr Sun Yat-sen Museum
145665,5184257,Sasaki Takatsuna
145691,5184484,Revelations of the Unsung
145742,5184866,Eiksund
146017,5187186,Kanō Mitsunobu
146328,5190465,Things Behind the Sun
146364,5190807,Sunway Pyramid
147039,5195990,"Sun Journal (New Bern, North Carolina)"
147059,5196108,Sun Journal
147892,5203023,Unsung Hero (magazine)
147908,5203090,Sunriver (disambiguation)
148232,5205657,Sundowning (This Is Hell album)
148442,5207369,Sunstone (magazine)
149482,5215870,Jo Sung-mo
150393,5222773,Blood on the Sun
150550,5224077,Sun4u
150665,5225163,Rebecca of Sunnybrook Farm (1932 film)
150668,5225195,Rebecca of Sunnybrook Farm (play)
150916,5227373,Rebecca of Sunnybrook Farm (1938 film)
151224,5229656,Bagan Sungai Burong
151331,5230502,Suncorp Place
151438,5230986,Sun Baked Snow Cave
151602,5232111,Five Suns (album)
153150,5246921,Little Sunapee Lake
153330,5248620,Ring Around the Sun
153434,5249707,Unsung (song)
153824,5253627,Sun protective clothing
154752,5261785,"Sunninghill, Berkshire"
154867,5263090,There Is Nothing New Under the Sun
155201,5266028,Frederikssundbanen
155232,5266277,Sunter Island
155829,5271708,Åre Östersund Airport
155856,5272043,Sundsvall–Timrå Airport
156454,5276625,Suncook Lakes
156466,5276731,Sunrise Lake (New Hampshire)
156621,5277719,East of the Sun (Roy Harper album)
157524,5285114,Sun-class cruise ship
157531,5285170,Sun Princess
157643,5286122,Geir Hasund
157791,5287170,Sunshine Coast Grammar School
158159,5290368,Sunday Sun
158218,5290887,Stord Sunnhordland FK
158820,5296202,OSUNY
158958,5297292,Richard Pryor: Live on the Sunset Strip
159415,5300623,Minnesund
159666,5302550,Live from the Sun
159668,5302569,Samsung SPH-i700
161482,5316947,Sunbury Amateur Regatta
161700,5318350,Sunday Life (newspaper)
161987,5320620,School District 46 Sunshine Coast
162297,5322739,"Sunshine West, Victoria"
162443,5323627,Derek Tatsuno
162580,5324662,Dark Suns
162878,5327014,The Suns of Caresh
162997,5327923,Eternal Sunshine of the Spotless Mind (soundtrack)
163300,5330773,Sunset (magazine)
163388,5331566,Palace of the Red Sun
163563,5333639,Sunland
163868,5335906,Tommy Solomon (3rd Rock from the Sun)
164015,5337189,Mitsunori Miki
164336,5339459,KSUN
165120,5346954,"Gochang, Hwasun and Ganghwa Dolmen Sites"
167275,5366468,"Sunset, Vancouver"
168778,5380494,Sunken Meadow State Parkway
169005,5382538,Asunción Paraguay Temple
169216,5384526,"Erengisle Suneson, Earl of Orkney"
169676,5389811,K. B. Sundarambal
169680,5389850,Liu Sung-pan
170823,5399264,Sunsong
170908,5399971,"Walking Cloud and Deep Red Sky, Flag Fluttered and the Sun Shined"
172047,5409689,Open Up Your Heart (And Let the Sunshine In)
172418,5412592,Sunlight Ski Area
172935,5417570,Chiba Tsuneshige
173364,5420906,Sunan al-Darimi
173379,5421014,"Tsuno, Kōchi"
173640,5422782,Dark Sun: Wake of the Ravager
173857,5424501,SanTan Sun News
173869,5424610,Frederikssund railway station
173882,5424716,"Jøssund, Bjugn"
174080,5426272,Ahmet Dursun
174243,5427587,The Sun (Rangoon)
174445,5430713,Suntech Power
175068,5436193,Khmeli suneli
175183,5437114,Sunderland Symphony Orchestra
175738,5441923,Downthesun
176118,5445267,Till the Sun Turns Black
177049,5451666,The Saint in the Sun
177350,5454567,Sunshine Week
177448,5455322,Hasun ben Mashiach
178253,5463497,Tsung
179188,5471520,Sunae station
179568,5475986,Assasuni Upazila
179970,5480052,The Sun (film)
180148,5481592,Suncook River
180503,5485001,Sunset + Vine
180589,5486041,Sun Zhigang incident
180740,5487987,Melsungen
180788,5488531,Staring to the Sun
181166,5491717,Sunčana Padina
181195,5491954,Sung Si-kyung
181599,5495069,Bear Brook (Suncook River tributary)
182487,5501809,Sun Day
182812,5504122,Sunday Feast
182975,5505328,Sun Lakes
182995,5505456,Sunrise Beach
182999,5505471,Sunnyslope
184008,5513074,Kamiizumi Nobutsuna
184208,5514625,Sunland Group
184740,5518120,Sunburn (Muse song)
185104,5521154,Hardanger Sunnhordlandske Dampskipsselskap
185454,5523512,List of Sunni books
185558,5524371,Psunj
185874,5527642,Burnt by the Sun (disambiguation)
185877,5527650,Burnt by the Sun (band)
186169,5530079,Marcos Assunção
186340,5531527,Sunpu
186526,5533241,"Sunny Hill, Derby"
186572,5533529,Shizuto Masunaga
186599,5533680,Sunny Hill
187775,5544177,Atlantic Sun
187780,5544204,Helderberg Sun
188158,5546991,Sunapee
188266,5548064,Artificial sunlight
188300,5548466,Suncook
188591,5550757,"Sunshine City, Tokyo"
188596,5550799,List of newspapers named Sun
188850,5553495,A Place in the Sun (Stevie Wonder song)
188890,5553773,You Are the Sunshine of My Life
189003,5554974,Sundha Mata Temple
189030,5555292,The Sun Never Sets (album)
189755,5560933,Walk into the Sun
190462,5567287,Sun and Steel (album)
190661,5569657,Battle Beyond the Sun
190869,5571291,Sundown (Gordon Lightfoot song)
191302,5574356,Sung Won Sohn
192022,5579841,Midnight Sun (Lionel Hampton and Sonny Burke song)
192729,5586128,Meteotsunami
193462,5591958,Asunción Province
194176,5597997,Randesund
194358,5599457,Niyi Osundare
194514,5600673,Bussunda
195735,5609119,Sungai Siput
195774,5609537,Belassunu
197049,5618916,Field Recordings from the Sun
197164,5619823,Island in the Sun
197177,5619898,WSUN (FM)
197834,5624924,Sundarar
198124,5627158,Sunnymeads railway station
198478,5630110,Pacific Tsunami Museum
198920,5634194,Umar ibn Hafsun
198978,5634603,The Sun Awakens
199904,5641752,Samsung Digimax A7
199982,5642225,Sunny Rogers
200738,5648765,Kingo Sunen
201438,5654391,The Sun Ain't Gonna Shine (Anymore)
201511,5654866,Sunday Times of India
201513,5654878,Sunday Times (South Africa)
201516,5654899,The Sunday Times (Sri Lanka)
201682,5656159,Sunland Hospital
202173,5660661,Sun Deng (Eastern Wu)
202358,5662850,Shinohara Yasunoshin
202399,5663219,Åse Gunhild Woie Duesund
203083,5668558,Age of the Sun
203693,5673041,Sunil Gulati
204209,5677953,Suncheon Castle
204311,5678618,Dinotopia: The Sunstone Odyssey
205709,5690004,Msunduzi
205811,5690706,1998 Sunderland City Council election
205995,5692319,Sungai Dua
206540,5696731,Saksun
206813,5698870,Sunder Singh Lyallpuri
207013,5700707,Sunrise period
207392,5703454,Far from the Sun
207420,5703697,Samsun–Ceyhan pipeline
207671,5705547,The Sun Always Shines on T.V.
207979,5707227,Arizona State Sun Devils baseball
209693,5718128,Sunil Nayar
209989,5720235,Sunny (Bobby Hebb song)
210428,5723261,David Sunflower Seeds
210448,5723418,Sunnah prayer
212622,5739062,Sun Ben
212686,5739705,Sun Fu
214363,5753033,Klein Field at Sunken Diamond
214410,5753431,The Paducah Sun
214988,5758401,Sungai Rengit
215192,5759874,Tsunami: The Aftermath
216507,5770679,Midnight Sun Film Festival
216695,5772142,The Sunshine Underground
216718,5772269,Sunpak
216900,5773962,Walkin' on the Sun
217042,5775338,Sunny Golloway
217865,5782868,Jetsun Pema (born 1940)
217887,5783006,Sunder Lal Patwa
218049,5783977,Hyundai Sungwoo Holdings
219063,5791853,A Shi'i–Sunni dialogue
219204,5792819,Sungai Mati
219216,5792861,Sungai Balang
219226,5792910,Sungai Burong
219228,5792915,Sungai Panjang
219233,5792948,Sungai Besar
219251,5793087,Sungai Pelek
219545,5794466,Fanny Sundström
220931,5800298,"The Heliocentric Worlds of Sun Ra, Volume Two"
223292,5810368,Sunam
223293,5810370,Sundarapandiam
223295,5810373,Sundarapandiapuram
223296,5810378,Sundar Nagar
223297,5810384,Sunderbani
224421,5814921,SUNY Maritime
225103,5817509,Sunrise Trail
225213,5818440,Sung Kang
225423,5820237,Gran Asunción
225759,5823062,"Sunbury, Barbados"
225963,5824441,Triumph Tigress/BSA Sunbeam
226877,5827982,The Love of Sunya
227207,5830632,Prince Kaya Tsunenori
228722,5842572,"Mud Pond (Sunapee, New Hampshire)"
228780,5843040,Sunnan
229278,5846778,The Budapest Sun
229538,5848774,Sunturion
230053,5853149,Sunday Girl
231503,5864123,Samsung Hauzen Cup
231679,5865702,Jetsun Dragpa Gyaltsen
232472,5871734,Chetsun Sherab Jungnay
232697,5873472,Sunnymead
232903,5874889,Feridun Sungur
234868,5891090,Southern Sun
234949,5891886,Midnight Sun Run
235518,5895750,Samsung SGH-E900
236041,5899489,Markham Economist & Sun
236152,5900476,Battlecry Under a Wintersun
236374,5902284,Whiskey on a Sunday (album)
236541,5903818,Sun and Steel
236699,5904972,Sunfield
236703,5904990,Sunland Park
236871,5906444,Allen & Company Sun Valley Conference
237092,5908276,Jon Sundvold
237154,5908824,King-Sun Fu
237247,5909528,The Umbersun
237286,5909780,Sunwar the Dead
239918,5931722,Southern Sundevils
240260,5934223,Runaway Sunday
240668,5936901,Blacksun Festival
241376,5942448,Masabih al-Sunnah
241485,5943604,Anders Sunesen
241919,5946928,Minamoto no Tsunemoto
241960,5947091,Choi Eun-sung
241966,5947123,Minamoto no Mitsunaka
241973,5947144,Lee Min-sung
242426,5949113,Mirzo Tursunzoda
242811,5951798,Sunny Besen Thrasher
243452,5957184,Don't Let Me Be Misunderstood
243564,5958385,Son of the Sun
243721,5959953,Sun Park
244230,5963236,William Sunsing
244944,5968175,Sunday Morning (The Velvet Underground song)
244995,5968485,Church on Sunday
245410,5971960,Sunny Came Home
245917,5975435,Kusunoki Masaie
246150,5977009,Kristiansund BK
246174,5977237,SK Vard Haugesund
246179,5977267,Seventy Two and Sunny
246625,5980863,Sunman (video game)
247314,5986254,Sunmudo
247531,5987706,Ramendra Sundar Tribedi
247580,5988093,"Ny-Ålesund Airport, Hamnerabben"
249012,5998814,2006 Pangandaran earthquake and tsunami
249292,6000449,Yoo Yong-sung
249575,6002661,Peter Sundström
250301,6009998,Northern Sunrise County
250344,6010417,Volcano Suns
251383,6018315,Wasungen
252050,6025276,The Mask of the Sun
252256,6026829,Sun Dianying
252810,6030915,Return of the Prodigal Sunn
253384,6035058,Gary Sundgren
254029,6040787,Blue Blood Tour Bakuhatsu Sunzen Gig
254368,6043146,Kitsune (Time Hunter)
254491,6043818,Renault Samsung SM3
256336,6058302,Slender sunfish
258173,6073540,Tsunokakushi
258349,6074853,Yasunori Yamada
258476,6075710,Pieces of the Sun
258497,6075869,Shyam Sundar Chakravarthy
258652,6077091,Sunomata
259050,6080085,Sun Lianzhong
259180,6080973,Sunny Moon
259919,6085984,The Sun Times (Owen Sound)
259974,6086316,Al Osuna
260216,6088577,Yoritsune Matsudaira
260302,6089441,Immortal Admiral Yi Sun-sin
260977,6095812,Sunkist Fun Fruits
262267,6107909,Tripura Sundari Temple
262293,6108119,Sunday's Child
262741,6111509,Sunset Advisory Commission
262814,6111958,Samsung Capital
262842,6112148,Samsung Card
263087,6113779,Suna (river)
263675,6117825,Sunchubamba Game Reserve
263945,6119960,Sunyata (disambiguation)
264831,6126341,Samsung Fire & Marine Insurance
265006,6127559,Sungai Udang
265026,6127638,Sungai Rambai
265051,6127749,Sungai Gadut
265111,6128096,Sunshine Radio
265323,6129786,2006–07 Sunderland A.F.C. season
266086,6135665,Sunrise over a Sea of Blood
266188,6136830,The Setting Sun (film)
266206,6136989,Sunbolt
266607,6140541,Guldborgsund Bridge
267594,6147814,Staring at the Sun
268330,6154142,Kim Sun-a
269938,6165269,Sunday River
269977,6165556,Ski Sundown
270016,6165850,Ted Sundquist
270073,6166328,Dusun Tua
271950,6181491,Beyond the Sunset: The Romantic Collection
272169,6183089,Sundadanio axelrodi
272329,6184105,Pradip Somasundaran
272389,6184471,Super Sunday (TV series)
272701,6186824,Seventeen Come Sunday
272736,6187105,Ibrahim K. Sundiata
272915,6188821,Madasun
273000,6189661,Sundown Independent School District
273062,6189963,Sunless (song cycle)
273068,6190003,Sunray Independent School District
273664,6195590,Sunfish Holy Breakfast
273885,6197627,Every Red Heart Shines Toward the Red Sun
274194,6200113,Johnny Cash Sun Records discography
274297,6200918,"Southwick, Sunderland"
274487,6202826,"Sunnyside, Portland, Oregon"
274745,6204187,Sunlight Foundation
275059,6206801,Sunny Hills High School
275420,6210336,Just Let the Sun
277659,6229708,Stein Sund
278593,6237960,First Synod of Asunción
278713,6239258,Little Miss Sunshine (soundtrack)
279169,6243547,Sun Java System Directory Server
279209,6243857,Legacy: The Best of Mansun
279861,6249697,Catherine Sunesdotter
281054,6259923,Invisible Sun
281459,6263415,Sun of a Beach – The Return of Alleinunterhalter vol. 5
281737,6265561,"Sunnyslope, Salem, Oregon"
282701,6273934,Eu sunt Adam
283484,6281275,"Suntree, Florida"
283698,6284531,SunButter
284745,6298846,"Sun 'n Lake of Sebring, Florida"
284889,6299891,Nsundi
285186,6301742,Sunburn (1979 film)
285406,6303677,Tosin Dosunmu
286717,6315743,Give It Up (KC and the Sunshine Band song)
286739,6316117,I Got the Sun in the Mornin' (and the Moon at Night)
286955,6318533,Monthly Sunday Gene-X
287436,6322964,Sun Post
288091,6328445,Sunna (band)
288844,6334353,Full Sunken Breaks
289489,6339807,Sunita
290067,6346100,Sundray Tucker
290857,6358581,Sunny 16 (EP)
291254,6364091,Sunbaker
291322,6364926,Sunway City
293346,6389473,Sunnen station
293848,6393144,Atrophia Red Sun
294401,6398843,USS Suncook
294857,6405671,Sun Guoting
295482,6413643,"Gaspar Téllez-Girón, 5th Duke de Osuna"
295541,6414764,The Sunday Comics
296690,6427536,List of It's Always Sunny in Philadelphia episodes
296930,6429646,Cruel Sun
298218,6444171,Sunfeast Open
298449,6447681,A Little Extra Sun
298719,6451023,Our Sunshine
299042,6455538,Tursunov
299451,6458997,Paulo Assunção
299739,6461918,Run to the Sun (disambiguation)
299807,6462758,Sune Wentzel
300426,6472844,Regar-TadAZ Tursunzoda
301851,6487306,Mount Sunapee
301985,6488515,Satyam Shivam Sundaram
302280,6491714,Sun Jinliang
303125,6501033,Sunraysia Daily
303168,6501479,Jagadeka Veerudu Athiloka Sundari
304265,6514924,Soulful Old Man Sunshine
304333,6515540,Sunil Verma
304658,6517868,Samvrutha Sunil
305983,6528344,Yaakov Gesundheit
306023,6528881,Electoral district of Whitsunday
306276,6531307,Across the Sea of Suns
306515,6533461,Brønnøysund Airport
306857,6536503,"Suno, Piedmont"
307516,6545126,Sunday (1997 film)
307989,6550750,Tommie Sunshine
308500,6552491,Sunbus Townsville
308864,6554328,Naperville Sun
309145,6555841,Sunday (2002 film)
309589,6558859,In Search of Sunrise 4: Latin America
309694,6559645,Eirin Kristin Sund
310882,6572216,Mensun Bound
311376,6576006,Sungailiat
311561,6578012,Desire and Hell at Sunset Motel
311710,6580022,Mulai Ahmed er Raisuni
312999,6593388,Sundries
314249,6606510,"Supersunnyspeedgraphic, the LP"
315441,6620096,Kusunoki Masahide
315588,6621653,Sunbridge Institute
315743,6624194,Eng Suey Sun Association
315991,6628881,Sunrise at Campobello (play)
316265,6632060,Sun Qian
317242,6643802,"Coronation Park (Sunyani, Ghana)"
318217,6657198,ASC SUNEOR
318408,6658568,Sunshine Coast Institute of TAFE
318752,6663979,Sune Larsson
319439,6673164,Sunken Treasure: Live in the Pacific Northwest
319509,6674289,Sliver of a Sun
320095,6683136,Sunset Stadium
320191,6684414,Sunnyland Slim
320578,6688078,Paul Sunderland
320932,6690802,"Sundance, Manitoba"
321884,6699914,Parattai Engira Azhagu Sundaram
323673,6708527,The Sunny Side of the Street
323838,6710010,Midnight Sunshine
323953,6710974,Sun Girl (Marvel Comics)
324191,6713435,Christian and Missionary Alliance Sun Kei Secondary School
324278,6714332,Sun Girl
326271,6724283,Sunchime
326338,6724980,Strands of Sunlight
326340,6724984,Tsunami Games
326386,6725443,The Painter of Sunflowers
326483,6726973,Sunaryati Hartono
326598,6728156,Isunigu
326920,6730378,Arnold Tsunga
327246,6733076,Under the Sunset
328934,6745593,Sun Caged
329781,6752917,Ievoli Sun
329986,6753942,Ford Sunliner
330764,6760595,Tasunka Kokipapi
330971,6762516,Donegal on Sunday
332451,6773803,The World Is Waiting for the Sunrise
332953,6779095,Sunanda Kumariratana
333179,6781333,Kati Sundqvist
333208,6781667,Never on Sunday (disambiguation)
333215,6781724,Never on Sunday (song)
333222,6781803,Völsung Cycle
334199,6789175,Songs I Wish I Had Sung the First Time Around
334203,6789205,Chosun Journal
334829,6794855,Raju Sundaram
334921,6795712,Battle of Oresund
335012,6796367,Yingdi Sun
335280,6798915,Blue Sunshine (album)
335360,6799459,2006 Arizona State Sun Devils football team
336343,6808429,"Myklebostad, Tjeldsund"
336362,6808567,"Sund, Hemnes"
336704,6810755,In Search of Sunrise 5: Los Angeles
336793,6811552,Nightmare in the Sun
337926,6819658,Hamburgsund
338498,6823437,"Suni, Sardinia"
338847,6824573,Asuni
338940,6824871,Tadasuni
340727,6836185,Whitsunday Coast Airport
341217,6839852,Sunshine (novel)
341749,6844075,Sunshine Farm and Gardens
341926,6845910,WSUN-TV
342389,6849902,Assunta Hospital
342398,6849973,Toksun County
343803,6862210,Sano Tsuneha
344926,6871527,Sundarbans Tiger Project
345959,6881328,Songs from Sun Street
346013,6881654,The Sunlight Dialogues
346134,6882545,Sunrise Earth
346191,6882914,Sun Yat Sen Memorial Park
346210,6883017,Samsung SGH-D900
346214,6883055,Dr. Sun Yat Sen Municipal Park
346474,6885322,Kim Wan-sun
347410,6892394,Sun Bright
347413,6892450,Silversun Pickups
347734,6895447,Sungei Punggol
349299,6904590,Herdsmen of the Sun
349503,6906718,Subsun
349695,6909465,Sal Sunseri
349705,6909634,Guangzhou Matsunichi F.C.
349745,6910166,Non Sung district
350216,6914110,Yasuni
351123,6922590,"Asunción District, Chachapoyas"
351388,6924702,Tosa Mitsunobu
353990,6947869,2006–07 Phoenix Suns season
354365,6951402,Yoshinori Sunahara
355930,6968856,Vision Creation Newsun
356235,6973036,List of Sun Microsystems employees
356258,6973198,Sung Noen district
356363,6974348,In Search of Sunrise 2
357071,6981360,U Make My Sun Shine
357384,6984671,Sunshine / At the Drive-In
357582,6986632,Sunshine Coast Stingrays
358083,6990110,Joakim Sundström
358262,6991980,Sunae-dong
358906,6998823,Sunbeam Television
359500,7004392,Tokudaiji Sanetsune
359795,7007270,Sunrise Theatre
360403,7013173,"Sunderland, Portland, Oregon"
360518,7013934,Sunbus
360647,7014754,List of ships sunk by Axis warships in Australian waters
361023,7017440,The Sunday Edition
361892,7025186,Operation Sunbeam
362678,7032706,Sunil Khan
363520,7041178,Sun Fun Festival
364203,7047921,Little Miss Sunshine
364907,7056232,Sunten
365100,7058495,Karl F. Sundman
365156,7058829,Kim Joo-sung
365160,7058880,Ajahn Sundara
365311,7060253,Sungshin Women's University
365869,7066700,Sunday Uti
366019,7068611,Circle Round the Sun
366079,7069500,I Won't Let the Sun Go Down on Me
366308,7073051,Sunset Sundown
366918,7078504,Come to the Sunshine: Soft Pop Nuggets from the WEA Vaults
367324,7082601,SunPCi
367482,7084504,Amantes Sunt Amentes
367600,7085394,Seychelles sunbird
367633,7085727,Chlorproguanil/dapsone/artesunate
368367,7093500,Sunset Park (film)
368750,7096870,Sundvannet
368945,7098241,Sunrise (Caroline song)
369021,7099122,Kaetsunō Railway
369092,7100183,Lee Sung-yol
369167,7101685,Sunil Ganguly (musician)
369359,7104369,Juho Sunila
369679,7106962,Sun and Steel (essay)
369711,7107157,Tsun Jin High School
372535,7130797,Estadio La Asunción
373539,7138110,A Place in the Sun (Pablo Cruise album)
374026,7142236,My Own Sunrise
374253,7144593,A Welsh Sunset
374511,7146667,Sunil Kumar Mahato
374600,7147364,Sunil Dhaniram
374696,7148195,Sundon
374701,7148211,Lower Sundon
374810,7149215,Sun photometer
374886,7149729,"Sunny Side, Maryland"
375093,7151360,Kei Kusunoki
375375,7153544,Sunburst flag
375854,7159103,Jao Tsung-I
377220,7172950,Shaming of the Sun
377289,7173630,Enemy of the Sun
377990,7180130,William Kwai-sun Chow
378598,7187223,A Sun That Never Sets
379105,7192242,Sunan Kalijaga
379171,7192700,Sunan Gunungjati
379221,7193196,Sunan Kudus
379241,7193385,Sunan Giri
379487,7195937,Sunzhensky
380127,7202635,Third Age of the Sun
380569,7206664,The Sun Doctor
380875,7209679,Sunset Heights
381681,7217705,Ri Sung-gi
382053,7220368,Stord/Haugesund University College
382264,7222150,Spark Sunderland
382968,7232689,Psychedelic Sundae – The Best of Vanilla Fudge
383144,7235361,Monty Sunshine
383620,7240724,Sunday River (Androscoggin River tributary)
384609,7251072,Rasuna Said
384863,7253219,United States v. Sun Myung Moon
386263,7268600,Battle of Kōshū-Katsunuma
386285,7268741,Battle of Utsunomiya Castle
386515,7270734,Gordon Igesund
387420,7281465,Sunny Day Service
387617,7284140,Smoke & Mirrors (The Datsuns album)
387690,7284876,The Taming of Sunnybrook Nell
387841,7286053,Don't Let the Sun Go Down on Me
388056,7287975,Unión de Sunchales
388457,7292192,The Sunshine Girl
388932,7298443,Sun Yat-sen stamps
389343,7302255,John and Elizabeth Shaw Sundy House
389477,7303619,Sunny's Halo
390662,7319467,Suntrip Records
391349,7325728,Sunflower Showdown
391693,7329096,Sunrise Athletic Conference
392029,7332499,Tōbu-Utsunomiya Station
392045,7332594,Tōbu Utsunomiya Line
392130,7333129,"Sunda, Faroe Islands"
392369,7335516,Dansungsa
392530,7337120,Battle of Sunchon (air)
393995,7351351,Paper Sun
394030,7351859,Tomislav Sunić
394202,7353520,A Song to the Sun
394330,7354736,Suniti Kumar Chatterji
394793,7360311,Sun News
396772,7379120,Sunday Graphic
396806,7379271,Here Comes the Sun (Nina Simone album)
397466,7385258,Sundon Park
399315,7404840,Sunda and Upasunda
399763,7409290,Suncor Energy Fluvarium
400082,7413271,Sundown: The Vampire in Retreat
400269,7415735,Miss Spider's Sunny Patch Kids
400440,7417534,Sunday Island (Victoria)
401178,7425208,Walking on Sunshine (Eddy Grant album)
401459,7427575,Gasunie
402032,7433062,Sunless
402084,7433450,Sunday Breakfast Mission
402261,7435482,Sunbury Bus Service
403125,7441640,"Sunset, Herefordshire"
403388,7443734,Stoksund
403428,7444008,Sunnylven
404387,7452829,Jung Woo-sung
404761,7454872,Samsung SGH-X820
405533,7461728,"Sunfish Township, Pike County, Ohio"
405597,7462529,Alversund Bridge
406089,7467873,Sunglass (film)
406299,7469608,Nishioka Tsuneo
406450,7471241,Daily Star Sunday
406868,7476026,Sun Java System Calendar Server
406958,7476975,Asunción (disambiguation)
407370,7481575,Suna
407669,7483933,Rising Sun (badge)
408417,7491166,In the Sunlight
408593,7493068,Everything Under the Sun
408890,7496968,Strange Things Happen at Sundown
408901,7497202,Rising Sun Auto Camp
408910,7497292,Suniti Namjoshi
408948,7497578,Sunny Duval
409031,7498663,Closer to the Sun (Guy Sebastian album)
409146,7499786,Sunbury Kangaroos Football Club
409503,7503765,Ploughing on Sunday
409721,7505908,Sunrise Avenue
410239,7512280,Sungei Serangoon
411648,7527698,"Sunja, Sisak-Moslavina County"
411775,7528516,Sundström
411864,7529342,Minhaj al-Sunnah al-Nabawiyyah
412004,7530620,Basundi
412461,7534765,Fetsund
413211,7542014,Sun Modular Datacenter
413473,7543774,Shigetatsu Matsunaga
414152,7551449,Idrottsparken (Sundsvall)
414342,7554331,Nobuhiko Matsunaka
414426,7555812,Unsung Zeros
415127,7564330,Walking on Sunshine (Katrina and the Waves album)
415128,7564339,Walking on Sunshine
415136,7564397,Closer to the Sun
415533,7568240,Hagelsund Bridge
416414,7579643,Futsunushi
416624,7581636,Total Eclipse of the Sun
417084,7586847,Little Suncook River
417108,7587104,Ain't Goin' Down ('Til the Sun Comes Up)
417451,7591063,Arrow to the Sun
417787,7595964,Satoshi Tsunami
418378,7601448,Sano Tsunetami
418638,7603841,Mitsunori Yoshida
418867,7605855,Summer Sunshine
418928,7606607,East of the Sun and West of the Moon (disambiguation)
419863,7617637,Artesunate suppositories
420132,7620768,Here Comes the Sun (Holt novel)
420735,7627337,Here Comes the Sun (disambiguation)
421381,7633469,Missunderstanding
421413,7634161,List of Studio 60 on the Sunset Strip characters
422111,7641523,Sunshine: Music from the Motion Picture
422184,7642875,Samsung SGH-D807
422829,7649111,Assunta Legnante
422993,7650779,Temple of Two Suns
423729,7657917,Sunridge Mall
423745,7658115,V. Sundaram
423786,7658862,Sunday Reed
423845,7659393,Sun Valley High School (North Carolina)
424002,7661296,The Sun and the Rain
424656,7667707,The Sun and the Moon (The Bravery album)
424659,7667736,Digital sundial
424900,7670382,Sunrider
424907,7670446,The Sundowe
425091,7672697,Sunset FC
425348,7675415,Sundays and Cybèle
426269,7685008,Sunset People
426331,7685620,Saint Louis Suns United FC
426426,7686901,A Far Sunset
426861,7691686,Sunbeam side-valve aircraft engines
427871,7701548,Ahlus Sunnah Wal Jamaah
428305,7707690,Terje Isungset
429059,7714982,Diamond Sun
429329,7717468,Sunni Bohra
429345,7717601,Suncus
429368,7717740,Hurry On Sundown
429414,7718203,Barrio Obrero (Asunción)
429740,7721610,Sunil Sahu
429853,7722996,Sunday Night (American TV program)
430104,7725369,The Sun of Tiphareth
430355,7728063,Melt with the Sun
430983,7734862,Sunday in New York
431386,7739728,The Desert Sun
431669,7742138,Sundance (charter vessel)
431853,7743788,The San Pedro Sun
432350,7749526,Tsunenari Tokugawa
433686,7761984,Sun Ray (disambiguation)
435970,7784081,Sunil Lahri
435987,7784359,Sunao Yoshida
436015,7784804,The Vancouver Sun Classic Children's Book Collection
436049,7785367,Sunday Summit
436233,7787854,The Year of the Quiet Sun
436318,7788457,Yasunori Takada
436791,7793407,Helen Thompson Sunday
436842,7793908,Prasun Mukherjee
436936,7794768,The Year of the Quiet Sun (disambiguation)
436938,7794780,Sungbo's Eredo
437335,7799708,Sun Simiao
437914,7805184,Suntory Sunbirds
438257,7808882,Suns in alchemy
438319,7809558,Sune (name)
438458,7810695,East of the Sun (and West of the Moon)
438851,7815059,Sunday Bloody Sunday
438990,7816578,Yasunari Iwata
440445,7831262,Herald on Sunday
440501,7831996,Sunshine Millions Classic
440599,7833578,Sunshine Millions Filly & Mare Turf
440611,7833770,Sundrome
440626,7833911,Sunshine Millions Sprint
441062,7839195,Locking Up the Sun
441211,7840839,Sunshine Millions Turf Stakes
441233,7841210,Sunshine Millions Distaff
441394,7843240,Sunshine Millions Filly & Mare Sprint
441506,7844154,Sunshine Millions Oaks
442374,7852996,Akemi Matsuno
442668,7855850,"Sunday, Monday, or Always"
442853,7857456,Sungei Wang Plaza
442892,7857750,Sunčani Breg
443380,7863356,Sunapee Middle–High School
444003,7870357,Sunday Business
444771,7877564,Minamoto no Kanetsuna
444950,7878908,Sunday River Whitecap
445086,7880179,Bernalillo County/International Sunport station
445097,7880272,The Sunset Limited
445685,7885803,Antonio Osuna
446788,7895457,Salasungo
448178,7905646,"That Sunday, That Summer"
448622,7911143,Sunflour Railroad
448722,7912687,Nick Sun
450629,7931913,Misunderstood (Mötley Crüe song)
450826,7933655,Katsunari Takayama
451683,7941646,Minamoto no Nakatsuna
451887,7944572,Sunset Mall
452139,7948156,Sunset Hill
453045,7957075,Arizona State Sun Devils football
453381,7960756,Sunrise Mountain
453387,7960811,Order of the Lion and the Sun
455879,7986334,Sungai Besi station
456515,7992208,Kotsunagi Station
456960,7997297,Seoul Samsung Thunders
457542,8002058,Sunset Park (Tampa)
457611,8002667,Sunenphaa
458523,8012411,A Place in the Sun (Tim McGraw album)
459013,8017561,Sunda flying lemur
459663,8025681,Sunn Amps and Smashed Guitars
459930,8028888,Glen Shields Sun Devils
460078,8030282,Beneath the Velvet Sun
460411,8033282,Sunni view of Umar
461191,8042850,Festival of the Sun
461580,8048590,Tursun Uljabayev
462646,8061480,Sunjammer
462661,8061767,"Sunset Terrace/Montclair, Houston"
462942,8066018,List of people from Sunderland
463682,8074328,Sunday (disambiguation)
464208,8079992,"Brother, Bring the Sun"
465160,8089861,A Sunday in Kigali
465373,8092088,Sunset & Void
465563,8094358,Tsunemi Tsuda
466241,8100866,Sunbuli
466698,8104787,Sunsets & Sushi
466789,8105598,Tusun Pasha
466953,8107496,Tsunami bomb
467105,8108871,Hiroshima Sun Plaza
467449,8112015,Lu Yen-hsun
467882,8115389,Sun Management Center
468494,8120669,Sunkrish Bala
468770,8124096,Rell Sunn
469237,8128885,Oliver Sundberg
469667,8133440,Sunny Jain
469734,8134163,Sunworld International Airlines
470694,8144858,Muammer Sun
471134,8149633,Sunnyi Melles
471168,8149950,Belly of the Sun
471545,8154749,Suncroft
471624,8155782,In November Sunlight
471862,8158976,Yan Huang Zisun
471897,8159372,The Last Sunset (film)
472765,8168673,Tromsøysund
472789,8168985,Sunvalley Shopping Center
472799,8169088,HSwMS Sundsvall (K24)
473023,8171763,John Sundquist
473024,8171773,SUN domain
473697,8179081,Sunbury Line (Norfolk Southern)
473846,8181973,Space Is the Place (Sun Ra album)
474452,8192527,Lee Hoesung
474706,8196521,Kuala Sungai Baru
474871,8198510,Moors Sundry Act of 1790
475125,8201170,Pontianak Harum Sundal Malam
475142,8201402,Sundew (dragline)
475485,8204694,Arnulf Sunde
475815,8208248,Sunflower (mathematics)
475920,8209250,Sunsweet Growers
476285,8214027,Sun visor
476472,8215684,"Sunshine North, Victoria"
477777,8230772,Ys IV: Mask of the Sun
477907,8231707,Prince Tsunehisa Takeda
477972,8232026,Prince Tsuneyoshi Takeda
478608,8237095,Sunrisers Drum and Bugle Corps
478804,8238831,"Sunshine, New South Wales"
478818,8238932,Siege of Stralsund (1628)
478879,8239265,Battle of Stralsund
479002,8240341,Siege of Stralsund (1711–1715)
479769,8248622,Jang Sung-ho (judoka)
479780,8248745,Sun Kwok
479980,8250443,Kings of the Sun
480266,8252939,Advent Sunday
480366,8254327,Indian Sunset
480575,8257299,The Sun Shines Brighter
481729,8270032,A Wintersunset...
483101,8285295,"Sunbury, Georgia"
483122,8285599,Midnight Sun (character)
483629,8292218,Sunoikisis
484017,8296084,Lai Sun Cheung
484324,8299416,Susunia
484851,8304854,Night Sun
487141,8330954,Pinellas Suncoast Transit Authority
487545,8335234,Giresunspor
487605,8335878,Sunset Zoo
487711,8336928,Suntar
487713,8336940,Suntar Airport
487948,8339345,Sunsets and Glories
488393,8345028,Sungai Pinang
488395,8345034,Sungai Ara
488709,8347738,"Sunchales, Santa Fe"
489409,8356197,"David Wolfson, Baron Wolfson of Sunningdale"
489583,8357908,Artificial sun
490050,8364890,Orange-breasted sunbird
491268,8377060,Sundby station
491653,8381982,SunSet Swish
491791,8383226,Øresund station
492247,8388080,Sunrise Park
492697,8393498,The Urth of the New Sun
492734,8394129,Shire of Whitsunday
493084,8398806,Wandering Sun
493337,8401051,Sunda Island tiger
493657,8405191,Dr. Sun Yat-Sen Classical Chinese Garden
493894,8407753,Sunmachine (song)
494019,8409460,Yoshitsune Eiyūden: The Story of Hero Yoshitsune
494121,8410952,Sunday Live with Adam Boulton
494360,8413547,Sunday (Sonic Youth song)
494569,8416444,Sunraycer
495588,8426680,Our Sunday Visitor
496119,8433296,Malachite sunbird
496304,8435226,The Pride of the Sunshine
496836,8440769,Eua Sunthornsanan
497339,8447329,"Sunshine Beach, Queensland"
497340,8447333,"Sunrise Beach, Queensland"
497920,8453613,Kimi Tsunagi Five M
497986,8454143,Kusunoki Masanori
498888,8464073,Wang Niansun
499733,8471564,"Tunstall, Sunderland"
499746,8471756,Paulyn Sun
499823,8472761,Catedral (Asunción)
500172,8476696,"Shelly Beach, Queensland (Sunshine Coast)"
500206,8477036,Katsunari Takahashi
500404,8479332,Samsung Life Insurance
500421,8479787,Zhang Dongsun
500468,8480826,Carsun Chang
500834,8485353,Gorgeted sunangel
500933,8486164,Horned sungem
501125,8487839,Lee Sun-young (announcer)
501455,8491465,"Flower, Sun, and Rain"
501946,8497541,Sunset Coast
502401,8502669,Suisun–Fairfield station
503098,8511648,Gary Sunshine
503620,8516697,Super Sunday Football League
503738,8517842,Certain Distant Suns
504128,8521779,Hipódromo (Asunción)
504590,8526527,Misunderstanding Cults
505031,8530555,SMS Stralsund
505882,8540182,Ninsun Poli
506985,8551237,Sun Probe
507154,8553331,Khok Sung district
508656,8569164,Sunnyside Royal Hospital
508798,8570748,Osunlade
508831,8571068,Minamoto no Yoshitsuna
508833,8571118,Samsung SGH-T319
508925,8572237,Tonokura Tsunetarō
510063,8583964,Sason sundaicum
510567,8589453,Taber Golden Suns
510928,8592769,Universidad Nacional de Asunción
510930,8592783,"Universidad Católica ""Nuestra Señora de la Asunción"""
510934,8592802,Universidad Autónoma de Asunción (university)
511275,8596076,Sunshine on a Rainy Day
511738,8601331,Sun Valley station
511796,8601844,Tsunkatse
511930,8603330,Sunki
512206,8605710,Samsung SPH-A503
512598,8609736,The Last Sunset (album)
512808,8611818,Motsunabe
513117,8614521,Sun Beau
513440,8617321,Matsuno Chikanobu
513558,8618262,"The Herald-Sun (Durham, North Carolina)"
513641,8619063,José Asunción Flores
513647,8619101,2007 Sundance Film Festival
514156,8625254,Sundhi
514915,8632764,Samsung SCH-U520
515874,8641880,"Es ist nichts Gesundes an meinem Leibe, BWV 25"
516345,8646508,City of a Thousand Suns
516589,8648618,Sunderland Art Gallery
517210,8656160,Sunar River
517291,8656885,Japanese War Crimes: Murder Under the Sun
517503,8658982,Tequila Sunrise (song)
517988,8663142,The Sundering (series)
518213,8664974,"Sun Rivers, British Columbia"
518712,8671173,Assunção
519028,8674194,Western Sun Conference
520109,8686694,Missunde
520191,8687554,Sunninghill and Ascot
520765,8693531,"Woosung, Illinois"
520773,8693599,Sunanda Murali Manohar
521318,8700008,A Sunday in Hell
521392,8700962,Sunshine (Gabrielle song)
521500,8702401,Lion and Sun
521700,8704166,Delhi P. Sunder Rajan
521877,8705874,Sunsilk
522115,8708716,Sam Sung district
522126,8708886,Featuring the Sun Love and the Heavy Metal Thunder
522356,8711273,Under the Tuscan Sun (book)
522600,8714213,Sun Xiang
522633,8714555,Sun City Texas
524050,8728539,Sunagawa Station
524380,8732253,Club River Plate (Asunción)
524565,8734271,Morning Sun (film)
525866,8747891,Peter B. Sunderland
526360,8753233,Bimbos of the Death Sun
526726,8756600,"Sundown, Manitoba"
526958,8758939,I'll Be a Sunbeam
527211,8761793,Jesus Wants Me for a Sunbeam
527329,8763268,Maison Kitsuné
527351,8763596,Hassan Sunny
527390,8764049,Matsunosuke Onoe
527558,8767075,Pre-sunrise and post-sunset authorization
528121,8772877,James Sun
528976,8783465,Sung Men district
529474,8788676,Existence (Dark Suns album)
529847,8792761,Country Sunshine (song)
529889,8793082,Kae Sun
530694,8804270,Lars Sund
531261,8810042,"Sunnyside, Calgary"
531498,8812505,Samsung Engineering
531640,8814375,Sun Devils (comics)
532123,8820017,IF Sundsvall Hockey
532397,8822474,Sunday Dinner (TV series)
532434,8822878,Olatubosun Oladapo
532956,8829373,Sun Factory 3
533453,8836212,1920 Palm Sunday tornado outbreak
533546,8837252,Palm Sunday tornado outbreak
533738,8838675,Thoburn v Sunderland City Council
534914,8851589,Giresun Island
535240,8854973,Sunset Heat
535497,8857334,Pålsundsbron
535639,8858683,Banded sunfish
535657,8858857,1894 Sasun rebellion
536006,8862994,Sunburst (dinghy)
536051,8863748,1904 Sasun uprising
536085,8864300,Sasun Resistance
536554,8869754,Karagöl (Giresun)
537712,8883202,Shey Phoksundo National Park
537758,8883566,Phoksundo Lake
537909,8884796,They Live on the Sun
538139,8886799,Sunny Side of the Street (song)
538235,8887939,Can Sunyer del Palau
538846,8894118,Sun of Suns
539007,8895856,Samsung SPH-N270
539172,8898174,Kumsusan Palace of the Sun
540213,8908617,Sunfall Festival
540315,8909465,Aysun Kayacı
540655,8913232,Tsunemi Kubodera
542127,8928587,Sun City (album)
542221,8929405,Sunshine Rainbows and Violins
542270,8930025,Duel in the Sun (book)
542395,8931526,The Daily Item (Sunbury)
542396,8931531,Duel in the Sun
542547,8932792,Tsunejirō Ishii
543220,8939871,Eddie and Sunshine
543680,8944898,The Mail on Sunday
544643,8954962,"Trångsund, Stockholm"
544803,8956936,Monadnock-Sunapee Greenway
544912,8958030,Sunset Grill (song)
546364,8974086,Sun Hits the Sky
546920,8981188,Sunset Grill (film)
546979,8982082,Yang Sung-hsien
547358,8985452,Hope (Swallow the Sun album)
547378,8985766,"Bektaş, Giresun"
547553,8986842,"Aksu, Giresun"
547756,8989020,Gerry Sundquist
548232,8994958,Wang Tzu-sung
548330,8996336,Sunshine Days
548480,8998508,Jalan Sungai Lembing
548539,8999107,Chih Ree Sun
548647,9000371,Mishima Michitsune
549191,9006277,Sunshine State (film)
549560,9010466,"Ayvacık, Samsun"
549563,9010488,Samsung Electro-Mechanics
549728,9012749,SunTrust International Center
549985,9015660,Sun Scarred
550198,9017707,List of sunflower diseases
550471,9019861,Third Stone from the Sun
550877,9024168,Vikersundbakken
551056,9025685,Steal My Sunshine
551212,9027440,Códice de Santa María Asunción
551544,9031464,Corsicana Daily Sun
551666,9032589,Hasunuma Station
551692,9032920,Sunshine at Midnight
552257,9038352,Alssund
552299,9038782,Football Sunday on ESPN Radio
552521,9041101,Samsung SPH-A640
553015,9048330,The Sun's Darling
553327,9053115,Sun Feifei (actress)
555398,9077572,Kitsune bakuchi
555973,9084133,"Woosung Township, Ogle County, Illinois"
556151,9085890,SunStar Davao
556249,9086971,Musunuru
556723,9091987,Sundance Towne Center
557025,9096145,Bridge to the Sun
557288,9099851,Katsunori Yanaka
558467,9113677,Sundance Head
558734,9116423,Sunny Lane
558989,9119799,In the Shadow of the Sun
559045,9120543,Jalan Sungai Tekali
559101,9121370,In the Shadow of the Sun (album)
559562,9125855,Marie Hamsun
559702,9127102,Canton of Marseille-Belsunce
560013,9130497,Sunderlandwick
560333,9133515,Tsunenohana Kan'ichi
561010,9141757,Joseph Sunde Memorial
561034,9142020,Leif Sundell
561347,9145129,Thunder in the Sun
561809,9151221,Sunshine Millions
562203,9157271,List of companies in the City of Sunderland
562685,9164566,List of films at the 2007 Sundance Film Festival
562843,9166468,Un asunto privado
562929,9167607,The Blazing Sun (1954 film)
562939,9167666,The Blazing Sun
562989,9168052,Sun Mercantile Building
563418,10673891,Always: Sunset on Third Street
563430,10674121,2007 Samsung 500
563607,10676433,Sunan Bonang
564117,10682178,Alsunga
566780,10720468,Southern Sun/Ready Steady Go
566836,10721150,Samsung U750 Alias 2
567797,10734001,"Sunnyside, Denver"
567941,10736757,Sunlake High School
568435,10745002,Sunset Gower Studios
568937,10752410,Sungai Buloh station
569718,10767351,Sunset Grill (American restaurant)
570049,10772229,The Sun Will Never Set
570484,10777972,"Scorching Sun, Fierce Winds, Wild Fire"
570512,10778440,Setsuna
570581,10779267,Visions (Sun Ra album)
570688,10780421,Live on the Sunset Strip
570755,10781109,Yoshitsune Shin Takadachi
571265,10789313,Sunday Football League
571504,10791904,Keep on the Sunny Side: June Carter Cash – Her Life in Music
571697,10794058,Whitsunday Times
573405,10814672,Askatasuna
573629,10817446,"Wait 'Till the Sun Shines, Nellie"
573786,10819642,That Lucky Old Sun
574445,10828882,Sung Han-soo
575235,10839390,Sarsuna
575436,10842426,Samsung Global Scholarship Program
575729,10846914,Sunday School (LDS Church)
575891,10848853,Kampong Sungai Duhon
576020,10850162,Sun Jun (badminton)
576028,10850228,Sun Jun
576505,10855493,Souimanga sunbird
576565,10856160,José Guadalupe Osuna Millán
576772,10858387,Sunset (novel)
577318,10866092,Samsun-Çarşamba Airport
578223,10875726,Sunnydale Adventist Academy
578506,10879637,Sunwest Bank Charley Pride Senior Golf Classic
578647,10882112,Deep Purple (Sun Ra album)
578663,10882502,Pia Sundstedt
578703,10882922,Camasunary
578913,10886039,SunPower
579069,10888289,Sunbury Downs College
579284,10890527,The Metre/Waiting for the Sun
580126,10901705,Samsung SPH-A460
580878,10911675,Yokkaichi Asunarou Railway Utsube Line
580879,10911677,Yokkaichi Asunarou Railway Hachiōji Line
581221,10916116,SunStar
581433,10918949,Jazz by Sun Ra
581846,10925035,Tsundur
582939,10937283,SunAge
583389,10944289,List of Sunday Night Football results (2006–present)
583721,10948010,Suncorp Plaza
584087,10952065,Sun Fire X4500
584891,10960822,See the Sun (Black Lab album)
585096,10962302,The House of the Rising Sun (disambiguation)
585129,10962638,Sunday Salvacion
585513,10966653,"The Marist School, Sunninghill"
585568,10967372,Consunji House
586433,10975833,MV Sun Viking
586469,10976599,Empire of the Sun (soundtrack)
586512,10977091,Sunshine Parker
587549,10987052,Sunset League
588442,10998679,Brighter than a Thousand Suns
589712,11017167,Kingdoms of Sunda
590313,11024600,Sunny Skylar
591150,11035100,Sunil Chhetri
591919,11043623,"Sunalta, Calgary"
592238,11047717,Gate of the Sun
593923,11067620,Sunday Dispatch
594080,11068967,Samsung SGH-E250
594153,11069453,It Always Rains on Sunday
594731,11076159,Sunny (1941 film)
594733,11076175,Sunny (musical)
594748,11076424,First Sunday
595310,11083760,Sunan Ampel
595939,11090572,SMK Bandar Sunway
595944,11090620,Suntetsu
596090,11092633,Adem Dursun
596163,11093576,Tsunami (comics)
597006,11103801,Sundance Square
597021,11103915,Sunday Morning (poem)
597670,11113251,China Cat Sunflower
598596,11125397,Sun Java System Portal Server
599182,11131200,"Sunnynook, New Zealand"
599384,11133633,Suntec
600552,11148583,Olav Sundal
600566,11148810,Mountain giant Sunda rat
600683,11150382,Sun Java System Communications Express
601091,11154040,Per Håkan Sundell
601297,11156479,"Sundance, Calgary"
601389,11157376,Ingesund College of Music
601981,11165136,Sun (automobile)
602475,11171174,List of mayors of Giresun
602682,11172635,Prince Kachō Hirotsune
602747,11173391,Sunflow
603846,11186186,Eiksund Tunnel
604215,11190015,GASUN
604503,11193212,Blood Tsunami
604893,11197812,The Sun Goes Down (Living It Up)
605085,11200232,Sunnyvale High School
606134,11212233,Under the Tuscan Sun
606266,11214676,Sunken Garden (Virginia)
607344,11227033,Saturday Nights & Sunday Mornings
607535,11229712,Murat Tosun
608427,11240156,Sung Lin Yung
609606,11255757,Sunpendulum
609681,11256807,Perennial sunflower
610530,11267735,Spurs–Suns rivalry
610587,11268693,Elizabeth Sung
612205,11285311,The Sunpilots
612250,11285951,Asian Sunnis
612285,11286489,Misunderstand
612298,11286641,Midnight Sun (The Choirboys album)
612307,11286753,Suisun Valley AVA
613337,11297314,The Warmth of the Sun (album)
614525,11310047,Setting Sun (The Chemical Brothers song)
617431,11346209,Harry Sunderland
617711,11350463,Sunshade
617769,11351149,The Ruby Suns (album)
617839,11352125,Puchalapalli Sundarayya
617892,11353129,Sungai Tujoh
618108,11355847,Khajipet Sunkesula
618124,11355938,T. Sundupalle
618132,11355965,Sun Yat Sen Memorial House
619204,11366889,Sunda scops owl
619444,11370345,The Sundering Flood
619625,11372624,Lillsjön (Ulvsunda)
619700,11373575,Sunghursh
619956,11376523,Unsung Heroes (Dixie Dregs album)
620306,11380361,Secret Sunshine
620818,11387049,City of the Sun
620934,11388955,Sunsets (song)
623386,11418458,Tsuneo Nakahara
624472,11424993,Palauni Ma Sun
624506,11426008,Sunrise (Elvis Presley album)
625210,11436791,Elsa Pinilla Osuna
625729,11440530,Nizhal Thangal of Sundavilai
626387,11447151,Haradasun
626811,11450674,Fujiwara no Tsunekiyo
628457,11465598,Sunnyroad
628789,11467674,A Place in the Sun (Pablo Cruise song)
629114,11470626,Konark Sun Temple
629755,11478100,Hajime Yasunaga
629940,11482079,Phoenix Suns all-time roster
630565,11487797,Sun Axelsson
630616,11488471,Black Sun: The Nanking Massacre
630720,11489653,Taking Back Sunday discography
630802,11490364,"Sun Valley, Denver"
630908,11491806,See See the Sun
631813,11502932,Sunsets (video)
632586,11510606,Common misunderstandings of genetics
633111,11517112,The Island Sun
633198,11518191,Samsung SGH-U600
633345,11520125,Durch den Monsun
634055,11527442,Sunbeam Crusader
634562,11535807,Rising Sun Flag
634640,11536687,Dsungaripteroidea
634889,11539108,RWS/Sunday Times Watercolour Competition
636139,11549102,Lai Sun F.C.
636826,11555973,Sunday Nights: The Songs of Junior Kimbrough
637002,11557813,"Emanuel Scrope, 1st Earl of Sunderland"
637620,11564688,Sunitha (Telugu singer)
637782,11566937,Sunday Arts
637870,11567519,Kisunyom
638181,11570099,Sunset/Sunside
638230,11570352,Sunbury Lock
638304,11570781,Fredrik Sundin
638696,11574666,Sunrise Mountain (Nevada)
639908,11584615,Sunay Akın
640221,11586416,"Sun Valley, New South Wales"
641841,11594604,Sunda Croonquist
643355,11611456,The Ark of the Sun God
643645,11614171,Marestella Torres-Sunang
643689,11614575,Palestine sunbird
644172,11624017,Sunan (Indonesian title)
644269,11626140,Sunferries
645308,11634538,Don Sunderlage
645330,11634794,Sun International
645347,11635089,Southern Sun Hotels
646785,11654155,Sungji Hong
646917,11656017,Sun Java Studio Creator
646928,11656122,Fairfield and Suisun Transit
647608,9177773,Samsung Heavy Industries
647724,9179394,San Diego Sunwaves
648023,9183575,Samsung i300
648322,9186481,Upper Sundon
648601,9190947,Oxelösunds IK
648653,9191655,Sunwapta Pass
649473,9202312,Sun Conference
649839,9206390,Sunny Afternoon
650897,9221171,Samsung SGH-i600
651590,9230070,BBCH-scale (sunflower)
651887,9233939,Eyes Set Against the Sun
651921,9234326,Oscar Sundh
651962,9234815,Sunriver Resort
652314,9240965,As Birds Bring Forth the Sun and Other Stories
652713,9246397,South Hulu Sungai Regency
652714,9246408,Central Hulu Sungai Regency
652716,9246453,North Hulu Sungai Regency
652848,9247938,Asunto terminado
653222,9251956,Sunny Side Up (1929 film)
653240,9252149,The Sun Comes Up
654012,9261758,Ahn Sung-ki
654917,9271542,Terao Tsunefumi
655040,9273054,Matsudaira Nobutsune (Kaminoyama)
655425,9276386,Ah! Sun-flower
655887,9283236,Sun 1972
656342,9287630,Miss Spider's Sunny Patch Friends
657043,9294398,"Sunsbury Township, Monroe County, Ohio"
657519,9301815,Tu Chuang-hsun
657986,9307281,The Sunday Show
658204,9309176,Autism Sunday
658639,9313486,Dying Sun
659151,9318746,Saturday Night and Sunday Morning (film)
659303,9320533,Sun Moon University
659438,9321787,Mediterranean Sundance
659554,9322994,Myungsung Presbyterian Church
659991,9328801,Sun Yung Shin
660151,9330710,Taste of the Sun
660354,9333489,Sun Zhen
661330,9346547,Instant Sunshine
661550,9348793,Masatsune Ogura
662369,9359317,All the Way to the Sun
662811,9364710,Sunny (Morrissey song)
663737,9377509,Sunken lane
663886,9379686,Sunil Narine
665366,9398608,Sunset Park (soundtrack)
665597,9401690,Berlin Gesundbrunnen station
666054,9406435,Sun Dandan
667089,9418110,Sunshine (Ricki-Lee Coulter song)
667154,9419173,Kang Sung-hoon (singer)
668031,9425912,Kitsunegari
668373,9429327,People on Sunday
668383,9429415,Soldiers of Sunrise
668665,9432364,Dalsfjorden (Sunnfjord)
669695,9446912,Robin Sundin
669966,9449595,Sunrise Mall (Corpus Christi)
670198,9452361,Sunndalsfjord
670276,9453094,Shin Sun-nam
670705,9458091,The Berlin Daily Sun
670727,9458419,The Laconia Daily Sun
671545,9467540,Sung Hyun-ah
671618,9468325,Ski Sunday
671654,9468514,Aarøsund
672192,9475930,Sunlight Pours Down
672382,9478439,Sunglasses at Night (Skepta song)
672876,9483481,"Sunray, Oklahoma"
672897,9483790,Radio Sunderland for Hospitals
673917,9495180,Sunamganj Sadar Upazila
674219,9498226,Dave Mason: Live at Sunrise
674528,9502263,"Anne Spencer, Countess of Sunderland (1683–1716)"
674825,9505204,When the Sun Goes Down (Kenny Chesney album)
675591,9513072,Sunshine Coast Cricket Association
675701,9513830,Sundarganj Upazila
676062,9517163,Amanda Sunyoto-Yang
676081,9517298,Yaak Karsunke
676167,9517974,Songs I've Sung on the Perry Como Show
676459,9521075,Sun Ra discography
677345,9530909,Yasunori Honda
677929,9538273,Lee Myung-sun
678918,9551038,Black Sunday (1977 film)
679036,9552709,Blue Sunshine (film)
679044,9552851,Blue Sunshine
679593,9558428,Stephen Sunday
679638,9558879,Janne Suni
680353,9566272,Berlin Sundgauer Straße station
680917,9573055,Marian College (Sunshine West)
681748,9581705,"Sunniside, Weardale"
681751,9581735,"Sunniside, Gateshead"
681759,9581785,"Sunniside, Sunderland"
682448,9590167,Matsudaira Nobutsune
682669,9592087,Lazy Sunday (Small Faces song)
683168,9597741,Sunčane Skale
683576,9603279,Lockport Union-Sun & Journal
683634,9604195,SunRiver Data Systems
683738,9605548,Sundress
684214,9610388,Susan Ruusunen
684724,9616012,"Sunfair, California"
685381,9623957,Tembang Sunda
687362,9646258,Sun Ji (footballer)
687533,9647914,Sun City (song)
688530,9660332,Sunrise Semester
689063,9669344,Sunil Valson
689116,9670095,Home Beyond the Sun
690361,9686234,Yuki Matsunaga
691116,9695073,Samsung BlackJack
691803,9704407,Heart of the Sunrise
692116,9710462,People's Sunday
692434,9712908,Polar Sun Spire
693071,9721015,Instant Sunshine (disambiguation)
695038,9747830,"Sunnyside, Oregon"
695135,9749154,Sunflower County Consolidated School District
695648,9755591,They Marched into Sunlight
695801,9757430,Autumn Sun
695949,9759380,Sundstrand Corporation
696044,9761047,Shia–Sunni divide
696958,9773038,Sungai Karas
697465,9778383,List of places in Sunderland
697763,9782342,"Sunbury Township, Livingston County, Illinois"
697806,9782991,Bondi Tsunami
697838,9783397,The Ruby Suns
699463,9803782,CsUnit
699569,9805601,Sunbeam Theatre
699793,9807799,Yoshitsune Senbon Zakura
699834,9808306,Park Sung-hwan
699978,9809908,SUNY Press
700417,9816958,Jamaat al-Dawah ila al-Quran wal-Sunnah
701204,9831443,Samsung Medical Center
701326,9833742,The Moon and the Sun
701681,9840841,Sunnyslope High School
702222,9851160,Sun (R&B band)
702552,9855308,Jalan Sungai Tengi
702558,9855340,Eclipse of the Sun (film)
702786,9857721,The Sunflower
703474,9866082,Pilot (Studio 60 on the Sunset Strip)
703892,9872339,They Came from the Sun
703924,9872562,Sundara Ramaswamy
704065,9873765,Mugur Sundar
704074,9873879,Lazy Eye (Silversun Pickups song)
704100,9874256,Sungai Buloh Highway
704191,9875420,"Sun Journal (Lewiston, Maine)"
704494,9878342,Sun Channel
705617,9893120,Sunshine Heartbeat
705802,9895404,Jalan Sungai Tua
707038,9908613,Underwater Sunlight
707291,9911725,Sunset Country
707544,9913956,Grønsund
707572,9914369,Sunnegga Paradise ski area
708284,9922245,The Westerly Sun
708342,9923075,Sunday Mail (Adelaide)
708430,9924615,White Sunday
708660,9928883,Sun Publishing Company
708980,9932536,Helen Sung
709535,9940041,Staring at the Sun (Level 42 album)
710170,9950925,Sunhwa Arts School
710300,9952625,Sunil Santha
710614,9956789,Will You Visit Me on Sunday
711792,9973485,The Sun Chemist
712534,9981485,Analemmatic sundial
712892,9987660,Manonmaniam Sundaranar University
713129,9991295,Srimathi Sundravalli Memorial School
714458,10005385,2007 Sun Belt Conference men's basketball tournament
715460,10019729,T. V. Sundram Iyengar
717407,10039683,Sunderland Talmudical College
717864,10044436,Sunrise Mall (New York)
718590,10051236,Giresun University
718763,10053077,Leilah Assunção
718988,10055539,Isuna Hasekura
719240,10058753,Sunday Services
719384,10060869,Sundowner (band)
719421,10061374,Maletsunyane Falls
719929,10068133,Sunda clouded leopard
720157,10071182,Fort Bend Sun
720284,10072700,Run for the Sun
720318,10073152,Samsun Atatürk Anatolian High School
720898,10078445,IFK Sundsvall
721033,10080676,Sun Web Developer Pack
721043,10080860,Sunnen Foundation
721083,10081334,Joseph Sunnen
721687,10088441,Avsunviroidae
722792,10102097,Sunanda Nair
723037,10104105,Yasunori
723089,10104653,Sunshine 855
723892,10114234,Elegant sunbird
724564,10122829,"Livin' in the Sunlight, Lovin' in the Moonlight"
725153,10129691,"Sunshine, Texas"
725380,10132464,Milt Sunde
726190,10142169,Sunland Park Oaks
727819,10161960,Sun City Festival
727862,10162367,Sunset industry
727906,10162781,Buckeye Sun
729426,10183246,Per Sundnes
729501,10184091,Camosun
729722,10187289,Suncheon Bay
729953,10190358,Sunshine Publications
730078,10192270,Follow the Sun (film)
730248,10194937,Ogasawara Nagatsune
730842,10201894,Ibrahim Sunday
730981,10203326,Olaf Sunde
731112,10204794,Distant Sun
731989,10217416,Sunbeam Dyak
732000,10217559,Sunanda Mahendra
732259,10220763,Kingdom of the Sun
732771,10226485,Sunnyside Reservoir
732833,10227419,"Sunset Beach, Oregon"
733065,10231279,Enterprise-Sun
733185,10233543,Tsuneko Nakazato
733779,10240422,Nong Sung district
734089,10245832,Butch and Sundance: The Early Days
736188,10278104,Nobutsuna Sasaki
736748,10286505,Sun squirrel
737186,10292828,"Salt, Sun and Time"
737608,10299773,Årøysund
737651,10300171,Sundene
740873,10346280,The Sun in culture
740937,10347132,Sunningdale Park
743355,10382585,Atlantis (Sun Ra album)
743846,10388040,Year of Sunday
743939,10388797,Child of the Sun
744393,10393220,The Sun (Sheridan)
745012,10400377,Seed to Sun
745331,10403994,Just Friends (Sunny)
746318,10413916,Sandii & the Sunsetz
746531,10416257,Suneohair
746946,10420251,Tosun Terzioğlu
747711,10428192,Daily Sun (South Africa)
748088,10432532,Johann Georg Wirsung
748202,10433866,A Thousand Splendid Suns
748402,10436027,Cho Min-sun
748409,10436046,Jung Sung-sook
748575,10437404,Ola Sundell
748637,10438051,Sunny (1930 film)
748751,10439174,Benjamin Oluwakayode Osuntokun
749106,10443180,Sunday Best (company)
749395,10446950,Sunshine (Aerosmith song)
749734,10452145,Sun Down/Sun Rise
749821,10453291,Vivan Sundaram
749842,10453455,Southern double-collared sunbird
750000,10454928,Greater double-collared sunbird
750002,10454942,Rwenzori double-collared sunbird
750003,10454946,Prigogine's double-collared sunbird
751033,10470143,Sunset (Bird of Prey)
751289,10473186,No More Sunsets
751456,10475102,Tosun Paşa
751605,10477038,The Katy Sun
751928,10481770,Sunil Saigal
752382,10487883,Tsunami (roller coaster)
752608,10491812,One in the Sun
752660,10492600,Elias Sunny
753655,10505680,Sunset Strip curfew riots
753680,10506118,Sun Yu (director)
753823,10508004,Sunshine on Leith (album)
754359,10516125,The Sun Also Rises (2007 film)
754596,10519175,"Holy Trinity Church, Sunderland"
754891,10523222,Sunshine (Gareth Gates song)
755657,10532073,Arctic Sunwest Charters
755804,10533719,Easter Sunday Processions in Malta and Gozo
756680,10543053,The Silent Sun
756713,10543467,Go Ah-sung
756973,10548242,Sundanese
756974,10548260,Sundanese script
757103,10549689,"Sunnycliffs, Victoria"
757471,10553857,Sunflower sea star
757558,10555000,Dead by Sunrise
758941,10575204,"Sunset Lake (Lakes Region, New Hampshire)"
759327,10581068,Usun-Kyuyol
759428,10582624,Sunday Girl (Erasure song)
759473,10583194,Sun Yu
760713,10602599,Sunriver Airport
760988,10607368,Suneil Anand
761009,10607649,2006 Samsung/Radio Shack 500
761517,10614099,Kampong Sungai Teraban
762376,10626173,Sun valve
762431,10626849,Sundsvall–Torpshammar Railway
762495,10627922,Katakura Muratsune
762662,10630936,Lee Sung-min (singer)
762880,10634484,Bloody Sunday (1938)
763005,10636690,Sunshine movie
763156,10638152,"An Orkney Wedding, with Sunrise"
763623,10643417,Sunny Hill Park
763780,10645999,Sunnyslope Mountain
764090,10649890,Sun Shuwei
764661,10658213,Matchstick Sun
764856,10661023,Øresund Line
764867,10661164,Sunrise Mall
765176,10665454,Funeral Dirge for the Rotting Sun
765466,10670365,Sunshu Ao
765581,10672753,Today the Sun's on Us
765610,11659947,SunCoast Airlines
765826,11662736,Suneet Chopra
766406,11668751,Sunil Edirisinghe
766754,11673196,House of Suns
766817,11674044,Sunset Tan
767271,11678831,Sunaho Tobe
767442,11680383,Sun Storm
768397,11691102,Okanagan Sun
768542,11692445,Lee Sung-yang
769038,11697110,List of 3rd Rock from the Sun episodes
769415,11701124,Child of the Sun (disambiguation)
769443,11701374,Child of the Sun (album)
770503,11712045,Lee Sung
770934,11716251,Katsunuma Nobutomo
771571,11723245,Sun Valley Gardens
772836,11736222,Ronald Grigor Suny
773051,11738516,Sundancer
773642,11746291,Rosalinda Asuncion Vicente
773679,11746651,Sun Yue (volleyball)
773700,11746901,Sunshower (Thelma Houston album)
773776,11747553,Sunforest (album)
773857,11748447,Sundar C.
774036,11750127,That's What I Love About Sunday
774843,11758415,Elvis at Sun
774906,11759379,Sune Rose Wagner
775130,11761923,Sunguvarchatram
775664,11768914,A. W. H. Abeyesundere
776599,11778909,Kelechi Osunwa
777102,11783858,Sunflower (1970 film)
777453,11787389,Sun and Moon (Mansfield)
777601,11788355,Jon Sunderland
778172,11793051,Yellow-bellied sunbird-asity
778618,11796745,Sunneva Jaarlintytär
778638,11796890,Sunneva keisarin kaupungissa
778851,11798238,Sunrise Radio (Yorkshire)
779186,11801499,"Suncrest, Washington"
779265,11802281,Colony Wars: Red Sun
779654,11806731,Sunny Days (album)
780522,11817579,Sun Life Plaza
780701,11818919,Carl Suneson
781370,11824724,Sunday Adelaja
781557,11827559,Jerónima de la Asunción
781633,11829180,Unsung Heroes
781921,11832471,Pacific Suns
782633,11841068,Sun and Shadow
782703,11842179,Sun Java System Access Manager
782952,11844310,In Search of Sunrise
783197,11847908,Agatha Christie: Evil Under the Sun
784260,11859269,Jang Sung-ho (baseball)
784276,11859373,Hong Sung-heon
784310,11859770,Lim Sun-dong
784488,11862331,In the Sun (Joseph Arthur song)
785215,11870399,Tu Tsung-ming
785610,11875314,Under the Flag of the Rising Sun
786575,11886743,Sunderolt
786677,11887736,Henri François Xavier de Belsunce de Castelmoron
787243,11893897,Sundance Bilson-Thompson
787483,11896394,Hello Sunshine (Super Furry Animals song)
788426,11908274,Misunderstood (Bon Jovi song)
789220,11915956,Sunday (The Day Before My Birthday)
789688,11919215,Sunshine and Summertime
790084,11922465,HMS Sunfish (81S)
790777,11929811,Sundown on the Forest
791032,11932425,Sunhill
791068,11932693,John William Sunderland
791092,11932889,John Sunderland
791154,11933511,John Sunderland (businessman)
791322,11935182,Sun Dirt Water
791472,11936534,Mausund
791940,11942845,The OK Thing to Do on Sunday Afternoon Is to Toddle in the Zoo
792237,11945377,Sun Man
793077,11951839,Roman Catholic Archdiocese of Asunción
794424,11965526,Åsunden (Västergötland)
794426,11965529,Åsunden
794431,11965574,2007–08 Phoenix Suns season
794496,11966156,Brønnøysund Register Centre
794611,11967557,I Can Take You to the Sun
794812,11969794,Sun Creature (EP)
795064,11973110,Chasing the Sun
795804,11979441,"Samsung R&D Institute India, Bangalore"
795913,11980294,Sunset Cafe
795956,11980509,Powder Your Face with Sunshine
796278,11983213,Sun Xiulan
796452,11985257,Sungei Road
796969,11992022,Sunday Ibrahim
797649,11999122,Yesung
797710,11999652,The Californian (Sunday's Best album)
798036,12003484,Sundhausen
798079,12003901,When the Sun Comes Out
799166,12016681,Sundance Group
799464,12020405,Sunrise on the Sufferbus
800395,12031331,Sunrise Radio Group
800773,12035099,Minami-Sunamachi Station
801543,12043811,"Sunset Beach, Western Australia"
802403,12054477,You Are My Sunshine (2005 film)
802469,12055361,Kim Sung-su (director)
802691,12057810,Seven and the Sun
802720,12058062,Burnt by the Sun (EP)
805396,12087967,Holidays in the Sun (EP)
805801,12093396,Anne Sunnucks
806561,12101704,Carnival Sunday
807127,12109218,(Always Be My) Sunshine
807135,12109314,The Sun (Fridge album)
807335,12112508,Weekly Young Sunday
808276,12124080,Lee Sung-jae
808518,12126769,Futoshi Matsunaga
808532,12126952,Sundararaja Perumal temple
808597,12127966,Waiting for the Sun (disambiguation)
808778,12130231,Mattias Sunneborn
809536,12137517,Sung-through
812141,12165432,Sunda long-eared bat
813477,12173625,Sundevall's jird
814122,12176142,Sundamys
814123,12176144,Müller's giant Sunda rat
814411,12177210,Anderson Mōri & Tomotsune
814893,12178602,Inga yasuniana
815422,12181431,Sunnmøre List
816372,12185520,Sundoreonectes
816587,12187420,Purple-backed sunbeam
816589,12187429,White-tufted sunbeam
816590,12187433,Shining sunbeam
816591,12187437,Black-hooded sunbeam
816767,12188064,Amethyst-throated sunangel
816768,12188066,Sunangel
816770,12188068,Tourmaline sunangel
816771,12188073,Orange-throated sunangel
816772,12188077,Flame-throated sunangel
816773,12188079,Royal sunangel
816774,12188084,Purple-throated sunangel
816776,12188090,Bogotá sunangel
817342,12190276,USS Sunbird
818017,12192834,Sunda warbler
822981,12240579,Sunday Morning Coming Down (album)
823215,12242001,Sunil Pal
823480,12244463,Prisoners of the Sun (film)
824042,12249765,John Sunseri
824076,12250056,Moritsune Station
824837,12256740,Sunderland Bridge (Massachusetts)
824993,12259043,Probability Sun
825734,12266051,Sunetra Gupta
826743,12276694,Solectria Sunrise
827206,12281495,MBB Bo 209 Monsun
827304,12282183,Sunnyboys
828427,12293656,William Sunners
828931,12298971,Seadrum/House of Sun
829052,12300878,Datsun 210
829376,12305190,My Village at Sunset
829777,12309443,Roman Catholic Diocese of Sunyani
830131,12313493,"Oronsay, Loch Sunart"
830421,12317891,Hurry Sundown (McBride & the Ride album)
830588,12320224,Sunico Films
831189,12326725,Sunčane Skale 2007
831460,12329774,Third Rock from the Sun
832108,12338722,Sun Caged (album)
832766,12346194,The Dark Side of the Sun (film)
832811,12346505,The Dark Side of the Sun (disambiguation)
834453,12355233,Parajubaea sunkha
834694,12356585,Sunn-hemp mosaic virus
835912,12364164,Erik Sundin
835995,12364657,Sunyeophaa
836245,12366348,Shadows of the Sun
837065,12372439,Vasundhra
837423,12373928,Osteocephalus yasuni
838081,12379675,Kent on Sunday
839597,12386757,Always the Sun
840100,12388891,Country Sunshine (Dottie West album)
840755,12392259,California Sun
840950,12394690,List of streets named after Sun Yat-sen
841008,12395055,R. Shunmugasundaram
841174,12396288,Leptolalax sungi
841614,12398106,HMS Sunfish
841830,12398947,Metaphrynella sundana
842179,12400654,Sunset Lake
843776,12409350,Sunway Carnival Mall
843916,12410595,Odorrana utsunomiyaorum
844256,12412141,Warner Sunset Records
845127,12419666,Sun lark
845633,12422594,Sunda coucal
846698,12429051,Sunda frogmouth
846727,12429225,The Venom Trees of Sunga
846775,12429493,Sunburst butterflyfish
847036,12430948,Sunda collared dove
847562,12435001,Handsome sunbird
847564,12435010,Apo sunbird
847565,12435015,Fork-tailed sunbird
847566,12435022,White-flanked sunbird
847567,12435026,Flaming sunbird
847569,12435033,Mrs. Gould's sunbird
847570,12435037,Fire-tailed sunbird
847571,12435043,Lina's sunbird
847572,12435046,Javan sunbird
847573,12435052,Green-tailed sunbird
847574,12435059,Grey-hooded sunbird
847575,12435068,Metallic-winged sunbird
847577,12435075,Black-throated sunbird
847579,12435079,Lovely sunbird
847704,12435682,Anchieta's sunbird
847706,12435694,Violet-tailed sunbird
847708,12435700,Fraser's sunbird
847711,12435708,Mangrove sunbird
847712,12435712,Western violet-backed sunbird
847713,12435716,Brown-throated sunbird
847714,12435721,Nile Valley sunbird
847715,12435727,Uluguru violet-backed sunbird
847716,12435734,Eastern violet-backed sunbird
847717,12435741,Amani sunbird
847718,12435748,Pygmy sunbird
847719,12435755,Yellow-chinned sunbird
847721,12435762,Red-throated sunbird
847723,12435768,Banded green sunbird
847724,12435772,Plain sunbird
847725,12435776,Ruby-cheeked sunbird
848618,12442650,Hasunoike Domain
848648,12442897,Sunlight (Herbie Hancock album)
849057,12445768,Sunda cuckooshrike
849399,12448235,Sunda blue flycatcher
849635,12450056,The Sun Goes Down (Thin Lizzy song)
849787,12451174,Sunda forktail
850017,12452741,Sunda laughingthrush
850622,12457885,Purple-naped sunbird
850989,12460172,Heat and Sunlight
851833,12465637,Årdal og Sunndal Verk
851858,12465780,Rio Suno antwren
851961,12466393,Buff-throated sunbird
851963,12466412,Blue-headed sunbird
851965,12466428,Amethyst sunbird
851968,12466441,Black sunbird
851970,12466451,Socotra sunbird
851971,12466464,Bannerman's sunbird
851974,12466473,Bates's sunbird
851975,12466484,Purple-banded sunbird
851979,12466502,Bocage's sunbird
851980,12466514,Orange-tufted sunbird
851984,12466529,Apricot-breasted sunbird
851987,12466545,Copper-throated sunbird
851988,12466558,Violet-breasted sunbird
851989,12466564,Olive-bellied sunbird
851991,12466576,Anjouan sunbird
851992,12466587,Congo sunbird
851996,12466603,Mayotte sunbird
852000,12466616,Copper sunbird
852003,12466629,Blue-throated brown sunbird
852004,12466643,Red-chested sunbird
852005,12466661,Carmelite sunbird
852009,12466674,Dusky sunbird
852011,12466688,Shining sunbird
852013,12466702,Príncipe sunbird
852015,12466717,Humblot's sunbird
852017,12466733,Hunter's sunbird
852018,12466745,Johanna's sunbird
852019,12466750,Scarlet-tufted sunbird
852021,12466763,Bronzy sunbird
852024,12466772,Loveridge's sunbird
852028,12466786,Eastern miombo sunbird
852030,12466795,Marico sunbird
852033,12466810,Eastern double-collared sunbird
852034,12466822,Tiny sunbird
852036,12466839,Moreau's sunbird
852038,12466853,Black-bellied sunbird
852039,12466865,Neergaard's sunbird
852042,12466880,Newton's sunbird
852043,12466894,Malagasy green sunbird
852044,12466905,Olive sunbird
852047,12466919,Cameroon sunbird
852048,12466933,Oustalet's sunbird
852049,12466944,Pemba sunbird
852053,12466960,Northern double-collared sunbird
852054,12466972,Purple-breasted sunbird
852055,12466991,Regal sunbird
852057,12467005,Reichenbach's sunbird
852059,12467025,Golden-winged sunbird
852062,12467041,Rockefeller's sunbird
852063,12467055,Green-throated sunbird
852065,12467063,Rufous-winged sunbird
852067,12467075,Little green sunbird
852068,12467094,Scarlet-chested sunbird
852070,12467108,Shelley's sunbird
852072,12467124,Flame-breasted sunbird
852075,12467136,Purple-throated sunbird
852077,12467153,Superb sunbird
852080,12467164,Tacazze sunbird
852081,12467184,White-bellied sunbird
852083,12467197,Giant sunbird
852084,12467209,Ursula's sunbird
852086,12467219,Grey sunbird
852087,12467227,Green-headed sunbird
852100,12467325,Common sunbird-asity
852674,12471220,Sunda minivet
852725,12471566,See the Sun
853648,12478251,A Landing on the Sun
854471,12484037,Crossover (Yoshinori Sunahara album)
854489,12484134,Sunderland International Airshow
854550,12484588,Sung Min
855354,12489676,Sunda thrush
855610,12491351,Sunda pygmy woodpecker
856669,12500963,Akinlabi Olasunkanmi
857075,12504886,Phelsuma sundbergi
857340,12506554,Sun Zhijun
857875,12511579,Tom Sunkel
857897,12511697,Sunnykutty Abraham
858075,12513149,Sundnes Brenneri
858360,12515422,Plunder of the Sun
859239,12521748,Gambian sun squirrel
859240,12521756,Mutable sun squirrel
859241,12521762,Small sun squirrel
859242,12521770,Red-legged sun squirrel
859244,12521779,Ruwenzori sun squirrel
859245,12521782,Zanj sun squirrel
859276,12521991,Sunda porcupine
859577,12524889,By Schism Rent Asunder
860294,12530344,Sundasciurus
860537,12532087,Sun hat
860659,12532864,Sunda shrew
861048,12535465,The Trigon Disunity
861111,12535881,Sunda flying fox
861309,12537157,Sundevall's roundleaf bat
862194,12545404,In Search of Sunrise 6: Ibiza
862557,12548083,List of Phoenix Suns players by number
862997,12550946,Tsundur massacre
863069,12551811,Souriya Sunshine
864323,12565099,Rising Sun (TVXQ album)
864542,12566944,Sungai Lias
865571,12577879,Sunshine Studios
865649,12578740,Haugesund IL
865651,12578786,Haugesund Stadion
865879,12581400,Suns of the Tundra
865956,12582285,Nam-sun
866084,12583535,Sunflower revolution
866093,12583622,Bahía Asunción Airstrip
866349,12586860,Sung-sook
866395,12587472,Sunday Night (South Korean TV series)
866598,12590291,Sunshine Coast Region
866718,12591673,Whitsunday Region
867101,12595384,Sun Rise Above
867691,12600142,Lee Sun-bin (figure skater)
867766,12600920,Sonoma Valley Sun
868066,12603305,Sunny Mehta
868133,12603794,Our Unsung Villains
868358,12605502,Sunland Park Racetrack & Casino
869221,12613220,Carolina pygmy sunfish
869223,12613231,Bluebarred pygmy sunfish
870145,12619174,Sunset Mission
870661,12622125,Allan and the Sundered Veil
871462,12629347,Sungkyunkwan University station
872538,12640874,2007–08 Sunderland A.F.C. season
872540,12640897,Sunnyvale station
873072,12646123,Sung-won
873085,12646266,Sung-mi
873220,12647654,Sun Dan
873350,12648535,Suneel Darshan
875715,12661559,Sunlight (DJ Sammy song)
878011,12680420,Sunil Deshmukh
878313,12683719,Bajaj Sunny
878369,12684337,Sunny Ekeh Kingsley
878508,12685875,Misunderstanding (Genesis song)
878871,12690474,M. S. Sundara Rajan
879812,12698889,Sunmin
880879,12705753,Boris Lisunov
880932,12706364,Lisunov
881145,12708190,Pitsunda Cathedral
882208,12713808,Sunday's Children
882540,12717259,Sunday Chidzambwa
882707,12719945,Sungkai
882881,12722376,Sunny Days (Jars of Clay song)
882911,12722743,Sunrise Powerlink
882963,12723403,Black Sun (Ra album)
883378,12727285,List of 77 Sunset Strip episodes
883390,12727366,Samsung SGH-E715
883702,12730936,Angela Sun
884305,12737715,Easter Sunday Raid
884398,12738702,Matsudaira Tsunamasa
884719,12741834,Goals on Sunday
885228,12747017,Sunrise (New Zealand TV programme)
885625,12750665,Sunniva Hakestad Møller
886691,12759514,Raining on Sunday
886809,12761168,Sundar
886810,12761171,Down on Sunset
886890,12762161,Decisions of the Sky: A Traveler's Tale of Sun and Storm
886930,12762685,Gong Sung-jin
887448,12766436,Sun Dogs (2006 film)
888471,12774534,SUNY Plaza
888479,12774640,The Sun Rises and the Sun Sets... and Still Our Time Is Endless
888588,12775974,Shim Young-sung
890734,12795423,List of tsunamis
890784,12796020,Don't Need the Sun to Shine (To Make Me Smile)
891877,12807792,Sunok
892351,12812284,Hatsuno Station
892933,12818220,Konoe Kanetsune
892945,12818383,Konoe Tsunehira
892956,12818482,Konoe Tsunetada
893444,12822347,Konoe Tsunehiro
893586,12823522,That Lucky Old Sun (album)
893669,12824248,Kujō Yoshitsune
893927,12826745,Going-to-the-Sun
894628,12834007,Sunnyside Hospital
894659,12834345,Sun Siyin
894786,12835663,Samsung Economic Research Institute
899198,12868949,Sundsvalls SS
899240,12869301,Tim Truman (Sunset Beach)
899288,12869560,Hell–Sunnan Line
899570,12870793,Paul Tjøstolsen Sunde
900191,12874151,Season of the Sun
901875,12883057,Sun Du
901899,12883178,Sun Tongxuan
901937,12883313,Sun Weiru
901976,12883509,Sun Chu
902081,12884151,Sunar Sulaiman
902227,12885558,A Raisin in the Sun (2008 film)
906166,12906963,Apollyon Sun
906481,12908387,Sunset at Chaophraya (1996 film)
906568,12908965,İrşadi Aksun
909291,12923118,Swami Sundaranand
909319,12923273,Misunderstanding
910578,12931712,Sun Xu
910594,12931832,Asunder (software)
910844,12934057,Under the Sun of Rome
911513,12941001,Banknotes of the Sungei Buloh Settlement
911541,12941293,Sunpu Domain
911696,12942447,Kujō Tsunenori
911714,12942546,Sun Shipbuilding & Drydock Co.
911724,12942623,Kujō Hisatsune
912914,12955175,The BibleCode Sundays
912958,12955629,Park Chil-sung
913034,12956465,Ichijō Sanetsune
913070,12956866,Ichijō Ietsune
913086,12956979,Ichijō Uchitsune
913201,12959027,Atsunori Inaba
913216,12959096,Sunrise (Pulp song)
913823,12964178,Midnight Sun (Meyer novel)
914166,12967613,Jung Jae-sung
914191,12967855,Kennevic Asuncion
914287,12968917,Sundial St. Pete
914494,12972132,Happy Sunday
914601,12973241,Ichijō Tsunemichi
914609,12973297,Ichijō Tsunetsugu
915051,12977165,Sunnyvale School District
915245,12979157,Sunda cuckoo
915317,12979667,Sun Fuming
915557,12982948,The Shops at Sunset Place
916202,12989512,The Sunless Street
916601,12994074,Samsung SGH-X200
916810,12996333,Sun Coast Media Group
917195,13001320,Woo Sun-hee
917374,13003246,Sun Taifeng
918071,13009698,Tsunami (band)
919334,13022071,Asun Balzola
919550,13024093,Niklas Sundblad
919684,13025596,Into the Sun
920156,13031293,Sundampatti
920649,13036851,Rising Sun High School (Maryland)
921311,13045579,Sun Chao (racewalker)
923095,13065022,Happiness Street (Corner Sunshine Square)
923414,13068653,"Sunderland, Maryland"
923944,13074515,Deep End (Tsunami album)
924808,13082066,Sun Dongmei
925242,13087159,Sunshine (Jonathan Edwards song)
925602,13091993,Sunny Border Blue
925954,13095602,Sunny Hill Plantation
926346,13099659,2008 Sundance Film Festival
927359,13109509,Miami Sun Sox
927407,13110125,SUNCAT
927575,13111370,Vatsun
927675,13112588,High Sunderland Hall
928386,13120323,Sun Java System Communications Suite
930400,13134456,Sun Laimiao
930692,13138358,Long Island (Whitsunday Islands)
930775,13139446,Samsung SGH-G600
931782,13149207,Sun Qingmei
931863,13150247,Tsuna Sawada
932190,13153940,When the Sun Goes Down (Kenny Chesney song)
933168,13159577,"Robert Spencer, 4th Earl of Sunderland"
933603,13161819,Tōyō Mitsunobu
933723,13162584,Sunnycroft
934259,13169482,Sunshine City (album)
935687,13176044,Nava de la Asunción
936755,13182410,Ki Sung-yueng
936779,13182635,Jung Sung-ryong
937656,13193286,Springfield News-Sun
937672,13193466,List of Sunday Night Football results (1987–2005)
938727,13203750,Wilmshagen (Sundhagen)
938917,13206211,On the Sunny Side (The Four Lads album)
939076,13208543,Tsuneo Matsudaira
940331,13223406,Tsuna (disambiguation)
940393,13224308,Sunshine Records (Australia)
940444,13224797,Sunshine Records
941022,13231857,Gandy-Sun Bay South
941255,13234171,Kusunda language
942064,13242069,Lethbridge Sun Times
942153,13243218,Sunday (2008 film)
942236,13244276,Sunderland Stars
942602,13248036,Hijikata Katsunaga
943128,13251646,Acantholimon goeksunicum
943202,13252551,Samsung SGH-P520 Giorgio Armani
943536,13258167,Sun Plaza (Bucharest)
943957,13262481,Nijō Tsunahira
944270,13265387,Gurdwara Mata Sundri
944348,13266249,Mehmet Cansun
944985,13272296,Nabeshima Naotsune
945192,13274553,Pandit Sundarlal Sharma (Open) University
945359,13276618,Sunshine Superman
945415,13277443,Fifth Sunday of Easter
946292,13286649,East of the Sun
946724,13292544,Fosun International
947013,13294976,Misungwi
947109,13295850,Nagashima Ohno & Tsunematsu
948062,13306880,Sunshine Forever
948702,13314059,Sounds of Sunshine
948914,13316555,Sugatsune
949107,13319144,Tatsuno Station
949709,13327388,Jetsunma Ahkon Lhamo
950533,13337210,East of the Sun (Tuatara album)
950833,13341075,The Misunderstood discography
950995,13343136,Sun Aire Lines
951332,13346882,Sunderland Loyal Volunteers
951548,13350227,Underground Sunshine
951595,13351449,Sri Sundararaja Perumal Temple
951727,13352931,Sunday Times Rich List 2007
952972,13366696,Smif-n-Wessun: The Album
954019,13378786,Live at Montreux (Sun Ra album)
954382,13384064,Sunnyside North Beach
955057,13391315,Sunny Wood Halt railway station
955437,13395767,Daniel Sundén-Cullberg
955507,13396612,VeraSun Energy
955712,13399057,Sun Ning Railway Company
956093,13402356,Samsung SPH-M620
956678,13408378,Fanny Sunesson
957029,13412032,Sunan Yugur Autonomous County
957233,13414683,The Other Side of Sunday
958016,13423142,"Ossun, Louisiana"
958904,13433609,To the Bright and Shining Sun
960402,13450006,Sun Zi's Tactics
961098,13458937,Sundown High School
961255,13460615,Sunset Park Historic District
961312,13461091,Mahsun Kırmızıgül
961889,13466322,A Fire in the Sun
962141,13470974,Sundays at Tiffany's
962183,13471879,Sungai Pelong
962185,13471910,Kuala Sungai Buloh
962585,13476283,Ole Bjørn Sundgot
963122,13480507,Sunzha (river)
963123,13480514,Sunzha
963532,13485864,Hugh Sung
963571,13486544,Hyupsung High School
964251,13494461,Hatsune Miku
964998,13502581,Sun Direct
965099,13503741,Sunburst (disambiguation)
965604,13509459,Emily W. Sunstein
965805,13511750,Sun Chuyue
966013,13515196,Tony Sun
966329,13518789,Tsuneo Suzuki
966845,13522031,Tsuneo Enari
966896,13522363,Sundown Slim
967035,13523322,Tsuneko Sasamoto
967131,13524150,Tsune Sugimura
967774,13531102,Sunnehanna Amateur
968563,13539403,Sunshine Acres
968594,13539718,Samsung Ultra Smart F700
969140,13547518,The Sunshine Company
969455,13550767,A Sunday Kind of Love
969715,13554149,Holiday in the Sun
969956,13557324,Eiksund Bridge
970218,13561761,Asunaro Hakusho
970537,13565243,Sundarbans (disambiguation)
970628,13566526,The Sunrise Lands
970944,13570251,Nansun Shi
971039,13571561,Dark Sun (novella)
971303,13574719,Sunchaser Pictures
971819,13580971,Sunday Times Rich List 2005
973100,13599061,Holger Sundström
973311,13603267,Longuemare's sunangel
973899,13611099,Baseball Sunday
974076,13613594,List of Sunset Beach characters
974124,13614589,Sunshine Dizon
974396,13617802,Sunny Abberton
974433,13618207,"Sunrise, Minnesota"
974535,13619027,1992–93 Phoenix Suns season
974561,13619240,1996–97 Phoenix Suns season
974980,13624914,Sunnyside High School (Fresno)
975246,13628673,Sunda Strait Bridge
975695,13632888,Matsudaira Nobutsuna
975772,13633704,Hosokawa Mitsunao
975869,13634584,S. D. Somasundaram
976328,13639877,Order of the Sun of Peru
976829,13645318,Allegorical Misunderstanding
976845,13645483,Samsung Contact
977486,13651965,Sun Goddess (album)
977840,13657757,Blackened Sunrise EP
978807,13667408,Kaltensundheim
979708,13679130,Vimukthi Jayasundara
979840,13680848,Wasungen-Amt Sand
980028,13683572,O. N. Sunde
980436,13689565,Hyosung Comet Series
980438,13689577,Hyosung GT650
980439,13689580,Hyosung GT125
980502,13690608,Wintersun (disambiguation)
981322,13700969,Sundiver (space mission)
981812,13706849,Kenshiro Matsunami
981813,13706873,Kenta Matsunami
982083,13709527,Forgotten Sunrise
982236,13710796,Unsung Heroes of American Industry
982288,13711064,Ludwig's double-collared sunbird
982703,13715176,Hirokazu Matsuno
982712,13715211,Yorihisa Matsuno
982740,13715626,Sunken Water
982897,13717775,USS Sunflower
982937,13718334,USS Sunflower (1863)
982977,13718841,Tower of the Sun
983059,13719816,Grey-headed sunbird
983204,13721240,North Sunderland
983500,13724541,Samsung SCH-U700
983970,13729291,List of sunken battlecruisers
983981,13729423,List of sunken battleships
984054,13730487,Moon Sung-kil
984481,13736534,The Sun Star
985312,13746537,The Catholic Sun
985340,13746879,Monsun
985712,13751149,Cyber Sunday (2006)
985842,13752887,Sunde
986037,13754415,Pålsundet
987934,13773888,The Sunday Telegraph (Sydney)
987950,13774086,Sunil (actor)
988445,13780241,Bosun (dinghy)
988846,13785687,"Tsuno District, Yamaguchi"
988862,13785975,Sun Wanrong
990144,13803759,Tetsundo Iwakuni
990655,13809476,Makham Sung
991196,13814451,"Sunnyside High School (Tucson, Arizona)"
991419,13817666,Mitsunori Okamoto
991457,13818180,Itsunori Onodera
991478,13818398,Katsunobu Katō
991821,13821121,Sundby Idrætspark
992238,13826496,The Sound of Sunbathing
992314,13827263,Kim Young-sun
992544,13830653,Sunair
993166,13835979,Sun Chlorella Classic
993847,13843536,Sundae (sausage)
994240,13848800,Samsung SPH-M100
994251,13848919,Song Sung Blue
994609,13853793,Sunny Hill School
995390,13863083,Sunbury Court Island
995404,13863343,Sunny Lowry
995800,13869083,Suntalekhola
995880,13870077,The Sun in a Net
995914,13870453,Jalan Sungai Terap–Simpang Jeram
995963,13871284,Artesunate/amodiaquine
996259,13874779,Sunbury Lock Ait
996270,13874885,Nila northSun
996516,13877919,Sastha Sunu
996846,13883046,St. Louis Sun
997090,13886773,The Misunderstanding
998063,13898287,Nagai Naotsune
998162,13899693,Sundress (EP)
998567,13902897,1968 Sandown Three Hour Datsun Trophy Race
999085,13908962,"Rising Sun, Wisconsin"
999279,13911187,"Waterville, Sunbury County, New Brunswick"
999494,13914049,Tatsuno Domain
999948,13921475,Sundari Nanda
1000230,13925221,Haugesunds Avis
1000397,13927240,One Sunday Morning
1001479,13939610,List of municipalities in Giresun Province
1001535,13940049,List of municipalities in Samsun Province
1002012,13945863,Dog Day Sunrise
1002547,13952171,Sunset Station (hotel and casino)
1002578,13952406,Arthur Sundt
1003133,13958660,Bedfordshire on Sunday
1003531,13964642,The Hideous Sun Demon
1004229,13972163,Sunflower (2005 film)
1004264,13972719,Maeda Tsunanori
1004290,13973031,Ikeda Tsunamasa
1004292,13973053,Asano Tsunanaga
1004337,13973603,Tobias Kassung
1004523,13975541,Sunrise (Norah Jones song)
1004748,13978570,Galleria at Sunset
1005132,13983812,The Disunited States of America
1005654,13989459,Tokugawa Tsunanari
1005904,13992574,Catching the Sun (album)
1006065,13994579,Sunlight at Secondhand
1006257,13998164,Wan Wan Celeb Soreyuke! Tetsunoshin
1006497,14000710,Temminck's sunbird
1006655,14002363,Jackson Sundown
1006690,14002813,Hachisuka Tsunamichi
1006694,14002853,Hachisuka Tsunanori
1006813,14004047,Shine on Silver Sun
1006887,14005248,Mark Sundeen
1007229,14010306,Birth of the Sun
1007426,14013345,Sunbury Industrial School
1007630,14016689,Sunny Boy (rapper)
1008423,14024759,"Sun, Moon, and Talia"
1008614,14026530,Sundubu-jjigae
1008673,14027286,Tsavo sunbird
1008754,14028525,Samsung U740 Alias
1009531,14038382,Richard Sundeleaf
1009741,14041268,Chesuncook Lake
1009904,14043274,Cyber Sunday (2007)
1010319,14047816,Everybody Loves the Sunshine
1010676,14052607,"Farsund Airport, Lista"
1010725,14053358,Song Jong-sun
1011335,14063145,Kyung Sun Shin
1011499,14065554,Tsunekichi Shibata
1011848,14069090,Susunu! Denpa Shōnen
1011859,14069225,Sun Bin's Art of War
1011879,14069451,Lee Ok-sung
1012215,14073825,Samsung SCH-U470
1012420,14076265,Sun Rings
1012506,14077294,Asano Tsunaakira
1012662,14079653,Innocent Man (Misunderstood)
1012801,14081427,Rich Asuncion
1012818,14081721,Sunrise Park Resort
1014619,14098382,Tsuneo Watanabe
1015715,14110780,Turan Dursun
1015855,14113045,Sun Dirt Water (song)
1016568,14123068,Sun Neptune
1016700,14124069,The Sunny Side Up Show
1016956,14127738,Sunshine Mine
1017911,14139447,"Sunset Park, Las Vegas"
1018212,14142753,Sunshine Cleaning
1018219,14142810,Bird Girl and the Man Who Followed the Sun
1018253,14143144,The Sun Is Often Out
1018726,14148305,Taisun Khan
1018747,14148422,Daraisung Guden Khan
1019006,14153016,Sunny Boy Cereal
1019033,14153573,Muksun
1019122,14155072,Lai Sun Development
1020291,14167981,Hatsune Miku: Unofficial Hatsune Mix
1020617,14172788,Tsunenori Kawai
1021771,14187934,Sundays River Valley
1022739,14200751,2007 Arizona State Sun Devils football team
1022801,14201443,The Antarctic Sun
1023063,14205077,Stand Up (Everyday Sunday album)
1023563,14210449,Bosun Ayeni
1025982,14240167,Koo Hye-sun
1026138,14241847,Daniel-Bek of Sassun
1026147,14241905,Sunline Stakes
1026356,14244162,Bring Me Sunshine (1984)
1026580,14246440,Sunflower Bowl
1026824,14249282,Norsesund
1027347,14256091,WSUN
1027650,14259661,Bring Me Sunshine (TV series)
1027673,14259874,Sunday Best (American TV series)
1028314,14268050,Hansung University station
1028323,14268138,Sungshin Women's University station
1028976,14274653,"Sunnyslope, Alberta"
1031587,14301510,Kusunose Yukihiko
1031872,14304637,Sundara Purushan (1996 film)
1031882,14304775,I Saw the Devil Last Night and Now the Sun Shines Bright
1032677,14315863,Kigoshi Yasutsuna
1032853,14317684,Sunny Hostin
1033503,14326291,Sunken Village Archeological Site
1033665,14328684,Sungai Nibong
1033668,14328755,Nobuo Matsuno
1034000,14332339,Bring Me Sunshine
1035647,14352322,"Sunshine Coast railway line, Queensland"
1035673,14352631,Sunny Singh (actor)
1035940,14355980,Under the Sun (1998 film)
1036388,14360403,Ying Sun
1036658,14366529,Evil Under the Sun (disambiguation)
1037766,14385358,All for the Love of Sunshine
1038786,14403392,Sun Constellation System
1040286,14422047,The San Bernardino Sun
1040574,14425874,Sun Li (actress)
1040761,14428144,Asunaro
1041086,14431751,Fårösund
1041546,14436685,Jung Mo Sung
1042599,14449748,Sun Crest
1043124,14456621,Ola Sundt Ravnestad
1043384,14458955,Staring at the Sun (TV on the Radio song)
1043480,14460250,Sunfish-class destroyer
1044323,14470621,Kim Sung-Hou
1044431,14471659,Petter C. G. Sundt
1045125,14481822,Sunway Monorail
1045663,14489246,List of films at the 2008 Sundance Film Festival
1045808,14491552,Sunday Express (Montreal)
1045979,14493746,April (Sun Kil Moon album)
1046585,14500973,A Sunny Day in Glasgow
1047167,14505725,Shamsunnahar Mahmud
1047214,14506616,Follow-the-sun
1047863,14513757,Sunnybrook
1048229,14517330,Sieve of Sundaram
1048250,14517468,Åslaug Linge Sunde
1048387,14518800,Karl Sundholm
1048590,14521977,Sunday Awoniyi
1048673,14523151,Msunduzi Local Municipality
1048690,14523321,Sunday's River Valley Local Municipality
1048872,14524848,Swans Against the Sun
1049006,14526270,Peter Sunde
1049319,14530211,Sun Ce's conquests in Jiangdong
1052224,14555813,Hot Sun Foundation
1052307,14556614,Harvest Moon DS: Sunshine Islands
1053019,14567007,"The Eclipse, or the Courtship of the Sun and Moon"
1053091,14567743,Sundance (video game)
1053405,14571525,Suntory Open
1053546,14573356,2007 Sunfeast Open
1053846,14577792,The Sunflower (book)
1054469,14586266,James F. Sundah
1054569,14587450,Watersun Swimwear
1055124,14596172,Shōnen Sunday S
1055133,14596339,Our Mr. Sun
1056304,14609804,Sungai Tengi
1056626,14612819,Sunday Times Fast Track 100
1057547,14621619,Irene Sunters
1058105,14626393,Deir al-Ghusun
1058171,14627028,Sunalini Menon
1058488,14629696,Sun xVM
1059445,14642394,Party for Solidarity and Development of Senegal – Sunu Party
1059470,14642676,SunCruz Casinos
1059949,14648960,Sun and Shadow (short story)
1060449,14654989,Jalan Sungai Putat
1060796,14658995,Sunday Pix
1061889,14670488,Sunshine tax
1062013,14672291,Var mısın? Yok musun?
1062092,14672801,Sunset Carson
1062510,14676840,Sunbeam-Talbot
1063073,14681690,USS Sunnadin (AT-28)
1063312,14684431,Sundream Motion Pictures
1063358,14685145,Mukim Sungai Kebun
1063373,14685258,Mukim Sungai Kedayan
1063477,14686759,Newport–Sunshine railway line
1063479,14686765,Sunbus Rockhampton
1064150,14694400,List of series run in Weekly Shōnen Sunday
1064569,14699235,The Cold Heart of the Sun
1067810,14724515,Sunday Seah
1067867,14725249,Into the Sun (1992 film)
1067938,14725754,2007 Sun Bowl
1068308,14729325,Kazuyoshi Tatsunami
1068329,14729568,Sunil Mukhi
1068764,14734284,Everybody Loves Sunshine
1069530,14741343,Pocketful of Sunshine
1070051,14747683,Kim Il Sung Square
1070951,14754940,Sunny & the Sunglows
1071215,14756540,GD Sundy
1072613,14768123,Sunnyside High School
1072806,14770192,Shuji Matsuno
1073087,14772696,Sunburnt
1073553,14777134,Akemi Matsunae
1073713,14778614,Hyosung GT250
1073776,14779807,Morning Sun (EP)
1074939,14795399,Half Shot at Sunrise
1076229,14810033,Savage Sunday
1077322,14818213,Sungod Recreation Centre
1077959,14824888,A Misunderstood Boy
1078141,14826889,Tsunami-proof building
1079090,14835763,Utsunomiya University
1079464,14837987,Antonio Torres (Sunset Beach)
1079644,14840034,Samak Sundaravej
1081277,14857629,Tsuneharu Takeda
1081941,14863970,Sun Towers
1082003,14864660,Sune Lindström
1084042,14883571,From Sun Tzu to Xbox
1084288,14886503,Electoral district of Sunshine
1085211,14895621,Hwang Sun-ai
1085605,14900001,Pantun Sunda
1085747,14902040,City of Sunshine
1086037,14904960,Every Sunday
1086105,14905784,Super Sunshine
1086298,14908638,Simon Sunatori
1089186,14935570,Woo Sung-yong
1090765,14952136,The Sun Also Rises (disambiguation)
1090796,14952561,The Sun Also Rises (1957 film)
1091162,14958867,Kutsuki Masatsuna
1091249,14960008,1947 Sun Bowl
1091435,14962663,"Sunset Village, Indiana"
1091739,14967241,Communist Party of Ecuador – Red Sun
1093406,14988338,Hjalmar Inge Sunde
1093430,14988629,Sun Visualization System
1094911,15004028,Sunday Best
1095587,15014201,Red Hot Sun
1095620,15015314,Fred Sunnen
1096739,15028289,Sun Yuanheng
1097342,15032829,Sunset Air Strip
1097539,15034694,Sun Yirang
1098208,15041688,"Sung, Cambodia"
1098574,15047111,Dark of the Sun
1099335,15055898,Sun path
1099799,15060970,Sunday Journal
1100162,15064305,Sunset in St. Tropez
1100677,15068924,Watanabe Moritsuna
1101203,15073778,Protein asunder homolog
1101736,15080845,Lee Sun-kyun
1102069,15085523,Te o Tsunagō/Ai o Utaō
1103297,15100154,Samsung SGH-G800
1104075,15108251,Sunnyvale Public Library
1104355,15111630,2006 Sun Bowl
1104373,15111849,2005 Sun Bowl
1104745,15114616,Sun Caiyun
1105041,15117262,Don't Bite the Sun
1106664,15134032,Sun conure
1106737,15135027,Sune Carlson
1106741,15135113,Tsunomaru
1107341,15143819,Sunda Kingdom
1107553,15145887,Luso-Sundanese padrão
1107828,15149825,Black Sun Ensemble
1107963,15151127,Sun West Airlines
1108270,15154998,Osun United F.C.
1109507,15171854,Sundsvall Dragons
1111345,15188580,Sunny Sweeney
1111539,15191306,Byron Sunderland
1112760,15207643,Abangan ang Susunod Na Kabanata
1113554,15216122,Sunbird Airlines
1113584,15216511,Retreat from the Sun
1113613,15216758,Sun Chariot (horse)
1114489,15226854,Kang Sun-kyu
1114516,15227020,NationsUniversity
1114869,15229833,Sunsuper
1115243,15234553,Nicholas B. Suntzeff
1115453,15236762,Seligpreisung
1115739,15241896,Akechi Mitsutsuna
1115996,15246606,Samsung Town
1116181,15250555,Przemysław Frasunek
1116552,15255759,Sussundenga District
1116667,15257095,Inhassunge District
1117298,15268094,Kim Sung-joo (entrepreneur)
1117464,15269889,Sunshine Stars F.C.
1117756,15274856,"Sunview, Indiana"
1118360,15285066,Sunburst
1119095,15294088,Children of the Sun (Billy Thorpe album)
1119166,15295009,Just After Sunset
1120572,15309044,"Sunde, Stavanger"
1121070,15312721,SS St. Sunniva
1121614,15317568,Van Hasselt's sunbird
1121927,15321922,Sun on the Stubble
1122351,15325541,The Sunflower Woman
1122482,15326478,Eto Na Ang Susunod Na Kabanata
1122597,15327258,Janfusun Fancyworld
1122964,15331108,"On Any Sunday: Motocross, Malcolm, & More"
1123852,15339834,Park Sung-hee
1123909,15340590,"Scott Sunderland (cyclist, born 1988)"
1124899,15351741,NSUN5
1124992,15352765,Shady Deal at Sunny Acres
1125493,15359566,Duel at Sundown (Maverick)
1125541,15360256,Rantau Panjang–Sungai Golok Bridge
1125624,15361363,China Sunergy
1126511,15374648,Tsuneo Horiuchi
1127092,15383267,Dmitry Kovtsun
1127161,15384165,Replica Sun Machine
1127772,15394064,Samsung P2
1128348,15400648,Samsung T10
1128915,15408494,List of Sundanese people
1131001,15420428,Leirsund Station
1131384,15426433,Seattle Sun
1131394,15426651,Seattle Sun (alternative weekly)
1134034,15437943,Sunrise (Simply Red song)
1134423,15439404,Commission on Scientific Signs in the Quran and Sunnah
1134660,15440150,Sundhouse
1135663,15449657,Relick Sunday
1136495,15459683,Tatsuno Station (Nagano)
1136672,15461866,Øresundståg
1137009,15465928,What If God Were the Sun?
1138202,15477874,Sunamganj
1138530,15481552,Egersund Station
1138794,15485041,HMS Sunderland (1694)
1140296,15501588,"Sun Valley, West Virginia"
1141353,15511605,Sunshine Coast Helicopter Rescue Service
1141523,15513119,Who Loves the Sun
1141692,15513917,Suomen AsuntoHypoPankki
1141907,15516325,Soheil Mosun
1143668,15539543,Sun scald
1143822,15542071,Today's Sunbeam
1144123,15546529,Samsung BlackJack II
1144913,15555741,Yesun Temur
1149221,15584764,The Sun and the Moon Complete
1150699,15599558,SunWater
1151038,15603595,Sun Air
1151052,15603692,Pacific Sun
1152353,15611409,Sun Chengzong
1152500,15613377,Hokksund Station
1152763,15615260,Sundarakanda
1153063,15619540,Sunday Times CNA Literary Awards
1153485,15624634,Sun Sun
1153802,15629263,Vikersund Station
1153857,15630071,"Helle, Sunnfjord"
1154228,15636161,2009 Sundance Film Festival
1154288,15636907,SUNTECH Tower
1154450,15638396,Unao Balaji Sun Temple
1154864,15643468,A Beautiful Sunset
1156053,15658611,Aqsunqur Mosque
1156583,15667039,Sundarakanda (2008 film)
1156617,15667595,Sesung
1156910,15669945,"Sun City Township, Barber County, Kansas"
1157197,15672614,Vision Creation Newsun (EP)
1158931,15685366,List of Phoenix Suns seasons
1160418,15697102,Season of the Sun (2002 miniseries)
1161947,15709938,Hot Sun Films
1162836,15722849,Gitte Sunesen
1162995,15724801,Heidi Sundal
1163303,15728970,Under the Blood Red Sun
1163725,15735369,2008 Arizona State Sun Devils football team
1164357,15738381,Samu (sunim)
1165466,15747788,Sunfighter
1165495,15748188,Sunda Kelapa
1165716,15750646,Sunday Independent (Western Australia)
1165789,15751595,Tsunamitsu Adachi
1166211,15755737,Harry Sundberg
1166743,15762818,Samsung SGH-G810
1167042,15766957,Sunim
1167327,15768688,Sundhoffen
1168603,15776391,1965 Sunday Mirror Trophy
1169282,15783773,Sunken Silver
1170369,15789214,Zambezi Sun
1171128,15791447,Northern Virginia Sun
1171174,15791537,Ossun-ez-Angles
1173309,15803379,Classun
1173621,15804761,List of sundial mottos
1173840,15805451,Isle of Sunken Gold
1174323,15808368,Tsunami Benefit
1174578,15809702,When the Sun Breaks Down on the Moon
1175828,15816034,426 BC Malian Gulf tsunami
1176038,15820057,Delta Sun Bottleneck Stomp
1178842,15849126,Miyake Yasunobu
1180892,15875824,Iwasaki Tsunemasa
1180947,15876331,Rosa 'Sun Flare'
1181035,15877681,Martin Johnsrud Sundby
1181199,15879397,Paper Sun (Def Leppard song)
1181723,15881536,A Walk in the Sun (short story)
1182795,15886966,Under the Sun
1184221,15895332,"St. Mary's Church, Stralsund"
1184643,15897785,City of the Sun (Levien novel)
1185582,15902995,Sun Bo (writer)
1188231,15917983,Enemy of the Sun (band)
1190316,15930625,Black Sun (2005 film)
1191314,15935285,Sun Pass State Forest
1192322,15947536,Pleasant Valley Sunday
1192608,15950084,"Metrophanes, Chi Sung"
1192870,15952822,Sunsets on Empire
1192949,15954639,Sundt Air
1193316,15961096,Midway-Sunset Oil Field
1193660,15965605,Tatsunori Hara
1193828,15968309,Laboratory B in Sungulʹ
1194423,15978694,Sunday News (New Zealand)
1195153,15986521,Tsunyidiscus
1195630,15993100,Drydene 200 (Sunday)
1195753,15994572,Suncity Records
1195787,15995130,Fortress of Kaysun
1195836,15996092,Dark Sun Online: Crimson Sands
1196962,16010918,Te o Tsunagō
1197116,16013093,Kesun
1197264,16015656,Sun sun
1198435,16026398,Asunto
1198646,16029574,Tatsuno Kingo
1198754,16031295,Tom Sun Ranch
1199147,16036025,Oda Katsunaga
1199309,16036806,The Rising Sun
1200106,16039354,Balansun
1200233,16040223,"Zeitschrift für Evidenz, Fortbildung und Qualität im Gesundheitswesen"
1200763,16043229,Legacy (Mansun song)
1202346,16054450,Sunbury Manor School
1202933,16058870,2008 Atlantic Sun men's basketball tournament
1203036,16060032,Aysun Özbek
1203300,16063532,2008 Sun Belt Conference men's basketball tournament
1203310,16063715,Takamatsunomiya Kinen
1205583,16091106,Sunday at Devil Dirt
1206415,16104900,Sunny and the Elephant
1209171,16160561,Sungho County
1209178,16160598,Sunan-guyok
1209711,16167585,Sundhara Travels
1210014,16173194,Sunset Man
1210588,16179723,Tenzin Tsundue
1212546,16200311,Sunny Side of the Street (Bryn Haworth album)
1213487,16217587,"The Sun, Moon & Herbs"
1213567,16218947,Rich Kasunic
1213613,16219687,The Moon Is... the Sun's Dream
1213933,16223551,2004 Sun Bowl
1213959,16223964,2003 Sun Bowl
1214635,16231612,Jalan Sungai Menyala
1215357,16241194,The Sunday Express Book of the Year
1215664,16248783,Strong in the Sun
1215771,16250840,Sun-60
1215863,16251855,Jalan Sungai Gadut
1215885,16252086,Kampung Sungai Penchala
1216320,16258156,Sung Wong Toi station
1216345,16258456,SunTrust Plaza (Nashville)
1216461,16259868,Sun Yuan & Peng Yu
1216498,16260396,We'll Sing in the Sunshine
1218114,16280280,Tsunamis affecting the British Isles
1218609,16286349,Gold Coast Suns
1222210,16347370,Sunwah Linux
1222715,16353626,ING Unsung Heroes
1222899,16356662,Live at Sunflancisco
1222936,16357385,Sunil Tagare
1223474,16367729,Where Do You Hide the Sun?
1224093,16379034,Sunday (radio programme)
1224127,16379875,Sun-Earth Day
1224247,16383240,Pacific Sun (song)
1224364,16386535,Sundararajan Padmanabhan
1224455,16388548,Beyond the Sunset (film)
1224605,16394101,Samsung C&T Corporation
1224869,16401979,Strong in the Sun (song)
1225450,16413796,Sun Belt Conference men's basketball tournament
1226656,16434035,Sun Belt Conference women's basketball tournament
1226926,16437495,Under the Triple Suns
1227066,16438981,Third Rock from the Sun (song)
1227663,16448799,Beautiful Sunday
1227710,16449738,1997 Sunbelt IndyCarnival
1227753,16451006,Sungacha
1227891,16453571,Sunita Deshpande
1228020,16454832,Dragons of a Fallen Sun
1228238,16456426,Sunan Bayat
1228309,16457012,Sunan Murya
1228315,16457070,Sunan Sitijenar
1228316,16457078,Sunan Walilanang
1228967,16465091,Dance on Sunset
1229683,16476349,Sunday Night at the Trocadero
1229959,16481128,Bomarsund Bridge
1230340,16487143,Setsuna F. Seiei
1231296,16501398,Sunethra Bandaranaike
1231762,16512141,2008 Samsung 500
1232209,16520367,Igawa Mitsunobu
1232281,16521972,Sundar V. Nadkarni
1234195,16564278,Nikkō Utsunomiya Road
1234651,16570499,Chō Tsunatatsu
1235545,16589418,Reichsuniversität Straßburg
1235963,16593876,Golden Apples of the Sun (album)
1236227,16596462,Jürgen Sundermann
1237178,16617269,Katsunuma-budōkyō Station
1237466,16621345,"Sunset Point, Alberta"
1237474,16621412,Sunbreaker Cove
1238107,16633171,1424 Sundmania
1238310,16635719,Suntory Mermaid II
1238847,16643484,Kim Sunée
1239167,16648519,Midnight Sun Peak
1239494,16654399,Jalan Sungai Ayer Tawar
1239496,16654426,Sungai Ayer Tawar
1239621,16656375,Sunnyside (Hitchin)
1239634,16656509,Sunbus Cairns
1239755,16657767,2006 Sun Belt Conference men's basketball tournament
1240527,16669599,5855 Yukitsuna
1240710,16671870,Sun Honglei
1241721,16684385,Álex Urtasun
1243408,16709935,Samsung Stripe
1244123,16718997,Toshiba Samsung Storage Technology
1244385,16722566,Suncoast Conference
1245579,16742332,Brighter Than Sunshine
1245691,16743270,Mount Satsunai
1247136,16761902,Sundet (Hordaland)
1247175,16762287,Takahiro Sunada
1247493,16765305,"Tursunzoda, Shahriston District"
1247917,16769862,Zasun
1249096,16782764,Suncook Valley Railroad
1249363,16784209,Silver Sun (Silver Sun album)
1250174,16792550,Sunniberg Bridge
1250210,16793039,Sunam language
1250232,16793391,Lee Sun-hee (taekwondo)
1250493,16796005,Disappear Here (Silver Sun album)
1250839,16799238,Sun..!
1250844,16799302,Gunnhild Sundli
1250961,16800514,Sung Kyung-hwa
1251260,16803988,Sze Tsung Leong
1251965,16810903,"Leeum, Samsung Museum of Art"
1252000,16811052,Sungkok Art Museum
1252001,16811055,Sung Am Archives of Classical Literature
1252432,16815120,Some Sunday Morning
1252449,16815253,Sun Daly
1252605,16817397,Bellsund
1252816,16819834,Sunshine Lies
1252849,16820467,1969 Sandown Three Hour Datsun Trophy Race
1252872,16821069,SUNIST
1252922,16821925,Sundaranachiapuram
1253578,16829488,Sundowner winds
1254791,16846443,SUN domain-containing protein 5
1255307,16850990,"Francisco Téllez-Girón, 10th Duke de Osuna"
1255611,16853700,Sun Gro Horticulture
1256520,16861445,Sunbeam-Talbot 90
1256880,16865942,Sunshine Day
1257459,16874676,Hyosung GV650
1257582,16876529,Any Given Sundance
1257841,16879922,Sunni Tehreek
1258774,16890936,Sunil Kumar Ahuja
1258808,16891317,Sunday Simmons & Charlie Brick
1259076,16894006,Sunil Prajapati
1259079,16894020,A Tear and a Smile / Strong in the Sun
1259244,16895878,"Asunción District, Cajamarca"
1259983,16905983,Forlandsundet
1260127,16907639,Chihchun Chi-sun Lee
1260496,16911709,In Search of Sunrise 7: Asia
1260967,16918237,Park Sung-soo
1261022,16918710,Kim Jo-sun
1261162,16920855,Sunan
1263439,16950935,Sun Rockers Shibuya
1263801,16956107,2002 Sun Bowl
1263807,16956218,2001 Sun Bowl
1263921,16958135,Jung Sun-yong
1264013,16959086,Sun Hung Kai Centre
1264071,16959769,Skarnsund
1264516,16964968,Sunways
1264790,16968405,Sneaky Sunday
1265565,16975738,Bloody Sunday (1969)
1265579,16975816,"Kendriya Vidyalaya, Sundargarh"
1266344,16983801,Sunderland Aquatic Centre
1267074,16992618,Tursunzoda District
1267253,16994449,Moonsund operation
1267539,16998092,Kissing the Sun
1269016,17013616,Setsunan University
1269403,17018762,"Matsunagachō, Tokyo"
1269641,17021125,Sungai Jawi
1270000,17026139,Sunpu jōdai
1271285,17041642,Robert H. Sunday House
1271423,17043905,In Search of Sunrise: Summer Tour 2008
1271802,17048567,Sungai Ruan
1272907,17065679,Red Grooms: Sunflower in a Hothouse
1273305,17071646,Asun Ortega
1273696,17080062,Sunpu Castle
1274012,17084830,Sungin-dong
1274185,17086566,SUN workstation
1274264,17087715,2000 Sun Bowl
1274277,17087895,1999 Sun Bowl
1274295,17088214,1997 Sun Bowl
1274364,17089020,1996 Sun Bowl
1274379,17089300,1995 Sun Bowl
1275278,17101330,Han Sun-hee
1275447,17103419,Sunkahetanka
1275537,17104677,2008 Connecticut Sun season
1275554,17104829,Tsunga
1276045,17111971,European Sun
1276256,17114411,"Rising Sun Tavern (Fredericksburg, Virginia)"
1276300,17115021,Sunnyside Records
1276682,17119202,The Whitsun Weddings (poem)
1276792,17120588,Dongsung-dong
1277915,17134291,Kenneth Sunquist
1278297,17139590,Sunday Times Rich List 2008
1278869,17144584,List of Sunderland A.F.C. players
1279062,17146546,Sunday letter
1279427,17152401,The Sunken World
1279894,17159208,Details of a Sunset and Other Stories
1280224,17162397,Sunampe District
1281940,17183112,Sunday in August
1282013,17183996,SunSetter Awnings
1283517,17202842,Sunstorm (Sunstorm album)
1284207,17211206,ABC Sunshine Coast
1284653,17214460,Sunder
1284941,17218661,Love Me Till the Sun Shines
1285243,17224106,Woosung
1285619,17228750,Mitsunobu
1286707,17240682,Michael Shen Fu-Tsung
1287259,17244066,MV Wight Sun
1288436,17255527,Sunrise English Medium School
1288442,17255590,Tromsøysund Tunnel
1288552,17256742,Felix Sunzu
1288807,17258800,Sunbeam Tiger (1925)
1288944,17259638,It's The Sun Wot Won It
1290288,17278007,Sunday Independent (England)
1290958,17288274,Sunday River Golf Club
1291158,17290499,Sunbeam Matabele
1291523,17296667,Kwak Dae-sung
1291653,17298365,Automatically Sunshine
1291945,17303969,Takatsuno Station
1291955,17304089,"Sunnyside (Wendell, North Carolina)"
1291976,17304308,2007 SunTrust Indy Challenge
1292311,17307993,Kvalsund ship
1292841,17315670,Sunbeam Manitou
1292981,17318003,Triple M Mackay & The Whitsundays
1293197,17320625,Samastha Kerala Sunni Students Federation
1293361,17322456,Matsunobamba Station
1294716,17340355,2008–09 Phoenix Suns season
1295275,17346172,Best Days in the Sun
1295412,17347967,Out of the Sun
1295904,17353250,Sunhwa-dong
1296025,17354335,Tryggve Sundström
1296042,17354482,Sune Skagerling
1296612,17360645,NBC Sunday Showcase
1296615,17360676,Sun Zhengcai
1296788,17363179,Yotsunoha
1297147,17367469,Staring at the Sun (novel)
1297562,17370497,Sun-rising (hieroglyph)
1298324,17379111,Sunshine Marketplace
1298494,17380860,Carefree sundial
1298666,17382981,2008–09 Sunderland A.F.C. season
1298847,17384990,Tosun Bayrak
1299838,17396898,The Ocean and the Sun
1300511,17407652,Sun Yat Sen Park
1302153,17431063,Sunningdale Golf Club
1302423,17436045,Jalan Kuala Sungai Baru-Sungai Udang
1302761,17439151,Fetsund Station
1302984,17441410,Júnior Assunção
1303710,17450950,Sunshine Empire
1304440,17460194,The Sun & the Neon Light
1304602,17462554,Sundown (S Club 8 song)
1304938,17469004,Sunshine Meadows
1306964,17493141,Sundown (Rank and File album)
1307648,17504585,Into the Sun & Other Stories
1307771,17506317,Sundome
1308332,17515050,Up for the Rising Sun
1308589,17519143,"Sunrise, Long Beach, California"
1308627,17519875,Hövel (Sundern)
1308977,17522947,Joaquim Sunyer
1309808,17537398,Jalan Sungai Pak Leh
1310282,17543620,Dursun Karataş
1310444,17545456,Tatsunoko vs. Capcom: Ultimate All-Stars
1311747,17563049,It's a Sunshine Day: The Best of the Brady Bunch
1311840,17564368,Arctic Sun medical device
1312424,17571882,Sunshine Girl (disambiguation)
1312547,17572984,HMS Sunderland
1313089,17579577,Ercüment Sunter
1313433,17583676,Sunbury Cricket Club
1313446,17583791,Tatsunami stable
1313817,17588936,Sunshine Coast FC
1314450,17595060,Across the Sea of Suns (album)
1315142,17602449,Sunset Blvd (song)
1316344,17616665,Hopscotch Lollipop Sunday Surprise
1316508,17618664,Blanca Osuna
1317030,17624671,The Double Sunrise
1318311,17640764,Electoral district of Sunnybank
1318480,17642183,Sunworld International Airways
1318698,17643510,Scott Sunderland (road cyclist)
1318860,17645278,Sun Giant
1319350,17651946,Ron Sun
1319433,17653287,Shoot the Sun Down
1320128,17661306,Virgin Sun Airlines
1320408,17666073,Sunar
1320593,17668106,Hamutsun Serve
1320630,17668624,Sun Junze
1320675,17669416,Füsun Önal
1320705,17669841,Christopher Chessun
1321064,17673405,Sun Pharma
1321188,17674849,Tiger attacks in the Sundarbans
1321864,17684621,Sunia Koto
1322709,17695790,Rising sun lemma
1322831,17697124,Sunraysia Institute of TAFE
1323313,17702903,Jörgen Sundelin
1323315,17702923,Peter Sundelin
1323317,17702939,Ulf Sundelin
1324232,17713886,Mantra Sunrise
1324798,17719369,Sun Shuyun
1324856,17720084,Samsung M800 Instinct
1326029,17735859,Samsung SGH-T729 Blast
1326120,17736830,Motohasunuma Station
1326141,17736921,Hasune Station
1326182,17737619,Harry Sunderland Trophy
1326215,17737872,Sunbeam S7 and S8
1326358,17739318,Sune Agerschou
1326607,17743163,Maximo Suniel
1326659,17744307,Kitsune (disambiguation)
1327573,17755916,Xiaoliang Sunney Xie
1330823,17811807,Maravarman Sundara Pandyan
1331891,17826467,In Search of Sunrise 5 Asia Tour
1332088,17828921,Sungir
1332557,17837002,Sundrun
1332591,17837325,He Goes to Church on Sunday
1333537,17848280,Stralsund Highflyer
1333655,17849616,Sunette Viljoen
1333789,17851628,Suniva
1333861,17853514,Sun Chunlan
1334999,17867869,TransUnion CIBIL
1335792,17879158,Sudan Sunrise
1335903,17880218,Then Comes the Sun
1336091,17882723,1992 Flores earthquake and tsunami
1336148,17883271,Sungai Padi Road
1337392,17898802,Bridle Path–Sunnybrook–York Mills
1337403,17898950,Sun Dafa
1339789,17927764,Sun Zhongtong
1339919,17929376,Cinematic Sunrise
1340342,17934588,2008 Sunoco Red Cross Pennsylvania 500
1341420,17947985,Suntory Ladies Open
1341482,17948709,Sunderdas
1342117,17956252,"Bjørnøya, Ålesund"
1342814,17965371,Jalan Sungai Klah
1342926,17967760,Zac Sunderland
1343206,17969981,List of Sunset Beach crew
1343982,17982143,Sun Zhonghuan
1345057,17995291,Look Out Sunshine!
1346250,18008010,Ridgway Sun
1346521,18011658,Hansung University
1346725,18014712,Hong Sun Huot
1346726,18014714,Sun Chanthol
1347057,18019148,Matsunohama Station
1347404,18022181,Sundargarh Lok Sabha constituency
1347405,18022186,SunEdison
1347602,18024911,By the Sun's Rays
1349416,18045720,Siwarak Tedsungnoen
1349781,18050679,Hatsune Okumura
1349850,18051590,Sun Yat-sen Memorial Hall metro station
1350021,18054231,Jung Sung-il
1351011,18065280,Heleysundet
1351102,18066562,Gray Sunset
1351410,18071375,Sunburn (TV series)
1351865,18078035,History of Östersund
1351940,18079078,Arthit Sunthornphit
1352283,18084221,Sue and Sunny
1352435,18087432,Monsun Gruppe
1352489,18088846,"Sunbury (provincial electoral district, 1973–1994)"
1352543,18089598,Sunrin Internet High School
1353708,18099291,The Sun Also Rises (duo)
1353804,18100180,Sunrise station
1353873,18100990,Sundance Beach
1353878,18101073,"Sunrise Beach, Alberta"
1353884,18101122,"Sunset Beach, Alberta"
1354192,18106035,Andreas Sundin
1354399,18109146,Suntan/In Trio
1354434,18109552,Scott Sunderland (actor)
1355123,18117352,Sung Wan Kim
1355348,18119546,Sun in the Last Days of the Shogunate
1355453,18120991,Spires That in the Sunset Rise
1356010,18129514,All Eyes to the Morning Sun
1358094,18152199,Ice from the Sun
1358496,18158197,Park Sung-kwang
1358547,18159298,Svein Sundsbø
1358934,18164361,Aimee Sun
1359002,18165264,Lake Sunapee
1360023,18178376,Kim Joo-sung (basketball)
1361047,18192277,Majji Sundarayya Patrudu
1361322,18195965,List of Sunderland A.F.C. managers
1361417,18196951,Wendy Bagwell and the Sunliters
1363209,18214087,Sunset (play)
1363951,18225363,Sunadabashi Station
1364261,18228973,Sun Xiaoqun
1364511,18233887,Ryūsaku Tsunoda
1364749,18238463,Utsunomiya Kyowa University
1366388,18259811,The Dark Side (DarkSun album)
1366670,18261510,Nybergsund IL-Trysil
1367192,18265981,Mitsunori Yabuta
1368221,18278736,Dark Sun (disambiguation)
1368400,18283849,Sun Advocate
1368600,18286999,Linus Sundström
1368666,18287813,Into the Sun (Candlebox album)
1369502,18298205,When the Sun Goes Down
1370400,18306410,Sunbreak
1370940,18313183,Suetsune Station
1370977,18313308,Grey-throated sunbird
1372790,18328151,Sotaro Yasunaga
1372816,18328376,Nessuno è solo
1373151,18332126,Sunday Street (album)
1373294,18333576,"Sunnyside Farm (Leetown, West Virginia)"
1373752,18339879,Song Summoner: The Unsung Heroes
1373828,18341137,Samsung Telecommunications
1373858,18341714,Sunset 4A Region
1373867,18341770,Sunrise 4A Region
1374134,18345848,Tsunami (Southern All Stars song)
1374909,18350632,Sun Belt Conference baseball tournament
1375608,18361785,Rebecca of Sunnybrook Farm (disambiguation)
1376528,18372115,Black Sun (sculpture)
1376532,18372143,Sunbeam (passenger train)
1376644,18373881,Halltown Union Colored Sunday School
1376654,18374117,Sun Shiyi
1376852,18376622,Sunnydale station
1377016,18378009,Sunnydale (disambiguation)
1377876,18382376,Sun Kehong
1378058,18384774,Sun Jiadong
1378078,18385000,Aochi Shigetsuna
1378314,18387757,Sun Long (painter)
1378330,18387942,Land of the Sun (song)
1378496,18389977,Samsung Medison
1378507,18390097,Sunny Anderson
1378621,18391565,Bolsa de Valores de Asunción
1378662,18391940,Mutsuna Station
1378985,18394598,Jógvan Sundstein
1380527,18409595,Samsung SPH-M520
1381981,18420829,Sunitha Rao
1382241,18422966,Tatsunoko Fight
1382488,18424885,Chu Fu-sung
1382732,18427793,Songs to Scream at the Sun
1382741,18427871,Suncrest
1382850,18428873,Sun Hung Kai
1383007,18429803,FBC Kalmarsund
1383179,18430232,Samsung U700
1384518,18439242,Hyosung GV250
1384915,18444137,Tsunogawa Station
1385083,18445360,Utsunomiya Bunsei Junior College
1385084,18445379,Utsunomiya Junior College
1385614,18450040,Muchadeyi Masunda
1385981,18453189,Mollösund
1386830,18463012,Marion Sunshine
1387100,18465776,Suncoast Emmy Awards
1387558,18471128,List of Sunsoft video games
1389715,18485750,Ulvsunda
1390095,18489571,Brighter than a Thousand Suns (book)
1390138,18490193,Xie Sun
1391323,18502193,"Christ's College, Sunderland"
1391927,18507826,Sunza Station
1392115,18509571,Niaosung culture
1392183,18510234,Sunset Productions
1392364,18511797,Tatsuno Station (Hyōgo)
1392459,18512616,Matsunaga Station
1392526,18513043,List of awards and nominations received by 3rd Rock from the Sun
1393322,18519064,Monteagle Sunday School Assembly
1393398,18519986,The Sunne in Splendour
1394447,18525088,Songs for Sunday Evening
1395083,18531729,Jetsun
1395598,18537266,Lanka Sundaram
1395600,18537288,Sun and Salsa Festival
1395726,18538373,Sunami Station
1395833,18539055,Dance for the Sun
1395901,18539458,Jung Sung-ho
1395968,18540097,Cyber Sunday (2008)
1396448,18545163,Museo Nacional de Bellas Artes de Asunción
1396886,18550748,List of Phoenix Suns head coaches
1396997,18551982,Sunway City Ipoh
1397002,18552012,Hon-Tatsuno Station
1397135,18553135,Kim Sung-kil
1397525,18556319,From Saturday to Sunday
1398191,18561355,Sun Open Storage
1398639,18565466,Egersundsposten
1398661,18565656,Akanni-Sunday Wasiu
1398797,18566949,Lister (Farsunds Avis)
1398809,18567071,Haugesunds Social-Demokrat
1398816,18567152,Karmsundsposten
1399232,18570125,Midnight Sun (disambiguation)
1399574,18572158,Sunda ground-cuckoo
1400129,18578265,Tsunoi Station
1400994,18587027,Las Cruces Sun-News
1402116,18597439,Sunset Grill
1402189,18598123,Half of a Yellow Sun
1403051,18607235,"Sunny Valley, Oregon"
1403126,18608000,Midnight Sun Solar Race Team
1403304,18609970,Sasunashen
1403392,18611067,Samsung i900 Omnia
1403555,18612965,Doraemon: Nobita and the Legend of the Sun King
1406370,18632386,Sundance (album)
1411273,18663330,Assunta Spina (1948 film)
1411281,18663353,Sun (motorcycle)
1411317,18663471,Assunta Spina
1411494,18664583,Étienne N'tsunda
1411887,18665706,Chase the Sun (Shannon Lawson album)
1411891,18665715,Chase the Sun
1412560,18667861,Sun Peng
1413181,18669831,Sun Qiuting
1413400,18670688,From the Moon to the Sun
1413645,18671503,Maimaitituersun Qiong
1413930,18674928,Strömsund Bridge
1414065,18675913,HMS Sunderland (1724)
1414869,18683322,A Hundred Million Suns
1414986,18684829,Sun Yujun
1414992,18684867,Sun Yating
1415004,18684929,Sun Huizi
1415546,18690371,"Sunne, Sweden"
1415549,18690395,Sunne
1415610,18690913,National Sun Party
1415617,18690995,Sun Li (softball)
1416304,18696381,"Veterans Memorial Bridge (Sunbury, Pennsylvania)"
1416537,18699161,Yuen Tsun Tung
1416738,18701092,Samsung Super League
1416851,18702296,Sunuapa
1417074,18703476,Sungdong
1417503,18707431,Sun Dan (gymnast)
1417782,18711341,Sung Shee
1417982,18713674,USS Suncook (AN-80)
1418026,18714099,Common sunstar
1418553,18719108,Sundo (2009 film)
1418559,18719127,Blood at Sundown
1418815,18721224,Sunderland Center Historic District
1418965,18722619,Sun Guoqiang
1418974,18722752,Sasunik
1418997,18722883,Sun Lingfeng
1419545,18729266,Izumi-Sunagawa Station
1419773,18731848,Lincoln–Sunset Historic District
1420223,18735642,Verin Sasunik
1420393,18737477,Sun Chao (fencer)
1420407,18737633,Arizona State Sun Devils men's basketball
1420810,18742482,Sun Yang
1420813,18742501,Sun Xiaolei
1421000,18744514,Sun Ye
1421023,18744616,Sungurlare
1422126,18755470,Lee Young-sun
1422489,18758442,Sun Jie (rower)
1425526,18776726,List of Sunderland A.F.C. seasons
1426440,18784219,"Sunfish, Kentucky"
1426558,18785165,Sunfish Lake (Ontario)
1427549,18793895,Arigatō (Hatsune Okumura album)
1427585,18794272,Sunshine (Dragon album)
1428755,18802285,Suna (song)
1429250,18806829,New Sunshine Project
1429309,18807565,LA Sunshine
1429343,18807898,Matsunobori Shigeo
1429639,18810681,Tsuno
1429877,18813011,2007 Connecticut Sun season
1431111,18826348,Tsuneyama Station
1433176,18845525,The Ford Sunday Evening Hour
1433402,18846709,Sunrun
1433686,18847987,Decade in the Sun: Best of Stereophonics
1434493,18856371,Hiromi Tsunakake
1435557,18865945,Sunnyside Amusement Park
1435813,18867966,Air Whitsunday
1437004,18877119,Yang Sun
1437858,18881980,Sundance National Forest
1437975,18882997,"Borsunlu, Tartar"
1437978,18883005,Borsunlu
1438383,18888193,Sunstorm (John Stewart album)
1438477,18889355,Typhoon Rammasun (2008)
1439067,18894744,2006 Connecticut Sun season
1439074,18894853,Yasunobu Sekikawa
1440264,18904253,Horizon (Sun Ra album)
1440335,18904831,2005 Connecticut Sun season
1440341,18904902,Sun-sun (singer)
1440555,18907171,Christoffer Sundby
1440965,18910771,Super Sunday Show
1441471,18917209,Lusungo
1442239,18921168,White Sunday (disambiguation)
1442725,18925039,"Borsunlu, Goranboy"
1443013,18926767,The Sun Never Sets
1443416,18930244,Shattered Suns
1443774,18933483,Sunforest (band)
1443775,18933486,Sunforest
1444106,18934857,Sound of Sunforest
1444150,18935115,Suntrust Bank v. Houghton Mifflin Co.
1444387,18936256,Sundowning
1444411,18936365,Tomohiro Matsunaga
1444509,18937072,Sunk 500
1445514,18949197,2004 Connecticut Sun season
1445712,18950508,Ålesund
1445821,18951234,The Sunnysiders
1446777,18962581,Sung Yu-chi
1446973,18964459,Matsuno
1449623,18975610,Sunraysia Football League
1449676,18976781,Do Hwa-sung
1450358,18984295,Black Sun Ensemble (album)
1451266,18994847,Kim Nam-sun
1451655,18998558,"Sunkhani, Baglung"
1451673,18998716,Sunkhani
1453264,19005735,Sun position (air combat)
1453458,19007646,List of storms named Rammasun
1454343,19013559,Sunil Babu Pant
1454949,19014939,Gimnasio Ciudad de la Asunción
1456932,19019858,"Sunkhani, Sindhulpalchok"
1457041,19020053,Sunset Tower
1460280,19034432,Sun Jin
1461421,19037057,2008 Samsung Super League
1462146,19038829,2008 Samsung FEI Nations Cup Promotional League
1462828,19043769,"Tripurasundari, Baitadi"
1463569,19052371,Sunaula Bazar
1463630,19053540,Jalan Sungai Dua
1464025,19059851,Sunikot
1464026,19059857,Sunkuda
1464532,19065433,Hjalmar Sundén
1464670,19067321,You Are My Sunshine (Copeland album)
1465566,19077629,Sundarijal
1465569,19077635,Suntol
1465893,19080819,Menorca Sun
1467078,19096363,Swapna Sundari (dancer)
1468109,19108330,Sunnyside Mall
1468911,19117114,Wu Yee Sun College
1469448,19126622,1987 Sun Bowl
1469607,19128757,Yasunori Takami
1469879,19132091,Viksund Boats
1471253,19148828,Country Sunshine (Bruce Robison album)
1472198,19160901,Sun House
1472268,19161620,Aztecs Live at Sunbury
1472316,19162068,The Creature of the Sunny Side Up Trailer Park
1472764,19168182,Samsung Pebble
1472784,19168393,Sun Netra
1472958,19171762,Sun-7 Chesterfield Series
1473020,19172509,Phoksundo
1473034,19172636,Sunhu
1473101,19173445,Sun Chao
1473315,19175768,DarkSun
1473952,19184752,Moment in the Sun (The Living End song)
1474004,19185841,Walkin' in the Sun
1474076,19186711,Stoppila Sunzu
1474389,19189962,Gu Sung-eun
1474943,19197718,Sungai Lalang
1475649,19206361,John Sund
1475760,19207838,List of accolades received by Little Miss Sunshine
1476534,19219571,2008 Dublin Horse Show – Samsung Super League
1476616,19220496,A New Place in the Sun
1476646,19220731,"Khok Sung, Nakhon Ratchasima"
1476803,19223113,Rugsund Church
1477044,19227221,Inerrant Rays of Infallible Sun (Blackship Shrinebuilder)
1477728,19234738,Sunthan
1477896,19237895,Ding Shisun
1478027,19240437,The Bloody Sun
1478156,19242840,Sun's curious identity
1478214,19243604,Wirsung
1478285,19244664,Sunday Rotimi
1479324,19258837,Kasun Jayasuriya
1480594,19274663,Sun Java Workstation
1480621,19274980,Sunnyside Bathing Pavilion
1480762,19276659,Kankasundari Rural Municipality
1480872,19278099,The Sunday Woman
1481059,19280354,Asbjørn Sunde
1481286,19282879,SunFest
1481404,19284081,Taking Back Sunday (album)
1481829,19287632,Sonny Okosun
1482052,19290912,Sunday Calm
1482064,19291101,Sun4d
1482066,19291126,Usun Yoon
1482115,19291708,Samsung SGH-F210
1482260,19293173,Crataegus × dsungarica
1482550,19296300,Sunday Morning (k-os song)
1482589,19297342,Sunita Rani
1482632,19298135,Samsung SGH-T309
1482636,19298216,Samsung SGH-T409
1482638,19298293,Samsung SGH-T639
1482640,19298351,Samsung SGH-T819
1482653,19298480,John Bangsund
1482703,19299097,Red sun
1482844,19300856,The Sun Down Limited
1482866,19301073,"Suntrana, Alaska"
1484454,19318242,Sunday Night Show
1484652,19320650,Clifton Sunada
1484711,19321487,Matthew Sunderland
1484756,19322281,Haruka Sunada
1484791,19323128,Easter Sunday Massacre
1484843,19323847,Tsuneo Gōda
1485205,19328044,Sunabeda Wildlife Sanctuary
1485853,19335695,Sunnyside (novel)
1486900,19349873,Sunnyside station (Toronto)
1487318,19353396,When Easterly Showers Fall on the Sunny West
1487645,19357348,Sun Chuanting
1487876,19360134,Sunday's Well
1488255,19363902,2003 Sundance Film Festival
1488301,19364638,Njube Sundowns F.C.
1488373,19366341,Sundar Lal Khurana
1489072,19375757,Jung Jin-sun
1489551,19382158,Sunnyvale Park
1489766,19385517,The Sunday Independent (South Africa)
1489769,19385533,Sunday Independent
1490208,19390835,Sunshine State Standards
1491666,19408912,Sunday Life (TV series)
1492274,19415040,Sunday Life
1492497,19417398,The City Sun
1493526,19432381,Sunnyvale Heritage Park Museum
1493596,19433458,Red Sun of Darkover
1494019,19439154,"Sunnyside, Florida"
1494144,19440685,Sunit Singh
1494574,19447250,Sun gun
1494897,19452520,Suncokret
1495004,19453727,Sunstorm (band)
1495669,19465328,Akitsune Imamura
1495814,19467413,Sunraysia-Riverlands Rugby League
1496091,19471459,Sun Li
1496107,19471656,Assunta Meloni
1496410,19475486,Sunakothi
1496502,19476913,Wong Sun v. United States
1496527,19477471,Lucky Old Sun
1496973,19482308,Samsung i8510 Innov8
1497127,19484275,Sun Blindness Music
1497345,19486733,SUNY Poly College of Nanoscale Science and Engineering
1497673,19491158,Kutsuki Harutsuna
1498996,19508228,Sunfire (horse)
1499268,19511736,Sunstroke (1953 film)
1499275,19511781,Sunstroke (disambiguation)
1500873,19522170,Empire of the Sun (band)
1501285,19527311,ABG Sundal Collier
1501984,19538315,Dipsung
1502051,19538858,Sunrise in Different Dimensions
1502097,19539225,Rakha Dipsung
1502116,19539313,Sungdel
1502117,19539322,Suntale
1502702,19547385,Samsung SDS
1502749,19548425,Detroit Sunday Journal
1502847,19550498,Chasing the Sun (Tara Oram album)
1504089,19571882,Suning.com
1504203,19573436,Assunção dos Anjos
1504472,19578584,Sun Nan
1504796,19584103,Justice Sung II
1504840,19585340,Sunshine (magazine)
1504865,19585774,Yesun Temur (Chagatai Khanate)
1505572,19596937,Sun Bird
1505828,19600262,Sun Down Lady
1506099,19605505,Sunstroke at the Beach Resort
1506861,19614692,DJ Sun
1507223,19620806,Storfjorden (Sunnmøre)
1507453,19623288,Matsuno Dam
1507995,19630392,Hwang Sun-pil
1508023,19630650,Ha Dae-sung
1508027,19630689,Jin Kyung-sun
1508060,19631126,Sunbury Asylum
1508151,19632578,Shirasuna Dam
1508167,19632706,Tyrants of the Rising Sun
1508502,19636507,Up Sunday
1508566,19637501,Ayumi Tsunematsu
1508658,19638751,Barsunchet
1508678,19638883,A Lovely Sunday for Creve Coeur
1508687,19638936,"Sunkhani, Nuwakot"
1508689,19638956,Sundaradevi
1509371,19648800,"Kim Sung-min (footballer, born 1981)"
1509627,19652119,Sunday Funday
1509814,19654515,Resun
1509822,19654687,Sunshine (British TV series)
1510125,19660510,"Usune, Gunma"
1510165,19660913,Seizō Yasunori
1511455,19680020,Sunset Point
1512440,19689600,DeGrazia Gallery in the Sun Historic District
1513042,19705472,Rebecca of Sunnybrook Farm (film) (disambiguation)
1513525,19714490,Sunwook Kim
1513595,19715399,Stefan Sundström
1513765,19716970,Sahara Sunday Spain
1513915,19718837,Kim Il Sung
1514946,19731848,Solveig Sundborg
1515336,19736881,2003 Connecticut Sun season
1516003,19744255,Behind the Rising Sun (film)
1516005,19744278,Behind the Rising Sun
1516170,19746180,The Sun Will Find Us
1516869,19754955,Tsuneo Mori
1517060,19757281,Whitsunday Airport
1517328,19759961,The House of the Rising Sun
1517478,19762042,Samsung U940 Glyde
1519212,19784375,Sunfish Creek State Forest
1521021,19809558,"Calm at Sunset, Calm at Dawn"
1521121,19811566,Odersun
1521538,19817153,Eduardus Sangsun
1521840,19821085,Sundukyan State Academic Theatre
1521842,19821120,Gabriel Sundukian
1521921,19822334,"Sunny Corner, New South Wales"
1522141,19825586,"Cho Sung-hwan (footballer, born 1982)"
1524554,19835127,Suntarsky District
1524818,19838268,Sunnybrooke station
1524927,19839590,Good Sunday
1525320,19844604,Faoa Aitofele Sunia
1525570,19847785,Sunčanica
1525966,19853694,Sunday Dinner for a Soldier
1525990,19854447,Sunpentown
1528050,19859675,Sungang railway station
1528056,19859767,Sunday Times Top Track 250
1528123,19860621,Nakano Sunplaza
1528855,19871341,Tai Tsun Wu
1529043,19873054,The Jackson Sun
1530780,19898809,Suncheon Bay Ecological Park
1532185,19901232,Sunjoy Monga
1533075,19905954,Sunset Bay State Park
1533076,19905960,Sunset Beach State Recreation Site
1533106,19906195,Suneeta Rao
1533181,19907133,R. Sundarrajan
1533501,19911367,WSUN (AM)
1535735,19925005,Sundarbazar
1536287,19929899,Kuga Katsunan
1536905,19935605,You Are My Sunshine (disambiguation)
1537511,19943000,Tromsøysundet
1537514,19943016,"Sunnyside (Aquasco, Maryland)"
1537668,19945074,False sunrise
1538047,19949993,Tsunami UDP Protocol
1540911,19972954,Jalan Sungai Danga
1541222,19976119,Ghiring Sundhara
1541436,19978478,Sundrawati
1541439,19978494,Sunakhani
1541730,19983216,There Is Another Sun
1541979,19985939,"Sunrise Mall (Brownsville, Texas)"
1542001,19986120,You Are My Sunshine (Elizabeth Mitchell album)
1543155,19999945,"Sundarpur, Mahottari"
1543389,20001754,Sunarpani
1543559,20003405,Sundarpur
1544343,20013040,Paguyuban Pasundan
1544688,20016180,Sundarrajan
1545588,20026358,Makoto Sunakawa
1545651,20026905,Sunday sporting events
1545893,20029468,Samsung Securities Cup
1545962,20030416,Sunday Closing (Wales) Act 1881
1546052,20031419,Suntory Music Award
1546371,20036184,"Sunny Corner, New Brunswick"
1546429,20037177,Tatsunori Arai
1546516,20037928,Omaha Sun
1546691,20039867,"Sundarpur, Sarlahi"
1546696,20039885,Sundarpur Choharwa
1547081,20043321,Sunam Pokhari
1547774,20053144,Shin Sung-rok
1548553,20064663,Osamu Tsuno
1549266,20073719,Lee Sun-fung
1549529,20078506,Bull of Osuna
1549626,20080610,Julius Sundsvik
1549987,20084723,The Sunday Times Magazine
1550185,20087021,Samsung NC10
1552464,20119773,Banc Tynddol sun-disc
1553630,20132573,Sunny Day Sets Fire
1553668,20133434,Usun
1554219,20139722,Sunil Oasis
1554451,20141886,Sundown (Richard Marx album)
1554520,20142856,Gasunie Building
1555075,20150921,Sunao Ishiharada
1555116,20151317,Kampung Sungai Haji Dorani
1555158,20151823,Tell Me on a Sunday (album)
1555179,20152073,Tuscan Sun Festival
1555354,20154249,Suntop Homes
1555779,20159231,Sun Camp Fireguard Cabin
1556267,20165837,Arnie Sundberg
1557541,20182260,Sarsuna satellite township
1557929,20186132,List of films at the 2009 Sundance Film Festival
1558802,20197385,"Sundarpur, Udayapur"
1559409,20205256,Sunrise International Unitization Agreement
1559576,20207058,Park Sung-bae
1560280,20213940,Marbella Suns
1561288,20225741,Rick Sund
1563333,20257274,Yasunobu Matsuoka
1564238,20270612,Wang Sun-jae
1564423,20273656,Sunset Stampede
1565229,20286085,Sun glitter
1565268,20286672,Sunshine Enemies
1565406,20288944,Samsung Digital Imaging
1565519,20290712,Holly Springs Sun
1565660,20292356,Sunsera
1566230,20298345,Sungnam
1566412,20299989,Osun State University
1566585,20303312,Amity International School Vasundhara
1566959,20308640,Kalle Sundqvist
1567551,20319583,Sunny Afternoon (album)
1567552,20319592,Sunday Lovers
1568418,20332696,Lazy Sunday
1568423,20332756,2009 Connecticut Sun season
1569295,20344659,Sung Jong-hyun
1569301,20344744,Kwoun Sun-tae
1569744,20352169,Tatsunori Yamagata
1570226,20359343,Sunset Moulding YCRC Challenger
1570923,20370069,Sunspot Records
1572000,20385419,Sunburst (community)
1572375,20390975,Bisunpurwa Manpur
1572572,20393335,Sun Baoqi
1573019,20399766,"All Saints' Church (Sunderland, Maryland)"
1573771,20414803,"Sunnyfields (Linthicum Heights, Maryland)"
1573886,20416599,Musashi-Sunagawa Station
1574438,20428226,Peter Sundberg
1574501,20429104,Sun Hung Kai & Co.
1574545,20429689,Sunadavinodini
1575082,20439516,Banana Sundae
1575439,20445859,Arnar Førsund
1575867,20452234,Server Sundaram
1576086,20457037,Sunny (2008 film)
1576327,20461941,Sundsvallsflyg
1576350,20462234,Iggesund Paperboard
1576504,20463958,Copa Petrobras Asunción
1577020,20471629,Iggesund
1577384,20477906,Davronjon Tukhtasunov
1578172,20487392,Sunny Doench
1578941,20494548,Sun Bear Concerts
1578970,20494898,In the Shadow of a Thousand Suns
1579017,20495460,"Sunshine, Louisiana"
1579078,20496635,Sundarpur Union
1579157,20497707,Taisun
1579648,20503160,Astro Fighter Sunred
1580340,20514245,"Basantapur, Sunsari"
1580346,20514294,"Bhokraha, Sunsari"
1580391,20514656,"Ghuski, Sunsari"
1580438,20515188,"Haripur, Sunsari"
1580452,20515281,"Mahendranagar, Sunsari"
1580455,20515305,"Panchakanya, Sunsari"
1580475,20515449,"Sonapur, Sunsari"
1580618,20517191,In the Eye of the Sun: Mexican Fiestas
1581249,20525293,2008 Sun Bowl
1581376,20527339,Dusun language
1581440,20528385,Frederikssund
1581710,20531858,Sound Sun Pleasure!!
1581957,20534943,Sun Ra and his Solar Arkestra Visits Planet Earth
1582208,20537967,Rising Sun Inn
1582286,20539033,Humbang Hasundutan Regency
1584000,20559763,Tufan Tosunoğlu
1584141,20561469,Sun Chemical
1584758,20569009,Sunrise Over Tiananmen Square
1585124,20572337,Bisunpura
1585944,20581092,Main Sundar Hoon
1586951,20591712,Renault Samsung SM5
1587227,20595149,Coppertone (sunscreen)
1588497,20610325,Tsunamasa Shidei
1589590,20622013,Sun Belt basketball tournament
1589684,20623117,SUNY Oneonta Red Dragons women's soccer
1590013,20627558,Sunday Communications
1591020,20642081,Sun (heraldry)
1591128,20642444,Sunday River (ski resort)
1591176,20643246,Sun Mobile
1591671,20647810,Sunburn
1592186,20654427,"Akira Matsunaga (footballer, born 1914)"
1592206,20654902,"In Sunlight, in a Beautiful Garden"
1593324,20669402,Sunflower (2006 film)
1594355,20678554,Sunrise Dam Gold Mine
1595202,20687643,Pittsburgh Sun-Telegraph
1595385,20689562,SunRice
1595496,20690414,Manga Sunday
1595559,20690845,Sunao Hari
1595581,20691098,Sundown (1941 film)
1595720,20692411,Sundo (disambiguation)
1595745,20692515,Major Sundarrajan
1596938,20706992,Sunita Puri
1597105,20708142,Sun Yat-sen Memorial Hall station (Guangzhou Metro)
1597183,20709031,Sun Yat-sen University station (Guangzhou Metro)
1597265,20710074,Bae Hyo-sung
1597323,20710925,An Sung-min
1598392,20726782,When a Crocodile Eats the Sun
1598506,20728165,"Akira Matsunaga (footballer, born 1948)"
1598512,20728184,Akira Matsunaga
1599760,20747930,Sun Pictures
1600533,20756586,Sri Radha Shyamasundar Mandir
1600637,20757256,Tatsunori Hisanaga
1600924,20758565,"Sundarpur, Morang"
1601138,20759940,Sunwal
1601179,20760222,1996 Arizona State Sun Devils football team
1601589,20765905,Sun Xiaodi
1602274,20774116,Steve Sung
1602403,20775820,Sunalta Station Place
1602540,20777025,Shakin' Stevens and the Sunsets
1603375,20785764,Black Sunday (storm)
1604271,20794727,The Sun Military Awards
1604870,20802899,Sunicas
1605602,20811326,Ketchum Sun Valley Historical Society Heritage & Ski Museum
1605799,20813472,Remaja Islam Sunda Kelapa
1605812,20813526,Sunjiawan Formation
1606494,20818717,2008 SunTrust Indy Challenge
1606844,20822359,Forest Sun
1607206,20826572,S. Somasundaram
1607430,20828869,Sundew (disambiguation)
1608395,20838717,"Lee Jae-sung (footballer, born 1985)"
1608447,20839118,Lee Sung-woon
1608452,20839167,Lee Yeo-sung
1608615,20840353,Park Sung-ho (footballer)
1608894,20843052,Sunny Lee
1608972,20843988,Tsuneo Shibahara
1609018,20844475,Sunset lorikeet
1609817,20852135,Cui Sun
1609936,20853263,Sunset Lake (New Jersey)
1610112,20854685,Connecticut Sun all-time roster
1610345,20856189,Selected Stories of Lu Hsun
1611302,20866016,Sunderland Power Station
1611946,20874298,Sun Wah
1612061,20875601,Sun Theatre
1612433,20878822,Aksungur/redirect
1612807,20882938,1951 Sun Bowl
1613400,20889546,The Sunshine Boys (1975 film)
1613439,20889976,Sundbyberg Church
1613684,20892033,1994 Sun Bowl
1614457,20899493,Sunrise (novel)
1614726,20902052,Sungai Choh
1614941,20903248,Sunehra Sansar
1615250,20904686,Sunayana
1615394,20906233,Verilite Sunbird
1615609,20908442,Suna no Oshiro
1615731,20910127,Sung-hoon Kim
1616057,20914370,Ice in the Sun
1616243,20915903,The Sunday Leader
1616372,20917016,Sunday Oyarekhua
1616909,20923205,Kim Jae-sung
1616913,20923226,Hwang Jin-sung
1616952,20923563,"Lee Sung-jae (footballer, born 1987)"
1617433,20927794,Park Sung-woo (artist)
1617577,20929121,Sunday Night at London Roundhouse
1618029,20934143,"Kim Sun-woo (footballer, born 1983)"
1618481,20937799,"Kim Sun-woo (footballer, born 1986)"
1618645,20938938,Sung Kyung-mo
1618675,20939193,Hwang Sun-il
1619364,20946573,Sunbeam Australia
1619729,20949937,Sunken Rock Light
1619782,20950298,The Sunny Cowgirls
1620140,20954401,List of Sun Bowl broadcasters
1620931,20962498,The Blind Sunflowers
1620974,20962696,The Blind Sunflowers (film)
1622085,20974615,2008 Sunshine Tour
1622378,20975654,Frasunek
1623025,20979566,Seo Sun-hwa
1623611,20987249,We Are the People (Empire of the Sun song)
1624287,20989782,Sunday Night (Australian TV program)
1624361,20990178,2007 Sunshine Tour
1624389,20990268,2009 Sunshine Tour
1625279,20995838,Sunflower butter
1626955,21005481,1974 Arizona State Sun Devils football team
1626956,21005484,1975 Arizona State Sun Devils football team
1627032,21006103,Park Ju-sung
1627041,21006134,Choi Sung-hwan (footballer)
1627185,21007615,1971 Arizona State Sun Devils football team
1627222,21007905,1972 Arizona State Sun Devils football team
1627223,21007907,1973 Arizona State Sun Devils football team
1627245,21008124,Kim Sung-keon
1627277,21008428,Choi Sung-hyun
1627436,21010265,Ha Sung-min
1627959,21015556,Black Sunday
1628886,21020351,1979 Arizona State Sun Devils football team
1629675,21030125,Langscheid (Sundern)
1629828,21030746,Byun Sung-hwan
1630110,21031770,Jung Yoon-sung
1630506,21034801,1970 Arizona State Sun Devils football team
1630600,21035660,Sunlight Tower
1630901,21038708,Harald Sunde (footballer)
1632166,21053488,Key-sung Cho
1632335,21055565,Kim Sun-woo
1632859,21061919,Yu Sun-bok
1633297,21068808,Battle of Sungei Koemba
1633564,21073154,Everyday Sunshine
1633572,21073247,Sunless Saturday
1633736,21075656,Axel Sundermann
1633842,21076614,Sunyani Airport
1634468,21082409,Season of the Sun (1956 film)
1634577,21083972,Two Suns
1635209,21092944,Stars on Sunday (newspaper)
1635401,21095843,SunRail
1635502,21096956,Sunstar (racehorse)
1635834,21102671,Sunlabob
1636137,21105871,Sunday Magazine Editors Association
1636785,21114545,Sun Belt Tournament
1637702,21121809,Megitsune Buro
1637996,21124745,Happy Happy Sunday!
1638123,21126598,Order of the Sun
1638155,21127150,"Morning Sun, Ohio"
1638355,21129909,Sunset Falls
1639023,21135824,A Slope in the Sun
1639582,21142709,Sun Qixiang
1640347,21147925,Sunday Chibuike
1640432,21148845,Adewale Sunday Amusan
1640596,21151191,Swoon (Silversun Pickups album)
1640656,21152078,Sunanda K. Datta-Ray
1640977,21156220,Sunseeker (solar vehicle)
1642876,21169981,If the Sun Rises in the West
1643050,21172842,Sunrise Weather
1643866,21183200,Sun Carriage
1645485,21203935,Dark the Suns
1646770,21216177,Kang Ok-sun
1646887,21218288,Sun (German band)
1646981,21219929,Galleons Sunset
1646997,21220196,Tadanobu Tsunoda
1647142,21221699,Jalan Sungai Temong
1648056,21232316,Sun Valley (film)
1648129,21233004,Black Sunday bushfires
1648230,21234458,Short Brothers of Sunderland
1648333,21235725,Denver Sundowns F.C.
1648355,21235994,The Sun Shines Bright
1648359,21236065,Isunngua
1649171,21244776,Apipoo Suntornpanavej
1649430,21247587,Assunta Cuyegkeng
1649796,21250644,Folke Sundquist
1651715,21265095,Lo Tsung-lo
1653652,21290392,Too Much Sun
1654800,21304086,Stocksunds IF
1654909,21305497,Citizens for Sunshine
1655967,21317945,Sunalta station
1656190,21321049,Sunil
1656720,21326560,9th Jebtsundamba Khutughtu
1657346,21334215,Sundance Formation
1657577,21336780,Kampung Sungai Kayu Ara
1657823,21338816,Sun Secrets
1658338,21344037,National Sunday Law
1658442,21345083,Sune Jonsson
1660555,21365463,Escape from the Sun
1661121,21372076,Datsun Bluebird (910)
1661419,21376611,Tsunozu Station
1662215,21385827,Sigrid Sundby
1662526,21390298,Matsunami Station
1663113,21397280,Sunny Joseph
1663813,21406649,Sunset Glow
1666191,21432462,Ahn Sung-nam
1666602,21436587,Yelena Bolsun
1667926,21449578,Hamsun (film)
1667957,21449869,"Sundridge, London"
1669943,21464084,Kein Alkohol (ist auch keine Lösung)!
1670335,21469689,Sunflower Corporation
1670476,21471917,1958 Lituya Bay earthquake and megatsunami
1670778,21475887,A Spirit of the Sun
1671031,21478083,Treaty of Stralsund
1671039,21478134,Treaty of Stralsund (1354)
1671390,21481714,Rising Sun High School (Indiana)
1671537,21483726,Sundown (video game)
1673091,21502272,Hōjō Tsunetoki
1673163,21503563,Yasuno Station
1673170,21503608,Tsunami Station
1675890,21525410,Kaare Sundby
1677512,21542666,Yeosu–Suncheon rebellion
1677532,21542802,2009 Atlantic Sun men's basketball tournament
1678965,21559409,Matsunoodera Station
1680721,21574309,Suntar-Khayata Range
1681981,21580147,Müttergenesungswerk
1682658,21590093,Singapore Sun Festival
1682858,21591875,The Portland Daily Sun
1682983,21593281,Bloody Sunday: Scenes from the Saville Inquiry
1686376,21633532,Tsiatsungõlmaa training area
1686687,21638362,Sun Mu
1687292,21648648,National Day of the Sun
1687743,21653681,Suna Chadhei Mo Rupa Chadhei
1687970,21656036,Children of the Sun (1962 film)
1688069,21657386,Aadara Hasuna
1690050,21668456,Sunshine Biscuits (Australia)
1690834,21669845,Timeline of Bloody Sunday (1972)
1695258,21720964,Boysun
1696125,21730591,Masuny
1697922,21739527,Raphael Assunção
1698287,21743130,Crystal Bay-Sunset
1698312,21743537,Colorado Springs Sun
1698339,21743772,Greed in the Sun
1698784,21748282,Ismail Tosun
1699185,21751025,Sunny Day Real Estate discography
1699340,21753425,Sundaram
1699548,21756751,Hanseong sunbo
1699950,21760910,The Night of the Sunflowers
1700102,21762718,Sunil Kothari
1700386,21765774,Sun Life & Provincial Holdings
1701500,21778678,Sun Valley High School
1701925,21785165,Trying to Kiss the Sun
1701928,21785210,2009 Sun Belt Conference men's basketball tournament
1702300,21790331,Sunday Referee
1703154,21801691,The News Sun
1703571,21805362,Sunday vs Magazine: Shūketsu! Chōjō Daikessen
1706008,21821811,Asuny
1706537,21822749,Lisunie
1710587,21841736,Wejsuny
1710588,21841737,Wejsuny-Leśniczówka
1712310,21855428,Greatest Hits (KC and the Sunshine Band album)
1712733,21859866,Sunny Side!
1713082,21863729,"Sunnybrae, Nova Scotia"
1713293,21865066,Shadows and Sun
1713561,21868485,The Best of KC and the Sunshine Band
1713649,21869621,ASUN women's basketball tournament
1713824,21871509,Samsung NC20
1714130,21875002,Sunbeam (album)
1714151,21875242,Misunderstood (1966 film)
1714564,21880282,Tseng Sung-wei
1714684,21881375,Kim Sung-jae
1714739,21881825,I Live for the Sun
1717261,21898000,25th Anniversary Collection (KC and the Sunshine Band album)
1717480,21901312,Green Sunrise
1717633,21902970,Yasunori Hayashi
1718572,21915664,Chuck Sun
1719056,21920257,Giarsun
1720748,21935939,Holiest sites in Sunni Islam
1721055,21940200,Quantos Possunt ad Satanitatem Trahunt
1722616,21961041,Kim Oh-sung
1722877,21965340,Over the Sun
1723103,21968221,List of Suwon Samsung Bluewings records and statistics
1723437,21972332,Samsung F480 Tocco
1723778,21976375,Sund Rock
1723895,21978361,Sunshine Coast Daily
1723920,21978594,Sunday O. Fadulu
1724004,21979997,Sungai Rokam
1724052,21980696,Sunshine Football Club (VFA)
1724106,21981337,Three years she grew in sun and shower
1724342,21984615,Sunday Heroes
1724548,21986688,Battle for the Sun
1725023,21991653,Lee Sung-gang
1725153,21994055,Dusunic languages
1726880,22006187,Sunday Times Young Writer of the Year Award
1727086,22008541,Sunday Best (season 1)
1728098,22019166,Toshikazu Sunada
1728521,22023800,Sunrise in Baku Fashion Project
1729434,22036023,Sunday Express Dunblane controversy
1729658,22038900,Eyes to the Sun
1730209,22045792,Sunfish Pond
1730614,22051418,Ormsund RK
1731128,22057864,Chasin' the Sun
1731333,22060671,Katsunuma
1731418,22061565,That Evening Sun (film)
1731983,22065678,Monthly Chosun
1732057,22066539,Sunday Best (season 2)
1732075,22066740,SunLine Transit Agency
1732673,22074181,Glenn Sundby
1733178,22079389,Mitsuneyama Keiji
1733708,22085442,GMA Saturday/Sunday Report
1733991,22088456,Andrew Suniula
1734156,22089849,Sunākste Parish
1735132,22100173,Sun Ma Sze Tsang
1735303,22102178,2009 Samsung 500
1735989,22109636,Sunday Morning in America
1736658,22115922,Sunrise Nippon / Horizon
1736793,22118002,"Sunifred II, Count of Urgell"
1738329,22132056,Sunnybrook Research Institute
1738589,22133863,Sunrise Celebration
1738950,22138105,Lee Sung-min (footballer)
1738974,22138388,Sung-Mo Kang
1739549,22146355,Sung Chi-li
1739844,22149619,Suntaži Parish
1741542,22161545,Samsung i8910 Omnia HD
1741947,22164973,"Sunday Morning (Earth, Wind & Fire song)"
1743081,22171178,Rising Sun Rock Festival
1743219,22172926,Alsunga Parish
1745171,22184371,Sun Dong-yol
1745338,22186520,Sunken Gardens (Nebraska)
1745880,22188458,The Sunday Woman (film)
1746114,22191507,Raiders of Sunset Pass
1746398,22193113,Sasunaga
1746573,22193510,Sundwarda
1746574,22193512,Sunira
1748288,22214913,Klairung Treejaksung
1749564,22230388,Sundaroa
1750284,22239008,"Sune Andersson (footballer, born 1921)"
1750352,22240494,Sunflower Slow Drag
1750564,22244779,Samsung SGH-i780
1750583,22245311,Samsung Epix
1751124,22255453,Sunnyvale High School (California)
1751202,22256334,"1, 2, 3, Sun"
1751210,22256412,The Sunken Billions
1751260,22257016,Sun Rui (dancer)
1751555,22260114,Sunshine Coast Independent Schools Sports Association
1751833,22264139,Operation Sunrise (Vietnam War)
1752272,22268927,Elaine Paige on Sunday
1752943,22277907,Sunquest Information Systems
1752956,22278078,Hurry Sundown
1753962,22288681,Sunset Ridge Country Club
1754528,22292432,Sun Products
1754823,22295204,Sundowner (yacht)
1754860,22295674,I Saw the Sun
1755331,22302555,Tursun Uljaboev
1755553,22305043,Sundell
1755811,22308100,Katsunori Nomura
1756014,22310527,Sunrise Festival
1756185,22312734,Dragonslayer (Sunset Rubdown album)
1756707,22318025,Peter Dursun
1756761,22318656,Samsung A767 Propel
1756803,22318976,Sundsvall Open Trot
1756902,22319717,Samsung T919 Behold
1757244,22323902,"Sunrise (Charleston, West Virginia)"
1758250,22334472,The Sunmachine and the Ocean
1758406,22336046,Sun Dongdong
1759290,22346539,Hurry Down Sunshine
1759523,22349486,Samsung M7500 Emporio Armani
1759559,22349890,Sundown Beach
1759631,22350931,Sendai Sun Plaza
1759834,22353792,1977 Sun Bowl
1759881,22354389,1958 Sun Bowl
1759934,22354978,1939 Sun Bowl
1760172,22357612,Sunderland Arc
1761248,22369619,Gekkhar Suna
1761673,22374415,Sunday in the Park with Jorge
1762166,22379852,Under the Sun (Yosui Inoue album)
1763075,22386988,Dayr Sunayd
1764289,22399874,1997 Arizona State Sun Devils football team
1764457,22402344,Sunnylands
1764460,22402385,Original Sun Sound of Johnny Cash
1765536,22414335,Sunderland Greyhound Stadium
1765618,22415514,CA Osasuna B
1765638,22415895,MV Liberty Sun
1766023,22419419,Jo Sung-hwan
1766208,22420935,Red Sun Cycling Team
1766431,22423317,"Sunnyslope, Butte County, California"
1766433,22423331,"Sunusi, California"
1766717,22425315,Stadion am Gesundbrunnen
1766966,22426559,Dorjee Sun
1767006,22427046,FC Pommern Stralsund
1768326,22431552,Cho In-sung
1768712,22436384,Ho Ping-sung
1769021,22439801,"Hammar, Askersund"
1769156,22440417,Uguisunomori Station
1769323,22441876,Kusunti
1769367,22442330,Sunday Morning at the Centre of the World (play for voices)
1769794,22445848,Sun Gangs
1769884,22446934,Sungyang Academy
1770326,22451624,Grundsund
1770666,22453058,Sun–Ni law
1771386,22459494,Sunshine (Lil' Flip song)
1771663,22463017,Sunosaki-class combat support ship
1771983,22465751,"Näsviken, Strömsund Municipality"
1772254,22468256,Kim Sung-joon (footballer)
1772329,22469226,The Tropical Sun
1772953,22476382,"Gustavsberg, Sundsvall Municipality"
1773352,22478318,Yang Yao-hsun
1773416,22478719,Sunshine Holiday Hotel
1773601,22479674,Asunción Balaguer
1774330,22488297,Sunday Island (Nunavut)
1774476,22490192,Sun Chengyao
1774723,22491516,Sunday Christ
1775087,22494744,Sundhultsbrunn
1775461,22497798,"Sunnybrook, California"
1775493,22498068,"Sunizona, Arizona"
1776473,22505925,Mes Sungun–Azad
1776605,22506546,Konrad Sundlo
1776628,22506604,SUNeVision
1776687,22507319,Kuromatsunai Station
1777054,22509903,Sunny Days (Kid British song)
1777327,22512701,Nogersund
1777552,22515728,Yasunori Miyabe
1777554,22515749,Yasunari
1777566,22515924,Sunset Rubdown Introducing Moonface
1777859,22518693,Moon Sung-min
1778290,22521880,"Lee Jae-sung (footballer, born 1988)"
1778462,22523195,Kalvsund
1778502,22523380,Svanesund
1778714,22524815,Örsundsbro
1780032,22538690,Forgotten Songs and Unsung Heroes
1781581,22554369,Sunday Star
1782520,22565417,The Sunless Citadel
1782736,22566831,Sundaresta
1783256,22570546,Sunday Times Rich List 2009
1786644,22600796,Suvarna Sundari
1786708,22601681,Samsung Galaxy (original)
1787123,22606296,Heat of the Sun
1788021,22617447,"Sunnybrook, Nova Scotia"
1788460,22621653,Burn Back the Sun
1788891,22625908,Sungaiicola
1789741,22633668,Paul Suni
1790398,22641934,Satsunai Station
1790418,22642093,Kami-Atsunai Station
1790421,22642107,Atsunai Station
1790550,22643277,Ray of Sunshine
1790605,22643458,Behind the Clouds the Sun Is Shining
1790860,22644872,The Sunday Child
1791325,22648810,Sunset-Camellia Open Invitational
1792157,22658182,Looking for the Sunshine
1792234,22659403,"Softly, as in a Morning Sunrise"
1793153,22668206,Sunwapta (fish)
1793294,22668779,Sundayichthys
1794764,22685478,Sunday in the South
1795854,22698348,Sunglasses (Divine Brown song)
1795925,22699134,Ko Jae-sung
1796098,22701490,Journey Under the Midnight Sun
1796238,22702936,Gesunda
1796496,22705200,"Sunset Acres, Nova Scotia"
1796951,22710287,Gesundbrunnen (Berlin)
1797582,22716810,Osatsunai Station
1797706,22717696,Norrsundet
1797824,22718379,Sunningen
1797851,22718502,Skottsund
1797855,22718528,Sundsbruk
1798330,22722084,"Sunset Beach, Saskatchewan"
1798804,22727651,Årsunda
1798954,22728369,Måttsund
1798961,22728385,Södra Sunderbyn
1798985,22728487,Sunnemo
1799031,22728670,Sung J. Woo
1799358,22731655,"Sundby, Sweden"
1799412,22731988,Friggesund
1799475,22732384,Sunnansjö
1799651,22734330,Vergina Sun
1800267,22740258,Stensund och Krymla
1800270,22740263,"Sund, Trosa"
1800273,22740275,Sundbyholm
1800758,22745666,Koi Sugata Kitsune Goten
1801264,22752027,The SUN (Hong Kong)
1801837,22758199,Staring into the Sun
1802118,22761283,Loch Sunart
1803246,22774203,Sunnyside Farm (disambiguation)
1803761,22780011,"Sunnyside, Fresno County, California"
1804167,22785581,Lee Sun-young
1804479,22787889,Carl Sundin
1804583,22789020,Vasundhara Enclave
1804704,22790352,Sunrise in the Land of Milk and Honey
1804959,22793389,"Sunset Hill, Seattle"
1805277,22797861,Hello Sunshine (book)
1805425,22799107,Pablo Urtasun
1806037,22805576,Durham–Sunderland line
1806084,22806120,Kim Nae-sung
1806789,22813997,Sunny Brae
1806873,22814692,King Sunny Adé discography
1806886,22814832,Prehistoric tsunamis
1807351,22820290,Sundara
1807412,22820749,Wu Yee-sun
1808278,22828008,Satsunan Islands
1808667,22832769,Sunshine on Leith (song)
1809677,22840475,Hiromi Matsunaga
1810053,22845770,Lai Sun
1810325,22848674,Jungsund
1811136,22860237,Luk Yeung Sun Chuen
1811274,22861504,Dr Sun Yat-sen Historical Trail
1811634,22865576,Sun God (disambiguation)
1811667,22865967,Any Given Sunday (soundtrack)
1811777,22867718,"Sunland, Inyo County, California"
1812026,22871706,Sunnyside Up
1812773,22879874,Midnight Sun Brewing Company
1813106,22883992,Tetsunosuke Onishi
1813851,22893145,Sun-dried tomato
1813868,22893424,Sunae Shibari Dai-nihen
1813989,22894902,Issuna
1814402,22901610,Sunny Side Up (Paolo Nutini album)
1814746,22905348,Nybergsund Stadion
1815041,22908949,Sunpro Alwin
1815646,22913228,Sunil Das
1816271,22919685,Samsung S8300 UltraTouch
1816593,22927672,Survival Sunday
1817815,22945840,List of schools in Sunderland
1817919,22946732,Shyam Sunder
1818647,22956810,Central Sundbyberg
1818730,22959446,Samsung iMarketKorea
1818851,22962782,Sunbeam 3-litre
1820330,22982133,Miss Sun
1820769,22987942,Teletsunami
1821619,22996332,Decision at Sundown
1822604,23007708,Harald Sunde (general)
1823042,23012971,Kitsunegasaki Station
1823398,23015952,K'Sun Ray
1824462,23028365,SUNY Oneonta College Observatory
1824533,23029601,Aimsun Live
1825166,23042548,Mount Shisuniwa
1825364,23045090,Sundar Singh Majithia
1825619,23049192,Sun Air (Sudan)
1825732,23051071,"Sunrise Vista, California"
1825991,23056744,Sunbird (album)
1826011,23057375,Sunset Mountains (Arizona)
1826152,23060005,Sunny Sohal
1826425,23066137,Golden Sun: Dark Dawn
1826469,23066897,Yuma Sun
1826501,23067355,Andrei Satsunkevich
1827013,23079647,Sunshine Locality
1827705,23087791,Leo Suni
1827767,23088413,"Sunset View, California"
1827824,23089144,Sunstar
1827937,23090940,Golden Sun
1828655,23099343,Sunday drive
1829697,23113856,"Sunshine Valley, British Columbia"
1829896,23116881,Sundesert Nuclear Power Plant
1830158,23119929,Sundhagen
1831030,23128773,Sunee Plaza
1831476,23133296,Sunmachine (album)
1831529,23133877,Sunmachine
1832616,23146209,Sunrise (telescope)
1833433,23157067,Sunred Engineering
1834727,23170058,Samsung Galaxy
1835157,23173882,Shōnen Sunday (disambiguation)
1835205,23174299,Monthly Shōnen Sunday
1836214,23185160,Walking on Sunshine (Eddy Grant song)
1837046,23194543,"Raging Sun, Raging Sky"
1837352,23197397,New Moon (Swallow the Sun album)
1837717,23202278,Mulki Sunder Ram Shetty
1837805,23203003,Asunción Cacalotepec
1837806,23203004,Asunción Cuyotepeji
1837807,23203010,Asunción Ixtaltepec
1837808,23203011,Asunción Nochixtlán
1837809,23203012,Asunción Ocotlán
1837810,23203016,Asunción Tlacolulita
1838699,23207512,Santa María la Asunción
1839481,23214456,Sun Yuen Long Centre
1839679,23216263,"Songs to Grow On by Woody Guthrie, Sung by Jack Elliott"
1840888,23228875,Sun Bowl Amphitheatre
1842068,23243749,2009–10 Arizona State Sun Devils women's basketball team
1842069,23243769,2008–09 Arizona State Sun Devils women's basketball team
1842999,23253381,Sunwu County
1844796,23273596,Satigsun Island
1844909,23275083,Ghosts of Chosun
1845852,23285761,2009–10 Phoenix Suns season
1846188,23289915,Kerenina Sunny Halim
1846303,23290824,Sunday Muse
1846357,23291252,"Pedro Téllez-Girón y de la Cueva, 1st Duke of Osuna"
1846680,23293991,Ulf Sundqvist
1847045,23297736,"Pedro Téllez-Girón, 8th Duke of Osuna"
1847084,23298101,"Juan Téllez-Girón, 2nd Duke of Osuna"
1847683,23306989,Tsunezumi Station
1847958,23309949,Råsunda IS
1848492,23316106,Sunette Loubser
1849604,23338680,Nishi-Nasuno Station
1849679,23339158,Sensunapan River
1849697,23339294,The Ny-Ålesund Symposium
1850298,23352448,Sunnybrook School District 171
1850604,23362378,Keystone Bop: Sunday Night
1851133,23373616,Sunderland Synagogue
1851624,23380781,Sunset Books
1852688,23392693,Samsung M810 Instinct S30
1853004,23396442,Sunday Night Theatre
1853465,23400758,Sunaina
1854251,23410276,Sunday in the Park with George
1854340,23410907,2009 SunTrust Indy Challenge
1855268,23419604,Arsun
1857123,23438564,Yuliya Krevsun
1857232,23439563,Samsung i8000 Omnia II
1857489,23442030,Hatsune Miku: Project DIVA
1857914,23445802,Pichsun
1858198,23448735,Santa Maria Assunta in Cellole
1858410,23450461,Sarasota Sun Sox
1858423,23450692,English Sunset
1859894,23463864,Sunrise/Sunset (Love Is All)
1860868,23474905,"Valencia, Sungai Buloh"
1860948,23475751,Dark Sun
1861908,23485163,Yi Sung-sun
1863221,23498410,Sun Tin Wai Estate
1864272,23507631,Sun Chui Estate
1864347,23508546,Sundeep Waslekar
1865118,23514393,Sunset Island
1865190,23515108,Rancho Suisun
1865536,23518057,Sunparlour Players
1866354,23522836,Björksund Castle
1866358,23522853,Bogesund Castle
1866374,23522911,Ekolsund Castle
1866482,23523319,Stora Sundby Castle
1866485,23523334,Sundbyholm Castle
1866502,23523387,Ulvsunda Castle
1866564,23523953,Alsunga Castle
1867061,23527297,Suntaži Manor
1868305,23533882,Kyungsung FC
1868393,23534876,SUNGEN International Limited
1868509,23535778,Sunshine in the Rain – The Album
1868578,23536309,Sungard Availability Services
1870584,23550078,Samsung E1120
1871023,23553147,Sunan station
1871949,23560286,The Sun Came Out
1872101,23561477,Chicken Every Sunday
1872131,23561811,Sungei Kadut
1873943,23574556,Assemble Head in Sunburst Sound
1874747,23579629,Sunil Thapa
1874883,23580372,Sunil Handunnetti
1876919,23588369,Reach for the Sun
1877002,23588938,South Branch Sunday River
1877529,23592467,Tsunei Kusunose
1877701,23593886,Too Close to the Sun
1877726,23594138,Sunday with Miriam
1877977,23596849,Matsunosuke
1878378,23601024,Focus Gesundheit
1878424,23601434,Suncheon station
1878429,23601469,Guryong station (Suncheon)
1878445,23601530,Hwasun station
1878947,23606392,Violet-backed sunbird
1879793,23613870,"Sunquerim, Karnataka"
1880470,23618846,Keep on the Sunny Side
1882766,23631378,Samsung M550 Exclaim
1882805,23631695,Sun Bank Halt railway station
1882859,23632403,Kallestadsundet Bridge
1883531,23637383,Scott Sunderland
1884567,23645454,Sundadoxa
1884568,23645455,Sundagrapha
1884569,23645456,Sundascelia
1887567,23666472,Duel at Sundown (film)
1887641,23666656,The Pyramid of the Sun God
1888498,23674982,Tōru Yasunaga
1888637,23676585,Sunkist (soft drink)
1888665,23677039,"Sun, Stone, and Shadows"
1888764,23678544,Privatsykehuset Haugesund
1888829,23679187,Katsunori Kikuno
1888994,23681031,Sundyne
1889595,23687706,Sunita Shroff
1889683,23687979,Nessuno ha tradito
1890309,23691044,Sunset on the Desert
1890311,23691060,Sunset Serenade
1890324,23691096,Sunset in El Dorado
1890353,23691196,Sunset in the West
1890484,23692451,Hymn Before Sunrise
1890508,23692780,The Sun Shines Bright (book)
1890865,23698049,After Saturday comes Sunday
1891482,23703410,Samsung Jack
1892186,23714273,Sun Yue (warlord)
1895326,23748914,Sunshine Life for Me (Sail Away Raymond)
1895486,23750288,Sunshine Coast Spartans
1896025,23755277,1944 Sun Bowl
1896184,23756834,You Brought the Sunshine
1896637,23761643,The Futuristic Sounds of Sun Ra
1897060,23766105,Fyksesund Landscape Park
1897070,23766197,Fyksesund
1897205,23767861,"Sunol, Nebraska"
1897416,23770861,Sunken Treasures
1897657,23773124,Knut Hamsun's obituary of Adolf Hitler
1898450,23781945,Fujiwara no Naritsune
1899338,23793859,Sunan Drajat
1899925,23799079,Randesund IL
1899931,23799140,Sun Song
1900612,23806128,One with the Sun
1900839,23809343,University of the Sunshine Coast bus station
1903569,23839229,Secrets of the Sun
1903636,23840079,When Sun Comes Out
1903725,23841270,GreenSun Energy
1904446,23849186,Substitution (Silversun Pickups song)
1904490,23849422,Cemil Tosun
1904613,23850731,Sunnybrook Park
1904619,23850783,Samsung SGH-A657 (AT&T)
1905975,23866290,Sunkara Venkata Adinarayana Rao
1906698,23874428,Sanzhar Tursunov
1907847,23885396,Hassuna culture
1907942,23886317,Sunnycott Halt
1909211,23898727,Sunshine Special (automobile)
1909478,23900794,New Broughton Sunset Correctional Centre
1909841,23904934,China Sun Group High-Tech
1910080,23908031,Sunshine Special (disambiguation)
1910289,23909317,"Sunset Beach, New York"
1910466,23910697,The Sun Also Shines at Night
1910885,23914894,"Asuncion, California"
1911131,23917494,"St Paul's College, Sunbury-on-Thames"
1911763,23923256,Staring at the Sun (Rooster song)
1913171,23934648,John L. Saksun
1913187,23934817,M. Sundardas
1913308,23936083,Sunshine and Rain
1913619,23940232,Sundeep Malani
1913627,23940315,Sun Red Sun
1913682,23941063,"Sundarpur, Khurda"
1913932,23942659,Husun As Salasil
1913933,23942661,Husun As Sufayra'
1913934,23942663,Husun Bin Humam
1914045,23943388,Sundance Institute
1914054,23943448,Sundance Film Festival
1914559,23948407,Sunday Morning with Nat Stuckey and Connie Smith
1914736,23950469,Utsunomiya Air Field
1915224,23954056,Sun 969
1915264,23954482,Dursun Karatay
1915867,23959114,As Sunnatayn
1915880,23959307,Josh Sundquist
1916558,23965616,"Sunshine, Moonlight"
1916845,23967295,1990–91 Sunbelt Independent Soccer League (indoor) season
1917522,23972224,The Sundowners (1950 film)
1917544,23972344,Military Ocean Terminal Sunny Point
1917547,23972359,Sunny Point
1917668,23973179,Sunset Murder Case
1918325,23976260,Sunburn (Blake Babies album)
1918851,23980135,Sunday Night at 10
1919206,23982189,Solent Sunbeam
1919527,23985335,Sunye
1919539,23985442,Winthrop Sun Transcript
1920042,23988193,Suniana
1920465,23990502,Oh Eun-sun
1921736,23996303,Samsun–Çarşamba railway
1922149,23998270,It Happened One Sunday
1923169,24002046,Bulbophyllum yoksunense
1923670,24005987,The Secret Saturdays: Beasts of the 5th Sun
1924499,24010567,Yasuní River
1925085,24015712,Ramasundara Karunalaya Pandian
1925116,24015915,Jalan Sungai Buaya
1925151,24016149,Sunshine Coast Stadium
1925684,24019094,Spinning Around the Sun
1925781,24019385,The Morning Sun Shines
1926282,24025566,M. Sundararajan
1926613,24028824,Lo Chih-tsung
1927211,24033678,Rosa 'Sunsprite'
1927688,24038610,S. Sundararaj
1928522,24046594,Taraval and Sunset station
1928767,24049101,T. Kadambavana Sundaram
1928769,24049121,Sowdi Sundara Bharathi
1929848,24056403,Sun Metro
1929977,24057825,Yun Sunji
1930166,24060147,V. Balasundaram
1930210,24060435,Judah and Sunset station
1930654,24064819,Roadhouse Sun
1931091,24069465,List of hospital ships sunk in World War I
1931883,24075769,If the Sun Never Returns
1932526,24078850,The Death of Adolf Hitler (ITV Sunday Night Theatre)
1932569,24079094,Sunny's Surplus
1933202,24084115,The Disuniting of America
1933354,24085267,N. Sundarraj
1933383,24085483,N. Sundaram
1933843,24089962,M. Meenakshi Sundaram
1936068,24113314,A. P. Shanmugasundara Goundar
1940436,24140460,Gunasundari Katha
1940504,24141117,Coral Sun Airways
1940975,24145565,Always: Sunset on Third Street 2
1941045,24146271,Next Sunday
1941054,24146331,Sun Hill Serial Killer
1941318,24149719,Sun Bin (footballer)
1941729,24154242,P. R. Sundaram
1942014,24156707,Under the Sun (Ida Corr album)
1942327,24159180,Subsunk
1943605,24170041,A. Pappa Sundaram
1943622,24170204,M. Kalyanasundaram
1943635,24170367,Summer Sundae Fringe Festival
1945030,24185675,Don't Steal Our Sun
1945373,24189033,Sakura Note: Ima ni Tsunagaru Mirai
1945568,24190676,Sunset Range
1946272,24198807,American Sunshine
1946721,24203179,Samsung SGH-A877
1947525,24212367,2009 Arizona State Sun Devils football team
1947539,24212513,Thomas Sunesson
1947806,24214941,Sunday Patrick Okoro
1948675,24224768,Tosun
1949310,24230398,Park Chang-sun
1949652,24233859,Sunstone (disambiguation)
1949782,24234899,Spirit of Sunderland
1950639,24244433,Sun Jun (basketball)
1951020,24250416,Herald Sun Player of the Year
1952017,24269016,Casunziei
1953124,24283818,Michail Misunov
1953366,24287096,Duel at Sundown
1953786,24293244,Anvar-qori Tursunov
1953889,24295451,Suraj Kund Sunam
1954050,24297360,Sunket
1954080,24297922,Haugesund/Stord Region
1954310,24301435,Eric Sundquist
1954646,24305461,Exit Sunset Boulevard
1955550,24315562,Golden Sunlight mine
1957273,24332921,Yoo Sun-young
1958356,24345137,"Sunset Cliffs, San Diego"
1959470,24359284,Sun Belt Conference Men's Basketball Player of the Year
1959537,24360221,Where the Sun Never Sets
1959547,24360355,"Sunnyside railway station, New South Wales"
1960572,24372674,Sundome Nishi Station
1960659,24373554,The Sundance Kids
1961304,24381277,Escape to the Sun
1962058,24389895,"Sunset Harbor, North Carolina"
1962229,24391850,Sunetra Paranjpe
1962330,24393550,Sun Hing Garden
1962426,24395210,Eduard Gritsun
1963333,24405102,Yoo Sung-je
1963976,24413203,Sunita Singh
1964100,24414193,Atsunobu Ogata
1964240,24415427,2009–10 Sunderland A.F.C. season
1964390,24417393,Kim Ki-sung
1966137,24436917,Sun Jiangshan
1966188,24437395,Gilles Sunu
1967148,24449130,AstroFlight Sunrise
1967270,24450835,Sun compass
1967783,24457907,Project Sunrise
1967872,24458712,Rodolfo Padilla Sunseri
1968377,24464959,"Sunny Days, Starry Nights"
1968568,24467257,Without You (Empire of the Sun song)
1969337,24475310,Ryer Island (Suisun Bay)
1969356,24475500,Women of the Sun
1969830,24480763,Enjoy the Melodic Sunshine
1970297,24484548,Sunday Ehindero
1970924,24490687,Sun-Up
1971405,24495763,M. Sundaram
1971907,24501082,Sunifiram
1972339,24505590,Empire of the Sun
1972802,24510598,Nakatsuno Station
1973236,24514681,Yasunobu Kanada
1973539,24518475,2009 Samoa earthquake and tsunami
1974261,24526453,Tsunehisa Uchino
1974379,24527264,Luk Kwok Sun
1974899,24533868,Touch the Sun
1974903,24533887,Sunil Jadhav
1974961,24534824,Bright Eyes Sunglasses
1975313,24538628,Choi Sun-hyung
1976852,24557403,Sunset on Third Street
1977083,24560033,B. Sundaram
1977660,24566499,World Communion Sunday
1977766,24567713,"Sunnybrook, Alberta"
1977767,24567733,"Sunnynook, Alberta"
1977773,24567776,"Sunset House, Alberta"
1978048,24571355,Kitsuné Maison Compilation 3
1978144,24572130,Bakkasund
1978491,24576118,SunRise Academy
1978773,24579865,Yun Sung-hwan
1978806,24580346,Jo Sung-jin
1979812,24592658,MV Discovery Sun
1979881,24593386,Sunny Suwanmethanont
1980134,24595689,The Three Suns
1980139,24595712,Tsunda Church
1980693,24603383,Sunagawa-Nanaban Station
1980696,24603453,Kim Sung-hwan (footballer)
1980720,24603719,Opiate Sun
1981698,24614458,Universidad Autónoma de Asunción (football)
1981702,24614500,Universidad Autónoma de Asunción
1981868,24616733,Björn-Erik Sundqvist
1982901,24629171,Maravarman Sundara Pandyan II
1983205,24631977,Sunningdale Garden
1983378,24633326,1988 Suntory Japan Open Tennis Championships
1983408,24633612,1988 Suntory Japan Open Tennis Championships – Women's singles
1983451,24634096,1988 Suntory Japan Open Tennis Championships – Women's doubles
1983652,24637559,USS Sunbeam III
1983666,24637925,Sun-Yung Alice Chang
1983965,24642502,Ulrika Sundberg
1984189,24644372,2005 Arizona State Sun Devils football team
1984368,24645400,2004 Arizona State Sun Devils football team
1984944,24652099,Kisempia Sungilanga
1985337,24656266,Mel Tormé Sings Sunday in New York & Other Songs About New York
1985565,24659672,Zu Xiaosun
1985633,24660668,Christian Sund
1985701,24661219,The Sundowners (novel)
1986765,24671537,Sunkhaze Meadows National Wildlife Refuge
1987235,24677172,Sun Shoubo
1987582,24682219,She's the Sun
1987705,24684663,"Las, qu'i non sun sparvir, astur"
1988007,24687312,Stockport Sunday School
1988291,24689900,Sunset Reservoir
1988350,24690627,Suning County
1989882,24705501,Saturday Satan Sunday Saint
1990474,24713881,Izuhakone Railway Sunzu Line
1991649,24725006,Kusunose
1991883,24726979,Sun Records (jazz)
1992258,24729963,World Mission Sunday
1992941,24737777,Sun Yue
1995154,24761648,Joseph Sung
1995702,24768885,700 Sundays
1996047,24772656,Nam Sung-ho
1996122,24773422,Sundown (Lost)
1996557,24778983,Jackson Sun
1996590,24779482,"Rising Sun, White County, Illinois"
1996594,24779525,"Rising Sun, Pope County, Illinois"
1996597,24779543,"Rising Sun, Illinois"
1996897,24783136,Sundays Well RFC
1997891,24795154,2009 Sun Bowl
1998630,24805940,Norman S. Edelcup/Sunny Isles Beach K-8
1998725,24806742,2009 Sun Belt Conference football season
1999071,24810873,Jesus exorcising at sunset
1999085,24810987,Fujiwara no Yasunori
1999182,24811841,Watch the Sun Come Up
1999374,24813796,Sun scoop
2000145,24823258,Church of Santa Maria Assunta (Esine)
2000339,24825014,Zubato Sunce
2001844,24850367,Sunderland City
2001988,24853076,Sunday Chronicle
2002121,24855755,Sunset wrasse
2002704,24861855,La Asunta
2002751,24862018,La Asunta Municipality
2003425,24869674,Sunburst Lake National Wildlife Refuge
2003550,24870538,Daesung
2003939,24874109,2010 Connecticut Sun season
2004310,24878659,Under the Table and Above the Sun
2004369,24879532,1343 Naples tsunami
2004612,24883130,Tri-City Suns
2005000,24886493,Lee Sun-ja
2005450,24891267,Ye Qisun
2006598,24904620,Puerto Rico Daily Sun
2006745,24906760,"Ifelodun, Osun State"
2006765,24906896,"Irepodun, Osun"
2006809,24907318,S. Sundarambal
2006812,24907368,N. S. Sundararajan
2007578,24915584,K. Sundar
2007694,24917114,K. Sundaram
2007930,24919500,Siege of Stralsund (1678)
2008801,24929734,K. R. Sundaram
2009583,24938872,Secret Sunday
2010162,24947138,Fyksesund Bridge
2010430,24950552,Battle of Stralsund (1809)
2010592,24952237,Siege of Stralsund (1807)
2010921,24957198,Samsung Behold II
2011525,24963644,"Sunzhensky District, Republic of Ingushetia"
2011721,24966482,Sun Devil Gym
2011757,24967315,Sharin no Kuni: The Girl Among the Sunflowers
2011807,24968200,Yang Tsung-hua
2011844,24968770,Sunil Manchanda
2012295,24973525,Sunitha Krishnan
2012520,24976137,Sunda megathrust
2012781,24979214,Kouhei Matsunaga
2012926,24982039,Sun–Joffe Manifesto
2012927,24982042,Steve Sundholm
2014203,24997088,Sungkai railway station
2014251,24997380,Sungai Siput railway station
2014274,24997487,Sungai Petani railway station
2014863,25003597,Hrvoje Sunara
2015003,25005778,Baytown Sun
2015264,25008220,Kaiser Sunnyside Medical Center
2015281,25008310,Tsuntinsky District
2015292,25008399,Katsunori Wakabayashi
2015489,25009421,Sunstroke (song)
2015759,25012075,Red Sundown
2018173,25043531,Sun Xin
2018358,25045429,Sun (hieroglyph)
2018577,25047658,Sunrise (Robben Ford album)
2018865,25050926,Whiskey on a Sunday (song)
2019483,25058428,Sundown Marathon
2019882,25063172,Sunny Jim Band
2020089,25066669,Sunchon National University
2020874,25075793,Sungha Jung
2021311,25080357,Carrera Sunglasses
2021836,25087468,List of Sunni dynasties
2022015,25089094,Utsunomiya Brex
2023160,25103399,1938 Sun Bowl
2023161,25103404,1948 Sun Bowl
2023162,25103405,1952 Sun Bowl
2023163,25103406,1956 Sun Bowl
2023164,25103412,1972 Sun Bowl
2023183,25103623,1942 Sun Bowl
2023225,25104171,1964 Sun Bowl
2023226,25104183,1970 Sun Bowl
2023489,25108314,As-Sunnah Foundation of America
2023961,25111883,Sasunaga leucorina
2024330,25116563,Big Sunday
2024735,25121806,Sasunaga oenistis
2024740,25121828,Sasunaga tenebrosa
2025396,25129515,Samsung U960 Rogue
2025507,25130188,"Sunset Cove, Saskatchewan"
2025513,25130210,"Sun Valley, Saskatchewan"
2025747,25132929,The Winter Sun Makes Me Melancholy
2025979,25135186,"Bluegrass Album, Vol. 5 – Sweet Sunny South"
2026814,25144595,Sune van Zyl
2027426,25149478,"Sunset View Beach, Saskatchewan"
2027897,25154724,Sundarayya Vignana Kendram
2028274,25157351,Sundays River Formation
2028597,25160516,"Sundial, West Virginia"
2029740,25173473,Sundar Pichai
2030941,25187006,Laugh Under the Sun
2031263,25190275,Michiharu Kusunoki
2031665,25194936,Sunnataram Forest Monastery
2032427,25202594,Samsung M900 Moment
2032490,25202976,"Busung Biu, Buleleng"
2033166,25209805,Sunita Godara
2033410,25211949,"Öresundsparken, Malmö"
2033621,25213944,Black Sun (manga)
2034598,25224310,Sunset Express
2035559,25234387,Sunday Ifere
2036363,25243416,Sunna (Saxon chief)
2037522,25257338,Samsung S8000 Jet
2037552,25257743,Samsung GT-S5230
2037553,25257746,Samsung Corby
2037568,25257878,Samsung B7610
2037572,25257929,Samsung B7330 Omnia Pro
2037582,25258051,Samsung S5600
2037705,25259775,Samsung B3210
2037731,25260039,Samsung S5600v
2037738,25260096,Samsung S5560
2037782,25260609,Samsung W880
2037915,25262600,Samsung Omnia Series
2037937,25263037,Samsung Omnia Lite
2037970,25263480,Samsung M8910 Pixon12
2037974,25263489,Samsung M8800 Pixon
2039000,25276248,Yasunosuke Gonda
2039533,25281999,Sunset Corners
2040289,25293223,Sun Gun Telescope
2040366,25294198,St Sunniva School
2040764,25303067,Circle of the Sun
2040802,25303441,Sunset Prairie
2040927,25305224,Sunny Side Up (Lou Donaldson album)
2041390,25312124,Sun: Wings
2041758,25317376,Suncoast Credit Union
2042144,25322985,The Gate of Sun
2042420,25325991,1989 Suntory Japan Open Tennis Championships
2042482,25326894,1989 Suntory Japan Open Tennis Championships – Men's singles
2043063,25334256,1989 Suntory Japan Open Tennis Championships – Men's doubles
2043123,25334710,Golden Opulence Sundae
2043173,25335235,Ryumyo Tsunawaki
2043354,25336884,North Sunderland Railway
2044187,25347402,North Sunderland railway station
2044325,25348823,Bermuda Sun
2044644,25353758,Sungeo-guk
2044681,25354629,Midnight Sun (Lou Donaldson album)
2044881,25356913,Samsung SGH-i550w
2045053,25358963,Sun Inn
2045935,25370385,Samsung Omnia Pro
2048451,25399438,Sun Weiguo
2048580,25400815,Polarsun Automobile
2048804,25404945,Utsunomiya Velodrome
2049261,25410110,Yukawa–Tsuno equation
2049334,25410861,Sunbeam Pathan
2049752,25414970,Waitin' for the Sun to Shine
2049916,25417106,Sunil Nath
2049931,25417327,Sunset (color)
2051134,25432324,Akihito Kusunose
2051655,25437720,Christmas in the Sun
2052519,25446796,The Sunless City
2052711,25449046,2009–10 Sun Belt Conference men's basketball season
2052738,25449469,Sungods in Exile
2052793,25450393,Sunset Empire Transportation District
2052867,25451634,Kim Sung-jun
2053376,25456741,Çakmak Dam (Samsun)
2054460,25465181,Phatsorn Jaksuninkorn
2055677,25472780,Sunburst Finish (album)
2055680,25472815,Roland Suniula
2057034,25489467,Yeh Ming-hsun
2057338,25491882,"Lyceum, Port Sunlight"
2057587,25493706,"Assunção, Paraíba"
2060363,25514447,Patrick Sunday
2062677,25539959,Ahlu Sunna Waljama'a
2062800,25540539,Östersundom
2063083,25542393,Chae Sung-bae
2063270,25545094,1945 Sun Bowl
2063455,25546586,Sun-Ray Cinema
2065006,25558307,Assunção do Piauí
2065224,25559711,What Goes On When the Sun Goes Down
2066787,25574982,Before Sundown
2067793,25586802,1988 Sun Bowl
2068001,25588979,Do You Know You Are My Sunshine
2068041,25589443,Sunnyfields
2068216,25591326,Sunday Abiodun Olukoya
2068850,25599603,Sunday Tuoyo
2069191,25604628,The Sundowner (2010 film)
2069416,25608983,Sunbiggin
2069443,25609148,Lonesome Sundown
2069652,25611117,No Sun in Venice
2069790,25613569,Sun Records (other companies)
2071251,25642961,Sunday Morning Fever
2071521,25645231,Æthelstan Mannessune
2071863,25648508,Football Whitsunday Coast
2072299,25653966,Man Wah Sun Chuen
2072961,25659613,Sundin (surname)
2072978,25659802,Sunrise (Infernal song)
2073436,25664792,List of churches consecrated to Santa Maria Assunta
2073943,25669714,Health effects of sunlight exposure
2074426,25675295,Samsung NX10
2074809,25677497,Shyam Sunder Surolia
2075687,25688219,Aceh Tsunami Museum
2075733,25688723,Sundavi
2076404,25696601,Journal of Earthquake and Tsunami
2076424,25696849,Operation Sunshine
2076722,25700264,Phalera sundana
2077473,25708043,"Sunnyburn, Pennsylvania"
2077660,25710464,Sundiata Gaines
2078177,25714679,2010 Sunshine Tour
2078232,25715315,Naked Sun (film)
2078544,25718971,Sunchild 202
2078733,25721046,Sunga (caste)
2079710,25733300,List of accolades received by Eternal Sunshine of the Spotless Mind
2079791,25734315,Samsung SGH-A127
2079836,25734940,The Lewiston Daily Sun
2080450,25743325,Tibet Sun
2081995,25760209,Sunshine (Dino song)
2082233,25763669,Masanobu Matsunami
2083015,25772075,Samsung Intensity
2083252,25776607,Sunview
2083302,25777206,Lesser Sundas deciduous forests
2083459,25778463,Kim Sung-keun
2084915,25794518,Hellings Mwakasungula
2084925,25794613,Paritala Sunitha
2085138,25796941,Sunshine (Deric Ruttan album)
2085265,25798697,Morning Sun (album)
2086539,25809749,2010 Atlantic Sun men's basketball tournament
2087750,25822952,Danbaba Suntai
2088086,25826401,Sunia Fili
2088857,25833102,Sun Tea (30 Rock)
2089145,25837397,"Sunset Hill (Warren, New York)"
2089263,25838310,Sunhouse (band)
2089811,25844307,Samsung i627 Propel Pro
2090003,25846315,"Sundown, New York"
2090338,25850718,"Sunnyside (Richfield Springs, New York)"
2090840,25855321,Tora-san's Sunrise and Sunset
2091625,25864388,Seki Matsunaga
2091644,25864471,Nobuo Matsunaga
2091737,25864953,Mitsunori Fujiguchi
2092757,25877055,Shyam Sunder Rao
2093451,25882167,"Brother Sun, Sister Moon (disambiguation)"
2094644,25892499,Barbonymus sunieri
2095158,25894990,Danne Sundman
2095183,25895207,Östersund Central Station
2095285,25896437,Sunland Baobab
2097318,25917390,Sunburst (EP)
2097495,25919030,The Story of Sigurd the Volsung and the Fall of the Niblungs
2098191,25928534,1989 Suntory Japan Open Tennis Championships – Women's singles
2098245,25929102,1989 Suntory Japan Open Tennis Championships – Women's doubles
2098265,25929453,Abby Sunderland
2098317,25930191,Swallow the Sun (TV series)
2098425,25931578,ASUN men's basketball tournament
2098453,25931827,Sun in Your Eyes
2100116,25952054,Sun Blade
2100592,25955992,Pegsunercept
2100942,25960361,Stars at the Sun
2101293,25966418,Klaus Sunnanå
2101745,25970060,Acquisition of Sun Microsystems by Oracle Corporation
2101773,25970281,Morning Sun (Robbie Williams song)
2102014,25972742,Suh Sung-in
2102258,25976142,ACG Sunderland School and College
2103439,25990636,Samsung Gravity (original)
2103475,25991050,Sundance Airport
2103516,25991288,Samsung SGH-T100
2103550,25991561,Samsung T746/T749
2103689,25993043,Sune Kiilerich
2104816,26006502,Misunderstood (1984 film)
2105911,26019762,Samsung SGH-T401G
2106509,26026371,African Sun
2107244,26036526,Sun Ji
2109417,26060129,Kyra Sundance
2110263,26067101,Siam Sunset
2110358,26068217,In the Sun (She & Him song)
2110679,26069810,Samsung T559 Comeback
2111155,26072335,Phoenix Suns draft history
2111939,26079787,USS Sunnadin
2112624,26088472,University of Osuna
2113590,26101776,SunTran (Ocala)
2114604,26115199,Tsunan Station
2116896,26146987,The Sun (United Kingdom)
2116998,26148086,Sunil Thakur
2117369,26152692,Song Yet to Be Sung
2117471,26154027,Sun Zhifeng
2117586,26156091,Choi Jae-sung
2117848,26158931,Samsung Digimax A6
2118220,26162278,SAS Frösundavik Office Building
2118527,26166267,Sungevity
2118562,26166877,Sunday Light
2118708,26171073,Sunday Ajibade Adenihun
2119110,26174202,"Sunderland, Cumbria"
2119876,26182444,Uguisuno Station
2120000,26183533,Riding into the Sunset
2120121,26184803,Sunila I Cabinet
2120402,26187273,Asuncion A. Perez
2120560,26188813,Katsunosuke Inoue
2120966,26193691,Moon Sung-keun
2120996,26194101,Marie Sundelius
2121081,26194827,List of It's Always Sunny in Philadelphia characters
2121496,26198771,Sunila II Cabinet
2121506,26198829,Sung Si-bak
2121515,26198912,SUNY-ESF Ranger School
2121532,26199034,Samsung Wave S8500
2121632,26200536,Mac (It's Always Sunny in Philadelphia)
2121645,26200683,Charlie Kelly (It's Always Sunny in Philadelphia)
2121752,26201901,Madurai Sundar
2121951,26204920,Kasungu Airport
2122782,26214255,Commissioner v. Sunnen
2122978,26216507,Minami-Utsunomiya Station
2123228,26219338,Swapnasundari
2123229,26219341,Swapna Sundari
2123272,26219770,Swapna Sundari (film)
2123642,26223808,Sunday at the Speedway
2123692,26224297,Sundance Channel
2123789,26225506,Jaegal Sung-yeol
2123860,26226802,"Sunset, Arizona"
2124026,26230708,Ashwin Sundar
2124054,26231406,Clinton Sundberg
2125067,26245746,Sunkara
2125420,26249390,Sunday Sunny Mill Valley Groove Day
2125643,26251808,"Sunlight, West Virginia"
2125785,26254060,Itakura Katsutsune
2126126,26258259,Sunhoney
2126354,26260470,Sunil Mendis
2126580,26262527,Sunshine in the Shadows: Their Complete Victor Recordings (1931–1932)
2126833,26265941,"Ila, Osun"
2127710,26276473,Sun Picture Gardens
2128416,26285348,The Blood of the Walsungs (film)
2128831,26291271,Sunosaki Lighthouse
2128846,26291567,Ifon Osun
2129118,26294460,"""Sunshine"" Sonny Payne"
2129871,26304005,Rancho Asuncion
2130739,26316085,Sankarambadi Sundaraachari
2131038,26321752,Sungri
2131518,26326508,Sun Yat-sen University (disambiguation)
2131795,26329016,Samsung Slash
2131934,26331659,Sun Linlin
2131972,26332461,Pattanathil Sundaran
2132310,26336410,Sunday Driver (band)
2132429,26337493,Edmond Sun
2132638,26339653,2010 Sun Belt Conference men's basketball tournament
2132977,26344734,The Sun Voyager
2133273,26348257,Sunny (singer)
2134784,26367549,Lords of the Black Sun
2135377,26374529,Suncoast Classic
2135772,26380234,Sunnyvale Town Center
2135785,26380448,Sunflower Aerodrome Gliderport
2135917,26382263,Sun Longjiang
2136028,26383394,Sun Qinghai
2136165,26384366,Sun Rui (ice hockey)
2136505,26388554,Sunshine (Twista song)
2136767,26393036,Kim Min-sun
2137327,26400816,Harovin Sundown
2138818,26422454,Samsung N130
2138858,26422893,Sundaresh Menon
2139089,26425696,Shooting at the Sun
2139490,26431525,Iloilo Sun Yat Sen High School
2140103,26439337,Sunshine Express
2140451,26443829,Another Sunny Afternoon
2140892,26449500,Party of the Sun
2141069,26451453,SunStroke Project
2141315,26455075,"Once a Month, On a Sunday"
2141471,26457032,Insight (Sunday Times)
2141540,26457647,Run Away (SunStroke Project and Olia Tira song)
2145413,26511663,Love Sunset
2145654,26514594,Rusununguko Secondary School
2145897,26517541,Sunshine Review
2146425,26524470,Dabusun railway station
2146919,26529709,Bloody Sunday (1921)
2147137,26532247,2010 Samsung Mobile 500
2148145,26544395,Sunshine Minting
2148421,26549102,2010 North Sun Intercollegiate Conference men's basketball tournament
2148486,26550027,Brønnøysund Musikkorps
2148806,26553327,Sunny Side of the Street (film)
2148821,26553464,While the Sun Shines
2149145,26558434,Sitting in the Midday Sun
2149350,26561289,2007 Sunfeast Open – Singles
2149512,26562957,Parkinson's Sunday Supplement
2149677,26564991,Oxford Sunnyside F.C.
2150026,26569689,Kim Hak-sung
2150050,26570228,Sierra SunTower
2151106,26583159,Sun Valley High School (California)
2151365,26587231,Sunan Kalijaga State Islamic University
2151425,26587727,Sunkist Kids
2151670,26590583,Osun State College of Technology
2151679,26590717,Samsung E2130
2152280,26599301,Sanatoga Union Sunday School
2153258,26613461,Union of the Sun and Moon
2153319,26613951,Sunepitron
2155627,26640646,Sunset Pass (1933 film)
2155793,26643023,"Sunnyside, Surrey"
2156009,26647933,Sungai Abong
2156358,26654553,Hideki Matsunaga
2157294,26668641,The Sun Has Come Your Way
2157413,26670352,Blockade of Stralsund
2157523,26671943,Sunday Driver
2157675,26674376,Kalisundam Raa
2157699,26674733,The Sunny South (magazine)
2158432,26684756,Sunday Football League (Lithuania)
2158866,26693107,Follow the Sun
2159144,26696455,2010 Suwon Samsung Bluewings season
2160478,26714060,The Demon in the Sun Parlor
2160857,26721693,IC in a Sunflower
2161290,26724591,Sunaina (TV series)
2161652,26725615,Conus sunderlandi
2161770,26726316,Obaji Sunday
2161845,26727046,Samsung Galaxy S (2010 smartphone)
2161963,26728695,Sunrize Band
2162478,26735269,Colorado Sundown
2163280,26744475,Veeran Sundaralingam
2163298,26744751,Yasunari Hiraoka
2163495,26747281,Sungai Limau
2163643,26748877,Sunburst (film)
2163737,26750081,Suniana sunias
2163746,26750211,Suniana lascivia
2166433,26780502,Sunda Strait campaign of January 1794
2166514,26780715,Fusiturricula sunderlandi
2166693,26782528,Nasunaris
2167299,26790120,Pursuit of the Sun & Allure of the Earth
2167486,26792861,Van Sung's shrew
2168551,26806550,"Sunnyslope, Phoenix"
2168684,26809011,Yasunosuke Futa
2168809,26810347,Sunniva Ørstavik
2168899,26811102,Pearl Harbor Trilogy – 1941: Red Sun Rising
2169694,26821712,Tsunamis in lakes
2169801,26822736,Dursun
2170281,26826853,Samsung YP-S3
2171893,26841304,Sunny Singh (writer)
2172631,26844429,Polystira sunderlandi
2172984,26846273,Fenimorea sunderlandi
2173270,26848618,Sivert Hanssen-Sunde
2173472,26850792,USS Sunnadin (ATA-197)
2173484,26851096,Sunshine 1530
2174235,26861218,Sun Community Source License
2174270,26861618,Sunshine Radio (FM)
2174288,26861895,Sunshine Radio Network
2174300,26862074,Sunrise Party
2174468,26863023,Sunday Express – Live (Volumes 1 & 2)
2174823,26865823,Earthly Stars (Unsung Heroes)
2175002,26868396,The Sun Sets at Dawn
2175036,26868782,Mansun discography
2177247,26896025,Stig Sundqvist
2177996,26906768,Sundar Raman
2178543,26913988,Sundatty
2179658,26924761,Sing Sang Sung
2179773,26926591,Sun Oil Building
2179945,26929169,Kharsundi
2180138,26931627,Sleepy Sun
2180222,26933075,Francisco de Osuna
2180807,26943149,In Search of Sunrise 8: South Africa
2181296,26949698,Yasuní-ITT Initiative
2181381,26950952,"Sunshine, Lollipops and Rainbows"
2181508,26952458,Yasunori Watanabe
2182583,26965695,Midnight Sun (Redgum album)
2182591,26965796,Samsung E1107
2183462,26977652,Crazy Sunday
2183537,26978561,Burnt by the Sun 2
2183807,26981756,2009 Jayco Herald Sun Tour
2184071,26984969,Sundarbag
2187080,27007631,Mr. Sunshine (2011 TV series)
2189226,27020243,Katsuno
2189404,27021690,ASUN Conference Men's Basketball Player of the Year
2190383,27030071,Tsunemi
2190384,27030078,Tsunenaga
2190385,27030082,Tsuneyoshi
2191341,27035620,Sungululu
2192170,27046486,Lee Soo-sung
2192290,27047737,Suno Sasurjee
2192489,27050219,Sunny Bak
2192952,27059857,Sundance Power Station
2193071,27063914,Tsuneo Kusunoki
2193250,27066744,Mr. Sunshine
2193894,27073839,Calliostoma katsunakamai
2194525,27078992,Sunao Hozaki
2194980,27084136,Kim Heum-sun
2197011,27096892,Yi Sun-sin Bridge
2197838,27099028,Murexsul sunderlandi
2197998,27099333,Enixotrophon kosunorum
2198233,27099754,Sunday Times Rich List 2010
2198669,27101421,Samsung NX-mount
2199283,27108912,Mae Sun
2199967,27112645,Sungai Buaya
2200119,27114531,Samsung SPH-i300
2200259,27116434,Sundaramudayan
2200491,27119306,Tripurasundari
2201552,27133912,Sunao ni Narenakute
2201948,27140199,Sunrayce 93
2202888,27148980,Midnight Sun (Herb Alpert album)
2202906,27149224,Ebisunishi
2203158,27151981,Kazuyoshi Matsunaga
2203386,27155045,Details of a Sunset
2203483,27156286,Age of the Fifth Sun
2204781,27170860,Sunny Wong (choreographer)
2205042,27173410,Sun Heart Music Hall
2206163,27187866,Sun Goes Down (Nesian Mystik song)
2206355,27191464,Sun Kudumbam Viruthugal
2207043,27199404,Stanley Wijesundera
2207114,27200389,Seven Ways from Sundown
2207411,27204375,Queen Jeongsun
2207430,27204611,Queen Sunwon
2207560,27206585,List of programs broadcast by Sun TV (India)
2207758,27207662,Sunday Afolabi (politician)
2208109,27209888,Suncho Corral
2211454,27254075,Sundaraja Sitharama Iyengar
2211462,27254215,Suncoast Behavioral Health Center
2211487,27254610,Sweet Sundown
2211772,27258545,Sunda Wiwitan
2211945,27259698,Aldea Asunción
2212137,27261387,GM Sunrayce USA
2212533,27268963,2010 Sunoco Red Cross Pennsylvania 500
2213092,27278291,Samsung SPH-M540 Rant
2213479,27283191,History of sundials
2213707,27284895,Suncheon Hyocheon High School
2213859,27285339,Sunieric
2214909,27296827,Sun Goes Down
2214962,27297409,List of SUNYAC Conference champions
2215141,27302106,Sunny Varkey
2215176,27302523,Future developments in City of Sunderland
2215904,27309291,Stralsund – Nordvorpommern – Rügen (electoral district)
2216122,27312918,2004–05 Phoenix Suns season
2216227,27314828,Koonyum Sun
2217104,27321623,Purple Sunset
2217164,27322763,Running on the Sun: The Badwater 135
2217266,27325068,Project SUNSHINE
2218749,27346651,"Sunnybank, Virginia"
2219401,27355853,Oserheimen Osunbor
2219920,27361713,Sunshine in the Courtroom Act
2220215,27364950,Lars Sigurd Sunnanå
2220707,27370090,Sung Hwan Kim
2221046,27373708,2010–11 Sunderland A.F.C. season
2221172,27375084,Kim Dong-sung
2221800,27382318,Ram Sundar Das
2223019,27392673,Alumni Arena (SUNY Cortland)
2223044,27392938,Saturday Sun
2223617,27398529,Sunao ni Narenakute (song)
2224849,27415656,Sunday (Schiller song)
2225798,27428018,Sun Valley Center for the Arts
2226553,27436561,"St Thomas More College, Sunnybank"
2227244,27441165,Sunkoshi River
2227507,27445179,Sune's Summer
2227648,27447363,Sunset 102
2228885,27456355,Sunshine Cruz
2230152,27466117,Sundance and the Kid
2230724,27477279,Sunil Perera
2230923,27479995,SG Gesundbrunnen Berlin
2231976,27493936,Burning Like the Midnight Sun
2232015,27494432,Mi. Pa. Somasundaram
2232361,27498081,Jan-Eric Sundgren
2232462,27499365,Francisco de Lersundi y Hormaechea
2233009,27506793,Yasunobu Chiba
2233217,27508466,P.S My Sunshine
2233467,27511065,Charity Sunshine Tillemann-Dick
2234768,27538719,Pak Sung-hyok
2235269,27546322,Kamo no Yasunori
2235314,27546777,Kamo no Yasunori no musume
2235645,27552069,Aadhavan Sundaram
2236907,27566310,Osun State Polytechnic
2237041,27567689,In the Land of the Rising Sun: Live in Japan 2001
2237828,27577254,Giant sunfish
2238029,27578305,Mai Hatsune
2238093,27578701,Mitsunori Yamao
2238286,27580220,Sunday (Lo-Pro song)
2238747,27582408,Sojasun (cycling team)
2238775,27582756,Daleko je Sunce
2239257,27588471,Íþróttafélagið Völsungur
2241187,27611277,Chasing the Sun (Chris Poland album)
2241753,27615312,Sungor
2242556,27620986,Nigerian National Assembly delegation from Osun
2242957,27625184,"Sunnyside, Mississippi"
2242976,27625573,"Rising Sun, Mississippi"
2243053,27626596,Sunan Shuofang International Airport
2243186,27627145,Echinolittorina sundaica
2244240,27641033,Kim Yong-sun
2244492,27644216,Operation Sunstar
2245643,27657407,Sasunaga apiciplaga
2247133,27676970,Whitsunday Miners FC
2247624,27682548,Brenda Paik Sunoo
2247756,27684360,Sunwani
2248456,27692521,Jimmy Sundman
2248607,27694283,Sungryong Hall
2248614,27694330,Sunnyslope (Bronx)
2249163,27700380,We See the Same Sun
2249210,27700861,The Royal Hunt of the Sun (film)
2249396,27702362,Jamaat Ahle Sunnat
2250456,27715671,Asli Sungu
2250609,27717516,Yoon Sung-hyo
2250939,27721878,Sun News Network
2250955,27722006,"Sunset, West Virginia"
2251083,27723432,Sunzhensky (inhabited locality)
2251238,27726449,2010 Arizona State Sun Devils football team
2251289,27727675,Sunetric
2251913,27733258,2010–11 Phoenix Suns season
2253906,27753276,A Walk in the Sun (1978 film)
2255918,27776726,Sunny Radio
2256427,27787734,Samsung SGH-E250i
2257691,27807418,No Way Back/Cold Day in the Sun
2257840,27809688,Khandadhar Falls (Sundargarh)
2258064,27812632,Sundance Resources
2258863,27826335,Sun Dome Fukui
2259452,27833706,Sunny Thompson
2260815,27850876,Sunday Fajinmi
2261559,27859925,The Sunday Morning Star
2261700,27862149,Bloody Sunday (1926)
2261954,27866329,Ahdım Olsun
2263727,27884677,Sunrayce 99
2264115,27888830,Verfassungsbeschwerde
2264374,27891479,Ole Robert Sunde
2264428,27892079,Henryk Górecki: String Quartet No. 3 ('...songs are sung')
2264484,27892657,"Sunbury, North Carolina"
2265401,27902844,Moon Sung-hyun (baseball)
2265454,27903332,"Sun Peaks, British Columbia"
2265530,27904526,"Sunflower, Arizona"
2265732,27906924,Tatsunosuke Takasaki
2265918,27908643,Shen-su Sun
2266179,27911863,Sunwheel Dance
2266830,27920117,Jung Dae-sun
2266847,27920314,"Rise, Fair Sun"
2267061,27923408,Te Sun Han
2267238,27926165,SunBridge Wind Farm
2267715,27930106,Evening Sun
2267741,27930347,Orange Sun
2268700,27941207,Samsung SGH-A177
2268790,27942974,King Pu-tsung
2269049,27945516,Kangerluarsunnguaq Bay
2270835,27962848,Sunnam Rajaiah
2271915,27973137,Tomoko Matsunashi
2272596,27978606,A Thousand Suns
2272691,27979630,Vysun
2273239,27986152,Burghasunger Berg
2274136,27994167,Brønnøysund IL
2274449,27996705,Battle of Toksun
2274541,27997821,Sunderland Bridge
2274578,27998094,On the Sunny Side of the Strip
2274920,28002249,Asep Sunandar Sunarya
2274986,28003098,Sunday Morning Live (British TV programme)
2275050,28003572,Sunday Morning Live
2275060,28003657,CNN Sunday Morning
2275630,28011055,Samsung EX1
2275976,28014497,Bangsund IL
2276295,28017493,"Sunfest (London, Ontario)"
2276461,28019935,Sunday Report
2276605,28021593,Sunday for Sammy
2276645,28021858,Rising Sun (Augustus Pablo album)
2277314,28026739,Guy Sundt
2277944,28035079,Namibian Sun
2277957,28035257,Altersundet
2278515,28042549,Sunil Vaswani
2278805,28045636,Austin Sun
2279225,28050819,Roland Sundahl
2280009,28060600,Tehmina Sunny
2280126,28061992,The Bright Sun Brings It to Light
2280190,28062737,A Touch of the Sun (1956 film)
2280194,28062757,A Touch of the Sun
2280203,28062825,A Touch of the Sun (1979 film)
2280269,28063584,Woosung railway
2280299,28063968,Kristiansund FK
2280312,28064044,Sunndal Fotball
2280924,28070112,Oranges and Sunshine
2280962,28070694,1979 Sun Bowl
2280971,28070717,1986 Sun Bowl
2281447,28075835,Sunset (bugle call)
2281473,28076129,"Wait till the Sun Shines, Nellie (film)"
2281968,28081884,Geir Sundal
2282053,28082798,Samsung E1170
2283216,28093922,Samsung Beam i8520
2283329,28094795,Centennial Memorial Samsung Hall
2283676,28098344,Stolen Sunshine
2283868,28100798,Axel Sundquist
2284410,28107025,Into the Sun (Randy Brecker album)
2284462,28107450,2009 Sunset Moulding YCRC Challenger
2284473,28107578,2009 Sunset Moulding YCRC Challenger – Doubles
2284491,28107734,2009 Sunset Moulding YCRC Challenger – Singles
2284696,28109896,Terra di nessuno
2284842,28112088,Gustav A. Sundquist
2284920,28113080,Reflections in Blue (Sun Ra album)
2285585,28120885,Sunda Shelf mangroves
2285873,28125790,2010–11 Arizona Sundogs season
2286396,28129272,Sunbeam Cossack
2286920,28133777,1999–2000 Sunderland A.F.C. season
2287502,28140055,1990–91 Phoenix Suns season
2288615,28150026,Sunflower (Glen Campbell song)
2288893,28152678,Sunday Punch
2289112,28155614,Memphis Blood: The Sun Sessions
2289836,28163673,Sun & Ski Sports
2290249,28168599,2010 Sundance Film Festival
2290305,28169219,List of films at the 2010 Sundance Film Festival
2290654,28172660,Sunil Batta
2290855,28174756,KC and the Sunshine Band discography
2290967,28175861,A Month of Sundays (miniseries)
2292385,28192720,Mikael Sundman
2293153,28199577,House at 5011 Sunset Drive
2294422,28208103,Sunset Park Greenway
2295093,28215108,Stephen Sundborg
2296391,28233160,Sundel bolong
2296406,28233355,Sundelbolong
2297429,28245768,Sunfleck
2298520,28257425,Come Around Sundown
2298722,28259869,1991–92 Phoenix Suns season
2299516,28269642,Per Sunderland
2300100,28276088,Akim Oda Sunderland Football Academy
2301289,28287592,Sun Beibei
2301485,28289026,Sunnyvale School District (California)
2301654,28290224,Sundevall's worm snake
2301784,28291931,Holidays in the Sun (album)
2301956,28294764,The Sun Moon Legend
2302570,28301865,2010 Sun Bowl
2302699,28303536,Sun Ru
2302826,28305214,Suncoast Stadium
2303275,28309997,Sune (book series)
2303310,28310486,Claudia Sersun
2304624,28321055,Sungai Pagar
2304751,28322366,Wen Tsungyao
2305089,28325689,North Sunflower Academy
2305799,28333624,Jalan Pekan Sungkai
2306774,28344826,Sundatyphlops polygrammicus
2307658,28353509,Sungam Ni Airport
2308259,28359654,Lurkers at Sunlight's Edge
2308440,28361840,Samsung M910 Intercept
2308489,28362206,Waitin' on a Sunny Day
2308903,28365946,2010 Sun Belt Conference football season
2309246,28369571,K. Kalyanasundaramier
2309253,28369682,Sunes jul
2309420,28371223,Sun Arise
2310145,28376931,Music For a Sunday Afternoon
2310156,28376969,Country Sunshine with Myrna Lorrie
2311844,28383264,Oksunbong
2311862,28383317,Deoksungsan
2311986,28383833,Sun Comes Up Again
2313981,28391587,Kazuo Tsunoda
2314008,28391933,Sunken barges of Bridgeport
2314955,28408155,A Thousand Suns World Tour
2315492,28411683,Sundsby
2315771,28414170,Suksunsky District
2316054,28419586,Sunosuchus
2316471,28428733,Visundarpur Bara Sakhaura
2317474,28445240,Sundance State Bank Building
2317500,28445479,Sundance School
2319709,28467442,Looking Into the Eyes of the Sun
2319726,28467510,Sunday (1969 film)
2320150,28474724,1996–97 Sunderland A.F.C. season
2320339,28477769,Solo Sunny
2320919,28487871,Datsun Type 11
2321217,28492837,Samsung B3410
2321235,28492953,The Sunken Cemetery
2321699,28496220,Karma Tensung
2322267,28505879,1933 Datsun Type 12
2322444,28510473,Setting Sun (band)
2322787,28517269,Sunanda Pushkar
2324249,28548250,Sunchon Airport
2324823,28560066,Sun Is Up
2324983,28562758,Sunparks
2326157,28584555,Sunrise (The Divine Comedy song)
2326696,28597510,Albert Sund
2326810,28599768,Arafat Sunny
2327228,28609062,Unsung Heroes (disambiguation)
2327385,28612847,The Last Sunset (Space: 1999)
2327448,28615269,P. R. Sundaram Iyer
2328049,28625065,Samsung Galaxy Tab 7.0
2328260,28626582,Choe Sungno
2328434,28630329,Tomita Tsunejirō
2328770,28634316,Suisun Masonic Lodge No. 55
2329453,28639203,Kasuni
2329652,28642179,Kangerluarsunnguaq Fjord
2329715,28643448,Baysunghur
2330207,28648514,Sunay
2331670,28670665,Sunland Boulevard
2332601,28685043,Sunny Tales
2332951,28688741,Haakon Sund
2333400,28694630,Sunset Strip (2000 film)
2334093,28702711,Renault Samsung Motors Gallery
2334256,28704226,Golden Apples of the Sun (film)
2334650,28712460,Sunari
2334819,28714269,Daesun Jinrihoe
2335189,28718186,Sunnybank F.C.
2335394,28720817,Sun Yat-sen Memorial Hall Station
2336440,28733420,Kim Myung-sung
2336532,28734754,Sunchyme
2337722,28750040,Tsuneo Ando
2337871,28751917,The Sun Comes Out World Tour
2338955,28764293,Sunny Hill (disambiguation)
2338957,28764363,Sun Hill
2339041,28765460,The Greeneville Sun
2339227,28769945,MV Sun Express
2339424,28771804,Sun Sounds of Arizona
2339792,28777278,Banded pygmy sunfish
2339798,28777363,Gopi Sundar
2340686,28786929,Manonmaniam Sundaram Pillai
2340789,28787436,Asundi
2341310,28791553,Sunja
2341379,28793189,Sundar Rao Nadkarni
2341727,28797239,The Song of the Sun
2343542,28813258,Cenk Tosun
2344243,28819222,Sunday Mornin' (album)
2344288,28819718,Sungai Sarawak Regulation Scheme
2344683,28824119,Tchangmargarya yangtsunghaiensis
2344720,28824609,"Sun Horse, Moon Horse"
2344898,28826270,Anders Sundstrup
2345100,28829144,Golden Apples of the Sun
2345176,28830291,Sunshine Women's Open
2345580,28833521,Sunndalsfjella
2346502,28843664,Samsung R810 Finesse
2347782,28855831,2010–11 Sun Hei SC season
2347847,28856419,2004–05 Sun Hei SC season
2348254,28857432,Sunadholi
2348256,28857435,Sunakumpi
2348258,28857439,Sunnal
2349759,28868222,Frederikssund IK
2350018,28871297,Sunday Punch (film)
2350589,28875721,Amblyseius parasundi
2351415,28885822,Amblyseius sundi
2351740,28889073,Sunshine Records (Philippines)
2351996,28890679,Sundimetsa
2353058,28901133,Billy Dunlop (Sunderland footballer)
2353109,28901755,Sundanese cuisine
2353203,28902487,Wasunde
2353723,28905939,Cato Sundberg
2353797,28906488,Sunny Girl
2354128,28910098,Into the Sunset
2355420,28920687,Battle of Woosung
2355771,28925239,Sunset in Vienna
2355995,28927328,Sundri Uttamchandani
2356483,28932445,Sunter
2356569,28933793,The Sound of Sunshine (Michael Franti & Spearhead album)
2357002,28937581,Let the Sun Shine
2357222,28939082,List of 3rd Rock from the Sun characters
2357709,28945521,"Bērzkalni, Alsunga Municipality"
2357712,28945556,"Grāveri, Alsunga Municipality"
2358291,28951833,Sunshine 106.8
2358668,28955392,Sun Shao
2359043,28958944,Heinsun
2359114,28959516,Sunny Kim (singer)
2359117,28959562,Sunil Mahadik
2359547,28964964,The Morning Sun
2359656,28966608,Kim Hyun-sung
2359804,28968237,2006–07 Xiangxue Sun Hei season
2360894,28980760,2009 Copa Petrobras Asunción
2363350,29015658,Sunnhordlands Kommunistblad
2363476,29016796,Samsung Galaxy Player
2363478,29016799,Sunlightsquare
2363681,29017839,Sunrise Serenade
2364515,29028200,Sunitha Sarathy
2365505,29043071,Let the Sunshine In (disambiguation)
2366036,29052941,Samsung Kies
2367012,29065797,"Sunday Break (1976, Austin, Texas)"
2367354,29069029,Sunshine (Serbian band)
2367446,29069918,Qaqqasunnarsuaq
2368290,29078807,2009 Copa Petrobras Asunción – Doubles
2368387,29079874,2009 Copa Petrobras Asunción – Singles
2368630,29082854,"Sunland-Tujunga, Los Angeles"
2369123,29094379,Crassuncus
2369684,29105093,Rocky Top's Sundance Kid
2370119,29114568,2009 Samsung Securities Cup
2370239,29115941,2009 Samsung Securities Cup – Doubles
2370486,29121023,2009 Samsung Securities Cup – Singles
2370672,29126353,Sunday Sharpe
2370714,29127164,Yoo Sun-hee
2370827,29128999,Sunshine (Rye Rye song)
2371168,29132264,2010 Copa Petrobras Asunción
2371172,29132293,2010 Copa Petrobras Asunción – Singles
2371182,29132461,2010 Copa Petrobras Asunción – Doubles
2371327,29135834,Old Sun Glacier
2371967,29144053,Midnight Girl/Sunset Town
2372110,29146621,Sunnylvsfjorden
2372929,29156684,Sunn Classic Pictures
2372941,29156836,Park Ha-sun
2374319,29176000,Sunday Best (Washington song)
2374662,29181479,2005–06 Phoenix Suns season
2375296,29192100,Siege of Suncheon
2376349,29208230,Caribbean Sunset
2376363,29208501,Sune
2376675,29214392,Suntikoppa
2376704,29214598,2010 Samsung Securities Cup
2376707,29214619,2010 Samsung Securities Cup – Singles
2376719,29214710,2010 Samsung Securities Cup – Doubles
2377227,29220266,Pål Sundvor
2377357,29223096,Samsung SGH-X427m
2378428,29241000,"Sundance Power Plant, Alberta"
2378429,29241005,"Sunset Acres, Alberta"
2378430,29241009,"Sunset View Acres, Alberta"
2378484,29243078,Love Under the Sun
2378909,29249403,Sunkara Balaparameswara Rao
2379709,29262872,Deca i Sunce
2380038,29269276,Pacific Sun Railroad
2380105,29271011,Tattybübü Tursunbayeva
2380298,29272864,Tsuno Station
2380325,29273057,It's Always Sunny in Philadelphia (season 1)
2380338,29273115,It's Always Sunny in Philadelphia (season 2)
2380346,29273182,It's Always Sunny in Philadelphia (season 3)
2380354,29273243,It's Always Sunny in Philadelphia (season 4)
2380368,29273353,It's Always Sunny in Philadelphia (season 5)
2380375,29273390,It's Always Sunny in Philadelphia (season 6)
2380406,29273604,SUNY Eye Institute
2380481,29274038,Sunderland Economic Masterplan
2381212,29288647,C. M. Sundaram
2381933,29298463,Seoul Sungrak Church
2382883,29315041,Samsung S7550
2382895,29315502,2000–01 Sunderland A.F.C. season
2382908,29315956,2001–02 Sunderland A.F.C. season
2382909,29315996,Ali Abu Hassun
2383088,29319705,Inoue Masatsune
2383731,29327062,Anton N. Moursund
2383746,29327275,Julsundet
2383812,29328240,Sunshine Girl (Moumoon song)
2385445,29343731,Conspiracy of Suassuna
2385618,29344952,2010 Mentawai earthquake and tsunami
2385741,29345929,Spotted sunfish
2385805,29346544,The Sound of Sunshine (song)
2386716,29363939,Orlo Sundre
2387590,29378637,Sunday Mercury (New York)
2388881,29394603,Katsuno Station
2390073,29402962,Sungi River
2392060,29420936,Usune Masatoshi
2392735,29428367,Park Sung-je
2393855,29435831,3rd Rock from the Sun (season 1)
2393919,29436007,3rd Rock from the Sun (season 2)
2393932,29436059,3rd Rock from the Sun (season 3)
2393950,29436178,3rd Rock from the Sun (season 4)
2393963,29436238,3rd Rock from the Sun (season 5)
2393983,29436311,3rd Rock from the Sun (season 6)
2394022,29436509,Sunshine Glacier
2394024,29436511,Sunny Ridge
2394027,29436518,Sunker Nunataks
2394029,29436524,Sunken Rock
2394030,29436526,Sunk Lake
2394031,29436529,Sungold Hill
2394035,29436534,Sunfix Glacier
2394037,29436542,Mount Sundbeck
2395482,29455500,Sungkyunkwan Scandal
2395611,29457480,Sunnyboy
2395848,29460275,Land of the Sun (album)
2396046,29462950,Sun Hwa
2396544,29470180,HSwMS Sundsvall (J12)
2396572,29470462,Sunan Giri Mosque
2397814,29487664,Sunshine Suites
2398063,29492775,Lower Sunday River School
2399062,29505832,"Sunny Isle, U.S. Virgin Islands"
2401003,29528669,Samsung Galaxy 5
2402440,29546509,Tsuno Shrine
2403582,29551546,Caroline Sunshine
2404179,29554236,Hebesuncus
2404421,29555955,Nick Sundberg
2405133,29563830,Sun Zarra
2405788,29569272,Sunomata-juku
2406107,29571589,Public Atorni: Asunto o Areglo
2406374,29573989,Sunset Park (novel)
2406909,29578072,Samsung Galaxy 3
2407107,29580090,Kim Sung-kyun (footballer)
2408070,29586882,Sundance Glacier
2408122,29587449,Sunrise Glacier (Montana)
2409130,29601092,Bjørnsund
2409156,29601569,1983 Sun Bowl
2409500,29605633,Sun of Jamaica
2409832,29609713,Bella Vista (Asunción)
2409834,29609723,Dr. Francia (Asunción)
2409838,29609738,Herrera (Asunción)
2409841,29609749,Jara (Asunción)
2409843,29609759,Las Lomas (Asunción)
2409847,29609773,Mariscal Estigarribia (Asunción)
2409849,29609779,Mbocayaty (Asunción)
2409853,29609789,Las Mercedes (Asunción)
2409854,29609792,Nazareth (Asunción)
2409858,29609805,"Recoleta, Asunción"
2409862,29609823,"Salvador del Mundo, Asunción"
2409865,29609837,San Antonio (Asunción)
2409866,29609841,San Blas (Asunción)
2409867,29609848,San Cristóbal (Asunción)
2409868,29609861,San Jorge (Asunción)
2409870,29609867,San Rafael (Asunción)
2409872,29609882,San Roque (Asunción)
2409873,29609885,San Vicente (Asunción)
2409874,29609892,Santa Ana (Asunción)
2409875,29609902,Santa María (Asunción)
2409876,29609907,Santa Rosa (Asunción)
2409877,29609909,Santo Domingo (Asunción)
2409878,29609918,Santísima Trinidad (Asunción)
2409881,29609923,Terminal (Asunción)
2409887,29609956,Vista Alegre (Asunción)
2410064,29612078,Henry Fenwick (MP for Sunderland)
2410585,29618686,Samsung Focus
2411646,29635489,Corythoxestis sunosei
2411852,29637351,Kyungsun Suh
2411998,29639678,Sunce se djevojkom ženi
2412038,29640087,2010 Sun Life Classic
2412969,29651684,Sunset Heat (film)
2413304,29656847,Lisun Institute
2413576,29659969,Forum Thomsun Mall
2414186,29670403,Sung-woo
2414433,29674824,Rising Sun Tavern
2414540,29676860,"Concord, Sunderland"
2414654,29678643,Midnight Sun (Elena song)
2415285,29687864,IFK Östersund
2415410,29689070,Sunday Coming
2415975,29695270,Art Sunday
2416066,29696487,Klondike Sunset Casino
2416927,29710754,FC Sunkar
2418288,29722745,Sunbeam-Talbot Ten
2419481,29736083,Samsung M920 Transform
2419610,29738096,Chasing the Sun (Indigenous album)
2419692,29739548,Sunny Johnson
2420717,29758190,Sun Valley High School (Arizona)
2422585,29783094,Sun Way Flight 4412
2424034,29806570,SUNCT syndrome
2425868,29839742,Jang Jae-sung
2426176,29848577,Chang Chang-sun
2426275,29850178,Birmingham Sunday
2426546,29854262,Batu Tiga–Sungai Buloh Highway
2426652,29856044,Francesca Sundsten
2427298,29869048,Sunarto
2428297,29885047,List of ships sunk by submarines by death toll
2430869,29949712,Sunji
2432230,29971817,Cansunco
2433287,29996116,Sundog Solar
2433344,29996877,Country Sunshine
2433374,29997085,2003–04 Phoenix Suns season
2433381,29997127,2002–03 Phoenix Suns season
2433387,29997152,2001–02 Phoenix Suns season
2433390,29997184,2000–01 Phoenix Suns season
2433394,29997221,1999–2000 Phoenix Suns season
2433398,29997250,1998–99 Phoenix Suns season
2433401,29997274,1997–98 Phoenix Suns season
2433535,29998319,Sunnhordland Arbeiderblad
2434097,30006039,Sunny Side of the Street
2434106,30006254,Samsung Omnia 7
2434666,30011421,"Sunshine, Ashley County, Arkansas"
2434841,30012817,A Month of Sundays (2001 film)
2436095,30020572,Touch the Sun (TV series)
2436622,30029093,"Sunrise, Virginia"
2437016,30034151,Sunset Beach DJ Session
2437835,30047613,1975–76 Phoenix Suns season
2437965,30049130,1974–75 Phoenix Suns season
2437967,30049189,1973–74 Phoenix Suns season
2437978,30049301,1972–73 Phoenix Suns season
2437983,30049336,1971–72 Phoenix Suns season
2437991,30049368,1970–71 Phoenix Suns season
2437997,30049462,1969–70 Phoenix Suns season
2438009,30049567,1968–69 Phoenix Suns season
2438038,30050018,1976–77 Phoenix Suns season
2438051,30050160,1977–78 Phoenix Suns season
2438088,30050685,1978–79 Phoenix Suns season
2438395,30055717,Little Miss Sunshine (musical)
2438473,30057260,1979–80 Phoenix Suns season
2438503,30057749,1980–81 Phoenix Suns season
2438519,30057993,1981–82 Phoenix Suns season
2438530,30058116,1982–83 Phoenix Suns season
2438553,30058335,1983–84 Phoenix Suns season
2438557,30058400,1984–85 Phoenix Suns season
2438571,30058618,1985–86 Phoenix Suns season
2438574,30058705,1986–87 Phoenix Suns season
2438579,30058741,1987–88 Phoenix Suns season
2438634,30059317,1988–89 Phoenix Suns season
2438647,30059409,1989–90 Phoenix Suns season
2438835,30061970,Tsunehiko Watase
2439101,30068051,Come Around Sundown World Tour
2439351,30073380,Kim Woo-sung (alpine skier)
2439484,30075150,Sunsun
2439602,30076355,Johan Sundström
2439900,30080636,Queen of the Sun
2440489,30087032,1993–94 Phoenix Suns season
2440515,30087519,1994–95 Phoenix Suns season
2440528,30087724,1995–96 Phoenix Suns season
2440690,30089276,1771 Great Yaeyama Tsunami
2441495,30101624,SUNAB
2442500,30110977,Genséric Kusunga
2443607,30126736,Gulf Coast pygmy sunfish
2443653,30127101,2011 Connecticut Sun season
2443876,30130361,"Sunny Side, Virginia"
2444402,30139069,Sun TV (Hong Kong)
2444759,30144607,1999 Sunderland City Council election
2444938,30148090,Mount Sunapee Resort
2444998,30148413,2000 Sunderland City Council election
2445122,30150592,Lake Nakatsuna
2445394,30154137,2002 Sunderland City Council election
2445416,30154381,Samsung Wave II S8530
2445587,30155681,Sundberg-Ferar
2445820,30157865,2003 Sunderland City Council election
2446064,30160625,Asunercept
2446634,30166693,Our Gal Sunday
2447345,30174954,Shatin Tsung Tsin Secondary School
2447453,30175707,2004 Sunderland City Council election
2447757,30178226,The Sunken Bell
2448096,30183933,Any Ol' Sunday
2448119,30184416,2006 Sunderland City Council election
2448416,30189171,Sundance Range
2448577,30191835,"Sunnyside, Nevada"
2448832,30196700,2011 Sunshine Tour
2448882,30197338,Tsuneyoshi Yamano
2448887,30197379,2007 Sunderland City Council election
2448926,30197723,C. Suntharalingam
2449128,30203027,Lee Sung-hye (taekwondo)
2449245,30204464,Sunstone (medieval)
2449872,30210627,Tsunoshima Lighthouse
2449988,30211345,Wheesung discography
2450592,30221827,Friday to Sunday
2450738,30223175,Kim Sung-gan
2451220,30230162,Sunflower Farmers Market
2451459,30232513,Suncheon–Wanju Expressway
2451700,30234999,2008 Sunderland City Council election
2452425,30242706,Tsunenori Shimizu
2452459,30243170,Knarrlagsund
2452729,30246430,Alyaksey Plyasunow
2453362,30252990,Jörgen Sundqvist (ice hockey)
2453658,30256134,Kampung Sungai Meranti
2453722,30256784,2010 Sunderland City Council election
2453957,30259060,Aprostocetus sensuna
2454070,30260682,The Legend of Sun Knight
2454085,30260828,Sun Singer (1983 album)
2454247,30264352,Sunshine Canada
2454248,30264364,Sunspots (TV series)
2454263,30264639,Sunshine Sketches (TV series)
2454517,30268837,C.D. La Asunción
2454766,30271101,"Peace, Love & Misunderstanding"
2455193,30275790,Sundholm
2455231,30276128,Nora Sun
2455660,30280406,Sunnykids
2455991,30283439,1958 Sun Bowl (January)
2456419,30291690,Sunzi Suanjing
2456552,30293049,Yeovil Town 2–1 Sunderland (1949)
2457987,30316319,2011 Arizona State Sun Devils football team
2458361,30319497,Marburg's Bloody Sunday
2458486,30320598,Olie Sundström
2459114,30332167,Suncheon Bay Garden Expo 2013
2459752,30339088,Sunset (mango)
2460482,30357228,"Sunnyside, Umatilla County, Oregon"
2460689,30362501,Stoksund Church
2460914,30367393,The Sunbeam
2460921,30367442,The Sunbeam (1912 film)
2461268,30370911,Lee Jae-sung (boxer)
2462548,30398716,Jo Han-sun
2462558,30399412,Vallersund
2463148,30407718,Another Night in the Sun: Live in Helsinki
2463427,30411563,2011 Saxo Bank–SunGard season
2463503,30413014,Jøssund Church
2464156,30426633,Sunday Papers
2464406,30429644,Sunder Katwala
2464482,30431370,Nevsun Resources
2465376,30448098,Sunita Kohli
2465486,30454222,Yasunori Imamura
2465683,30456412,"Sun, Sex and Suspicious Parents"
2466225,30466721,T. R. Sundaram
2466730,30472401,Knarreviksundet
2467016,30476036,Samsung Infuse 4G
2468234,30493244,That Sunday Night Show
2468266,30493743,Sunjeev Sahota
2469291,30503099,Sunburst (Eddie Henderson album)
2470077,30508879,Sun Communities
2470434,30510230,"Sundial, Boy with Spider"
2472290,30522151,Sundarbans East Wildlife Sanctuary
2472296,30522205,Sundarbans South Wildlife Sanctuary
2472299,30522229,Sundarbans West Wildlife Sanctuary
2472948,30528691,Sunshine railway station
2472976,30528904,Alexander Sundberg
2472999,30529240,Sungai Penuh
2473274,30531724,Sundance Air Force Station
2473566,30534804,Samsung Life Blueminx
2473869,30540079,Daejeon Samsung Fire Bluefangs
2474710,30550907,Ko Sung-hyun
2474970,30554840,Jorunn Sundgot-Borgen
2475099,30556192,2011 Sundance Film Festival
2475140,30556606,List of films at the 2011 Sundance Film Festival
2476095,30576806,Sunel
2476289,30578823,List of tsunamis affecting Indonesia
2477647,30601156,Ossun station
2477966,30607235,Sarjoo Gowreesunkur
2478365,30611887,Suna no Utsuwa (2004 TV series)
2478372,30611995,Yoshitsune (TV series)
2478580,30614681,Samsung Papyrus
2478650,30616815,Smiling Sun
2479963,30639144,1920 Washington Sun Dodgers football team
2479965,30639152,1921 Washington Sun Dodgers football team
2480267,30643406,Suniya S. Luthar
2480389,30645427,Sun Yat-sen Memorial Hall (Guangzhou)
2480506,30650835,Sun Come Up (film)
2480848,30654958,Sun Fire T2000
2480966,30656651,Order of the Supreme Sun
2481516,30664819,Keisung High School
2481612,30665593,An Sung-bin
2481618,30665645,Kim You-sung
2482262,30673874,Sunday Jack Akpan
2482607,30678454,Krossnessundet Bridge
2483144,30685101,Sunny South (clipper)
2483853,30693933,Porn Sunday
2484655,30702222,1992 Sunday League
2484786,30703707,The Sunshine Factory
2487090,30732083,Manu Sunu
2487140,30732837,Sunwah Tower
2487854,30741459,Sunrise Airways
2488466,30748433,Sung Y. Kim
2489104,30756501,2011 Atlantic Sun men's basketball tournament
2489230,30757720,Sun Huan
2489313,30758444,Hakon Sunnivasson
2489324,30758555,"The Sun, the Genome, and the Internet"
2489456,30759943,Sunderland A.F.C. Reserves and Academy
2489698,30761964,Samsung Continuum
2490260,30768237,Sundown Saunders
2490324,30768885,ROKS Chungmugong Yi Sun-sin (DDH-975)
2490831,30775541,He's My Sunny Boy
2490913,30776900,Sunridge Ski Area
2491056,30778456,A Son of the Sun (album)
2492678,30800458,Land of the Rising Sun (disambiguation)
2492705,30801115,Ahn Sun-ju
2493688,30812267,2011 Gold Coast Suns season
2494628,30824644,Ekigho Ehiosun
2495630,30837114,Subbaramiah Minakshisundaram
2495810,30839239,It Was Warm and Sunny When We First Set Out
2496645,30850223,Samsung Lions Ballpark
2496834,30852781,Pyramid of the Sun (album)
2496995,30854576,Sunita Narain
2497280,30856548,Samsung Galaxy S II
2497351,30857277,Kim Sung-hwan
2497352,30857279,Kim Sung-hwan (diplomat)
2498163,30861580,Timeline of the 2004 Indian Ocean earthquake and tsunami
2498665,30863292,Sun wheel
2499005,30864141,Abertzaleen Batasuna
2499563,30865532,Tsuneyasu Miyamoto
2499702,30865871,Dae-sung Koo
2499806,30866465,The Time of the Sun
2500175,30870929,Sunningas
2501511,30876164,BBC Sports Unsung Hero Award
2501606,30876523,Sundari (instrument)
2501713,30876903,A Raisin in the Sun
2502506,30885317,Seligman Sunbeam
2502706,30887985,Shadows in the Sun (2005 film)
2503092,30891891,Suisun Bay Reserve Fleet
2504221,30921074,Emerald Sun
2505260,30937321,Sunken Garden United F.C.
2505324,30938104,Sunsum
2505433,30939272,Sundar C. Babu
2505606,30940883,Sun Baoguo
2506326,30948882,Sunset Marquis Hotel
2506522,30950817,Sunday (Hurts song)
2507139,30958164,Psilogramma sundana
2507279,30959475,Sunshine Open Invitational
2507426,30960703,Death in custody of Gunasegaran Rajasundram
2507527,30962188,Per Sundberg (fencer)
2509057,30981856,Øyvind Storesund
2509287,30983898,The Sun (Nigeria)
2510147,30993324,Sunday magazine
2511251,31006662,Arun Sundararajan
2511426,31008560,"Sunshine, Colorado"
2511646,31011514,The Night the Sun Came Up
2512205,31017572,Sun Come Up
2512328,31018662,Masungbala Chiefdom
2512384,31019166,Kasunko Chiefdom
2512472,31020227,2011 Sun Belt Conference men's basketball tournament
2512549,31021290,"Sunfield, Illinois"
2512625,31022155,7 Day Sunday
2514188,31035839,The Sunset Limited (film)
2514723,31043229,Trip Around the Sun
2515793,31055987,Sunand Prasad
2516122,31058876,Samsung Champ
2516305,31060170,Suntop Lookout
2516410,31060512,C/2000 W1 (Utsunomiya–Jones)
2516479,31061066,Sunrise Comfort Station
2516495,31061294,Sunrise Historic District
2516591,31062815,2011 Suwon Samsung Bluewings season
2516834,31065956,Awareness Sunday
2516844,31066002,Sund IF
2517037,31067845,Tomonori Tsunematsu
2518442,31079914,Sunaynah
2518799,31083980,Yeo Sung-hae
2519494,31092637,Sun Cats
2519889,31097527,Yun Young-sun
2520040,31099058,Hwang Hyun-sun
2520045,31099127,Stralsund Hauptbahnhof
2521441,31119781,The Seagulls of Kristiansund
2521469,31120083,"Sundarpur, Darbhanga, Bihar"
2521606,31121520,Venus and the Sun
2521729,31122504,Here Comes the Sun (film)
2522256,31129940,Sun Qichang
2522288,31130356,Samsung Galaxy Ace
2522397,31131370,Dark Sun Boxed Set
2522749,31135007,Letting in the Sunshine
2523198,31141195,An Sun-jin
2523200,31141206,Hwang Hak-sun
2523522,31144428,Sun Group
2524002,31150160,2011 Tōhoku earthquake and tsunami
2524075,31150873,Sun-chang Lo
2524127,31151358,National Tsunami Warning Center
2524605,31155287,The Warmth of Other Suns
2524747,31155822,Urangatha Sundary
2524850,31156301,Oru Sundariyude Katha
2524931,31156591,Sathyam Sivam Sundaram (2000 film)
2524948,31156652,Sundara Purushan (2001 film)
2524988,31156846,Samsung Scholarship
2525214,31159019,List of Jewelpet Sunshine episodes
2525406,31161100,Sunu
2525664,31163874,Reef-Sunset Unified School District
2525773,31164868,Valley of the Sun (film)
2525844,31165572,Suns of Arqa
2526295,31170841,Park Hee-sung
2526320,31171062,Lim Sun-young
2526760,31176245,Sunday (Canadian TV series)
2526761,31176252,Sunday Pops Series
2526763,31176261,Sunday Best (Canadian TV series)
2527532,31187333,Humanitarian response to the 2011 Tōhoku earthquake and tsunami
2528051,31192326,"Union Sunday School (Clermont, Iowa)"
2528059,31192389,Union Sunday School
2528211,31194118,The Sun Saboteurs
2528245,31194601,Per Martin Sunde
2528303,31195531,Impact of the 2011 Tōhoku earthquake and tsunami on the video game industry
2529738,31213331,One Sunday Afternoon (1933 film)
2530135,31218205,Michitsuna's mother
2530254,31219389,Flame (Sunwoo novel)
2531081,31230114,Kim Ji-sun
2531383,31232896,One Sunday Afternoon (1948 film)
2532223,31244370,Arizona Sun Corridor
2532615,31249886,Acantholycosa sundukovi
2532618,31249893,"Sundby, Lolland"
2532808,31251871,Sunshine Susie
2533163,31256798,Black Sunshine (band)
2533944,31268633,Sun Yeneng
2533967,31269080,Save a Little Sunshine
2534896,31280100,Higashi-Tsuno Station
2535035,31281771,Sundeep Kishan
2535213,31283125,Anthidium masunariae
2535435,31285228,Sunderbruch Park
2535901,31291189,2002–03 Sunderland A.F.C. season
2536693,31300012,SunComm Technology
2537023,31303337,Sun-Ken Rock
2537345,31306817,Long Day's Journey into Night (ITV Sunday Night Theatre)
2537449,31308211,Sunset Avenue Historic District
2540577,47343,Sunfish
2541604,49625,The New York Sun
2542610,51825,Sun Tzu
2543514,53589,To Sail Beyond the Sunset
2543898,54407,Sunday
2544268,55268,Øresund
2544443,55654,Sun Quan
2544930,56836,Asunción
2545250,57622,Common sunflower
2545829,58706,Sunflower seed
2547531,61904,Sunrise: A Song of Two Humans
2548994,65628,Sunna
2549489,66886,The Datsuns
2550972,70374,Øresund Bridge
2550998,70452,Völsunga saga
2551840,72895,Phoenix Suns
2551847,72907,Sundial
2552198,73887,Bloody Sunday (1939)
2552543,74861,The Land Beyond the Sunset
2552935,76009,A Place in the Sun
2553065,76368,Sunset Boulevard (film)
2553111,76464,Batasuna
2554215,79369,Sun Belt Conference
2554381,79697,Northern Sun Intercollegiate Conference
2554417,79797,Herald Sun
2557527,87303,Völsung
2558031,88483,Sun Yat-sen
2558146,88816,Sundsvall Municipality
2558230,89029,Analogy of the sun
2560192,92703,The Sundowners (1960 film)
2560204,92723,Sun and Moon (Inuit myth)
2560702,93562,Sun Electric (band)
2561322,94746,"Sunflower County, Mississippi"
2563105,97582,Sun Ra
2563415,98455,Sun Records
2563588,99031,Butch Cassidy and the Sundance Kid
2563932,99810,Whitsunday (disambiguation)
2563933,99811,Whitsun
2564755,101680,Rising Sun
2564921,102078,Murray-Sunset National Park
2565249,102913,Sunk cost
2565616,103494,Sundown National Park
2565634,103514,Whitsunday Islands National Park
2566414,105365,Third from the Sun
2566489,105494,"Sunrise, Alaska"
2567149,106660,"Sun City, Arizona"
2567150,106661,"Sun City West, Arizona"
2567151,106662,"Sun Lakes, Arizona"
2567420,106946,"Sunset, Arkansas"
2567811,107343,"Sunol, California"
2568317,107855,"Sunnyside–Tahoe City, California"
2568408,107947,"Sun City, Menifee, California"
2568409,107948,"Sunnyslope, California"
2568623,108167,"Sunnyvale, California"
2568680,108224,"Suisun City, California"
2569510,109076,"Sunrise, Florida"
2569511,109077,"Sunshine Acres, Florida"
2569512,109078,"Sunshine Ranches, Florida"
2569779,109351,"Suncoast Estates, Florida"
2569896,109472,"Sunny Isles Beach, Florida"
2569897,109473,"Sunset, Florida"
2570733,110341,"Sunny Side, Georgia"
2570789,110401,"Sunset Village, Georgia"
2570804,110416,"Sunnyside, Georgia"
2570899,110513,Stralsund
2571006,110624,"Sun Valley, Idaho"
2571771,111398,"Sun River Terrace, Illinois"
2572860,112520,"Rising Sun, Indiana"
2572919,112582,"Sunman, Indiana"
2573878,114009,"Morning Sun, Iowa"
2574275,114412,"Sun City, Kansas"
2574782,114928,"Oaklawn-Sunview, Kansas"
2575600,115759,"Sunset, Louisiana"
2575624,115784,"Sun, Louisiana"
2576224,116399,"Rising Sun, Maryland"
2576604,116785,"Sunderland, Massachusetts"
2577232,117418,"Sunfield, Michigan"
2577233,117419,"Sunfield Township, Michigan"
2579296,119735,"Sunrise Township, Chisago County, Minnesota"
2579467,119916,"Sunfish Lake, Minnesota"
2579964,120450,"Sunburg, Minnesota"
2580483,121029,"Sundal Township, Norman County, Minnesota"
2580920,121510,"Sundown Township, Redwood County, Minnesota"
2581494,122113,"Sunnyside Township, Wilkin County, Minnesota"
2581812,122435,"Sunflower, Mississippi"
2582371,122999,"Sundown, Missouri"
2582717,123357,"Sun Prairie, Montana"
2582718,123358,"Sun River, Montana"
2582936,123641,"Sunburst, Montana"
2583048,123771,"Rising Sun-Lebanon, Delaware"
2583569,124392,"Sunrise Manor, Nevada"
2583637,124464,"Sun Valley, Nevada"
2583998,124850,"Sunset Hills, Missouri"
2584014,124866,"Suncook, New Hampshire"
2584091,124945,"Sunapee, New Hampshire"
2584606,125583,"Succasunna-Kenvil, New Jersey"
2584862,125883,"Sunland Park, New Mexico"
2586552,127715,"Sunset Beach, North Carolina"
2587095,128314,Sundbyberg Municipality
2587467,128714,Essunga Municipality
2587489,128737,Stenungsund Municipality
2587669,128936,Treaty of Stralsund (1370)
2587870,129164,"Sunbury, Ohio"
2588626,129988,"Risingsun, Ohio"
2589324,130699,"Sunnyside, Clackamas County, Oregon"
2590227,131640,"West Sunbury, Pennsylvania"
2590539,131962,Strömsund Municipality
2590542,131965,Östersund Municipality
2590723,132149,Askersund Municipality
2590799,132226,Oxelösund Municipality
2590847,132274,Sunne Municipality
2592001,133537,"Sunbury, Pennsylvania"
2593705,135309,"Sunbright, Tennessee"
2594137,135754,"Sunnyvale, Texas"
2594519,136145,"Sundown, Texas"
2594641,136267,"Sun Valley, Texas"
2594689,136317,"Sunrise Beach Village, Texas"
2594757,136386,"Sunset, Montague County, Texas"
2594779,136408,"Sunray, Texas"
2595065,136707,"Sunset Valley, Texas"
2595302,136963,"Sunnyside, Utah"
2595316,136977,"Sunset, Utah"
2595582,137258,"Sunderland, Vermont"
2596131,137838,"Sunnyslope, Washington"
2596622,138350,"Sunnyside, Washington"
2598306,140089,"Sundance, Wyoming"
2600457,144293,Frederikssund Municipality
2601096,145731,Hadsund
2601272,146077,Empire of the Sun (film)
2601621,146829,Sundeved
2602394,148657,Sun Valley
2602738,149500,Red Sails in the Sunset (album)
2602743,149505,Earth and Sun and Moon
2602774,149592,Super Mario Sunshine
2603382,150677,"Sunday Lake, Minnesota"
2603420,150721,"Sunrise Beach, Missouri"
2605383,31322577,Kein Hüsung
2605431,31322756,Genesung
2605715,31324758,Sundermann
2606321,31332060,Phoenix Suns Ring of Honor
2606744,31336868,Cities of the Sun
2607017,31339998,The Sun's Seventh Horse
2607299,31342396,Suh Yongsun
2607786,31347097,Sunday Observance Act 1780
2608691,31357324,Sunset Esplanade
2608724,31357792,Aftermath of the 2011 Tōhoku earthquake and tsunami
2609549,31366824,Rumah Asun
2610017,31371199,Gordie Sundin
2610786,31379604,List of cities and towns severely damaged by the 2011 Tōhoku earthquake and tsunami
2611236,31385295,List of Gold Coast Suns players
2611304,31385937,Crassuncus timidus
2612023,31397805,Sunil John
2612057,31398608,Shohei Matsunaga
2612310,31403571,Samsung Galaxy Tab 10.1
2612340,31404035,Sunset Now
2612986,31416738,Kothaganesunipadu
2613452,31420388,Park Yun-sun
2613586,31421981,Die Lösung
2613948,31425934,Crassuncus colubratus
2613957,31426010,Crassuncus pacifica
2614039,31426649,Crassuncus ecstaticus
2614040,31426656,Crassuncus defectus
2614042,31426666,Crassuncus pseudolaudatus
2614043,31426676,Crassuncus orophilus
2615246,31439709,Suni Paz
2615979,31447443,Sundbyhagen
2616059,31447764,"Holmsund, Norway"
2616060,31447767,Homborsund
2616072,31447789,Kalvøysund
2616075,31447794,Krabbesund
2616136,31447940,Sundebru
2616145,31447953,Ulvøysund
2616434,31451739,2011 Samsung Mobile 500
2617885,31467120,The Sunrise Coast
2618288,31473382,Sunstruck
2618699,31478044,Jalan Sungai Pusu
2618707,31478110,Kampung Sungai Pusu
2618869,31479963,Sunshine Becker
2619623,31488038,Vasundhara Devi
2620492,31497868,Kasun Kalhara
2620873,31502122,"Santa Maria Assunta, Riola di Vergato"
2621289,31506584,Whitehurst & Son sundial
2621689,31511247,Sunshine (Jeff & Sheri Easter album)
2622579,31520575,Sunitha Wickramasinghe
2624543,31541470,"William Clayton, 1st Baron Sundon"
2624594,31541994,Moravian Sun Inn
2624752,31543909,Clube Atlético Pirassununguense
2625740,31555141,Sunnaas Rehabilitation Hospital
2626227,31560392,Kim Eun-sun (footballer)
2626412,31562633,Early Sunday Morning
2627524,31574871,Vila Assunção
2628313,31582149,Jess Osuna
2628538,31584105,"Sunbury, Iowa"
2629332,31591112,Sunyani West District
2629525,31592910,Asunafo North Municipal District
2629566,31593229,Asunafo North (Ghana parliament constituency)
2629574,31593279,Asunafo South (Ghana parliament constituency)
2629598,31593511,Sunyani East (Ghana parliament constituency)
2629602,31593536,Sunyani West (Ghana parliament constituency)
2629822,31596451,Sunday Night
2630375,31601753,Sunrise (Irene Nelson song)
2630396,31601991,The Light of the Sun
2631453,31612318,Volcanic Sunlight
2631478,31612556,Samsung SGH-M310
2631626,31614019,"Dark Sun Campaign Setting, Expanded and Revised"
2631851,31616487,The Brave of Sun Fighbird
2632135,31619233,Jan Sundberg
2632827,31624018,Ring Around the Sun (novel)
2632931,31625289,Years Around the Sun
2632934,31625315,"Sunshine, Garland County, Arkansas"
2632937,31625327,"Sunshine, Arkansas"
2632983,31626232,2005 Sunfeast Open
2632999,31626402,2005 Sunfeast Open – Singles
2633068,31627288,Everything Sunny All the Time Always
2633382,31630352,Samsung NX100
2633570,31631878,Ibikunle Amosun
2634475,31640309,Stenungsunds IF
2634654,31643003,2005 Sunfeast Open – Doubles
2635157,31648630,Samsung Galaxy S 4G LTE
2635951,31658717,2006 Sunfeast Open
2636356,31663850,Fårösunds GoIK
2636690,31667605,Surakarta Sunanate
2636834,31669075,David Kwang-sun Suh
2637051,31672216,2006 Sunfeast Open – Singles
2637215,31673957,Hedesunda IF
2637980,31682915,Tsunami (aircraft)
2638083,31683944,Årsunda IF
2638739,31691326,2006 Sunfeast Open – Doubles
2638809,31692171,False sunset
2639332,31697573,Meri Awaz Suno
2640037,31706777,Simizhi Sundaram Iyer
2640208,31708942,Sunday Times Rich List 2011
2640451,31712033,When the Sun Goes Down (Selena Gomez & the Scene album)
2640793,31715349,Osun Defender
2643903,31747333,2007 Sunfeast Open – Doubles
2644004,31748500,Samsung Chat 335
2644726,31757170,Avenue of Poplars at Sunset
2644733,31757230,Village at Sunset
2645694,31766671,Samsung Galaxy Mini
2646083,31772338,B. Shyam Sunder
2646716,31778827,"Sunset Beach, Ontario"
2646726,31779000,Sunnynook busway station
2646900,31780853,Angermünde–Stralsund railway
2647462,31786913,Sunday Songs
2647511,31787649,Sunset Route
2647672,31789066,Tsunami on the Square
2648026,31794459,Simple Model of the Atmospheric Radiative Transfer of Sunshine
2648465,31800939,Kalyan Sundaram
2648784,31804155,The High Bright Sun
2649427,31811475,Brighter Than the Sun
2649852,31815839,Outrun the Sun
2649959,31816514,The Sun Also Rises (The Vampire Diaries)
2650389,31823295,Sungai Gadut Komuter station
2650710,31826761,Vasundhara Kashyap
2651325,31833707,Sunil Vemuri
2651898,31840098,1995 Sunkist Orange Juicers season
2653310,31857927,Sunitha Varma
2654027,31867654,Maa Balsundari
2654590,31873918,2011–12 Sunderland A.F.C. season
2655276,31883526,Sunny Harnett
2655610,31888385,"Sunbeam, Illinois"
2655667,31889619,Pushpa Sundar Tuladhar
2656081,31896811,Sunflower moth
2657636,31917719,2010–11 Arizona State Sun Devils men's basketball team
2658148,31924091,Arizona State Sun Devils softball
2658275,31926176,Samsung Galaxy Fit (smartphone)
2658518,31930115,Jung Sung-min
2659863,31946592,Harald Sunde
2660747,31959299,Lee Tae-sung
2661348,31965878,Trongsundet
2661607,31969453,Peter Sunman
2661710,31970616,Norwegian Sunday School Association
2661787,31971381,Sun Zi Bing Fa Yu San Shi Liu Ji
2661981,31974219,SunCore Corporation
2661999,31974803,Cuisine of Asunción
2662168,31977535,IBSUniversity
2662624,31982073,It's Time (Stefanie Sun album)
2662636,31982269,Sunset in July
2663323,31989989,In Search of Sunrise 9: India
2663783,31996258,Download to Donate: Tsunami Relief
2664368,32004155,NOAA Center for Tsunami Research
2664432,32005095,Prairie Sun Recording Studios
2664445,32005372,Kim Sun-kyu
2664481,32005896,Roy Orbison's Sun recordings
2664925,32011951,The Sun of the Sleepless
2665076,32013752,"Sunny Slopes, California"
2665195,32015379,Sunday (The Cranberries song)
2665225,32015964,Choi Sung-bong
2665725,32022279,Sun and Shade
2666266,32029062,Sunghwa College
2666864,32034910,Sun Sajna
2667224,32039442,Sun Weishi
2668682,32054506,List of Sunshine Coast Region suburbs
2668925,32057989,Mun Sung-hak
2669740,32068163,A Son of the Sun (novel)
2670384,32075347,Samsung Galaxy Gio
2670415,32075957,Rise Ye Sunken Ships
2670533,32077694,House of Sundarakul na Jolburi
2671474,32088742,Ubusunagami
2671601,32090433,Kheow Sundarakul na Jolburi
2671908,32093219,SambaSunda
2671998,32093947,2011–12 Phoenix Suns season
2672877,32104478,Suneeva
2673006,32106145,Sun National Bank
2673222,32108796,Unsung (TV series)
2673309,32110314,Sun Xianhong
2673372,32111532,Sunburn (Fuel song)
2673993,32121706,Unsung
2674035,32122234,2011–12 Arizona Sundogs season
2674136,32123797,Sunny (Towa Tei album)
2674989,32135775,1996 Sunkist Orange Bottlers season
2675943,32149371,List of sunken aircraft carriers
2676133,32151121,Sunny Airways
2679489,32189402,Sunny (1984 film)
2679938,32194497,"Sunji, Shanxi"
2680230,32198679,Samsung SGH-A561
2681045,32215239,Ketura Sun
2681110,32216732,John Sunley
2682388,32233680,Samsung Wave 575
2682458,32234362,Füsun Köksal
2682698,32237397,Ducksun Yoon
2683112,32241576,Göksun (given name)
2683121,32241648,Göksun (disambiguation)
2683401,32246040,Sundancer (disambiguation)
2683884,32252254,Pak Yung-sun
2683996,32253271,Aysun (given name)
2684076,32253939,Robert Gersuny
2684154,32254986,"List of schools in Sunshine Coast, Queensland"
2684689,32262305,List of tsunamis in Europe
2684761,32262916,Sunset (Breaking Bad)
2684805,32263344,Zugbeeinflussungssystem S-Bahn Berlin
2684868,32264397,Ashikaga Yoshitsuna
2684918,32264962,Sunshine State of Mind
2685117,32268176,Sunshine Harvester Works
2685990,32278804,Sunrise Sessions
2686834,32292934,SS Korsun Shevtshenkovsky
2686921,32293934,Choo Sung-ho
2687091,32295375,M. Balasundaram
2687168,32296250,Kim Sung-nam
2688291,32310771,Tursun Beg
2688974,32317395,Aubøsund
2689003,32317704,International Sun-Earth Explorer
2689211,32321325,Nørresundby FB
2689624,32324746,Sunlight on a Broken Column
2689687,32325240,Lung Tsun Stone Bridge
2690933,32340869,Assunpink Trail
2691528,32348082,Samsung Galaxy Tab 8.9
2692844,32364566,Vanasundari
2692869,32364905,"Santa Maria Assunta, Genoa"
2692900,32365248,Sea Sunday
2693139,32367589,Kyungsung FC–Pyongyang FC rivalry
2693286,32369570,"Sunnyside, Placer County, California"
2693534,32373373,Shireen Sungkar
2695460,32399500,Funnefoss/Vormsund IL
2696256,32411326,"Connie Francis Sings ""Never on Sunday"""
2697485,32424614,Sunshine Mosque
2697767,32428106,Arkansas Tech Wonder Boys and Golden Suns
2697769,32428132,Jun Woong-sun
2698119,32434112,The Sunday Sun
2698474,32438353,Asuna Tanaka
2698720,32441767,Sun Hongyun
2698990,32444884,The New Improved Sun
2700677,32463068,Tsunami earthquake
2700817,32464593,"Kalyanasundaresar Temple, Nallur"
2701181,32467537,Samsung S5560i
2701931,32476618,Sunil Shanbag
2702881,32487597,Dollar sunfish
2702886,32487641,Redspotted sunfish
2702891,32487677,Bantam sunfish
2703232,32491928,2003–04 Sunderland A.F.C. season
2703245,32492283,1792 Unzen landslide and tsunami
2703338,32493801,Sunetra Choudhury
2704775,32512267,Die Entlassung
2705100,32516961,A Place Where the Sun Is Silent
2705366,32520416,Sunflower Ranger Station
2706078,32530134,Sunnyside United Methodist Church
2706167,32531217,Sun Yawei
2706242,32532241,Sundberg Block
2706400,32534656,List of awards and nominations received by Sunny Deol
2706506,32536469,Trophées du Sunside
2707179,32546286,House of the Rising Sun (film)
2707460,32550548,Jockey Club (Asunción)
2707501,32551027,Suneet Varma
2707717,32553510,2011 Sunderland City Council election
2708220,32560722,Sunil Chandra Tirkey
2709580,32577637,Hwang Chan-sung
2710413,32587498,Mata Sundari
2710833,32592575,Usune
2711685,32604300,The Bosun's Mate
2713346,32625885,Oklahoma Sunday Morning
2713629,32628341,The House of the Sun (film)
2713720,32629560,Canadian Sunset (album)
2713962,32633437,Worlds Torn Asunder
2714130,32635290,Sunburn Festival
2714800,32642982,Suspended Sunrise Recordings
2715208,32646561,Tsunetaro Moriyama
2716194,32655549,Sunsky District
2717058,32658915,Karsunsky District
2717576,32662432,Dani Massunguna
2718480,32677087,Sweetheart of the Sun
2718518,32678199,2011 Sun Belt Conference football season
2718659,32679684,Sun-free photovoltaics
2719492,32689823,Temnora masungai
2720244,32699274,"Nuestra Señora de la Asunción, Bujalance"
2720716,32705113,Church of La Asunción (Brea de Tajo)
2720734,32705585,Church of la Asunción (Galapagar)
2720846,32707063,Church of la Asunción de Nuestra Señora
2720916,32707645,Sunyani Technical University
2721221,32712226,Church of Nuestra Señora de la Asunción (Valdemoro)
2721227,32712289,Basilica of la Asunción de Nuestra Señora (Colmenar Viejo)
2721309,32713291,Church of Nuestra Señora de la Asunción (Meco)
2721536,32715358,"Sunyani, Nurses Training College"
2721925,32719519,Beyond the Sun (album)
2722218,32721954,Sunnyledge
2723140,32732410,Busunya
2723436,32735331,A Walk in the Sun
2723540,32736810,Christianity in Osun State
2723832,32742343,Hotel Holidays in the Sun
2724826,32753043,Sunlight (DJ Antoine song)
2725029,32755136,A Year of the Quiet Sun
2725032,32755189,Year of the Quiet Sun (disambiguation)
2725050,32755497,Camp Rising Sun (Connecticut)
2725350,32759082,"Sunstrum, Ontario"
2725374,32759558,Old Sundanese script
2725619,32763057,Knut Hamsun Centre
2725638,32763313,Michael Andreas Sundt
2725656,32763511,Morten Ludvig Sundt
2726049,32768142,Sun Ray Photo Company
2726131,32768903,Khoi Sung
2726344,32772795,Sunil Vaidyanathan
2726470,32775162,Battle of Sunset Pass
2726534,32775876,Samsung Exhibit 4G
2726640,32777283,Dust in the Sun
2726722,32778284,Sunlight (Modestep song)
2727215,32783650,"Jøssund, Flatanger"
2727315,32785186,Sunshine Social Welfare Foundation
2727452,32786683,Stephen Furness (Sunderland MP)
2727640,32787871,"Sunzhuang Township, Jingxing County"
2727947,32789634,Gesundheit! (video game)
2728010,32790487,Nsunera
2728305,32795141,Concrete (Sunny Sweeney album)
2728355,32796054,2011 Sun Bowl
2728592,32798669,Assunção Cristas
2728659,32799476,Sundasalanx
2729557,32811162,Samsung Galaxy R
2730417,32821100,"Sunset Hill (Alderson, West Virginia)"
2731336,32832384,Sunrise LLC
2732213,32842047,Sun Bronzed Greek Gods
2732336,32843122,1992–93 Sunshine Hockey League season
2732340,32843128,1993–94 Sunshine Hockey League season
2732345,32843142,1994–95 Sunshine Hockey League season
2732902,32847662,Sunaiyakadu
2733382,32852698,Sinners in the Sun
2734030,32859689,Suwon Samsung Bluewings in international competitions
2734058,32860079,"Murray-Sunset, Hattah and Annuello Important Bird Area"
2734220,32862005,The Power of the Invisible Sun
2735612,32877274,Vasuki Sunkavalli
2735909,32880739,Black Out the Sun (song)
2736473,32887013,Sun Briar
2736536,32887895,V. Somasundaram
2737175,32895986,Sundankottai
2737189,32896037,Church of Nuestra Señora de la Asunción (Labastida)
2737229,32896244,Church of Nuestra Señora de la Asunción (Elvillar)
2737244,32896307,Sunrise (1926 film)
2737477,32898541,Church of la Asunción (Albacete)
2737526,32898899,Church of la Asunción (Letur)
2737538,32898975,R. Sundarrajan (politician)
2737696,32900926,Nangavaram Sri Sundareshwarar temple
2737775,32902924,Sunny Seki
2737913,32905510,Monsurat Sunmonu
2738096,32907678,P. L. Sundaram
2738276,32908959,SCDR Anaitasuna
2738530,32911599,"Sunny South, Alabama"
2738996,32919112,It's Always Sunny in Philadelphia (season 7)
2739026,32919350,Assunpink
2739405,32922362,Sundaresvara Tank
2740152,32930006,Fadime Suna
2740643,32935296,Suncoast Suns
2740752,32936724,Stokksundet (Vestland)
2740753,32936746,Stokksundet
2741809,32952280,Tomita Tetsunosuke
2742833,32966723,Samsung Galaxy Note (2011 smartphone)
2743402,32970699,Undule Mwakasungula
2744243,32978748,Samsung Galaxy Tab 7.7
2744720,32983538,Sun Power
2744733,32983641,Sunburn (Sun album)
2744745,32983799,Destination Sun
2745074,32986603,Always: Sunset on Third Street '64
2745263,32987801,The Sunny South or The Whirlwind of Fate
2745384,32988898,Anna Sundström
2745892,32995960,List of Gold Coast Suns captains
2746122,32998526,List of Gold Coast Suns leading goalkickers
2746128,32998598,Sunshine Sally
2746812,33005719,List of Gold Coast Suns coaches
2747030,33008981,Stugsunds IK
2747036,33009071,Church of la Asunción (Almansa)
2747040,33009101,Church of la Asunción (Hellín)
2747069,33009446,Church of Nuestra Señora de la Asunción (Tobarra)
2747963,33018765,Katsunori Kuwabara
2748028,33019616,Finding the Sun
2748374,33023249,"Basilica di Santa Maria Assunta, Aquileia"
2748584,33025834,"Basilica di Nostra Signora Assunta, Genoa"
2748904,33030207,Suneet Maheshwari
2749049,33031444,The Sundowner (1911 film)
2749205,33032712,Gold Coast Suns Club Champion
2749334,33033985,SunLight General Capital
2749449,33035140,Together Under One Sun
2749502,33035497,Trump Towers (Sunny Isles Beach)
2749744,33038526,"Sunset, Wisconsin"
2750646,33045644,Nina Sundbye
2750912,33050296,Alssund Bridge
2750916,33050314,Egernsund Bridge
2750955,33050591,Lulsundet
2751061,33050917,"Sunyer, Lleida"
2751444,33055611,The Sun (Sydney)
2751456,33055755,Sunset Carson Rides Again
2751679,33059077,Sunny (2011 film)
2751799,33061057,Sundbybergs IK
2751920,33062268,Sunici
2751944,33062637,Sunday Best (season 3)
2751955,33062801,Sunday Best (season 4)
2752484,33068345,Tsuneyoshi Saito
2753126,33073973,2011 Atlantic Sun Conference men's soccer tournament
2753915,33082560,Samsung E3210 Hero
2754325,33087985,Sun State Roller Derby
2754963,33096984,Samsung NX200
2755223,33101125,SunSmart
2755952,33109437,Grace Ji-Sun Kim
2756069,33111244,Kim Sunna
2756300,33114029,Skogås-Trångsunds FF
2756577,33117373,Sailing at the 2011 Pan American Games – Sunfish
2756693,33119147,Once Around the Sun
2756866,33121969,Stosunki Międzynarodowe
2757024,33125317,Sun Seekers
2757361,33130161,Meenakshi Sundaram Pillai
2758835,33138739,Digernessundet
2759206,33140476,"Rising Sun, Cornwall"
2759443,33143665,1995–96 Sunderland A.F.C. season
2760369,33153866,Sundaresvara Siva Temple
2760621,33157587,Blue Sun (album)
2760655,33158173,Sun Moon
2760860,33160680,Sunali Rathod
2761015,33162760,Gottsunda
2762172,33174561,Mexican sunflower
2762222,33174757,"Payamburnu, Göksun"
2762223,33174758,Lim Zoong-sun
2763514,33187232,Treefight for Sunlight
2763631,33188281,Sung Nak-woon
2763635,33188298,Kim Ji-sung (footballer)
2764201,33193842,Sunchon station
2764267,33194296,Suksun
2764460,33195814,Tsuneo Kanemitsu
2765215,33204294,Sungkonghoe University
2765645,33208561,Sun Alliance
2765865,33211658,Family tree of Sun Yat-sen
2766092,33214939,Sunnie Chan
2768624,33243186,Tetsunari Iida
2768837,33246129,Sunel-Tappa
2768883,33246566,Natsuna Watanabe
2768928,33247106,2008–09 Arizona State Sun Devils men's basketball team
2769072,33248414,Forlorn Sunset
2769378,33251822,Samsung Omnia W
2769589,33254502,Volmer VJ-24W SunFun
2769708,33256122,Samsung Replenish
2770407,33260009,Dark Sunset
2770747,33263653,2011–12 Arizona State Sun Devils men's basketball team
2770889,33265655,2009–10 Arizona State Sun Devils men's basketball team
2771202,33269334,Midnight Sun (graphic novel)
2771260,33269968,Thambi Vettothi Sundaram
2771921,33276943,Sunil Kumar Reddy
2772087,33278833,IFK Strömsund
2772243,33280096,Sunrise Lake (Vancouver Island)
2772380,33281668,Na Sung-bum
2772521,33283286,Sun Wo
2772646,33285239,Wedding of Jigme Khesar Namgyel Wangchuck and Jetsun Pema
2773207,33290724,Balasubramanian Sundaram
2773223,33290844,Sun Building
2773791,33300830,Desert Sunlight Solar Farm
2773818,33301193,Swarag Se Sunder
2774289,33306401,Dsungaripteridae
2774493,33309053,Nærøysund Lighthouse
2774612,33310687,A Raisin in the Sun (disambiguation)
2774686,33311681,Munksund-Skuthamns SK
2774723,33312084,Sunderby SK
2775056,33315953,Sun Shenglu
2775238,33318839,Beam Suntory
2775393,33321341,Hong Sung-ho
2775446,33321973,Yoon In-sun
2776182,33327114,Samsung Galaxy Prevail
2776303,33328577,RevoluSun
2776995,33338110,Kim Sun-joo
2777387,33344106,Jetsun Pema
2777889,33350598,Sundown (1924 film)
2778665,33360821,Choi Sung-hoon
2778872,33364019,Samsung Galaxy S III
2779683,33374655,Student Union in Sundsvall
2780778,33391465,2011 Samsung Securities Cup
2780980,33394913,Through a Crooked Sun
2780989,33395028,N. D. Sundaravadivelu
2781432,33400202,Kuang Sunmou
2781959,33407149,Shusun Tong
2782187,33410466,Samsung Focus S
2782429,33413250,Sunflower trypsin inhibitor
2782717,33416659,2011 Samsung Securities Cup – Men's singles
2783155,33420419,Sun Myung Moon and the Unification Church
2783676,33426999,2011 Samsung Securities Cup – Women's singles
2783679,33427017,2011 Samsung Securities Cup – Women's doubles
2783707,33427199,Zaskia Sungkar
2783977,33430085,2011 Samsung Securities Cup – Men's doubles
2784111,33431513,Crayon Shin-chan: Fierceness That Invites Storm! The Kasukabe Boys of the Evening Sun
2784204,33432718,The Haunting of Sunshine Girl
2784572,33437425,Genadz Lesun
2785656,33449761,Kang Sung-hoon (golfer)
2785693,33450216,Dugu Sun
2787610,33467991,2012 Atlantic Sun men's basketball tournament
2787823,33471019,Samsung Mirror Pop MV800
2789635,33490166,Sunday Street
2790117,33495581,Margot Sunderland
2790271,33496836,Sundown Mounds
2791556,33513876,On the Sunny Side (1961 film)
2791783,33516407,Sun of a Gun
2793083,33532228,Sunday Island (Exmouth Gulf)
2793155,33533084,Hurry Sundown (McBride & the Ride song)
2793479,33535689,List of populated places in Giresun Province
2793713,33538454,The Scortas' Sun
2794177,33544057,Super Bowl Sunday
2794271,33545148,The Sunflower Jam
2794727,33550272,Battle of Grönvikssund
2795111,33555616,After Sundown (1911 film)
2795136,33555832,Stralsund Rügendamm station
2795637,33558614,Empress Sun
2795654,33558792,Sunitha (disambiguation)
2795815,33559516,2011 Sun Life Classic
2796313,33561329,Sunderbach (Trüggelbach)
2796314,33561330,Sunderbach (Else)
2796437,33562059,"Sunnyside, Wisconsin"
2796657,33565490,Kiss the Sun Goodbye
2796717,33566370,Sunway (processor)
2797999,33576941,Commercial C-1 Sunbeam
2800202,33602386,Old Style common year starting on Sunday
2801588,33618613,Stralsund-Grünhufe station
2801712,33620145,Towards the Sun
2803004,33636807,Catholics (ITV Sunday Night Theatre)
2803434,33643285,2004–05 Sunderland A.F.C. season
2803796,33646548,Shanghai–Woosung railway
2804296,33652149,Lubuk Basung
2804297,33652153,City of the Rising Sun
2804916,33658194,M. Alalasundaram
2806363,33678351,Dursun Sevinç
2807136,33688970,Erdal Sunar
2807141,33688983,Han Hui-sun
2807410,33692158,List of hospital ships sunk in World War II
2807935,33700092,Pattukkottai Kalyanasundaram
2808093,33701503,Flower in the Sun
2808631,33708627,Samsun B.K.
2809135,33714745,Mid-day Sun
2809856,33725215,Korsun-Shevchenkivskyi Raion
2810093,33727710,Hornsundtind
2810168,33728448,Hatsune Matsushima
2810249,33729647,Sunday Omony
2810734,33736993,Osunitas Stakes
2811271,33742728,2012 Sun Belt Conference men's basketball tournament
2811518,33745507,Hideout in the Sun
2811647,33747080,Maurice Sunguti
2811871,33750117,Rising Sun (Stray from the Path album)
2812657,33758853,Samsung Captivate Glide
2812928,33762019,Sunbury earth rings
2813009,33763461,Space Under Sun
2813808,33772684,Brothers of the Sun Tour
2813991,33775153,Tsuneyuki Ueda
2814217,33776505,Tsuneko Kondo-Kavese
2815315,33791963,"Aksungur, Merzifon"
2816133,33799327,Sunset Boulevard (soundtrack)
2816143,33799393,Sundarpur kathauli
2816204,33799934,National Lampoon Sunday Newspaper Parody
2818100,33820379,Samsung Galaxy Y
2818276,33821919,Oleg Fisunenko
2819163,33832606,Incheon Sungui Baseball Stadium
2819396,33835628,Sunbeam Afridi
2819413,33835796,Cape Sunosaki
2820483,33849591,Sunil Khilnani
2820922,33854342,Sunder Ramaswamy
2821040,33855618,Girls in the Sun
2821141,33856771,Borgåsund
2821381,33861354,Myōgiryū Yasunari
2822197,33870313,Robert D. Sundby
2822255,33871155,Drinking from the Sun
2822566,33874617,Visit Tucson Sun Cup
2823577,33888000,Tsunami deposit
2824280,33895323,Order of the Red Lion and the Sun
2825035,33903360,Sunbeam Nubian
2825137,33904585,Sunbeam Spartan
2825324,33905667,Meenakshi Sundararajan Engineering College
2826888,33923731,Katari Veera Surasundarangi
2827186,33926635,"Church of St Mary, Sundon"
2827695,33933232,Sunni Brown
2828898,33948324,"Sunset Ridge, Victorville, California"
2829350,33953595,NSUN2
2829614,33956151,Sunset Chapel
2830296,33964442,Sunset Alliance Records
2830341,33964961,Queen Insun
2830802,33971300,Sarina Suno
2831528,33981488,Sunday and Me
2831847,33985070,"Sun Indalex Finance, LLC v United Steelworkers"
2832058,33987473,Stralsund Theatre
2832069,33987593,Andrew Dosunmu
2832088,33987771,Sagra Sunderpur
2833229,34003453,Sunny Xie
2834097,34013013,Sunneva Einarsdóttir
2834453,34017505,By the Sun and Stars
2834753,34022058,Ko Sung-kuk
2834791,34022692,Island in the Sun (album)
2835067,34025753,Sunifred II of Cerdanya
2835375,34029555,Hyosung RX125
2835536,34031623,Sundarakanda (1992 film)
2835592,34032259,"Çavuşlu, Giresun"
2835630,34032784,Sundara Kandam
2835917,34036917,Altona Bloody Sunday
2835935,34037090,Ilunga Sungu
2837682,34060219,Sunny Gill
2838028,34065186,Dallach Sunwheel
2838132,34066146,2012 Sundance Film Festival
2838254,34067570,Samsung Galaxy W
2838299,34068395,Dallach Sunrise
2838895,34076156,Running Into The Sun
2839243,34079164,Electoral results for the district of Sunnybank
2839255,34079203,Electoral results for the district of Whitsunday
2839271,34079345,Sunja (Sava)
2839555,34082091,Råsunda IP
2840092,34089541,Airmass Sunburst
2840316,34095187,Ultra-Fab Sundowner
2840703,34109129,Korsun–Cherkassy Pocket order of battle
2840791,34111076,List of Unsung episodes
2841770,34122559,List of international cricket centuries by Sunil Gavaskar
2841874,34123758,Kim Il Sung Military University
2843060,34141061,Queen Ansun
2843066,34141119,Baek Sung-dong
2843385,34146166,Jarrad Sundqvist
2844440,34159099,Ragnar Sundquist
2845154,34167374,Park Mi-sun
2845645,34172675,Monsuno
2847228,34192030,Clown & Sunset
2847410,34193589,Ma La Sun (wine)
2847846,34198891,Death and state funeral of Kim Il Sung
2847891,34199077,Sächsische Verfassungsmedaille
2848429,34205220,Lee Ho-sung (fencer)
2848893,34210032,2003 Slovenian Sunday shopping referendum
2849301,34214749,Rajarethinam Arokiasamy Sundaram
2849307,34214822,Uisun
2849853,34220244,Samsung Gravity series
2850276,34225139,Sunstein
2850748,34228969,Sunlight and Shadow: The Newbury Marshes
2851001,34232502,The Sunday Funnies
2851185,34234789,Savage Sun
2851378,34236841,Sunny Days
2852020,34243069,List of Monsuno episodes
2852624,34248173,Kim Sung-ju
2853174,34255555,Jagat Sundar Malla
2853486,34258802,The Sun Has Ears
2853664,34260702,2012 Connecticut Sun season
2856748,34293376,Moon Embracing the Sun
2856792,34294438,"Bethel Church (Morning Sun, Iowa)"
2856853,34295378,Anash and the Legacy of the Sun-Rock
2857826,34306500,The Sunday Funnies (disambiguation)
2858587,34314892,Sunmi
2859767,34328802,Msun
2860365,34335385,Sun (1819 ship)
2860799,34340034,2012 Sunshine Tour
2861149,34344073,Sunday Mornin' (Spanky and Our Gang song)
2861445,34347899,Tarasun
2861969,34354278,Sun Chuo
2862112,34355605,Underwater Sunshine (or What We Did on Our Summer Vacation)
2862148,34356009,Somewhere Else (Sun Ra album)
2862476,34360293,Santos v Igesund
2863472,34370601,Eksund
2863574,34371686,The Sun Behind the Clouds
2864298,34378965,Sunset Lawn
2864848,34383979,Vigors's sunbird
2864875,34384207,Samsung B5310
2865194,34387744,The Sunday Edition (CBC Radio)
2865505,34391180,St. Paul's Sunday School and Parish House
2866214,34399360,Lanesund och Överby
2866233,34399631,A Million Suns
2866385,34401505,Sun Zhu
2866966,34408041,Sunderland Corporation Tramways
2867609,34415567,Shalom Suniula
2869148,34432090,Out in the Sun
2869794,34440521,Sunnyside Township
2870129,34443867,Samsung Galaxy Ace Plus
2870454,34447401,Sunset Lawn Chapel of the Chimes
2870617,34449364,Harald Sundt
2870916,34453732,Sunhe station
2870999,34454683,Agent 3S3: Massacre in the Sun
2871077,34456133,Vigleik Trygve Sundt
2872308,34472442,"Sunset Point (Eagle River, Wisconsin)"
2872605,34476409,Sung Ji-hyun
2873457,34487006,Sunday (2011 film)
2874369,34499080,Aldersund Church
2875238,34511996,"Lee Sung-jae (footballer, born 1976)"
2875281,34512456,Rimbey-Rocky Mountain House-Sundre
2875665,34517096,Halfdan Sundt
2875788,34518350,The Tsunami and the Cherry Blossom
2876264,34523231,Bjørnsund Lighthouse
2876281,34523487,Samsung Corby Speed
2876395,34525220,Jo Sung-ha
2876692,34528065,Sunhak
2876933,34531130,Sun Ke (footballer)
2877457,34536603,Journey to the Sun
2877750,34540356,The Sundowners (band)
2878320,34546315,Darsun
2878875,34551906,Sunshine (David Guetta and Avicii song)
2878980,34552847,Park Sung-woong
2879223,34556265,Film1 Sundance
2879880,34564940,Sunflower (Milt Jackson album)
2879882,34564962,Kim In-sung
2880176,34568376,List of articles related to the Sun
2881991,34588786,Sun Goddess (song)
2882014,34589064,Little Misunderstandings
2882589,34593778,When the Sun Comes Down
2882669,34594560,Miss Sunshine
2882726,34595066,Sunshine (R.I.O. album)
2884133,34609513,Triangle Sun
2885184,34625430,Rathsun
2885266,34626986,League Sunday
2886216,34637418,"Sunny Brae, New Brunswick"
2886891,34645457,Kwak Hee-sung
2887463,34653036,Han Sun-hwa
2889446,34681570,Ross Sundberg
2890505,34695483,Sunnaginia
2892251,34730072,Ulvesund Lighthouse
2892401,34731866,Bautek Sunrise
2892518,34734304,Golden Sun Bird
2892971,34739322,Buddleja 'Winter Sun'
2893009,34739846,"Another Park, Another Sunday"
2893255,34743830,The Sun The Moon The Stars
2893312,34744831,Sunray High School (Texas)
2893808,34750973,Little Misunderstandings of No Importance
2894073,34755664,Sunaparant
2895517,34779577,Santa Maria Assunta in Filettole
2895816,34782726,ASUN Conference baseball tournament
2895832,34782836,Atlantic Sun Tournament
2897008,34800642,Yang Roy-sung
2897021,34800873,Ko Jung-sun
2897071,34801850,Syamsundar College
2897543,34809133,Sungai Besi–Ulu Klang Elevated Expressway
2898134,34817436,Helite Tsunami
2898313,34820476,Undercover: Operation Wintersun
2898392,34821926,9200 Sunset
2898775,34827133,Mariamman temple Kg.Sungai Bakau
2898902,34829008,Suna (inhabited locality)
2899345,34837883,Clown & Sunset Aesthetics
2899673,34843523,Sunderland District Electric Tramways
2900127,34849295,Ny-Hellesund
2900578,34855083,Sun Yat-sen Mausoleum Music Stage
2901376,34869348,Sundarban Mahavidyalaya
2901435,34869658,Sundarban Hazi Desarat College
2901456,34869797,Sarsuna College
2901913,34875350,The Sun Comes Out Tonight
2902021,34877419,David Sundstrand
2903016,34888878,Shahs of Sunset
2904335,34906906,Nordkappsundet
2904726,34912401,Madhuraiyai Meetta Sundharapandiyan
2904894,34915104,Na Yoon-sun
2905441,34923283,Sanjar Tursunov
2905792,34927836,Sunny Singh (cricketer)
2906127,34931401,Turbonilla asunae
2906128,34931403,Turbonilla asuncionis
2906400,34935386,Cora Sun-Drop Diamond
2906971,34943585,I figli di nessuno (1974 film)
2908934,34967009,Pittsfield Suns
2909418,34971797,Sunanda Patnaik
2910384,34984042,Samsung Galaxy Pocket
2911013,34991668,Chaminda Jayasundara
2911746,35002166,South East Suns Australian Football Club
2911981,35004551,Back of Sunset
2912129,35005870,Lee Sung-hye (Miss Korea)
2912359,35008514,Till the Sunrise
2912805,35014019,Sunil Prabhu
2913105,35017819,Egil Sundar
2913152,35018561,Sunrise FM (Ghana)
2913750,35024694,2012 Suwon Samsung Bluewings season
2913837,35025610,Samsung Rugby
2914161,35029835,Samsung SPH-M300
2914374,35032433,Battle of Palm Sunday
2914451,35033148,Sunday Wilshin
2914697,35035759,Miyazaki Shining Suns
2915790,35052479,Sunfill
2916087,35055870,Heard It All Before (Sunshine Anderson song)
2916332,35059350,Sun City Hilton Head
2916675,35064265,Kim Hak-sun
2916830,35066796,Let Us Be Like the Sun
2916884,35067368,Jeon Sung-ha
2917036,35069588,Do Not Look at the Sun
2917123,35071418,Tsunekazu Takeda
2917212,35072816,The Sun Rising (song)
2918336,35094089,Park Sun-yong
2918386,35095138,Eusko Langillen Alkartasuna (Askatuta) – Solidaridad de Trabajadores Vascos (Independiente)
2920144,35121829,1998–99 Sunderland A.F.C. season
2920157,35121953,Toward the Low Sun
2920159,35121962,Waiting for Sunrise
2921209,35139405,Sunday Brunch
2921574,35144849,1979 Sun-Drop Music City USA 420
2921665,35146079,2012 Arizona State Sun Devils football team
2922636,35168012,Kim Sung-oh
2922758,35169653,Sunday Fairs Act 1448
2923835,35186601,Sunderland Tramways Company
2924423,35194415,Sunski
2924560,35196088,Sun Tailor
2924925,35199983,Orange (Dark Suns album)
2925073,35201857,Sunil Raoh
2926179,35215596,Sunrise (Idoling!!! album)
2926305,35217057,Katrin Sundberg
2926440,35219377,Sundrum Castle
2926673,35223899,Showdown in the Sun
2926849,35226942,Sundara Pandian
2928526,35248143,Bago-Kusuntu language
2928561,35248634,Sunac
2929650,35263048,Sunder Ramu
2929711,35263931,Maria Sundbom
2930177,35270772,Kyu Sung Woo
2930284,35272046,Sunny Day
2930406,35273184,Samsun (electoral district)
2930480,35273937,Gen'ichirō Sunouchi
2930482,35273940,Sunouchi
2930692,35275932,Copper Sun
2930905,35278053,SunLink
2930986,35278943,Suneaters (band)
2931049,35279724,SunTrust Building
2932520,35295977,Sun Li (general)
2932778,35298802,Bartolome de Osuna
2933675,35309437,Sun Come Up (song)
2934126,35314691,Lee Sung-hye
2934711,35323399,Church of Nuestra Señora de la Asunción (Pinilla de Jadraque)
2934941,35326068,Samsung Galaxy Y Pro DUOS
2935339,35333504,Farsund shooting
2935853,35340232,Ernest Tursunov
2935856,35340243,Sung Joon
2936110,35346685,Richard Pryor: Live on the Sunset Strip (film)
2936225,35347640,Pomračenje sunca
2936984,35367137,Homborsund Lighthouse
2937071,35368238,Sunrise over Lake Van
2939250,35430990,Sunday Funday (TV program)
2939265,35431069,Sundari K. Shridharani
2939651,35436619,Multan Sun Temple
2941203,35470219,Martand Sun Temple
2941382,35471926,Hatsune Miku: Project DIVA Arcade
2941384,35471943,Hatsune Miku: Project DIVA 2nd
2941392,35471978,Hatsune Miku: Project DIVA Extend
2941395,35472011,Hatsune Miku and Future Stars: Project Mirai
2941405,35472077,Hatsune Miku: Project DIVA (video game)
2941434,35472319,Hatsune Miku: Project DIVA F
2941448,35472445,Ahlus Sunnah School
2942084,35478726,Tak Sun Secondary School
2943012,35489551,Apple Inc. v. Samsung Electronics Co.
2943022,35489669,2012 Samsung Mobile 500
2943542,35495968,Jörgen Sundqvist (alpine skier)
2943630,35497234,Dolina sunca
2945381,35520500,Darsunabad
2945925,35526437,Samsung Galaxy Y DUOS
2946009,35527321,Sunder (actor)
2946943,35536926,Sunnyville
2947775,35544840,Macclesfield Sunday School
2947967,35547477,David Sunday
2947985,35547642,Sunzhuang
2948108,35549779,Ingrid Sundberg
2948365,35553026,Position of the Sun
2948859,35557926,Karmen Sunčana Lovrić
2950435,35574776,Sunday Observer (Sri Lanka)
2951064,35581897,Sunder Lal (lawyer)
2951088,35582040,Karysun / Year of No Light
2951111,35582276,Sunil Agnihotri
2951232,35583915,On a Sad Sunny Day
2951325,35584905,Vodafone 360 Samsung M1
2951685,35589853,Tsunki
2952841,35602586,Baek Sung-hyun
2953842,35614314,Aaron ben Solomon ben Hasun
2953999,35615576,Airkraft Sunny
2954337,35618815,Sunny (Neil Sedaka album)
2954734,35623582,Sungai Petani Municipal Council
2954849,35624818,Sunday Observance Act 1625
2954905,35625187,Sundaresanar
2954987,35626277,Sunday Observance Act 1677
2955762,35634366,"Kim Sung-min (footballer, born 1985)"
2956125,35637587,Richey Suncoast Theatre
2956357,35638779,Sun Link
2958132,35657898,"Edison Hotel (Sunbury, Pennsylvania)"
2958196,35658655,Sunday Times Rich List 2012
2958666,35666083,Suh Sung
2958830,35668964,2012 Sunderland City Council election
2958952,35669923,"Sunrise, West Virginia"
2959060,35670932,Samsung Galaxy SL
2960065,35682477,List of Gold Coast Suns records
2960365,35685225,Sune Almkvist
2960829,35692023,Samsung Sports
2960880,35692872,Sunlight (Benson)
2960945,35693811,Shanmugasundari
2961409,35699020,Chasing the Sun (The Wanted song)
2961507,35700262,Lebanese Sunni Muslims
2962531,35713067,Satoko Suetsuna
2963962,35725459,Church of la Virgen de la Asunción (Romancos)
2964167,35727350,Sunset Hill Cemetery
2964594,35732509,Samsung Galaxy (esports)
2965331,35740358,The Sunshine Hour
2965452,35741905,Cho Sun-hyung
2966065,35747342,Asunción Mixtepec Zapotec
2966239,35748682,Stralsund (region)
2966652,35754195,"Sun Ray, Florida"
2967084,35757737,Sunset Sessions
2967342,35759624,Stralsund–Sassnitz railway
2968071,35768264,Asunaprevir
2969321,35784369,Sunny Viswanath
2970466,35797162,Kim Sun-min
2970475,35797196,Katsunari Mizumoto
2971734,35811598,2012–13 Sunderland A.F.C. season
2971870,35813833,"Pedro de Alcántara Téllez-Girón, 11th Duke of Osuna"
2972781,35822855,Fesun
2973445,35830006,"Sunbeam, West Virginia"
2973639,35831647,Lake Sun Leader
2973932,35833871,2012 Atlantic Sun Conference baseball tournament
2974143,35836734,Sunday Observance Act
2975241,35849069,Sunny Sanwar
2975361,35850244,Tsunematsu
2975851,35854564,September Sun
2976204,35858699,Kim Sung-min (judoka)
2977170,35864572,"Sunset Court, West Virginia"
2977532,35868001,TV Chosun
2977795,35869130,Sunrise (Alexandra Joner song)
2977867,35869577,Masuna
2979122,35874136,SunNet
2979779,35880282,Sunrise Mill
2979967,35881670,Sun Araw
2980336,35884526,Sun Qifeng
2980353,35884638,Sun Jiagan
2980359,35884696,Sun Jiagu
2980371,35884875,Sun En
2980578,35887061,Sun Chu (Western Jin)
2980583,35887103,Sun Kaihua
2980977,35890110,Kanō Tsunenobu
2981134,35891597,Gilbert Saboya Sunyé
2981141,35891654,Darkness Under the Sun
2981603,35896874,Sun Sheng (Jin dynasty)
2981625,35897066,Sun Yuting
2982206,35902177,Gongsun Shu
2982573,35905158,Karsunak
2982952,35909427,Joo Hee-sun
2982959,35909519,Suat Suna
2983027,35910162,Black Sun (1964 film)
2983069,35910359,Sung Jung-a
2983134,35910886,Siri Sunde
2983643,35914237,Sunil Chhabra
2983965,35916363,Baik Myung-sun
2984426,35921304,Sun Fengwu
2984715,35923920,"Sunshine, Greenup County, Kentucky"
2984817,35924721,Samsung Galaxy Ace 2
2984976,35926131,Sunjung Kim
2986061,35936956,Dursun Ali Eğribaş
2986384,35940025,Unsung Heroes (Ensiferum album)
2986439,35940791,Miami SunPost
2986521,35941663,Yoon Sung-hoon
2986536,35941713,Hyun Hye-sung
2986579,35942133,Kim Mi-sun
2986586,35942196,Seo Hyo-sun
2986663,35942795,"Sunnybrook (Lower Pottsgrove Township, Pennsylvania)"
2987051,35945875,Samsung Focus 2
2987248,35948124,2012–13 CA Osasuna season
2987515,35951047,Joo Sung-hwan
2987681,35952503,Sunbury Armory
2987696,35952677,"Beck House (Sunbury, Pennsylvania)"
2987907,35954967,2012 Sun Belt Conference baseball tournament
2988018,35956587,Sunday Mba
2989036,35970327,Tursunali Rustamov
2989042,35970385,Sunbury Historic District
2989472,35974801,Jeon Young-sun
2989610,35976394,Cha Tae-sung
2989620,35976510,Cho Sung-dal
2989855,35980119,The Modern Jazz Quartet Plays No Sun in Venice
2990447,35985432,Collecting Sunlight
2990579,35986888,Sunset Strip (song)
2990588,35986952,Sun Princess (horse)
2991497,35997172,"Sund, Faroe Islands"
2991837,36001224,Sunny Gupta
2992232,36006297,"Soğukpınar, Giresun"
2992511,36009711,We Rose from Your Bed with the Sun in Our Head
2993735,36024730,The Sunday Footy Show (AFL)
2993895,36026137,Bala Tripurasundari
2995588,36041949,"Suncrest Lake, West Virginia"
2995590,36041969,"Sunset Beach, West Virginia"
2996366,36047613,Frøydis Elisabeth Sund
2996483,36048851,Gesundbrunnen (Sagard)
2996762,36050488,Sir Sunderlal Hospital
2996774,36050613,Gesundbrunnen
2996980,36052547,1980 Arizona State Sun Devils football team
2997004,36053230,Sun Sui Wah
2997452,36057391,Choi Sung-keun
2997488,36057708,Dursun Aksoy
2997700,36059762,Circles Around the Sun
2997747,36060146,Samsung Training Center
2999516,36075661,Vladimir Korsunov
3000397,36084325,Alexander Krevsun
3000483,36085454,"Hol, Tjeldsund"
3000699,36087959,Kim Woon-sung
3000712,36088066,Sun Sopanha
3000722,36088125,Sun Sovannarith
3000799,36088575,Sun Dan (swimmer)
3001340,36094199,Seongnam FC–Suwon Samsung Bluewings rivalry
3001543,36096799,Sunil Janah
3002167,36102395,Colorado Sunset
3002658,36108184,"Sunflower, West Virginia"
3003140,36111911,Tjeldsund Church
3003141,36111912,Ramsund Chapel
3003277,36113942,Kyrra Grunnsund
3003805,36117409,Sunset Peak (Jammu and Kashmir)
3004087,36119925,Bacon sundae
3005792,36136840,Ferran Sunyer i Balaguer
3006010,36139659,Matti Sundelin
3006179,36141659,"Fallen House, Sunken City"
3006418,36145303,Sunyani Municipal District
3006518,36146748,Noh Kyung-sun
3006534,36146886,Kim Sung-moon
3006986,36150454,Sunset Peak
3006992,36150546,Under the Sun (Cheryl song)
3007683,36157670,2009 Suwon Samsung Bluewings season
3007707,36157884,2008 Suwon Samsung Bluewings season
3007728,36158017,2007 Suwon Samsung Bluewings season
3007755,36158200,2006 Suwon Samsung Bluewings season
3010284,36183945,Samsung India Software Centre
3010781,36188921,"One Red Sun, a Counting Book"
3011049,36191127,Son Duk-sung
3011142,36192514,Sun (Cat Power album)
3011439,36195626,Sunil Benimadhu
3011660,36198576,Sunbelt Publications
3011693,36198775,Samsung NX20
3012176,36204991,Asunción Domenech
3012596,36208601,Tetsunosuke Ishii
3012824,36210257,Lee Sun-koo
3013123,36213664,Quitsato Sundial
3014405,36221962,Prasun Banerjee (singer)
3015501,36233140,2012–13 Phoenix Suns season
3015670,36234875,And the Sun Will Shine
3016703,36245181,"Suncrest, West Virginia"
3017117,36249408,Red Yellow Sun
3017340,36251220,Suniti Devi
3017400,36251881,Yoo Sung-yeon
3017476,36252584,Park Sung-ja
3018399,36260703,Ogasawara Heibei Tsuneharu
3018510,36261899,Ji Kyong-sun
3018744,36264010,Suniti Academy
3019840,36276409,Radio Sunlight
3020438,36282696,Qosun
3020979,36287940,Sundaram (theatre group)
3021475,36292280,Sunderland MOBA 2
3021805,36295601,Masayuki Matsunaga
3022273,36299146,Southeast Sun Online Edition
3023919,36316325,1993–94 Sunderland A.F.C. season
3024117,36317699,Sunnyside station (New York City)
3024522,36321923,Lu Hsun (crater)
3024729,36323982,Sunrise (Jimmy Ruffin album)
3025124,36328246,Sun Hai Tao
3026034,36338752,Samsung Galaxy S Advance
3026171,36339344,Centro Educacional Asunción
3026218,36339937,2011 Atlantic Sun Conference baseball tournament
3027047,36348333,2010 Atlantic Sun Conference baseball tournament
3027675,36353141,Sri Siddha Suniyam Deviyo
3028004,36355281,Stralsund–Barth Airport
3028325,36358597,Stamsund Church
3028539,36360581,Katsunori Iketani
3029049,36364959,Sunnyside Farm Barn
3029979,36374666,"Sunrise, Wyoming"
3031976,36393575,Ice in the Sunshine
3032015,36393943,Ivan Sunara
3032255,36396151,Wansunt Pit
3032415,36397803,Lee Mi-sun
3033198,36405421,Love in Sun Moon Lake
3033284,36406908,Hail to the Sunrise
3033437,36408563,Double sunset
3035192,36415363,"Tosunlu, Ardanuç"
3035437,36415892,Into the Sun (Tarja song)
3035557,36417036,Jang Sun-hyoung
3035574,36417294,Jung Sun-min
3035763,36419418,Sune Wehlin
3036840,36436559,Sunset (Superbus album)
3037912,36450215,Kim Sung-heon
3038287,36454040,David Moursund
3039100,36464731,Mitsuhisa Sunabe
3039308,36466523,Sune Sandbring
3039786,36471690,Sun Tianjun
3039959,36473319,Yoo Sun
3040481,36477631,Samsung Brightside
3040695,36479732,Yun Chi-sung
3040777,36480327,2012–13 Sun Pegasus FC season
3041444,36487273,2012–13 Arizona State Sun Devils men's basketball team
3041527,36488590,Lee Sung-min (actor)
3041915,36492218,Jue-Fen Sun
3042292,36495691,Daniel Matsunaga
3042296,36495767,Sundown Syndrome
3042415,36497387,Viggo Sundmoen
3042502,36498250,Sundarapandian
3043182,36506774,Parable of the Sunfish
3043264,36507513,State of Pasundan
3043662,36511956,SunExpress Deutschland
3043873,36514483,Gesundheit radio
3043924,36515276,Tsunoshima
3044154,36519474,Yu Sun-jeong
3044768,36523568,Masunoyama Tomoharu
3044853,36524249,Circus Ki Sundari
3045248,36529826,Samsung Galaxy Note II
3045329,36530860,Assunta Spina (1930 film)
3046852,36548320,Sunshine of My Soul
3047097,36549502,Geek & Sundry
3048274,36562699,"Daily Sun (Warner Robins, Georgia)"
3048974,36567921,S. V. Sunil
3049014,36568094,Park Sung-baek
3049520,36572820,Utsunoya Pass
3050019,36577173,Brian Sun
3050705,36582906,Jaana Sundberg
3051070,36584776,Sunrise Lake
3051073,36584782,Yun Young-sun (minister)
3051258,36586375,Sun Yujie
3051613,36589114,2003 Arizona State Sun Devils football team
3051890,36590588,Sortlandssundet
3052025,36592638,Samsung Galaxy Beam i8530
3052220,36594337,Weiße Flotte (Stralsund)
3052437,36595821,Sunrise Dam Airport
3052528,36596533,Sune Andersson (Malmö FF footballer)
3052688,36598197,Patrik Sundström (footballer)
3052997,36602509,Southern Suns
3053300,36605622,Ri Myong-sun
3053323,36605792,Samsung Galaxy S Plus
3053821,36609089,Hamilton Sundstrand
3053978,36610591,Midnight Sun (Beast EP)
3055117,36621697,Ekaterina Lisunova
3055356,36623793,Jim Jam and Sunny
3055436,36624312,Sunspot Jonz
3055955,36628442,Risøysundet
3056071,36629867,MV Sun Sea incident
3056691,36634838,"Stop the Sun, I Want to Go Home"
3057134,36639113,Sunei Jaidee
3057484,36642363,Sunday Rock
3057697,36644630,Erickavu N. Sunil
3058075,36648470,"Sidhhanath Temple, Kharsundi"
3058585,36654118,Sunitha (actress)
3058876,36655572,Black Sunday (Sutter Kain & Donnie Darko album)
3058990,36656398,Sunny Wang
3059595,36663092,Samsung Galaxy Note 10.1
3059606,36663132,"Dursunlar, Kastamonu"
3060751,36672389,Sundaram Ravi
3061005,36673946,Ali Sunan
3061291,36677048,Sundark and Riverlight
3061414,36680465,Samsung T669 Gravity T
3061431,36681153,Sunnersberg
3061469,36681955,Sung-Won Yang
3061595,36683953,Gongsun Ce
3061720,36684889,"Horsunlu, Kuyucak"
3062039,36686609,Sun Wenyan
3062434,36690805,Yasunari Hirai
3062837,36695445,Sunny Happiness
3062883,36695788,John Sundberg
3063276,36700525,Joachim of Korsun
3063694,36703167,Piz Blaisun
3064220,36706066,Jang Sun-jae
3064225,36706092,Cho Ho-sung
3064271,36706310,Jörgen Sundqvist
3064657,36710937,Sunrise with Sea Monsters
3065586,36721050,"Sun, West Virginia"
3065927,36723494,Sun Sinan
3065971,36723895,Let Not Man Put Asunder
3066131,36726077,Sunken Condos
3067434,36739339,Dayisun Tngri
3068298,36747505,Sunday Observance Act 1627
3068754,36752308,Im Jae-sun
3069274,36757101,Shyam Sunder Patidar
3070795,36777812,In Search of Sunrise 10: Australia
3071144,36781709,2012–13 Sun Hei SC season
3071226,36784170,Sun Baojie
3071235,36784423,Kalyanasundara
3071673,36791655,"Sunnyside, Fayette County, West Virginia"
3071900,36795070,Super Soul Sunday
3073753,36812313,Sun Yafang
3074038,36815904,Anna Sun
3074121,36816820,The Sun (1893–1906)
3074325,36818879,Samsung Galaxy Tab 7.0 Plus
3074353,36819236,Roberto Osuna
3074928,36824678,Bombardment of Samsun
3075104,36825768,MT Melsungen
3075135,36826090,Take One (Susanne Sundfør album)
3075603,36832187,The Sundering
3076266,36840017,Sunil Duggal
3077718,36854006,Kim Hyung-sung
3078772,36863631,Samsung Ativ S
3079244,36871096,Silver Sun (Nothing's Carved in Stone album)
3079455,36872571,Sunset in Wyoming
3080751,36884327,Sunpeak Foods
3080978,36886353,Sun Zhaoxue
3081029,36886903,Sune Carlsson
3081069,36887449,1990–91 Sunderland A.F.C. season
3081621,36892703,Nessuno mi può giudicare
3081658,36893017,Sun Stream
3082311,36900034,"Årset, Ålesund"
3082355,36900576,Sunita Dulal
3082549,36902715,Gabriel Sunday
3082590,36903185,Samsung Galaxy Tab 2 7.0
3082611,36903276,Samsung Galaxy Tab 2 10.1
3082886,36905519,Sunrise-on-Sea
3083100,36907750,Yoon Sung-yeul
3083121,36907862,Sung Hoon
3083589,36912822,Fresno Pacific Sunbirds
3083844,36915869,Children of the Sun (Feeder song)
3084364,36922059,Katsura Sunshine
3084448,36922953,Around the Sun (Jeff Watson album)
3084474,36923353,1981 Arizona State Sun Devils baseball team
3084551,36924603,Sunday News
3086116,36941926,1977 Arizona State Sun Devils baseball team
3086367,36944871,It's Always Sunny in Philadelphia (season 8)
3086452,36945591,1969 Arizona State Sun Devils baseball team
3086459,36945673,Sunny Days (film)
3087436,36955976,Dark Time Sunshine
3087476,36956326,Sunward SA 60L Aurora
3087531,36956865,Harunoyama Tatsunao
3088496,36968210,Torbjørn Sunde
3088710,36971009,I'll Catch the Sun!
3088760,36971636,Slaughtersun (Crown of the Triarchy)
3089099,36975318,Tokitsunada Hironori
3089726,36982612,Sunni Hughes
3089784,36983515,Sunset (True Blood)
3089871,36984435,2012 Sun Belt Conference football season
3090473,36990997,Sundown Recorders
3090516,36991571,1967 Arizona State Sun Devils baseball team
3090914,36995250,Samsung Galaxy S Relay 4G
3092395,37011961,Santa Maria Assunta dei Pignatelli
3093691,37024278,Asunción Lavrin
3094252,37030960,E.SUN Commercial Bank
3094340,37031828,1965 Arizona State Sun Devils baseball team
3094898,37038882,Kovur Sundareswarar Temple
3094970,37039589,Usambara double-collared sunbird
3094976,37039627,Forest double-collared sunbird
3095233,37042453,Susanne Sundfør (album)
3095791,37049261,Samsung Galaxy Camera
3095830,37049818,Sunday Times Sportswomen of the Year Awards
3095923,37050907,Sunyatphaa
3096719,37061644,Alexandre Tsutsunava
3097215,37066198,Typhoon Rammasun (2002)
3097284,37066954,Tsuneo Maeda
3098082,37075183,Seven (Suns of Arqa album)
3098700,37081881,Fathers & Suns
3099644,37090050,Samsung Galaxy S series
3099978,37094416,"Kalyanasundareswarar Temple, Thiruvelvikudi"
3100433,37098131,Maths O. Sundqvist
3101635,37114181,Samsung i847 Rugby Smart
3101960,37118002,2002 Arizona State Sun Devils football team
3101976,37118162,Kjetil Hasund
3102002,37118340,2001 Arizona State Sun Devils football team
3102021,37118475,2000 Arizona State Sun Devils football team
3102033,37118584,1999 Arizona State Sun Devils football team
3102056,37118699,1998 Arizona State Sun Devils football team
3102219,37120110,Freedom Sunday for Soviet Jews
3102220,37120135,Khar sun
3102438,37122444,SunCruz Aquasino
3102573,37123930,Hyosung Exceed
3103780,37138740,Chief Sunrise Education Centre
3105875,37174709,Kusunda
3105915,37175296,T. Sundara Rao Naidu
3106201,37178566,Sun Orthodontix
3106956,37187817,Sun Don't Shine
3106979,37188009,A Beam of Sun to Shake the Sky
3107545,37194888,Sun Ra: A Joyful Noise
3107751,37197024,Asun Zahleh
3108563,37207274,Battle of Palva Sund
3109861,37234011,Bride of the Sun
3110040,37236577,Sunshine Playroom
3110062,37236779,Sunspots (song)
3110394,37240511,Suneetha Wijesuriya
3110501,37241818,Sunset Over Chocolate Mountains
3110800,37244926,Sunil Tatkare
3111158,37249504,Over the Sun (Tinpan Orange album)
3111319,37251515,Follow the Sun (Evermore album)
3111818,37257833,Never on Sunday (album)
3113670,37279750,Barefoot Sunday Blues
3114420,37288193,3rd from the Sun
3114565,37290627,2012 Gold Coast Suns season
3114863,37294561,Sundaram Medical Foundation
3114982,37296073,Shadows in the Sun (2009 film)
3115316,37299916,Kim Sung-kyun
3115465,37301632,Sun (Two Door Cinema Club song)
3115655,37303338,"Sunshine, Harlan County, Kentucky"
3116744,37314907,Tsuneyuki
3116751,37314956,Tsunenori
3116756,37314972,Tsunejirō
3116757,37314980,Tsunehiko
3116759,37314994,Tsuneharu
3116765,37315024,Tsunehisa
3116774,37315078,Tsunekazu
3116777,37315100,Tsuneko
3116800,37315487,Sunni Ittehad Council
3117419,37323594,Fujiwara no Tsunetsugu
3117942,37330069,2012 Samsung Securities Cup
3118730,37338942,Sunshine Salvation
3118950,37341181,Samsung Galaxy S III Mini
3120311,37364206,Sunanda Devi
3121980,37390360,Sunday Without God
3122133,37391950,2012 Samsung Securities Cup – Men's singles
3122692,37396683,Suncup (snow)
3122833,37398507,Sun FM (disambiguation)
3122986,37399958,Sunohara
3123015,37400149,Queen Tripurasundari of Nepal
3123016,37400156,Katsunori
3123193,37401966,Sunshine Grammar School and College
3123252,37402487,Lincoln Plaza at SunTrust Center
3124136,37413697,2012 Samsung Securities Cup – Men's doubles
3124367,37417417,Noon Sunday
3124499,37418989,Yasunaga
3125163,37427876,Jalan H.R. Rasuna Said
3125556,37431181,Johnson Sunday
3126077,37438913,Oskar Sundqvist
3126689,37444806,1984 Arizona State Sun Devils football team
3126896,37446399,2013 Sun Belt Conference men's basketball tournament
3127216,37456942,Bosun's chair
3127285,37459609,"Kampung Sungai Memperas, Sungai Bari"
3127336,37460392,The Sun Ain't Gonna Shine Anymore (album)
3127477,37462033,2012 Samsung Securities Cup – Women's singles
3127944,37467019,2012 Samsung Securities Cup – Women's doubles
3127971,37467240,Chadalavada Sundararamasastri
3128570,37473408,John E. Sunder
3128951,37477415,The Sunday Standard
3129186,37479643,Yang Sung-tae
3129246,37480800,Whiskey on a Sunday
3130622,37497005,Sunset Bar and Grill
3131114,37504273,Lee Sung-hun
3132232,37516869,Gavmishabad-e Sheykh Hosun
3133142,37525676,Otto Sundgot
3133235,37526563,Children of the Sun (2007 film)
3133637,37532081,Sunrise (Uriah Heep song)
3134031,37536039,Vinnie Sunseri
3135252,37549743,Sunny Deol filmography
3135331,37550450,Battle of Mysunde (1864)
3135430,37551798,2005 Suwon Samsung Bluewings season
3135444,37551985,2004 Suwon Samsung Bluewings season
3135476,37552352,2003 Suwon Samsung Bluewings season
3135515,37552778,2002 Suwon Samsung Bluewings season
3135844,37556451,2001 Suwon Samsung Bluewings season
3135862,37556731,2000 Suwon Samsung Bluewings season
3135905,37557382,1999 Suwon Samsung Bluewings season
3135917,37557649,1998 Suwon Samsung Bluewings season
3135925,37557808,1997 Suwon Samsung Bluewings season
3136113,37560391,Battle of Neuensund
3136144,37560907,1996 Suwon Samsung Bluewings season
3136291,37562499,Samsung Galaxy Beam
3136810,37569194,Chung Chil-sung
3137294,37575703,Pandit Sunderlal Sharma Literature Award
3137418,37577431,Stadtarchiv Stralsund
3137530,37578568,Sundaravarada Perumal temple
3137887,37582735,Sun Air Express
3138339,37588919,Katsunari
3139563,37604214,Broken Sun
3139953,37610149,Capture the Sun (Illogic and Blockhead album)
3139991,37610961,Sunshield
3140080,37612447,The Sun Trail
3140428,37618543,Olusosun landfill
3140586,37620520,Sungdare Sherpa
3140886,37623415,Samsung Ativ
3141235,37628069,Sun-young
3141638,37632258,Atsunobu
3141658,37632443,"Sunset Lake (Holly Springs, North Carolina)"
3141954,37636206,Sung-min
3141960,37636283,Sung-hyun
3142076,37639308,Sung-ho
3142079,37639315,Ho-sung
3142167,37640228,Ha-sun
3142200,37640460,Woo-sung (name)
3142209,37640553,Katsunosuke
3142212,37640572,Katsunaga
3142267,37641201,"Sunnyside, Tyler County, West Virginia"
3142287,37641322,Don't Let the Sun Catch You Crying
3142328,37641706,Nobutsuna
3142916,37649622,Schrankia dusunorum
3143095,37651695,Aleksander Lesun
3143652,37658954,Shyamsundarpur
3144401,37667339,Sun-hwa (name)
3145330,37678439,Chang Sung Kim
3146557,37694926,Reach Beyond the Sun
3146588,37695365,Il-sung
3146711,37696624,Piz Chapisun
3146836,37698110,Dr. Sun Yat-sen (opera)
3147205,37702941,Sun-woo
3147682,37708361,Live from the Legendary Sun Studio
3147686,37708388,"National Register of Historic Places listings in Sunflower County, Mississippi"
3148216,37714554,Sungai Buloh Prison
3148887,37722365,Silversun Pickups discography
3148918,37722614,Sunkesula Barrage
3148948,37722944,Sunset Beach DJ Session 2
3149493,37727037,Rising Sun Institute
3149601,37728672,Mitsunori
3150613,37740163,Sung-jin
3151880,37756631,Hwang Sun-hee
3153732,37781475,Budheisuni
3155216,37798780,Let the Sunshine
3155309,37799321,Sunday Will Never Be the Same
3155569,37802319,Cagayan Rising Suns
3155587,37802534,2012 Sun Bowl
3155611,37802909,Sunrise Avenue discography
3155971,37807244,Capture of Egersund
3156403,37812975,Farsund Hospital
3157113,37821921,Unsung Founders Memorial
3157195,37822848,"Ore, Farsund"
3157683,37827944,Yasunori Mononobe
3157944,37830642,Sunkari Kabba-Kamara
3158401,37835979,Robert A. Sunshine
3159040,37843634,"Sunnyside High School (Sunnyside, Washington)"
3159660,37851764,Unilever Research & Development Port Sunlight Laboratory
3160370,37859155,Tadatsune
3161194,37867372,Hadsund Municipality
3161195,37867400,2013 Sunshine Tour
3161206,37867459,Hadsund South Station
3161208,37867481,Hadsund North Station
3161919,37876380,Hello Sun
3162322,37880379,Kvalsund Tunnel
3162836,37888125,Sunny Wayne
3163917,37900313,Sun Devil Soccer Stadium
3164653,37907198,Tatsunori
3164752,37908063,Kim Jin-sun
3165978,37918700,Come Sunday
3166504,37924065,Dragged into Sunlight
3166580,37924732,Black Out the Sun (album)
3166994,37928984,"Tosunpınar, Kozluk"
3167940,37936820,Thursday We Shall Sing Like Sunday
3168668,37944899,Jung Sung-hoon
3168996,37948888,History of Sunderland
3169237,37952192,Sunflower League
3170277,37961178,Kim Sung-hyun
3171135,37969906,Sunrisers Hyderabad
3171423,37974239,Tsuneo
3171478,37974563,Yasunobu
3172611,37985228,"Dursunfakı, Gerede"
3172654,37985343,"Sungurlar, Gerede"
3173489,37993724,Guldborgsund Zoo
3173963,37997612,Rotsund Chapel
3174707,38004367,Rotsund
3175441,38010635,Maursund Tunnel
3175854,38014975,Kenji Utsunomiya
3176310,38019734,Ukare Gitsune Senbon Zakura
3177009,38026982,Desun Hospital & Heart Institute
3177225,38029201,Sunflowers (band)
3177288,38029653,Sunkarie Kabba-Kamara
3177931,38038401,Old Sun Community College
3178470,38045131,The Day Before Sunday
3178676,38048182,Haugesund District Court
3178688,38048287,Karmsund District Court
3178731,38048870,Asunción Ocasio
3179048,38052000,Kvalsund (village)
3179287,38055427,V. S. Sunil Kumar
3179333,38056109,Samsung Galaxy Mini 2
3179979,38062667,Maho Matsunaga
3180382,38066997,Asu Asuni
3180681,38069369,Julius Lekakeny Sunkuli
3182362,38086443,Frost on Sunday
3183269,38096972,Sunao Sonoda
3184200,38106181,Sunao
3184427,38107355,Yoritsune
3184707,38111635,List of ships sunk by icebergs
3185095,38118097,Gor Sunguh Commission
3185110,38118517,Aalesunds TF
3185117,38118654,Kim Sung-yeon
3185228,38120000,Sunday Report (Hong Kong TV series)
3185484,38124950,In the Sun (Alexander Samokhvalov)
3185768,38130625,Hikaru Matsunaga
3185832,38131317,The Sunken Bell (disambiguation)
3186516,38141843,Stocksund railway station
3187123,38151849,Samsung Galaxy S4
3187252,38153074,Cho Sung-min
3188324,38164620,Murder of Maina Sunuwar
3188440,38165684,Vallam Sundar
3188669,38168465,Sunlong Bus
3189122,38175385,Yang Chao-hsun
3189303,38177610,Masahisa Sunohara
3190420,38190170,2013 Arizona State Sun Devils football team
3190488,38190813,Stocksundet
3190662,38192510,List of Arizona State Sun Devils bowl games
3191170,38198242,2013 Gold Coast Suns season
3191386,38201252,Samsung Ativ Tab
3192529,38212818,Ganesuni Vari Palem
3192582,38213944,Gardens of the Sun
3193435,38225016,Fei Fei Sun
3193620,38227037,"Sunaparanta, Goa Centre for the Arts"
3193779,38228934,Sunny Skies
3194645,38237613,Jos mä oisin sun mies
3194930,38241451,Sunway University
3195150,38243745,Basundhara (2009 film)
3195322,38245736,Sunnybrook State Park
3195378,38247150,Hymns to the Rising Sun
3195485,38248714,The Sun Exploding
3195730,38252177,Choi Sun-ho
3195749,38252404,Kim Sung-bum
3196249,38257798,"Basílica de Santa María de la Asunción, Arcos de la Frontera"
3196463,38260502,2013 Sundance Film Festival
3196482,38260700,Sunhe
3196753,38263460,Sung Min (swimmer)
3196802,38263901,Hatsun Agro Product
3196805,38263907,The Sunday Hour
3196966,38265146,Nam Yoo-sun
3197330,38268424,Sunagocia
3197934,38275297,Suntar (rural locality)
3198371,38280118,Sungin Hall
3198810,38285134,The Midnight Sun (Jack McDuff album)
3198936,38286677,Syypää sun hymyyn
3199292,38290980,Á fold eru túsund gudar
3200008,38298402,Sunset Hospital
3200168,38299867,Sunday Times Short Story Award
3200214,38300245,Samsung Galaxy Tab series
3200361,38302031,Kim Sung-kyu
3200589,38305240,"Sun Valley, Pennsylvania"
3201000,38309339,Sunbai Oti Bharun Ja
3202123,38323367,Kvalsund Church
3202700,38328985,Kosunen
3202836,38330656,"Sunwest, Arizona"
3203612,38338477,Royal Sunset High School
3203822,38341001,"Sunset, Washington County, Arkansas"
3204384,38346964,Samsung Galaxy Grand
3204394,38347030,"Sunrise Lake, Pennsylvania"
3204900,38352979,Scopula suna
3205523,38359911,Songs of Sunset
3205596,38360986,Sunil Barve
3205710,38362374,Eriko Hatsune
3206004,38365236,Da-Wen Sun
3206235,38367766,Christopher (The Ruby Suns album)
3206386,38370647,Sunam-guyok
3206605,38372956,"Cho Sung-hwan (footballer, born 1985)"
3209220,38403827,The Sunlight on the Garden
3209484,38407009,David Sun (Hong Kong)
3209954,38412618,Especially on Sunday
3210648,38421676,Sathyam Shivam Sundaram (1987 film)
3210869,38424657,The Other Side of the Sun
3213037,38450465,"Sunflower, Alabama"
3213635,38456758,Sungai language
3214942,38472170,Faces of Sunset Boulevard
3215127,38474253,2010–2013 Sun Belt Conference realignment
3215490,38478107,V. A. Sundaram
3215946,38482922,Havøysund Church
3216186,38485303,Sungwadia language
3216188,38485325,Sungwadaga language
3216450,38488265,Hideaki Itsuno
3216777,38492655,Dusun Witu language
3216779,38492681,Dusun Malang language
3216958,38494627,Sungjibaegam
3217256,38497879,2013 Atlantic Sun men's basketball tournament
3217684,38504017,2013 Connecticut Sun season
3218522,38515895,Sung Jae-gi
3219739,38535620,Sun orbit
3219921,38537805,1994–95 Sunderland A.F.C. season
3220383,38544455,Cantrainea sunderlandi
3221151,38555805,Sung-Yoon Lee
3221511,38561366,Samsung Music Hub
3223609,38584837,Sunrise Sports Club
3224304,38593291,Kusunoki
3224812,38599151,Brighter Than Sunlight
3224896,38599942,Daler Tukhtasunov
3225254,38604494,Raymond Sunderland
3226667,38623978,Jo Sung-hee
3226760,38625218,"Parasunathar Temple, Muzhaiyur"
3226790,38625686,"Sundareswarar Temple, Neikuppai"
3226832,38626167,Salih Dursun
3227081,38629149,Fairfield-Suisun Unified School District
3227308,38632536,"Sun Hill, West Virginia"
3227610,38636283,Dindica sundae
3227786,38638532,Samsung Ativ Odyssey
3228029,38641616,"Farsun, Chaharmahal and Bakhtiari"
3228788,38649867,Battle of Sunday
3229456,38658179,Shahrak-e Sunk
3229640,38659886,David of Sasun (Yerevan Metro)
3232483,38697804,Cinta 7 Susun
3232548,38698799,Sunrise State Park
3232595,38699388,Stars on Sunday (TV series)
3233944,38719732,PFDC Sunsilk Fashion Week
3234728,38732046,Sun Kai
3235479,38742549,Sundaattam
3235500,38742653,Sun Le (footballer)
3235517,38742743,Samsung Galaxy Note series
3236320,38753071,Sunnundallu
3236827,38760557,Kitsunebi
3237002,38762599,"Sunday Lake, Washington"
3237446,38769520,Sundanese dance
3237968,38776679,Veronika Korsunova
3238017,38777360,Third Album for the Sun
3239401,38793873,Sunanda Sikdar
3239532,38795617,Sunil Hettiarachchi
3240461,38806735,The Sunbird
3240562,38808109,The Triumph of the Sun
3241477,38819331,Sung Yu-hsieh
3241680,38821392,Sunilam
3241968,38824729,Pasundan Christian Church
3242281,38828778,Sunny Tripathy
3242625,38833137,2013 Atlantic Sun Conference baseball tournament
3242979,38837457,Sunday Night with Matty Johns
3243132,38839780,Shin Moon-sun
3244441,38855365,Sun Bear (author)
3245220,38863754,May Sun
3245807,38870570,Typesun
3246129,38875508,Samsung Commercial Vehicles
3247704,38892933,Sunil Paul
3248269,38899224,Dave Sunday
3248427,38900457,Tricholoma pessundatum
3249591,38913665,2013 Aalesunds FK season
3249914,38917343,SunCentral Inc.
3250523,38923928,2012 Aalesunds FK season
3251021,38930618,"Suning Plaza, Wuxi"
3251876,38940588,2007 Atlantic Sun men's basketball tournament
3252284,38944949,Sundanese (Unicode block)
3252360,38945430,Sundanese Supplement
3252632,38947952,Egersunds IK
3252759,38949059,Moshimo Watashi ga Sora ni Sundeitara
3252789,38949445,New York Sun Works
3252836,38949878,Jefferson County Sunday School Association
3253189,38954242,Artesunate/sulfadoxine/pyrimethamine
3253463,38956933,Kvalsund (Herøy)
3254801,38971589,The Seventh Sun of Love
3254840,38972052,Sunčana strana ulice
3255372,38977773,2013 Atlantic Sun Conference men's soccer season
3255684,38981539,Sundaic mountain leopoldamys
3256009,38984788,Ray of sunshine
3256231,38987587,Death of the Sun
3256670,38992409,Choi Ho-sung
3256846,38994358,Mike Sundin
3257497,39002309,Kimilsungia and Kimjongilia Exhibition Hall
3257657,39003732,Sunbather (album)
3258155,39010569,Sunset Glacier
3258156,39010587,Sunrise Glacier (Alaska)
3258168,39010695,Sunrise Glacier
3258936,39020099,Kim Il Sung bibliography
3259030,39020962,Angela Tsun
3259043,39021068,Electoral results for the district of Sunshine
3259583,39026930,Ålesund (town)
3259584,39026933,Kristiansund (town)
3259824,39028891,Samsung Galaxy Note 8.0
3260756,39040775,Sunnylven Church
3261084,39045479,Samsung Galaxy Express
3261432,39049648,The Dark Sun
3262264,39059948,Dave Sunley
3262300,39060182,Chiang Fu-tsung
3262842,39066034,Sunil Kumar Lahoria
3262996,39068736,Samsung Galaxy S Duos
3263215,39071123,Black Out the Sun
3263418,39073112,Sunday Jones
3263510,39074174,Sunset Beach Hotel
3264178,39081105,Sunningdale Barrow
3264798,39086408,Samsung Galaxy Mega
3264821,39086805,Song of General Kim Il Sung
3265132,39090345,My God Is the Sun
3265233,39091375,5 Sundarikal
3265553,39094493,"Sunshine, Kentucky"
3265994,39099275,The Sun Machine
3266007,39099355,On the Sunny Side (1942 film)
3266772,39108451,Put ka Suncu
3267453,39116025,Sun-Shooting Tower
3269427,39139394,Te o Tsunagō / Kindan no Karma
3270052,39146966,Gingitsune
3270063,39147078,2013 FK Haugesund season
3270105,39147645,2013–14 Phoenix Suns season
3270169,39148438,Low Winter Sun (American TV series)
3270279,39150486,Song Sung Blue (album)
3270569,39154241,2013–14 Arizona State Sun Devils men's basketball team
3270818,39157105,Sunlight Jr.
3271550,39166415,Taiwanese Presbyterian Church in Asuncion
3271975,39169683,Hank Osasuna
3272262,39173062,Midsund (village)
3272366,39174263,Albert Sun-Chi Chan
3272413,39174729,Sekolah Kebangsaan Sungai Binjai
3272671,39178020,Samsun Castle
3272792,39179748,Samsung Galaxy Ace 3
3273134,39185097,Sunway College
3273481,39189072,Waterloo Sunset: The Very Best of The Kinks & Ray Davies
3273535,39189771,Josefine Sundström
3273930,39194680,Sundar Narayana Rao
3273950,39194899,Samsung Knox
3273968,39195104,Sunnersta AIF
3274213,39196970,Cho Sung-mo
3274276,39197782,"Sunnyside, Kentucky"
3274618,39201738,Sunliner Express
3274704,39203109,Henry Sun
3274770,39204254,Shri Shankarlal Sundarbai Shasun Jain College for Women
3274860,39204973,Another Sunday and Sweet F.A.
3275134,39207543,Solemn Sun
3275226,39208421,Hugo: Quest for the Sunstones
3275383,39210384,Janet Sung
3275955,39217660,Suicide of Sunil Tripathi
3276438,39222604,Sunday Times Rich List 2013
3276520,39223434,Asunción Rift
3277177,39230158,Sun So-eun
3277450,39232763,"List of people from Sunbury County, New Brunswick"
3277767,39235923,1989–90 Sunderland A.F.C. season
3277889,39237477,The Sunshine of Your Smile
3277940,39238393,Financial Review Sunday
3278820,39248516,Order of Dr. Sun Yat-sen
3279495,39255990,Sunshine Coast Rugby Union
3279609,39258263,Sung Yi-chieh
3279939,39261732,Sundaram-Clayton
3280399,39268412,Sun Lih-chyun
3280647,39271045,Sunday Edition
3280879,39273728,Daily Sun (Bangladesh)
3281349,39280517,2013 Sun Belt Conference baseball tournament
3281831,39285126,Sungan
3281949,39287082,Come to the Sunshine
3282369,39292343,Yuen Tsun Nam
3282428,39292754,Sånga-Sundby
3282647,39295843,Sun Gro Centre
3282946,39298696,Samsung NX1000
3283624,39305797,Sunbeam Tiger
3283832,39307983,The Golden Sun of the Great East
3283875,39308438,Sophie and the Rising Sun
3284354,39314349,Samsung Galaxy Core
3286142,39334131,Brandywine Manufacturers Sunday School
3287568,39352237,Sunbury Football Netball Club
3287789,39354630,Sungai Kial Forest Reserve
3288742,39364598,Time for Sunday School
3288840,39365623,Empress Sunmyeonghyo
3289044,39367366,"San Carlos Borromeo y Nuestra Señora de la Asunción, Montevideo"
3289493,39372211,Eun-sung
3289717,39374923,Hye-sung
3291555,39396069,Sunshine (Everybody Needs a Little)
3291793,39398577,2013–14 Sun Pegasus FC season
3291868,39399876,Lee Eun-sung
3291903,39400408,Sun-hee
3292004,39401672,Sung-mo
3292259,39404824,On the Sunny Side
3292275,39405019,Aaru Sundarimaarude Katha
3292470,39406708,La Asunción Cathedral
3293412,39416847,Sunari Wala
3293493,39417839,Sun Ba Power Plant
3293812,39420616,Sunset at Chaophraya (2013 film)
3293844,39421052,Sunset at Chaophraya
3294162,39424649,Sunnyside Country Club
3294179,39424828,The Sunday Guardian
3294504,39427998,Sunday All Stars
3294768,39432496,Camosun (steamship)
3294959,39435456,Samsung Galaxy Win
3295130,39437425,Country House Sunday
3295443,39440563,Bersun
3295727,39443791,Operation Rising Sun
3295745,39443991,The Tired Sun
3295970,39446312,Sun-ok
3296522,39453649,Lin Tsung-hsien
3296743,39456225,Polynesia sunandava
3296821,39456956,Triangle of the Sun
3296895,39457743,Sun Center Studios
3297191,39461714,Ōsunaarashi Kintarō
3297496,39465128,2013–14 Sun Hei SC season
3297705,39467109,Kip Sundgaard
3297935,39469499,Oscar Engsund
3298029,39470805,Traitor's Sun
3298110,39471934,Suncake
3298375,39474817,Eois sundasimilis
3298384,39474927,Hadsund Syd
3298711,39478829,1997–98 Sunderland A.F.C. season
3298995,39481986,"Sunnyfields (Simeon, Virginia)"
3299005,39482079,Sunny Bank
3299371,39486159,Sundqvist
3300042,39493973,Sunbeam Peak
3300110,39494758,2013 Sun Belt Conference football season
3300694,39501291,Alive (Empire of the Sun song)
3300798,39502370,Sun Red SR21
3301159,39506160,Bluespotted sunfish
3301184,39506528,On the Sunny Side (Paul Quinichette album)
3301560,39510442,Sundhöll Reykjavíkur
3302750,39523332,Datsun DA
3303178,39528804,The Sun Still Rises
3303744,39533515,Datsun DB series
3303969,39536695,Samsung Galaxy S4 Mini
3304153,39538237,North Sunshine Football Club
3304736,39544127,Ludvig Engsund
3305174,39548355,P. Balasundarampillai
3306429,39563207,Auckland Sun
3306694,39565974,Park Sung-woo (badminton)
3306830,39567435,Synod of the Sun
3306995,39569386,Physician Payments Sunshine Act
3307973,39582033,The Town That Dreaded Sundown (2014 film)
3308175,39583847,Li Tsung-chueh
3308371,39586195,Samsung NX series
3308778,39590533,Sun Midnight Sun
3308809,39591365,Samsung Galaxy Note 3
3309082,39595069,History of the Gold Coast Suns
3309719,39604195,Old Style leap year starting on Sunday
3310486,39612646,Just a Little Misunderstanding
3310526,39613040,Sunstate Coaches
3311260,39621402,Black Sun (Leessang album)
3311348,39622565,Pinoy Sunday
3311418,39623448,Samsung Galaxy Young
3311729,39627048,The Frogs and the Sun
3311916,39628112,Sundby Church
3312025,39629174,Sundby
3312169,39630574,Kim Sung-hoon (biologist)
3312538,39635272,Sunset Overdrive
3313047,39640851,Sun Zhe
3313062,39640995,Wahab Dosunmu
3313117,39641756,Sun Te-hsiung
3313196,39642840,Baek Sung-hee
3313598,39646456,Sunny and 75
3315260,39663878,Don't Let Me Die on a Sunday
3315267,39663995,Sun (film)
3315404,39665638,Samsung Intensity (series)
3315526,39666695,Samsung Intensity II
3315700,39667964,Emily Sundblad
3315929,39669815,CBS Sunday Movie
3315947,39670077,NBC Sunday Night Movie
3316037,39670837,Master's Sun
3316162,39672429,Sunderland Orphan Asylum
3316174,39672605,Sunshine duration
3316416,39675237,Hong Sung-chil
3316552,39676214,Tsai Hsun-hsiung
3316903,39680406,Sunjammer (spacecraft)
3317273,39683784,2013–14 Sunderland A.F.C. season
3317357,39684759,M. Nadarajasundaram
3318209,39695100,Samsung SGH-E700
3319556,39709375,Sunud
3320485,39718766,Prasun Banerjee
3320516,39719107,Sunday (name)
3321669,39731739,BRT Sunway Line
3322021,39735013,Samsung Ativ Q
3322107,39736892,Sunshine Heights Football Club
3322403,39740532,In Search of Sunrise 11: Las Vegas
3322474,39741193,Khok Sung
3322573,39741772,BBC Sunday-Night Play
3323397,39748894,Sunset Beach (Treasure Island)
3323905,39754670,Presbyterian Church in Korea (SungHapChuk)
3324176,39757587,Tino Sunseri
3324592,39763443,Sung Dong-il
3324685,39764672,Kang Ho-sun
3325577,39774352,V. S. Sunder
3325767,39775952,Sunamganj Stadium
3326464,39781327,A Color Map of the Sun
3326502,39781652,Vietnam Veedu Sundaram
3326521,39781894,Kim Gap-sun
3327163,39788472,1991 Sunbelt Independent Soccer League (outdoor) season
3327565,39793608,2013 Sun Bowl
3328058,39797102,Datsun DS series
3329237,39809656,Sunshine in the Rain
3329294,39810236,Sundaram Thangavelu
3329407,39811132,R. Kanagasuntheram
3330006,39818837,Nyanyi Sunyi
3330981,39830883,Sunil Banerjee
3331064,39831551,"Juan Tellez-Girón y Enriquez de Ribera, 4th Duke of Osuna"
3331194,39832952,Akselsundet
3331276,39833671,Sun Island
3331490,39836024,Sunny Fong
3331704,39838843,Storøysundet
3331991,39841382,2013–14 CA Osasuna season
3332640,39847689,Whitsunday wire eel
3332914,39849886,Sundancer (album)
3333309,39853070,Sunny Day (song)
3333626,39857913,Jang Jin-sung
3333755,39859350,Lütfullah Aksungur Sports Hall
3333852,39860077,Sedat Celasun
3335198,39879360,Sunit Ghosh
3335607,39885700,"Sunrise (Gore, Virginia)"
3336374,39894659,Östersunds IK
3336879,39901424,Presbyterian Church in Korea (SunGyo)
3337458,39906628,Narsun
3337776,39911634,Samsung Galaxy Star
3337866,39912615,Hatsune Miku: Project DIVA F 2nd
3338186,39915377,Samsung Heavy Industries Rugby Club
3338881,39922855,Rivalensundet
3338931,39923283,Lydiannasundet
3339600,39930029,Hamnsund Church
3340532,39939017,Bahsun-e Mushemi
3340783,39943613,Samsung REX
3340945,39944907,Peri Sundaram
3341546,39951206,List of Sunday Without God episodes
3341844,39954078,Padma Sundar Malla
3342631,39963297,A. Sivasunderam
3342704,39964015,2009 Atlantic Sun Conference baseball tournament
3343177,39971373,Kings of the Sun (band)
3343206,39971718,Datsun Go
3343727,39977968,2008 Atlantic Sun Conference baseball tournament
3344074,39981943,Yanacocha (Asunción)
3344980,39992429,Mariasundet
3345263,39995071,Gibraltar: Britain in the Sun
3345565,40000038,Manasunu Maaya Seyake
3345822,40002178,Sun-burst soft coral
3346431,40008926,Nicola Asuni
3347193,40017445,Sunday's Silence
3347415,40019405,Sunday Shalom
3347762,40025839,Sun Valley High School (Pennsylvania)
3347809,40026530,Sunita Rajwar
3347863,40027499,Ordu–Giresun Airport
3349767,40049926,It's Always Sunny in Philadelphia (season 9)
3349849,40050857,Bard Rasun-e Olya
3349850,40050860,Bard Rasun-e Sofla
3349851,40050862,Bard Rasun
3349898,40051144,Dial M for Murder (Sunday Night Theatre)
3350234,40053759,Sunnyside mine
3350361,40055683,2002–03 CA Osasuna season
3350534,40057746,Dark Sun Creature Catalog
3350744,40059924,Hasund
3350899,40061348,Harpalus glasunovi
3351021,40063060,Ålesund Church
3351291,40066477,Somasundara Palem
3351398,40067874,Victory Over the Sun (song)
3351483,40068867,No Sung-ho
3351782,40072620,Sunnyside Christian High School
3351816,40073014,Second Sunday of Easter
3351846,40073294,Hyun Woo-sung
3352002,40074954,Dasun Paranavithana
3352152,40076507,Ukwatte Jayasundera
3352451,40080121,Daming Sunusi
3353499,40094737,Sundre Church
3353828,40099185,Lee Sung-hyun
3353854,40099569,The Newcastle Sun
3354231,40103632,1979 Nice tsunami
3354900,40111997,Sundatheria
3355190,40115333,"Sunnyside Farm (Hamilton, Virginia)"
3356078,40124736,2007 Atlantic Sun Conference baseball tournament
3356688,40131868,Sun temple (disambiguation)
3356773,40133112,Im Sung-han
3357418,40139561,Sørøysundet
3357608,40142113,Sun Hill Production
3357917,40145005,2006 Atlantic Sun Conference baseball tournament
3358110,40146753,1995 Arizona State Sun Devils football team
3358130,40146879,1977 Arizona State Sun Devils football team
3358881,40154605,Txemi Urtasun
3358932,40155337,Sun Jie (footballer)
3358941,40155391,Sun Jie
3359183,40157954,SS Mormacsun
3359317,40159141,Cemetery Sunday
3359994,40165294,Samsung Galaxy Tab 3 7.0
3360064,40166254,Samsung Galaxy Tab 3 10.1
3360101,40166712,Samsung Galaxy Tab 3 8.0
3360310,40169410,SUN Area Technical Institute
3360987,40177292,Kvalsundet
3361003,40177534,Sun in the Sands
3362089,40182271,"City of the Sun, New Mexico"
3362413,40185987,"Sunnyside (Clarksville, Virginia)"
3362924,40189771,Half of a Yellow Sun (film)
3363455,40193995,Samsung WatchON
3363551,40195332,Vargsundet
3363559,40195415,Stjernsundet
3364655,40205163,Gisundet
3364670,40205400,Grøtsundet
3365015,40209178,Dalsfjorden (Sunnmøre)
3365224,40211697,Kvalsundet (Tromsø)
3365973,40220785,We Share the Same Sun
3366640,40228550,Sunil Alagh
3367039,40232261,"Sundby, Copenhagen"
3367312,40235832,Far Away from the Sun
3367656,40239734,Sunburst Records
3368261,40245483,InterContinental Danang Sun Peninsula Resort
3368505,40248611,Sunampur
3369153,40256440,Verrasundet
3369466,40259960,Suntu
3369622,40261230,Sundman
3369900,40265821,Sunshine on Leith (film)
3370074,40267000,It's Always Sunny in Philadelphia (season 10)
3370247,40269517,Samsung Hub (building)
3370248,40269523,Samsung Hub
3370495,40272802,Samsung Galaxy Gear
3370499,40272826,Samsung Galaxy Note 4
3370800,40276453,Sun Tzu (disambiguation)
3371046,40280278,Everyday Is Like Sunday (film)
3371156,40281739,Sunday Sunrise (song)
3371338,40283831,Sun Bo (footballer)
3371346,40283899,Sun Bo
3371425,40284801,Our Sunhi
3371595,40286680,Aehsun Talish
3371635,40287008,Sun Guowen
3372518,40294867,A Sunday in September
3372967,40305694,Sunny (dog)
3373884,40314247,Bright Sunny South
3374170,40318648,Sun Zheng'ao
3374192,40318949,Tursun Tuychiev
3374196,40318967,"Navobod, Tursunzoda"
3374205,40318989,"Mirzo Tursunzoda, Shahrinav District"
3374209,40319008,"Mirzo Tursunzoda, Hisor"
3374401,40321862,Song Sun-mi
3375952,40338297,Sande Church (Sunnmøre)
3376017,40339439,Sun Loong
3376322,40342502,"Sunnyside (Heathsville, Virginia)"
3376633,40347429,"List of historic places in Sunbury County, New Brunswick"
3376705,40348407,List of Sun Belt Conference champions
3377551,40360421,24 Hours (Sunmi song)
3378071,40365670,Maroon-naped sunbird
3378074,40365740,Luzon sunbird
3378081,40365825,Bohol sunbird
3378363,40368779,Youn Sung-woo
3378689,40371512,List of Arizona State Sun Devils football seasons
3378824,40373762,DSB Øresund
3379064,40377771,2009 Sunoco Red Cross Pennsylvania 500
3379068,40377801,K. P. A. C. Sunny
3379465,40382370,SynSUN
3379600,40384270,Samsung Galaxy S5
3380570,40398304,Samsung Galaxy Duos
3381393,40408244,Park Sun-young (actress)
3382557,40422079,Sunshine (Talk Normal album)
3382984,40428686,Vladimir Lisunov
3383103,40430460,Sun täytyy
3383273,40433026,The Dark of the Sun
3383813,40439485,Sun Cruise Resort & Yacht
3384210,40443161,Halvmånesundet
3384359,40445059,"Sunjiawan, Liling"
3384700,40447814,Park Sung-joon (golfer)
3385203,40453617,Sunair Sunlight
3385576,40456898,Dursun Khvajeh Rural District
3386031,40461869,Samsung Galaxy Note 10.1 2014 Edition
3386368,40465580,Sundsvalls DFF
3386398,40465760,Collette Sunderman
3387028,40473126,Sunday Best (season 5)
3387970,40484409,Sunset at Montmajour
3388994,40492985,Yuki Sunaga
3389029,40493385,Cho Sung-min (sailor)
3389144,40494428,A Month of Sundays
3389998,40501845,Motor Sundaram Pillai
3390775,40511321,Inside of Me (Dead by Sunrise song)
3390845,40512423,The Same Sun
3391074,40515406,Children of the Sun (Tinie Tempah song)
3391424,40519932,Reaching for the Sun
3391525,40521087,Sun Ziyue
3392622,40533440,Sunshine on Leith (musical)
3393089,40539697,"Eilean Mòr, Loch Sunart"
3393202,40541505,Sundara Purushan
3393330,40543246,SUN Innovations
3394378,40555271,Samsung NX300
3394700,40560388,The Sunny South (painting)
3394815,40561156,The Sunny South
3394826,40561209,Sunny South
3395040,40562463,Mahasundari Devi
3395069,40562882,Sunil Maitra
3395678,40572615,The Bellingen Shire Courier-Sun
3395714,40573376,Sun Yanan
3396880,40585454,Chris Sununu
3397222,40589355,Sunny South Raceway
3397959,40598230,Han Sung-hee
3398089,40599597,Heart of Darkness (Burnt by the Sun album)
3398369,40601895,Sunchado cannons
3398397,40602259,Helge Sunde
3399035,40610015,Sun Guangxian
3399681,40616252,"Ram Sundar Pilot High School, Bishwanath, Sylhet"
3399768,40617053,Sunbury railway station
3399769,40617061,Chamaita sundanympha
3400450,40623957,Asuncion Raymundo
3400829,40627898,Catch the Sun
3401098,40630256,Their First Misunderstanding
3401358,40633336,Sunshine Gardens
3402376,40645105,Tsunami (Dvbbs and Borgeous song)
3403119,40653422,Ezhu Sundara Rathrikal
3403559,40658172,Greenpeace Arctic Sunrise ship case
3404184,40664828,Anjan Sundaram
3404317,40667185,Ambilstar Sunn
3404320,40667225,Sun Yat-sen Museum Penang
3404758,40672175,Sunshine State Games
3405335,40676877,When the sun
3405573,40679642,Former Residence of Sun Yat-Sen (Shanghai)
3405620,40680374,Franklinsundet
3406223,40686594,"Sunnyside (Washington, Virginia)"
3406803,40694615,Too Late (Dead by Sunrise song)
3407187,40698523,Asunción Escalada National Highschool
3407495,40702265,Cathedral of Santa Maria Assunta
3407644,40704146,"Sunnyside (Lexington, Virginia)"
3407865,40706294,Sundakhar
3408062,40708042,2013 Sungai Limau by-election
3408247,40710723,Higher than the Sun (song)
3408378,40711661,Sree Sundareswara Temple
3408580,40713706,Magnificent sunbird
3408749,40715290,Sundarakilladi
3408966,40717885,Sweetheart of the Sun (The Greencards album)
3409471,40723633,Higher than the Sun
3409499,40723923,Tsunako
3409590,40724931,Sun King Brewing
3409722,40726929,Low Winter Sun (British TV series)
3411439,40743285,Samsung Galaxy S4 Zoom
3411455,40743422,"Sunnyside (Newsoms, Virginia)"
3411799,40747406,Samsung Galaxy Round
3411994,40749761,Gold Coast Sun
3412302,40753134,Samsung Galaxy S4 Active
3412406,40755066,Rio Grande Sun
3412437,40755571,Sunland Inc.
3413582,40765206,The Weekend Sun
3413713,40766361,Canadian Sunrise
3413801,40767472,Sunday Scoop
3415118,40781444,Hilal Tuba Tosun Ayer
3415265,40782626,Sunshine on Leith
3415530,40785312,Shyam Sunder (economist)
3416087,40790999,Walkin' in the Sunshine
3416897,40797971,Sudha Sundararaman
3417141,40799798,P. N. Sundaram
3417411,40802076,"Sunnyside (Charlottesville, Virginia)"
3417812,40805859,INS Sunayna (P57)
3418068,40808135,Tine Sundtoft
3418136,40808794,2013 Samsung Securities Cup – Women's singles
3418137,40808797,2013 Samsung Securities Cup – Women's doubles
3418332,40810434,"Granön, Sundsvall"
3418475,40811486,Sunray Agricultural Historic District
3418873,40815159,Sunshine Dad
3418874,40815170,The Sunday Times (Sydney)
3419013,40816891,Sunday Side Up
3419123,40818210,Hong Sung-won
3419723,40823711,Suneh
3419997,40825780,Yang Sung-chul
3420076,40826813,Sung-chul (name)
3420182,40827604,Samsung Galaxy Fame
3420194,40827678,Electoral district of Sunbury
3420390,40829209,Samsung Galaxy Pocket Duos
3420403,40829313,Samsung Galaxy Pocket Plus
3420414,40829477,Samsung Galaxy Pocket Neo
3420429,40829626,Samsung Galaxy Y Plus
3420865,40833120,Breakfast at Sunrise
3421549,40839684,Bjørnsundet
3421821,40842886,Gilessundet
3421826,40842915,Poortsundet
3422514,40849770,Sunil Padwal
3422537,40849851,Sunday Assembly
3422717,40851592,Lumaria lotsunica
3423454,40858631,Lepteucosma charassuncus
3423480,40858852,Sunny Garcia Surfing
3424994,40872234,Mount Sungay
3425250,40874257,The Boy from the Sun
3426802,40889638,Sunday Emmanuel (athlete)
3426821,40889886,List of Sun Belt Conference football champions
3427489,40895720,Samsung Ativ Tab 3
3427494,40895779,2013 Samsung Securities Cup
3427497,40895801,2013 Samsung Securities Cup – Men's singles
3427919,40899726,Stop the Sun
3427957,40900463,The Sunken Yacht
3428034,40901492,Fernando O. Assunção
3428157,40902558,Presbyterian Church in Korea (HapDongYeSun)
3428785,40908841,Samsung Ativ Tab 5
3428846,40909572,Cho Sung-ki
3428887,40910200,Han Sun-soo
3428892,40910246,Sun Ba Power Corporation
3428944,40910698,2013 Samsung Securities Cup – Men's doubles
3428962,40910868,City Hospitals Sunderland NHS Foundation Trust
3429174,40913185,Land-O-Sun
3429289,40914453,Samsung Ativ Tab 7
3429697,40916849,Sunset Blvd. (album)
3430146,40919912,Sung-jae
3430147,40919923,Jae-sung
3430241,40921114,Sunil Kashyap
3431517,40932847,Dasun Madushan
3432034,40936871,Winterstoke sun shelter and rock gardens
3432074,40937843,Rugsund
3432161,40939280,Sunbeam RYS (1874)
3433827,40955987,Solveig Sundbø Abrahamsen
3434143,40959841,Carl Sundberg
3434152,40959963,Iraq Sun
3434514,40963321,P. S. Manisundaram
3434648,40964809,Raftsundet
3435005,40969299,Sungai Siput incident
3435186,40971017,Williams-Cangie WC-1 Sundancer
3436891,40987088,Qiansun
3438286,41012468,Sune och Svarta Mannen
3438700,41017814,Samsung Galaxy Express 2
3438855,41021344,Kwon Yeo-sun
3439175,41025284,Yasunori Oshima
3439459,41027178,SportsUnited
3440313,41036282,Sagan om Sune
3440316,41036308,Sune börjar tvåan
3440317,41036319,"Självklart, Sune"
3440877,41041855,Sunbeam (band)
3441354,41047514,Kim Sun-kee
3441728,41049921,Sunila Devi
3442497,41057043,Egon Sundberg
3442515,41057196,Sunil Shroff
3442760,41060262,Chaudhary Sunil Singh
3443638,41068065,Megitsune
3445912,41091076,The Land of Sunshine
3446630,41098235,1953 Sunderland South by-election
3446867,41099418,Eva Wanasundera
3446921,41099949,List of Shahs of Sunset episodes
3448391,41117164,Samsung Galaxy J
3449582,41128465,Kim Sung-hong
3450202,41133826,Sunshine Football Club (WRFL)
3450205,41133840,Sunshine Football Club
3451437,41146938,Samsun Amisos Hill Gondola
3452284,41154456,Leif Sundin
3453157,41165334,2005–06 CA Osasuna season
3453392,41167634,Samsung Galaxy NX
3453497,41169076,2013 Atlantic Sun men's soccer tournament
3453541,41169830,Utsunomiya Bunka Kaikan
3453880,41174170,Sunil Bahadur Thapa
3454005,41174737,Sunnyside School–Midway Baptist Church and Midway Cemetery Historic District
3454036,41174883,Hiromi Matsunaga (baseball)
3454383,41178055,"Usun-Kyuyol, Verkhnekolymsky District, Sakha Republic"
3454723,41180305,Sar Sunj
3454727,41180312,"Sunj, Baneh"
3454752,41180537,Sunj
3454796,41181061,Sunbeam Bomber
3455095,41185745,Vakiti Sunitha Laxma Reddy
3455456,41190453,2014 Sunshine Tour
3455764,41193751,Sun (Belinda Carlisle song)
3456278,41199232,Sunny Sauceda
3456730,41203728,Samsung Galaxy Grand 2
3457564,41214150,Sunrise Musical Theater
3457917,41217444,Slumville Sunrise
3458216,41221707,UnSun
3458384,41223261,Kuydusun
3459695,41237822,Suntukan
3459742,41238381,Tsuneari Fukuda
3460495,41246760,The Meeting of a Thousand Suns
3460569,41247773,Sunrise (How I Met Your Mother)
3460897,41251623,Chen Bing Sun
3461225,41254416,"Vik, Sunnfjord"
3461279,41254921,Sunrise Christian School
3461581,41258656,"Christ Church, Port Sunlight"
3461649,41259265,Samsung YP-R0
3463066,41274179,Lee Sungboo
3463153,41275316,Baker Nagar Sundrasi
3463642,41282183,Ashokasundari
3464600,41292209,Sunnyside Garden Arena
3465005,41296013,Park Taesun
3465056,41296587,Chau Tsun-nin
3466686,41315091,"Sun Li (writer, born 1949)"
3466983,41319084,Hadsund Butikscenter
3467437,41323426,List of Jewelpet Sunshine characters
3468145,41330400,"Søndergårde, Hadsund"
3468187,41330581,Ahmadabad Sunaj
3468224,41330782,Qilsun
3468234,41330801,"Sunaj, Saqqez"
3468433,41333475,Sungei Jurong
3468977,41339544,Under the Same Sun
3469908,41350457,Lee Sung-yeol
3470473,41357031,Hadsund Huse
3470669,41359194,2013–14 Arizona State Sun Devils women's basketball team
3470671,41359234,Sunnybrook School (Toronto)
3470836,41361183,Kim Sung-ryung
3470944,41362458,Vasundhara (film)
3471871,41372010,Nessuno è perfetto
3472740,41383386,"Sun Inn, Barnes"
3472910,41384942,Samsung Galaxy S Duos 2
3472925,41385161,Samsung Galaxy Core Advance
3473065,41386974,Steinsundøyna
3473948,41395347,Super Sun SC
3474356,41400537,2014 Arizona State Sun Devils football team
3474486,41401970,Mokhallesun
3475140,41409250,Erika Sunnegårdh
3475821,41416592,Sung Ching-yang
3475840,41416775,The Virgin of the Sun
3476381,41421066,Sun Wizard
3476580,41423232,Sunflower Splendor: Three Thousand Years of Chinese Poetry
3476822,41426024,Sunni Students' Federation
3476975,41427611,Patrick Sung
3477468,41433125,Sunny Hale
3478072,41439844,1993 Arizona State Sun Devils football team
3478667,41445481,Mohan Sundar Deb Goswami
3478837,41447819,"Saturday, Sunday and Friday"
3479935,41463213,EV7 The Sun Route
3480943,41475307,Jin Sun-kuk
3481369,41480817,Tsunami fish
3481608,41483890,Sunshine After the Rain
3481898,41489580,Sun Sheng (Southern Tang)
3482180,41492785,Samsung YP-R1
3482362,41494700,1931 Sunderland by-election
3482461,41495773,Sunset Limousine
3483082,41502798,1920 Sunderland by-election
3483125,41503147,Sun Sheng
3483559,41509365,Samsung Galaxy Chat
3483637,41510152,Kulusunnakh
3485725,41532511,Sunehri Masjid (Chandni Chowk)
3485940,41535468,Sun Belt Conference football
3486241,41538651,2014 Atlantic Sun men's basketball tournament
3486470,41541167,Sunshine & Whiskey
3487724,41553800,Sundargarh Assembly constituency
3487896,41555288,Carla Sunberg
3488925,41567793,Days of the Fallen Sun
3489098,41568952,Sunuchi
3489333,41571045,Sunset station (New York)
3489679,41574684,Samsung Galaxy Tab Pro 8.4
3489683,41574746,Church of Nuestra Señora de la Asunción
3489753,41575219,Church of la Asunción
3490503,41580903,Sungai Ara F.C.
3490709,41583635,Takahiro Matsunaga
3491227,41589558,Sun Throne
3491604,41593967,Sun temple
3492726,41605213,North Coast Tsunami
3492966,41607239,In Sunlight and in Shadow
3493186,41609608,Samsung Galaxy Note Pro 12.2
3494138,41619789,Sun of the Alps
3495147,41631672,"The Creation of the Sun, Moon, and Plants"
3495261,41633019,Samsung Galaxy Tab Pro 10.1
3495301,41633248,Samsung Galaxy Tab Pro 12.2
3495765,41637994,"East Carbon-Sunnyside, Utah"
3495862,41638992,Ladislaus Sunthaym
3496217,41642771,Happiness Is (Taking Back Sunday album)
3496863,41650114,2014 Sun Belt Conference baseball tournament
3497004,41652140,Son of the Sunshine
3497030,41652430,Sunder Lal
3497312,41655311,Sun-hwan Chung
3497456,41657230,Sunder Nursery
3497574,41658563,Sunshine Island
3498624,41669617,2014 Atlantic Sun Conference baseball tournament
3498663,41669863,Sunethra Bandaranaike House
3498955,41673126,Samsung Galaxy Tab 3 Lite 7.0
3499193,41675918,Mayhem on a Sunday Afternoon
3499239,41676568,2014 Sundance Film Festival
3499419,41678555,List of films at the 2014 Sundance Film Festival
3499969,41684088,ASUNARO: Action for Youth Rights of Korea
3500259,41687427,Bessungen
3500430,41689493,Race the Sun (video game)
3501435,41699774,2014 Sun Belt Conference football season
3502670,41711722,Beautiful Sunday (song)
3502841,41713403,Super Sun
3504682,41732544,Longusunguis
3504808,41734059,Nanjing Olympic Suning Tower
3505428,41740650,Port Sunlight War Memorial
3505704,41743298,Someday (Place in the Sun)
3505771,41744085,"Morning Sun Township, Louisa County, Iowa"
3505849,41744923,Another Me (Kim Sung-kyu EP)
3506001,41746762,An Sung-hun
3506143,41748459,Sunny Stories
3508074,41770168,Samsung ZEQ 9000
3508241,41771431,1977 Sun Bowl (December)
3508801,41777735,Sunbeam-Talbot 2 Litre
3509528,41786567,Shyam Sunder Goenka
3509713,41788885,Sunapee trout
3510992,41801634,Ice Cream Sundae (disambiguation)
3511088,41802736,Brock Sunderland
3511115,41803036,Sune Malmström
3511179,41804635,Sunara Begum
3511522,41809246,Sunao Okamoto
3512258,41816364,Operation Sundown
3514365,41837392,Sunil Dabas
3514770,41841356,Sunset (Michel Teló album)
3515385,41848951,Kusunose Kita
3515576,41850915,Sun Jiazheng
3515849,41853280,Rishika Sunkara
3516383,41858929,The Canticle of the Sun (Sowerby)
3516439,41859481,Three Suns (eschatology)
3516459,41859713,Sunday Oboh
3516470,41859814,"Usun-Kyuyol, Suntarsky District, Sakha Republic"
3516498,41860014,"Kutana, Suntarsky District, Sakha Republic"
3516499,41860048,"Tumul, Suntarsky District, Sakha Republic"
3516505,41860162,"Kharyyalakh, Suntarsky District, Sakha Republic"
3516518,41860521,"Tolon, Tolonsky Rural Okrug, Suntarsky District, Sakha Republic"
3516562,41860824,"Arylakh, Suntarsky District, Sakha Republic"
3516581,41861211,"Tolon, Khadansky Rural Okrug, Suntarsky District, Sakha Republic"
3516584,41861274,"Khoro, Suntarsky District, Sakha Republic"
3516745,41863010,The Canticle of the Sun (Gubaidulina)
3518177,41876684,Sunekosuri
3518893,41884327,Tsunetoshi Tanaka
3519270,41888563,Alsunga Municipality
3519314,41889201,Trance to the Sun
3519316,41889218,Brass Sun
3519515,41890510,Jang Hyun-sung
3520154,41897914,Sunnyclist
3520916,41906953,Yasunori Kikuchi
3520972,41907716,List of warships sunk during the Russo-Japanese War
3521139,41909064,Full Moon (Sunmi EP)
3521165,41909267,Sun Structures
3521742,41914235,Theodore Sunday Wrobeh
3522608,41920778,Goulburn Valley Suns FC
3523109,41925221,Shukseb Jetsun Chönyi Zangmo
3523366,41929086,Samsung Notebook 9
3523470,41929853,Sunnydale Farm
3523536,41930732,Suna no Shiro (song)
3523632,41932160,Project Sunshine for Japan
3524721,41941342,Three Sundays to Live
3524754,41941684,Yun Sung-bin
3525191,41945943,2014 Sun Belt Conference men's basketball tournament
3525864,41952690,Touch Sunnix
3526377,41958455,As Sure as the Sun
3527274,41968954,Artificial Sun (Russian label)
3527361,41969821,Bengt Sundkler
3528169,41980073,Yasunori Ogura
3528312,41981645,Goals on Sunday (1989 TV programme)
3528998,41987809,Anbariya Sunni Community
3529738,41997256,Sun Haiying
3529815,41997894,Nudaria sundamollis
3530548,42005222,Jin-sung
3530549,42005247,Yang Jin-sung
3532094,42021809,Samsung Gear 2
3532279,42023359,Bayerische Verfassungsmedaille
3532502,42025882,Samsung Galaxy S5 Mini
3532651,42027554,Sunny Franco
3532880,42030543,Sunny Saha
3532882,42030561,Girl in the Sunny Place
3533358,43001214,Sunbathing Animal
3533983,43008154,Mi-sun
3533986,43008181,Min-sun
3534557,43014162,Hee-sung
3534807,43016803,Hareth Shanshal Sunaid
3534912,43018178,Fool (Mansun song)
3534917,43018307,Slipping Away (Mansun song)
3536948,43039499,Samsung Galaxy Tab S
3537052,43041256,Sunamphitoe femorata
3537077,43041698,Bornean Sun Bear Conservation Centre
3537199,43043027,Samsun 19 Mayıs Stadium
3537402,43045019,Sunday Library for Household Reading
3537959,43051664,Samsung Galaxy Tab S 8.4
3537966,43051750,Samsung Galaxy Tab S 10.5
3538045,43052555,Samsung Galaxy F series
3538453,43058667,Shin Sung-chul
3538791,43062703,Sunny Skies (film)
3538856,43063428,Shin Mi-sung
3539338,43069397,Kim Sung-bae
3539880,43075336,Sundacossus
3540109,43078228,Bad Suns
3540237,43079497,Hee-sun
3540430,43082128,List of Arizona State Sun Devils in the NFL draft
3540666,43083762,Kyung-sun
3542676,43105073,Rungsung Suisa
3542798,43106565,Kim Jin-sung (baseball)
3544388,43122629,Sunset Formation
3544477,43123160,Sundacossus timur
3545035,43128670,Sundacossus gauguini
3545129,43129665,"Sunnydale, Kansas"
3545356,43131863,Sungaya
3545973,43137743,Listed buildings in Frederikssund Municipality
3546189,43141151,"Rising Sun, Mill Hill"
3546459,43143697,Sungei Pari Towers
3546523,43144065,Samsung Gear Live
3547085,43150355,Jin-sun
3547759,43156676,Sun FM (Sri Lanka)
3548514,43165342,Roar: Tigers of the Sundarbans
3548735,43167696,Burning Sun (EP)
3549451,43175296,Sunny Afternoon (musical)
3549617,43177913,Choi Sung-min
3550232,43182457,Lovers on the Sun
3550763,43187951,Eighteen in the Sun
3550765,43187986,Sunrise Point
3551237,43193341,Sun Country PGA Championship
3552134,43203272,Kampung Sungai Ba
3552231,43204558,"Sunrise, Sunset"
3552369,43206427,Live from Soundscape (Sun Ra album)
3552830,43211681,Norheimsund Church
3552852,43211938,Cosmos (Sun Ra album)
3552924,43212723,Sundance (activist)
3552975,43213144,Unity (Sun Ra album)
3553626,43219621,ASUN Conference baseball awards
3554333,43227249,Sunqu Urqu
3554523,43229477,Sung-yong
3554542,43229659,Sunset (apple)
3554722,43231325,List of songs written by Tsunku
3554796,43232139,Eastern Sunz
3555084,43234680,Sleeping Beauty (Sun Ra album)
3555116,43235322,Suni (director)
3557147,43253362,Acanthomyrmex dusun
3558225,43260859,Kasun Eljabal
3558877,43266082,Sunrise Formation
3558931,43266268,Sunflower Formation
3559639,43270572,Yasunori Miyoshi
3560588,43281178,Sunday Night Football (Australian TV program)
3560798,43282944,2014–15 CA Osasuna season
3561372,43288646,Samsung Galaxy Spica
3561515,43290777,Dal Bahadur Sunar
3561625,43291740,Parramatta Sun
3561942,43295231,Mysteries of Yoshitsune I & II
3562023,43296133,Bhaisunda
3562234,43298166,Typhoon Rammasun
3562453,43300758,Samsung Galaxy Alpha
3562776,43303228,Asuncion Group
3562969,43305305,Östersund bid for the 2002 Winter Olympics
3564176,43316175,Sunderland River Formation
3564186,43316259,Sun in the House of the Scorpion
3564264,43316563,Sunblood Formation
3564530,43318463,1986 Arizona State Sun Devils football team
3564657,43319454,The Sun Season
3564847,43320525,Kuppuswamy Kalyanasundaram
3564868,43323844,Aasha Sundari
3564921,43324770,SunLife
3565057,43326105,Stralsund–Rostock railway
3565097,43326514,Sung-ha
3565108,43326577,The Sunshine Boys (1996 film)
3565235,43327561,List of US Navy ships sunk or damaged in action during the Korean War
3565629,43329813,2006–07 Sunshine Tour
3565824,43330863,Deir Sunbul
3566114,43334700,Bharat Sundari
3566210,43335743,2005–06 Sunshine Tour
3566365,43336909,Sunny M.R.
3566467,43337765,2004–05 Sunshine Tour
3566472,43337801,List of US Navy ships sunk or damaged in action during World War II
3566678,43340014,Sunseeker Duo
3566716,43340390,Rajasundaram
3566744,43340543,2003–04 Sunshine Tour
3567233,43346318,2002–03 Sunshine Tour
3567281,43347320,2001–02 Sunshine Tour
3567977,43354826,2000–01 Sunshine Tour
3568772,43361972,Ali Kasun
3568822,43362266,Sun Wheel (Da Nang)
3568863,43362923,Royal Sundaram General Insurance
3568982,43364221,The Sunshine Boys (disambiguation)
3569122,43365918,Sathya Sundharam
3569178,43366358,Archduchess Assunta of Austria
3569446,43367931,Sunaydah
3569579,43368481,2014 Tsunami March
3570106,43371145,Chasing the Sun (Hilary Duff song)
3570116,43371299,2014 FK Haugesund season
3571257,43381411,Sunil Ambwani
3571449,43382962,Sunil Singh Yadav
3572803,43394042,Homona obtusuncus
3574368,43409796,Sundvor Church
3574476,43411112,Sunil P. Ilayidom
3574486,43411172,Sunshine & Whiskey (song)
3574624,43412322,Anatolis Sundas
3574950,43414884,Kalmarsund Sandstone
3576089,43422862,Sunscreen Innovation Act
3576482,43425485,Sundvollen Formation
3577437,43434271,Sundown Heaven Town
3577573,43435163,Conversations on a Sunday Afternoon
3577721,43436640,CrowdsUnite
3577899,43438745,Cho Sung-man
3578366,43443101,"Tsunami Warning, Education, and Research Act of 2014"
3578901,43448810,SunStar Manila
3578974,43449646,Sunny (manga)
3579197,43451501,Stones in the Sun
3579309,43452409,Sunny Omoregie
3579513,43454379,2014 Sunkoshi blockage
3579537,43454624,Sunny Hills Performing Arts Center
3579852,43457168,Sunkar International Ski Jumping Complex
3581130,43470918,"Sunnyside (Edisto Island, South Carolina)"
3581134,43470942,João Suassuna
3581764,43477319,Kitsune (EP)
3581847,43478403,Park Sung-jin
3581884,43478764,Kim Moo-sung
3581894,43478878,Park Young-sun
3581924,43479225,Cheon Ho-sun
3582294,43483269,Rigobert Massamba Musungu
3582559,43485531,"Sunnyside (Woodbine, Maryland)"
3582677,43487081,DNA (Empire of the Sun song)
3583114,43491836,Tomoshige Tsunoda
3583236,43492809,List of The Saga of Seven Suns characters
3583353,43495046,Kim Min-sung (baseball)
3583358,43495136,Sunset on the Golden Age
3583852,43500775,Japonicrambus mitsundoi
3584032,43504723,Samsung NX30
3584042,43504894,Bringing Back the Sunshine
3584377,43508952,Staring at the Sun (Anastacia song)
3584387,43509057,1940 Sun Bowl
3584752,43513911,"Sunny Side (Burlington, North Carolina)"
3585533,43521004,Sun Moon Lake Wen Wu Temple
3585744,43522920,Sunny Blues
3585998,43525606,Samsung NX mini
3586535,43531169,Sunken courtyard
3587032,43536306,Ethnicity in the Sunbelt
3587275,43539389,Sunshine Love
3587731,43544026,Hot Sun
3588039,43548309,Azersun Arena
3589577,43568366,New Orleans Sun Belt Nets
3589617,43569094,Te-tsun Yu
3589661,43569569,Sungei Bedok MRT station
3589843,43571366,Sundus Abbas
3590130,43574742,Sunny Girl (song)
3590371,43577595,Good Folk's Sunday
3590512,43578682,"Okuku, Osun State"
3592083,43593905,True Sun (London newspaper)
3592246,43595892,POlarization Emission of Millimeter Activity at the Sun
3592491,43597896,The Weekly True Sun
3592662,43598835,Sunshine list
3592665,43598884,"Iba, Osun State"
3592704,43599178,Sergio Insunza
3593581,43607390,Maa Baulasuni Temple
3593772,43609470,Samsung NX3000
3593895,43610518,Sunlight in the Blue Room
3595203,43625728,"Sunshine, New Mexico"
3595217,43625882,Sunset League (California)
3595439,43628246,DeLand Sun Caps
3595447,43628309,Sunder Deodhar
3595453,43628361,The Year the Sun Died
3596147,43634621,Cho Sung-hwan (cyclist)
3596807,43640661,Sunshine of My Soul: Live at the Keystone Korner
3596888,43641819,Tsunetane Oda
3597462,43648388,Sunday Abalo
3597835,43653552,Park Eun-sun (footballer)
3597939,43654508,Sumathi En Sundari
3598306,43657981,Sunflower Dead
3599753,43673364,Sun (Thomas Bergersen album)
3599983,43675244,Sunila Apte
3600278,43677773,Samsung Gear S
3601208,43687432,Lesser Sundas goshawk
3601773,43692940,Sunshine State Arch
3602582,43698441,Sunset Terrace Historic District
3602619,43698852,Sundown Trail
3603103,43704259,"List of monuments in Sunsari, Nepal"
3603154,43704717,Kim Sun-hyung
3603155,43704723,Cho Sung-min (basketball)
3604568,43720149,Cho Sung-min (disambiguation)
3604755,43722317,Listed buildings in Port Sunlight
3604966,43724366,Sunbelt Baseball League
3605508,43730645,Sunil Kanoria
3605605,43732209,Samsung Gear VR
3605740,43733758,Samsung Galaxy Note Edge
3605762,43733950,Anti-Sunnism
3606162,43738435,Sun and 13 Cantons
3606366,43740320,Beach sunflower
3606763,43744670,Sunmark Corporation
3607422,43751980,Boysun District
3608517,43763651,Sunn Raha Hai
3608672,43764773,Sunbelt League
3608677,43764811,Sunkist League
3608681,43764849,Sunshine League
3609050,43768525,Sun Yue (singer)
3610476,43783094,List of songs recorded by Sunidhi Chauhan
3610986,43788996,Sunshine Queens F.C.
3611433,43794690,Japanese ship Kusunoki
3611849,43798560,Yim Pil-sung
3612041,43800921,Sun Liangang
3612390,43804893,Northern Sun Battalion
3612685,43808027,Sundar Das
3613164,43813542,Hiroshi Katsuno
3613806,43820068,Lee Sun-hee
3614234,43823661,People of the Sun (Betty song)
3614269,43823948,Trouble in Sundown
3614626,43827822,Shin Sung-woo
3614885,43830015,Samsung NX1
3614913,43830497,"Suning Plaza, Zhenjiang"
3615067,43832601,SUNY Polytechnic Institute
3615409,43835895,Sunnybrook Park stop
3616333,43846575,Sunderland Chiefs
3616334,43846603,Gurdwara Mata Sunder Kaur
3616337,43846617,Terraplane Sun
3616436,43847900,Sunil (director)
3616995,43854677,Winter Sun Crying
3617791,43871678,House of the Sun
3619193,43900547,The Suns of Scorpio
3619202,43900736,Deva Sundari
3619341,43903132,Sunčane Skale 2012
3619608,43906767,Sunčane Skale 2014
3619771,43910360,Land of the Rising Sun (role-playing game)
3619777,43910369,Other Suns
3619950,43913538,Sundhiyamau
3619981,43914276,Tetsuya Matsunaga
3620177,43918105,Sunshine Coast Cricket Club
3620308,43920723,Sunset Pass (1946 film)
3621264,43934319,Sun Eater
3621640,43938987,Füsun Eczacıbaşı
3621820,43941171,Sun Daze
3623547,43962435,Sunčane Skale 2011
3624153,43969277,Samsun Yabancılar Pazarı S.K.
3624679,43974190,Berat Tosun
3624968,43977657,Cay Sundström
3626089,43988318,Megachile asuncicola
3626232,43989764,"Clay v. Sun Insurance Office, Ltd."
3626235,43989767,Sun Oil Co. v. Wortman
3626958,43997860,Sunlight (The Magician song)
3627108,44000055,IFK Holmsund
3627341,44002699,Zombie Tsunami
3627563,44004390,Anchu Sundarikal
3627756,44006497,Sunil Pradhan
3629187,44023446,Ayalathe Sundari
3629227,44023809,Mes Sungun FSC
3629795,44029673,Samsung Galaxy Xcover 2
3629812,44029877,Samsung Galaxy Xcover
3629996,44032016,Yasunori Uchitomi
3630648,44041204,Dr. Sun Yat-sen (film)
3630993,44046051,Sunday Costs Five Pesos
3630998,44046171,Christoffer Sundqvist
3631644,44052959,2015 Gold Coast Suns season
3631727,44053679,Sunday Emmanuel (footballer)
3632273,44059561,Sunfield Children's Home
3632325,44059902,Sun Mengran
3632369,44060219,Harriet Sundström
3632436,44060845,Sundarimaarude Swapnangal
3632658,44063476,Sunwoo Sun
3632737,44065011,Esther Sunday
3632911,44066509,Alwar Sundell
3633343,44070832,Sung Eun-ryung
3634017,44076218,Martti Suntela
3634505,44078959,Guru Somasundaram
3634923,44082638,Simon Sundararaj
3635451,44087477,Wuling Sunshine
3635499,44087962,Samsung NX2000
3635541,44088538,Samsung SCH-B450
3635818,44090395,Samsung SPH-B5200
3635819,44090396,Samsung SPH-G1000
3636584,44099139,Yeh Dil Sun Raha Hai
3637103,44104380,Sunes familie
3637348,44108533,1980 Namita Sunita murder incident
3637462,44109607,Sundhari Kakka
3637486,44109710,Kanana Sundari
3638148,44118935,"Iglesia de la Asunción, Albaida"
3638528,44123834,The Pathway of the Sun
3639150,44131097,ITV Sunday Night Drama
3639187,44131533,Suni (disambiguation)
3639211,44131840,ITV Sunday Night Theatre
3639397,44133524,Kang Sung-hoon
3639958,44139292,Kalyanasundaram Higher Secondary School
3640273,44142188,Sunburst lichen
3642565,44158471,Sunil Prasad
3642606,44158723,King of the Sun
3642765,44161141,Jung Hye-sun
3643714,44170634,Datsun mi-Do
3644009,44173517,Darkside of the Sun
3645379,44190163,Matti Asunmaa
3646595,44202913,Park Hyun-sun
3646806,44205412,Sunita Devi
3647097,44208314,Assunta Marchetti
3648077,44216524,"Sune Andersson (footballer, born 1898)"
3648340,44218778,Yasunori Okuda
3648661,44223659,Sundari Devi Saraswati Vidya Mandir
3648719,44223977,M. S. Sundari Bai
3649263,44230205,2015 Atlantic Sun men's basketball tournament
3649325,44231201,Nabisunsa Girls' Secondary School
3649437,44232403,2014–15 Arizona State Sun Devils women's basketball team
3650628,44244909,Sundarakanda (TV series)
3650876,44246985,Sunay Erdem
3651274,44252144,Sunit Kumar
3651939,44258063,Sunland Heat
3652344,44262740,"Sunset Bay, New York"
3652348,44262756,Sunset Bay
3652553,44265342,Min Sun
3652653,44266324,The Sunshine Underground (album)
3653240,44271653,HMS Sunfish (1895)
3653255,44271772,George James Tsunis
3653639,44275990,Diocesan Shrine and Parish of Nuestra Señora de la Asuncion
3653650,44276433,Govindan Sundararajan
3654637,44286857,Island in the Sun (Harry Belafonte song)
3655270,44292560,1991–92 Sunderland A.F.C. season
3655646,44297543,Sun Goes Down (Robin Schulz song)
3656555,44306234,Lee Sun-hee (singer)
3656871,44309700,Sunburn (1999 film)
3657268,44313735,Sunshine Nan
3657685,44318424,Sungurlare Municipality
3658078,44324684,Sunstroke (2014 film)
3658407,44328561,Suntory Cup
3658605,44330577,Ponisseril Somasundaran
3658833,44333110,"Sunnycroft (Limerick, Maine)"
3658902,44334838,Gongsun Ao
3659000,44336209,Sundara Swapnagalu
3659019,44336393,Suni Q'awa
3659642,44341922,Outpost: Black Sun
3659777,44344433,The Lilac Sunbonnet
3660705,44356157,"Oh, My God! (Linda Sundblad album)"
3660714,44356224,Manifest (Linda Sundblad album)
3660718,44356244,Sunswept
3661046,44359664,Sunehri railway station
3661498,44364736,Kyungsung University–Pukyong National University station
3661884,44367821,Sungai Gerong
3662149,44371172,2014 Sun Belt Conference men's soccer tournament
3662662,44376317,Karl Suneson
3663551,44387200,Crassuncus livingstoni
3663926,44391989,Samsung Galaxy A5 (2015)
3663980,44392925,A-Sun (singer)
3664596,44400216,Sunnyside–Central Terrace Historic District
3665062,44404315,Zhuansun Shi
3665801,44411986,Minoura Katsundo
3666088,44416024,Sunn (disambiguation)
3666541,44421530,"Sunbury (provincial electoral district, 1785–1973)"
3666829,44425333,Shioli Kutsuna
3666953,44426930,Sunil Kumar Verma
3667004,44427563,Samsung Galaxy A3 (2015)
3667605,44434595,Sunayana Hazarilal
3667911,44437159,Buffalo Sunn
3668575,44444994,Sunflower School and College
3668779,44447849,Bhaskar Sunkara
3669281,44455261,Selçuk Sun
3669308,44455482,Hercules Against the Sons of the Sun
3669523,44457743,2014 Sun Bowl
3669583,44458384,Ny-Ålesund Town and Mine Museum
3669755,44460510,2015 Sunshine Tour
3669895,44461503,"Black Sun, Silver Moon"
3670014,44463644,Samsung SGH R220
3670123,44465195,Brønnøysunds Avis
3670582,44471702,Mérida sunangel
3671149,44478984,Black Hole Sun (The Vampire Diaries)
3671501,44485339,Sun Valley National High School
3673455,44510931,Sunrays (yacht)
3673826,44514528,Mitsunari Musaka
3674003,44516331,Qian Daosun
3674032,44516446,"Sun House, Frognal"
3674886,44520557,Lee Sung-kyung
3675425,44528057,Sunset Pass (1929 film)
3677831,44550638,Olof Sundby
3677980,44552318,"Hurry Sundown (Peter, Paul and Mary song)"
3678003,44552798,Sunthorn Phu Memorial
3678154,44554164,Sundalm
3678333,44554874,SUNY Downstate Health Sciences University
3678812,44559243,Fox Sunday Night
3678820,44559311,Kim Sung-min (actor)
3679810,44571579,From Dawn Till Sunset
3679895,44572605,Park Jong-sun
3680078,44575267,Youth of Sunna Forces
3680086,44575311,Where the Sun Don't Shine
3680632,44581382,Yang Sun-im
3680648,44581569,List of churches in Frederikssund Municipality
3681108,44587939,Sunil Ibrahim
3681193,44588907,Sunbury High School
3681919,44599306,Little sunflower
3682559,44610549,Busungarna
3682568,44610787,"Tjena, vi är Busungarna"
3682647,44612017,"Ålesund Heliport, Hospital"
3682712,44612791,Case Closed: Sunflowers of Inferno
3683945,44629936,"Sunnyside, Kangaroo Point"
3685027,44644823,2015 Sun Belt Conference men's basketball tournament
3685878,44656404,Zeng Baosun
3686250,44662251,Miguel Antonio Osuna Millán
3688168,44701531,Cho Sung-hwan
3688280,44703578,Tatsunosuke Yamazaki
3688963,44716778,Sunbury Indians
3688992,44717031,Berömda män som varit i Sunne
3689308,44721682,"Ålesund Airport, Sørneset"
3689779,44729903,2014 Sundarbans oil spill
3689899,44731034,The Sun Ship Game
3689909,44731223,Sunungura Rusununguko
3690086,44733100,Rusununguko
3690280,44737448,Blackbanded sunfish
3690377,44737999,David Consunji
3691045,44747189,Sund Church
3691370,44751253,Devosia hwasunensis
3691588,44754412,"The Sun, My Father"
3691741,44757345,Yeşilgiresun Belediye
3691994,44763214,"Kot Sundki, Attock, Pakistan"
3692302,44767185,Sundsvall Bridge
3692682,44775961,Rocco D'Assunta
3692724,44776450,Sunset Hills Historic District
3692890,44777947,Sunil Lanba
3693406,44786339,Suno Na Sangemarmar
3693876,44792480,Sunday on the Rocks
3694192,44797705,Alameda de Osuna (Madrid Metro)
3694481,44799642,Sunshine Molly
3694972,44805010,1963 Sun Bowl
3695418,44809350,Little Sunset
3695480,44810091,The SunBreak
3695644,44812455,2015 Atlantic Sun Conference baseball tournament
3695666,44813034,The Farmer's Sun
3696094,44819786,Operation Sunrise (Nyasaland)
3696126,44820520,1998 Sun Bowl
3696376,44827058,Ko Sung-hee
3696536,44828758,Sunday River Bridge
3696696,44830580,2015 Sundance Film Festival
3696820,44832543,1959 Sun Bowl
3696828,44832841,Provoked (Sunny Sweeney album)
3696836,44833418,1960 Sun Bowl
3697508,44844896,1967 Sun Bowl
3697543,44845611,My Sunshine
3697750,44847731,Dreamin' Sun
3697769,44847848,Full Moon (Sunmi song)
3697944,44849698,1936 Sun Bowl
3698022,44852603,Moment in the Sun
3699880,44880120,Sundbusserne
3700155,44884580,"Rising Sun, Fitzrovia"
3700204,44885192,Khatsun Namkha Lekpa Gyaltsen
3700455,44889570,New York Sunday News
3700567,44890441,Adegboyega Dosunmu Amororo II
3700728,44891613,Sunday Chizoba
3700792,44892413,Suntan (apple)
3701056,44896200,Soichi Sunami
3701108,44896767,Reidar Sundby
3701110,44896774,Kayser Sung
3701697,44904232,Sergiy Korsunsky
3702185,44911479,Sun Hongzhi
3702672,44916384,Gowtham Sundararajan
3704049,44927242,Hadsund Airport
3704928,44934561,Shine Like a Billion Suns
3705039,44935457,A Son of the Sun
3705494,44939961,Sunday Encounter
3705697,44941422,Sam Sunderland
3706294,44948384,Formula Sun Grand Prix
3706421,44949788,Sunil Khandbahale
3706717,44952736,Chang Sung-hwan
3706794,44954442,Vijay Sundar Prashanth
3707147,44959029,Per B. Sundberg
3707281,44960391,Srinivas Sunderrajan
3707299,44960497,"Like Sunday, Like Rain"
3707521,44962956,Sunrise Calendar
3708070,44969459,Zati Sungur
3708292,44972031,Live at the Sunset
3708313,44972190,Sunday School Union
3709265,44980738,Samsung Galaxy Grand Max
3709615,44983783,Sunrayce 95
3709622,44983823,Sunrayce 97
3710055,44991196,Kristian Sundtoft
3710131,44991825,"Chesuncook, Maine"
3710200,44992700,2015 Arizona State Sun Devils football team
3710734,44996467,David Sun (businessman)
3710769,44996697,2015 Connecticut Sun season
3710799,44997298,Giresun (electoral district)
3710911,44999932,Sunshine Girl (Herman's Hermits song)
3711425,45004816,Ariano Suassuna Trophy
3711536,45007617,In Search of Sunrise 12: Dubai
3712693,45022146,Park Sung-joon
3713322,45030358,Legacy of Kain: Dead Sun
3713509,45032331,Sunnyside (Canadian TV series)
3713617,45033347,Sun Monticello
3714508,45044704,Sunken Seas
3714649,45048321,List of protected areas of Frederikssund Municipality
3715020,45053689,Sune Andersson
3715205,45055928,Samsung Z1
3715308,45059276,Shin Bong-sun
3715321,45059372,P. B. Jayasundera
3715690,45064230,1888 Sundsvall fire
3715972,45068381,Sundance Industries
3716468,45077099,"Haugesund Airport, Storesundsskjær"
3716508,45077600,Haugesund Naval Air Station
3717373,45087648,Samsun Subregion
3717560,45089603,The Sunset Trail (1917 film)
3717719,45092798,Sunny Piggy
3718000,45096159,"Santa Maria Assunta, Ripabottoni"
3718410,45101629,Sungai Bari
3718435,45102230,"Santa Maria Assunta, Montorio nei Frentani"
3718445,45102394,"Santa Maria Assunta, Guardalfiera"
3719154,45114729,Samsung Galaxy A7 (2015)
3719366,45117739,Devasundari
3719386,45118107,Sunrise (Paulinho da Costa album)
3719994,45134109,Dolichoderus sundari
3721625,45160976,Landesamt für Verfassungsschutz Sachsen
3722379,45183726,Against the Sun
3722865,45188113,Mark Sunley
3723323,45194407,Sun Guangxin
3724533,45208915,2015 Sun Belt Conference baseball tournament
3725108,45219962,Sølve Sundsbø
3725556,45224867,Look Up (Mod Sun album)
3726456,45235932,2015 FK Haugesund season
3726822,45240631,Low Winter Sun
3727692,45252916,Sun City Carnival Tour
3728087,45258372,The Sunshine Makers (1935 film)
3728233,45260634,Samsung GT-E1200
3728298,45261418,2015 Atlantic Sun women's basketball tournament
3728468,45263560,Sa Sung-keun
3728546,45264782,Sunshine Sunshine
3729313,45272133,Cartel of the Suns
3729518,45274036,"Sunnybank (Hot Springs, North Carolina)"
3729629,45274914,Ugia sundana
3729884,45277530,Sunny Side Inn
3729918,45278063,Sunqua
3730145,45281552,Sunshine (Alexander O'Neal song)
3730856,45289810,The price of memory after the tsunami
3731108,45292093,2015 Aalesunds FK season
3731213,45293050,Pseudophilautus sirilwijesundarai
3731389,45295254,Sunderraman Neelakantan
3731738,45299584,Park Gil-sung
3732464,45310679,Songs of the Unsung
3732723,45313198,Samsung NX500
3733029,45317331,Samsung NX5
3733117,45318418,Sundae in New York
3733245,45319798,Sundsvalls Tidning
3734051,45328964,Bifilar sundial
3734379,45332567,IBK Sundsvall
3734660,45335706,Samsung NX11
3735100,45340138,Tempest and Sunshine
3735775,45348488,Sun of Jamaica (album)
3736587,45357010,Kang-i Sun Chang
3736647,45357485,City of the Sun (TV series)
3737729,45371972,Sun Burns Down
3737943,45375052,The Sunset Legion
3738009,45376506,Rutherglen Sun and Chiltern Valley Advertiser
3738572,45383243,"Sunt celebru, scoate-mă de aici!"
3738996,45388399,Sundaram Ramakrishnan
3739053,45388924,Samsung NX1100
3739635,45396143,Kim Young-sung
3739701,45397254,Sun Xing
3740159,45401811,Sunil Kumar Singh Yadav
3740651,45407536,Black Sun (Death Cab for Cutie song)
3740727,45408253,Sunil Kandalloor
3741241,45412377,List of films at the 2015 Sundance Film Festival
3741349,45413845,"Sun City, Florida"
3741367,45414103,"Sunrise Park (Troutdale, Oregon)"
3742380,45422714,2015 Herald Sun Tour
3742454,45423756,Usun Apau Plieran
3743139,45430941,Let in the Sun
3743256,45431864,Prenesta sunialis
3743564,45435961,Puka Suntu
3743674,45436873,Aqu Suntu (Chullumpi)
3743793,45438085,Sun Ribo
3744384,45445082,Sunbeamland
3744580,45447156,Shyam Sunder Vyas
3745077,45452361,Deuane Sunnalath
3745362,45454972,Sune Bergman
3745894,45459547,Sunday Omobolanle
3745903,45459615,Sunkanmi Omobolanle
3746154,45461948,Sean Sun
3746181,45462274,Aqu Suntu
3746320,45463743,IFK Askersund
3746745,45467443,Remember Sunday
3746786,45467766,Shin Hye-sung discography
3746788,45467771,"Sunt celebru, scoate-mă de aici! (season 1)"
3746986,45470187,Mikazuki Sunset
3747046,45470716,Sunday football in Northern Ireland
3747475,45474562,Sunvära SK
3747706,45477702,"Sunny Hills, Florida"
3748132,45484967,Sunny Kurian
3748561,45490562,HeeSun Lee
3748785,45493555,Sunil Jogi
3748910,45495626,Towards the Sun (song)
3748997,45496566,"Asunder, Sweet and Other Distress"
3749221,45499074,Electoral results for the district of Sunbury
3749280,45500161,Tilisuna-Schwarzhorn
3750116,45508183,Sufetula sunidesalis
3750375,45510007,After Sundown (2006 film)
3750377,45510027,After Sundown
3750448,45511033,Munsungan-Chase Lake Thoroughfare Archeological District
3750769,45514804,Sunburst Shelter
3750801,45515284,Midasuno
3751182,45519597,Hugh Sundae
3751587,45523927,Sunni Hizbullah
3752802,45540389,Gar Tongtsen Yulsung
3752854,45541076,Sunil Kumar Jakhar
3752915,45541767,Sundai Ireland International School
3753234,45544924,Samsung Galaxy S6
3754177,45556108,Sunday School Society
3754325,45558435,Östersund Ski Stadium
3754708,45563385,Samsung NX300M
3755007,45566758,Nærøysundet
3755632,45574843,Winnie Cheung Wai-sun
3755902,45577938,Shadow of the Sun
3756230,45582054,Sushila Sundari
3757028,45590353,Apgujeong Midnight Sun
3757200,45592637,Östersunds-Posten
3757259,45593205,Nam Ji-sung
3757545,45596560,Utsunomiya Blitzen
3758463,45605399,Christine Sun Kim
3758557,45606152,Füsun Onur
3760156,45626223,Sunshine Coast Light Rail
3761390,45641050,Sunwoo Jae-duk
3761529,45642893,Lions of Sunna Brigade
3761992,45647277,Sunset Trail
3762621,45655324,Chase the Sun (song)
3762707,45656160,Shattered Sun
3763322,45662307,The Steps of the Sun
3763403,45663623,Suniefred
3763658,45666267,False sunflower
3763681,45666563,Samsung Galaxy S Duos 3
3763695,45666777,"Sunset Lake (Braintree, Massachusetts)"
3764209,45671530,Into the Sun (Robben Ford album)
3764480,45675359,Yoon Yoo-sun
3764641,45676754,Östersunds BS
3765350,45685056,Chasing the Sun (Ken McIntyre album)
3765355,45685082,Sunset Strip (composition)
3765367,45685198,Sunstar Group
3765487,45686587,Suna Besha
3765494,45686672,Iosune Murillo Elkano
3766506,45697644,Yuko Kusunoki
3766921,45702674,"Sunde, Kvinnherad"
3767664,45711088,Pitsunda Bay
3767931,45713073,Lavanya Sundararaman
3768130,45715223,Stabsunteroffizier
3768343,45717906,Suncore Photovoltaics
3768524,45719531,Dasun Pathirana
3768626,45898816,Sunhak Peace Prize
3768660,45986558,Herøysund
3768673,46040362,Kang Kyun-sung
3768951,46178543,Sophy Ridge on Sunday
3769515,46185564,List of University of the Sunshine Coast people
3770159,46193189,Sun Singer
3770234,46193936,Sunisa Srangthaisong
3770451,46195712,"Sunnydale (Tryon, North Carolina)"
3770547,46196656,Sun Bingo
3770720,46198204,Sunshine (1973 film)
3771032,46201816,Sun and Moon
3771426,46207808,2015 Sunderland City Council election
3771663,46211285,Stjärnsund
3771671,46211451,Sunny Side Story
3771889,46214552,Sun Wei (baseball)
3772006,46216163,Cagayan Valley Rising Suns (volleyball)
3772044,46216392,2015–16 Arizona State Sun Devils men's basketball team
3772138,46217690,Sunset Theater
3772501,46222471,Song Sung-il
3774041,46242913,Samsun Tram
3775408,46256674,Kevin Sundher
3776242,46264640,List of tallest buildings in Sunny Isles Beach
3776525,46267994,North Sunshine Eagles FC
3777429,46279523,Jaysh al-Sunna
3777967,46285745,Utsunomiya Yoritsuna
3778206,46288686,Yokkaichi Asunarou Railway
3778426,46290879,Christoffer Sundgren
3778559,46292097,City of the Sun (Maio novel)
3778863,46295733,Sun Duoci
3778919,46296470,Christian Sundman
3780027,46307993,Sundquist
3780901,46316692,Palm Sunday Handcraft Market
3781339,46321659,Whitsunday Transit
3781728,46326135,Ahlus Sunnah Wal Jam'ah Association of Australia
3781960,46329333,Asukai Masatsune
3782274,46333620,"Charlotte Clayton, Baroness Sundon"
3782576,46338098,Sunwoo Eun-sook
3782643,46339045,Punya Prasun Bajpai
3782685,46339465,Yoon Jun-sung
3782743,46340130,"Santa Maria Assunta, Orzinuovi"
3782830,46341219,"Basilica of Santa Maria Assunta, Alcamo"
3783154,46345440,Sung-ho Choi
3783179,46345817,Kim Ho-sun (director)
3783348,46348765,Kang Sung-yeon
3783372,46349133,Kim Ho-sun
3783756,46354936,Pyon Kwang-sun
3784044,46359138,Mario Osuna
3785924,46383214,Under the Sun of Satan
3786448,46386918,Ogo Bodhu Sundori (TV series)
3786680,46388860,Grand Prix Sunbeams 1922
3788578,46411517,Sunset Cemetery
3789599,46424358,SunTran (St. George)
3790043,46429664,The High Sun
3790357,46433364,"Sun Valley, Honiara"
3790659,46436727,Sunwolves
3791022,46441187,Jalan Sungai Ujong
3791161,46442577,Everyday Sunshine: The Story of Fishbone
3791382,46445121,Samsung
3791398,46445426,Samsung Electronics
3792161,46455551,Arizona State Sun Devils men's ice hockey
3792402,46458246,Suning
3794236,46485752,Surviving the Tsunami – My Atomic Aunt
3794261,46487296,Sunner
3794718,46493335,Sunner Kalan
3794723,46493444,List of tsunamis affecting New Zealand
3795056,46498172,Tsogo Sun
3795766,46506112,Sungai Udang Recreational Forest
3796247,46511759,Arnold Sundgaard
3796294,46512458,"Academy 360, Sunderland"
3796781,46517979,"Grand Prix Sunbeams 1921, 1922 TT"
3797064,46521081,Sunken Rocks
3797477,46524528,Andrey Insunovich Pak
3797492,46524660,Sunday Times Rich List 2015
3798266,46533210,Sun Jianguo
3798407,46534732,MLS Soccer Sunday
3798671,46537827,Sunayana Fozdar
3799248,46546470,Pjotr Sunin
3799901,46555727,Shi-Yeon Sung
3800942,46569562,Kim Sun-ok
3801847,46581433,You Are My Sunshine (2015 film)
3801890,46581938,Sun Feifei
3802320,46587332,Sunt Förnuft
3803006,46593456,List of rivers of Sundarbans
3803350,46596908,Sun Alliance (political alliance)
3803386,46597193,Swargathekkal Sundaram
3803590,46599442,Day of the Sun
3803716,46601175,Storm at Sunup
3804248,46608317,Gesundes Kinzigtal
3804327,46609164,Alpha Sunde Smaby
3804335,46609273,"Washington Academy, Sunderland"
3804509,46612424,Sundarbasti
3804520,46612675,Everbright Sun Hung Kai
3804670,46615024,2015 Sun Belt Conference softball tournament
3804999,46619110,Sunil Ariyaratne
3805184,46621194,Sunday Adewusi
3805317,46622934,Rishi Sunak
3805730,46628562,2015 Atlantic Sun Conference softball tournament
3805905,46630911,Edge of the Sun
3807270,46649062,Kang Myung-sun
3808053,46658730,Samsung Galaxy Young 2
3809024,46668532,Sunfish Lake (disambiguation)
3809025,46668542,Sunfish Lake (Minnesota)
3809079,46669413,27 (Kim Sung-kyu EP)
3809166,46670525,Sundown Tin and Copper Mine
3809294,46672594,Sunday Night Safran
3809520,46674779,Dan Sundquist
3809622,46676114,Askersunds flickskola
3810066,46681308,Bae Ki-sung
3810239,46684014,Sunshine Coast Guineas
3810553,46687817,Sunrise Senior Living
3810841,46692413,"Olasunkanmi Abioye Opeola, Kurunloju I"
3810901,46693983,Tsunehiko Kamijō
3811094,46696418,Sunrise Ruby
3812152,46710825,Sun Source FC
3812687,46717891,Billy Sunday Home
3814203,46733735,Samsung Galaxy Avant
3814243,46734572,Sunrise (German band)
3814470,46737608,Kaj Sundberg
3814584,46739217,Lee Sun-bok
3815114,46746226,Sun Mark
3815123,46746286,The Sunday Footy Show (rugby league)
3815597,46751184,Kim Sung-joon
3815608,46751257,"Kim Sung-joon (sport shooter, born 1968)"
3815609,46751269,"Kim Sung-joon (sport shooter, born 1973)"
3815686,46752359,1953 Arizona State Sun Devils football team
3815714,46752811,2015–16 Phoenix Suns season
3815743,46753219,Sunshine (The Archies song)
3816650,46764200,Sunset (video game)
3816677,46764612,Cardplayers in a Sunlit Room
3817181,46770915,Park Chul-sung
3817347,46773001,Sound of The Rising Sun
3818132,46781294,Suan Sunandha Rajabhat University Salaya Campus Stadium
3818369,46783596,Fog and Sun
3818777,46787933,2015–16 Sunderland A.F.C. season
3818949,46789777,I figli di nessuno
3819083,46791562,Sunshine (The Archies album)
3819443,46795821,The Wonderlands: Sunlight
3819774,46799545,California Sunrise
3820070,46803420,Sunyani Senior High School
3820085,46803549,Arthur Tsuneo Wakabayashi
3820349,46806965,Deogracias Asuncion
3820897,46814059,Daegu Samsung Lions Park
3821260,46818801,"Guoguang Laboratory School, National Sun Yat-sen University"
3821267,46818832,"Santa Maria Assunta, Riccia"
3821304,46819282,Falolu Dosunmu
3821359,46820265,Sung Hyuk
3821494,46822140,SunTrap
3821648,46824440,Sunny Akani
3821685,46825049,Sun Castle
3822469,46834722,Samsung Galaxy Core Prime
3822774,46837585,Whitsun Cup
3822858,46838715,The Sunshine of Your Youth
3823810,46849829,"Hulme Hall, Port Sunlight"
3824013,46853397,Sundakkampalayam
3824191,46855292,2007–08 Arizona State Sun Devils men's basketball team
3824677,46862055,Igor Fesunenko
3825216,46867876,Sunday school answer
3825320,46869462,California Sunbirds
3826379,46881894,30 Trips Around the Sun
3826556,46883460,Namsung electronics
3826910,46887396,Suntec Singapore Convention and Exhibition Centre
3826992,46888707,Yasunori Nomura
3827530,46895013,Samsung Galaxy Mega 2
3827555,46895304,List of Dark Sun characters
3827716,46897625,Samsung Galaxy Ace 4
3827822,46898726,Sunnhordland District Court
3828151,46901768,30 Trips Around the Sun: The Definitive Live Story 1965–1995
3828681,46907829,Sunnmøre District Court
3829522,46916914,Søre Sunnmøre District Court
3830024,46922242,Samsung mount
3830199,46923899,Sunnfjord District Court
3830807,46929434,"Santa Maria Assunta, Meina"
3831148,46933495,Sunil Chhatrapal Kedar
3831672,46941250,Gamle Hellesund
3831681,46941336,The Sunday Drivers
3832633,46953868,Minna Sundberg
3832678,46954400,List of Dark Sun novels
3832687,46954490,List of Dark Sun modules and sourcebooks
3832809,46956195,Agustín Isunza
3833027,46958684,Jackson Sun (linguist)
3833044,46958957,Samsung Galaxy E7
3833075,46959296,The Birth and Death of the Sun
3833654,46965643,Lee In-sung
3834078,46970999,Sun Goes Down (David Guetta and Showtek song)
3834139,46971701,Albani þáttr ok Sunnifu
3834286,46973265,Formula Sun Grand Prix 2013
3834289,46973296,Formula Sun Grand Prix 2012
3834291,46973324,Formula Sun Grand Prix 2011
3835134,46981644,1964 Arizona State Sun Devils football team
3835676,46987211,The Sunlight League
3837057,47003125,Northland Suns
3837344,47005780,Blacken the Sun
3837499,47007820,Lake Washington sunken forests
3837710,47009633,Sunil Godhwani
3837821,47010765,Sunflower (Never Shout Never album)
3839141,47024737,Sunyani West
3839583,47030100,Sunset Lodge
3840031,47033890,The Sun Shines Over Our Motherland
3840122,47034991,Khu Mangpoje Lhasung
3840756,47041484,Little Sun
3841702,47053603,Lento (Na Yoon-sun album)
3841722,47054078,Pan Cheng-tsung
3842389,47062291,Same Girl (Na Yoon-sun album)
3842563,47064611,Sundai Preparatory School
3842591,47064988,Jang Tae-sung
3842980,47068932,Ernest Urtasun
3843333,47073210,Sun City Music Festival
3843358,47073435,Sundai Michigan International Academy
3843822,47078739,MS Sunward (1966)
3843829,47078784,Sundai
3843961,47080257,Takashi Matsunaga
3844142,47082683,Sunkireddy Narayana Reddy
3845107,47090302,Sunnyhills
3845217,47091502,Tsunoda
3845271,47092079,Sunnyside Plantation
3846852,47108840,Vyacheslav Tryasunov
3846949,47109863,Hail the Sun
3847001,47110495,2015–16 Atlantic Sun Conference men's basketball season
3847365,47115814,Sunwoo Yong-nyeo
3847512,47117816,1976 Rothmans Sun-7 Series
3847549,47118379,Sunčane Skale 2015
3848157,47125155,Sunu Lakshmi
3848964,47133796,Governor of Giresun
3849040,47134649,Come Sunday (album)
3849133,47135648,Sun Sijing
3849297,47137144,From Monday to Sunday
3849317,47137316,Governor of Samsun
3849895,47142851,Sunny Day Carousel
3850539,47148879,2015–16 Arizona State Sun Devils women's basketball team
3850761,47151328,Oddesund Bridge
3850998,47153634,Sungkyunkwan University Law School
3851264,47156614,Kim Sung-kyung
3851735,47160793,Lee Sun Chau
3852921,47171565,Bush sunflower
3854643,47191114,Sun Is Shining (Axwell & Ingrosso song)
3854673,47191596,List of things named after Kim Il Sung
3855234,47198243,Sunil Pandey
3855406,47200741,Beyond the Sunset (song)
3855429,47201211,The Sunshine Club
3855486,47202079,Windshield sun shade
3856039,47207564,Sun City Girls (album)
3856088,47207975,Into the Sun (Bassnectar album)
3858528,47232019,Juggernaut (Sun City Girls album)
3858701,47234131,Napoleon & Josephine (Sun City Girls Singles Volume 2)
3858711,47234259,You're Never Alone With a Cigarette (Sun City Girls Singles Volume 1)
3858723,47234446,Eye Mohini (Sun City Girls Singles Volume 3)
3858846,47235644,Sunnyboys (album)
3858855,47235739,Happy Man (Sunnyboys song)
3858919,47236357,Min Sung Choi
3859025,47237456,Sunbeam College for Women
3859063,47237770,Sunny Edet Ohia
3860322,47252261,Samsung NX 50-150mm F2.8 S OIS
3860323,47252292,Samsung NX 16-50mm F2.0-2.8 S ED OIS
3860326,47252327,Samsung NX 18-200mm F3.5-6.3 ED OIS
3860351,47252767,Samsung NX 60mm F2.8 Macro ED OIS SSA
3861120,47261054,Samsung NX 85mm F1.4 ED SSA
3861121,47261058,Samsung NX 12-24mm F4-5.6 ED
3861150,47261359,Samsung NX 16mm F2.4 Pancake
3861151,47261360,Samsung NX 20mm F2.8 Pancake
3861152,47261361,Samsung NX 30mm F2 Pancake
3861325,47262495,Oleksandr Martsun
3861900,47268862,Sunita Lakra
3862501,47276071,Alone with You (Sunnyboys song)
3862890,47279461,Sua Betong–Sunggala Highway
3863443,47285095,Harald Sund
3863647,47287409,B. Suneel Bhanu
3863844,47289221,Samsung Galaxy Tab S2 8.0
3863845,47289223,Samsung Galaxy Tab S2 9.7
3864111,47291840,The Sunny Night
3864380,47295170,Sunit Khatau
3864506,47296365,The Deep Blue Sea (Sunday Night Theatre)
3864888,47299031,Sundar Krishna Urs
3865370,47302724,"Sunga, Bhopal"
3865558,47304130,Oh Sung-won
3866012,47306055,Guldborgsundlisten
3866016,47306083,2012 FK Haugesund season
3866232,47308853,Muktha S. Sundar
3866975,47316964,Dasun Shanaka
3867134,47318647,Genta Masuno
3867236,47319667,EmiSunshine
3867879,47325650,Yatsunori Shimaya
3868135,47327150,Gu Sung-yun
3868432,47330708,1965 Sun Bowl
3868508,47331828,1957 Sun Bowl
3868741,47333550,Vesunna Gallo-Roman Museum
3868819,47334651,1966 Sun Bowl
3868820,47334658,1958 Sun Bowl (December)
3869175,47337195,Bernard Sunley
3869180,47337219,Bernard Sunley & Sons
3869776,47341782,1941 Sun Bowl
3870797,47351263,Hong Sung-taek
3870830,47351692,1961 Sun Bowl
3870856,47351922,1962 Sun Bowl
3871051,47354320,We'll Sing in the Sunshine (album)
3871157,47355721,Sun Belt Express
3871551,47361309,The Color Before the Sun
3872040,47366684,Sunset Song (film)
3872210,47368366,Spring Break 4...Suntan City
3872434,47371108,Suniti Solomon
3872763,47374552,Annappanpettai Sundareswarar Temple
3872774,47374632,Datsun 160Z
3872842,47375477,Suniti
3873443,47382561,Sun Theory (band)
3874040,47389020,Sung Ji-ru
3874410,47393422,Sunčane Skale 2000
3874566,47394849,Sailing at the 2015 Pan American Games – Sunfish
3874726,47397199,Thank You for the Sunshine
3875243,47403402,Football Sunshine Coast
3875641,47407415,Raufun Basunia
3875807,47409508,Sungguminasa
3875821,47409693,Sunshine Coast Theological College
3876517,47417423,1949 Sun Bowl
3876571,47417976,1937 Sun Bowl
3877281,47426329,Sunday PinaSaya
3877329,47426790,1943 Sun Bowl
3877361,47427052,1946 Sun Bowl
3877385,47427365,1950 Sun Bowl
3877589,47429273,Descendants of the Sun
3877787,47431935,Desert Sun
3877902,47433263,Sunday Island (Shark Bay)
3877921,47433455,The Sun Was Chasing Venus
3877969,47434025,Sunset Hotel
3878383,47438157,IX Koto Sungai Lasi
3878846,47443568,Lim Yoon-sun
3879497,47451116,Sunny Obazu-Ojeagbase
3879543,47451813,Tiruvettakkudi Sundareshwarar Temple
3879654,47453103,Same as Sunday
3879662,47453202,Kasun Rajitha
3880602,47465913,Sei Hatsuno
3881546,47478912,Samsung Galaxy Core 2
3881779,47481309,Cheng Chao-tsun
3881972,47483805,Yoon Sung-sik
3882060,47484663,Suntalay Khasmahal
3882983,47493624,"Mover of the Earth, Stopper of the Sun"
3883263,47498291,Samsung Galaxy A8 (2015)
3883760,47503501,Sungui station
3883765,47503549,1974 Sun Bowl
3883773,47503723,1980 Sun Bowl
3883817,47504467,Khlong Sun railway halt
3883884,47505197,Sunshine (EP)
3884012,47506335,Uchechi Sunday
3884718,47514477,Misunderstanding of a Dream
3884909,47515964,Samsung Galaxy Note 5
3885129,47517673,Samsung Galaxy J5
3885565,47522549,Sun Capital Partners (UK)
3885718,47523641,Ban Sunthra railway halt
3886143,47528195,Jesu/Sun Kil Moon
3887168,47539419,Camp Sundown
3887899,47547924,Sunt o babă comunistă
3887953,47548472,All India Sunni Conference
3888004,47548932,Tsunekazu Nishioka
3888237,47551140,The Sun Vow
3889228,47561591,Sundolyra latebrosa
3889411,47563309,Sungai Puar
3889635,47565360,Project Sunroof
3889830,47567492,"Metal Fight Beyblade vs the Sun: Sol Blaze, the Scorching Hot Invader"
3889874,47567967,Park Sungho
3890795,47576991,Sun and Moon allegory
3891001,47579700,Samsung Galaxy E5
3891066,47580353,Sunderland A.F.C. league record by opponent
3891169,47581506,One Sunny Day
3891970,47590679,Rising Moon: Setting Sun
3892642,47597203,Midnight Sun (horse)
3892723,47598207,Until the Sun Comes Up
3893543,47606589,Sunni Islam in Iraq
3894561,47616840,Alan C. Sundberg
3895232,47624719,Sun Jiajun
3895381,47626402,Olatunde Osunsanmi
3895545,47629386,Sungni station
3895556,47629435,Chonsung station
3895564,47629482,Sungri station
3895629,47630515,Winnie Sun
3898360,47656780,Ebenezer Sunder Singh
3899340,47666256,IKCO Arisun
3900070,47673734,Sundvolden GP
3900290,47676794,Sunao Tsuboi
3900438,47678319,"Smithcombe, Sharpenhoe and Sundon Hills"
3900995,47683782,Sundon Chalk Quarry
3901389,47689232,Red Sun Rising
3902768,47707561,Setsuko Matsunaga Nishi
3902915,47709483,Sun Flightcraft Air-Chopper
3902948,47709860,Sun Flightcraft
3903633,47714459,Spark M. Matsunaga Institute for Peace and Conflict Resolution
3903639,47714500,Riad Al Sunbati
3904449,47725324,Sundale Bridge
3904727,47728753,Samsung Galaxy Xcover 3
3904928,47731862,Tsunami (California band)
3905123,47734551,Jang Hang-sun
3905212,47735554,Hideki Sunaga
3905404,47737647,Lee Sung-jea
3905495,47738586,Sundar Bou
3905538,47738896,Joyce Sachiko Tsunoda
3906056,47745652,Sunritz Hattori Museum of Arts
3906310,47748476,The Blue Mountain's Sun Drummer
3906475,47750934,Suna Harini
3907265,47762091,2015 Sun Belt Conference football season
3907343,47762988,Viktar Sasunouski
3907628,47766093,Fårösund Fortress
3907656,47766348,The Vertical Ray of the Sun
3907969,47770250,Sundog Two-Seater
3908003,47770552,Sundog One-Seater
3908030,47770910,Sundog Powerchutes
3908285,47774551,Eric Sundblad
3908286,47774565,Sundblad
3908451,47776726,Sheriff of Sundown
3908575,47778090,Haesun Park
3908948,47783125,Sun Herong
3909135,47785049,The Washington Sun
3909339,47787404,Bahk Jong-sun
3910352,47799265,Sunday Airlines
3910544,47801100,Sun Leads Me On
3910563,47801467,Vincent Han-Sun Chiang
3910659,47802560,Black Sun (2007 film)
3911145,47808541,Sundale Apartments
3911341,47811762,The Muslim Sunrise
3911662,47815699,Choi Mi-sun
3912087,47823714,I Am Setsuna
3912631,47833414,Sunita Mani
3912634,47833469,Suntiang
3912972,47839961,A dzsungel könyve
3913188,47843705,The Korsunsky Work-of-Indentation Approach
3913216,47844128,Sun Haosheng
3913328,47846712,Kola Tubosun
3913532,47849822,Pontianak Harum Sundal Malam 2
3913900,47859389,Kiyono Yasuno
3914223,49293134,Cho Sun-young
3914371,49296952,Sunshine Coast Marathon
3914500,49298414,Sunandini
3914598,49299669,Sunny Melody
3914743,49303020,2016 Herald Sun Tour
3914755,49303191,Sun Yuxi
3914757,49303301,Sun Rongmin
3914876,49305646,Lightning on the Sun
3915614,49316370,Ollo in the Sunny Valley Fair
3915775,49319178,Sunset Park Courthouse
3916064,49322668,Server Sundaram (unreleased film)
3916654,49331807,Mosun Filani
3916707,49332358,Sunil Bansal
3917215,49339300,Little Miss Sunshine (disambiguation)
3917385,49340797,Brandalsund Manor
3917698,49344808,Eshwar Sundaresan
3918176,49349877,Kim Il Sung Prize
3918352,49352617,1947 Gisborne earthquakes and tsunami
3920823,49387072,City of the Sun (band)
3921909,49401983,Johan Sundkvist
3922079,49404551,2016 Aalesunds FK season
3922872,49414791,Sunao Inami
3923019,49416867,Baysunghur Shahnameh
3923175,49418396,Teemu Suninen
3923437,49422371,Sunset station
3923793,49425634,Samsung Z3
3923797,49425704,1994–95 Arizona State Sun Devils men's basketball team
3923884,49426797,Nessun grado di separazione
3924834,49438001,Pirates of the Caribbean: Battle for the Sunken Treasure
3924949,49439375,Samsung Galaxy S7
3925182,49442922,Black Sun (Kristeva book)
3925384,49446068,Piyatida Lasungnern
3925490,49447508,Unsuni
3927065,49471092,Yusuf Sulaimon Lasun
3927485,49476798,When That Evening Sun Goes Down
3927837,49481778,Kampala–Busunju Expressway
3927898,49482552,Ri Sun-jong
3927930,49482946,Busunju
3927934,49482976,Sri Sunama Jakini Matha
3927947,49483103,When the Sun Goes Down in Normandie (Then Is When I Sit and Dream of You)
3927993,49483612,Samsung Galaxy A7 (2016)
3928316,49488139,Sundargadi Odia
3929144,49498916,Gunnar Sundman
3929639,49505697,Qawsun
3929997,49509940,City Sun Eater in the River of Light
3930671,49517853,Tore Hamsun
3931443,49529385,Cea Sunrise Person
3931780,49534165,2016 FK Haugesund season
3931805,49534353,World Trade Center Asuncion
3932517,49544456,Sunon Asogli Thermal Power Station
3932545,49544758,Pokémon Sun and Moon
3932642,49545970,The Kindred of the Sunset
3933100,49551381,Alameda de Osuna
3933257,49552353,Tsundur mandal
3933558,49555446,K. Asungba Sangtam
3933579,49555723,The Silver Tsunami
3933920,49576972,Sunseri
3934424,49580114,Northern Sun men's basketball tournament
3934839,49583277,Black Out the Sun Tour
3936023,49597127,Östersunds DFF
3936108,49598116,Betty Lee Sung
3936388,49602518,International Kim Il Sung Prize
3936405,49602732,Egil Sundt
3936557,49604726,Sun Circle (sculpture)
3936676,49606076,Rising with the Sun
3936703,49606326,Sunil Kanti Roy
3936778,49607173,Maria Assunta Pallotta
3936945,49608977,B. Kalyanasundaram
3937540,49618870,Arigatō (Mugen no Yell) / Arashi o Okosunda Exciting Fight!
3937959,49626472,"Drinking from the Sun, Walking Under Stars Restrung"
3938101,49628523,The Otherside (Red Sun Rising song)
3938474,49633521,Sun Feiyan
3939231,49642700,Sun Sun Win
3939480,49645585,Sun Fucheng
3939973,49651067,Antoni Asunción
3940212,49653336,Sophronica sundukovi
3941303,49663849,Shyam Sundar Baishnab
3942521,49679969,2002 Atlantic Sun men's basketball tournament
3943165,49693129,Shin Hye-sun
3943430,49698889,1977 Sun Belt Conference men's basketball tournament
3943524,49701379,Reasons in the Sun
3943902,49711392,List of cities by sunshine duration
3944312,49719865,Colegiata de Nuestra Señora de la Asunción
3944509,49723966,Suni Mat Jerah
3944571,49725415,Kim Sung-gyu
3945786,49751226,Sunil Sikand
3946244,49760867,Rajeswari Sunder Rajan
3947591,49785430,Sun Records (TV series)
3947843,49789526,Ho Sun-hui
3947853,49789571,Sonu Kyong-sun
3948195,49796774,O Hui-sun
3948483,49800621,Saionji Kintsune
3948610,49802636,Tsuneko Taniuchi
3949221,49814225,Sunwing Travel Group
3950211,49831225,Minamoto no Tsunenobu
3950522,49837744,2010 FK Haugesund season
3951514,49856228,1978 Sun Belt Conference men's basketball tournament
3952235,49871978,1979 Sun Belt Conference men's basketball tournament
3953434,49894346,Sun Jun (footballer)
3953449,49894891,It's Always Sunny in Philadelphia (season 12)
3953491,49895628,Asuna (Sword Art Online)
3953847,49904554,The Planet on Sunday
3954123,49911020,Sunil Rawal
3954285,49914775,The Sun Days
3954497,49918780,1980 Sun Belt Conference men's basketball tournament
3954852,49925314,Santa Maria Assunta a Fornovo
3954890,49925793,Sunny Honey Girl
3955006,49926860,"Sunset Lake (Orlando, Florida)"
3955856,49943955,1981 Sun Belt Conference men's basketball tournament
3956136,49948841,Behind the Rising Sun (novel)
3956709,49959454,2016–17 Arizona State Sun Devils men's basketball team
3957002,49963609,Shyam Sundar Goswami
3957529,49970241,Sunshine Canyon Landfill
3957558,49970678,The Sundown Trail
3957901,49975303,2016 Jiangsu Suning F.C. season
3958053,49976974,Sunny Car Center
3958454,49982596,Lee Sung-keun
3958554,49985141,Sundaranga Jaana
3958596,49985535,G. M. Sundar
3959239,49992939,List of populated places in Samsun Province
3959466,49995327,2016 Sunwolves season
3959685,49998169,Sunmyu
3959714,49998569,Partly Cloudy with Sunny Spells
3959839,50000789,I Live Under a Black Sun
3960276,50006118,Sunil Nandy
3960307,50006450,Sun Rooms (album)
3960562,50010259,"Sunnyside, South Australia"
3961011,50015729,Kicking Sunrise
3961325,50019750,Sun Xueling
3961571,50022074,Sunit Shome
3961841,50025789,The Last Sun Son
3962078,50030083,Samsung Galaxy On5
3962092,50030255,Samsung Galaxy On7
3962097,50030402,Central Jamaat-e Ahl-e Sunnat
3962482,50035522,Sunrise Bank
3962708,50039056,Samsung Galaxy Grand Prime
3962739,50039455,Samsung Galaxy Note 7
3962829,50041122,Taing Sunlay
3963520,50050508,Sunil Dhar
3963792,50054454,"Santa Maria Assunta, Arrone"
3964089,50058690,Sunil Bohra
3964548,50064294,Sunil Lahore
3964654,50065718,Sunil Das Gupta
3964699,50066177,2016 Östersunds FK season
3965572,50078584,SS Pennsylvania Sun
3965634,50079475,"Shyamsundarpur, Chanditala-I"
3965852,50082622,Sunita Marshall
3966156,50087938,Streptomyces samsunensis
3966422,50093417,Nessun Dorma (film)
3966555,50096179,Sunil Joshi (Delhi cricketer)
3966650,50097820,"Santa Maria Assunta, Serramazoni"
3966792,50099669,"Santa Maria Assunta, Pievepelago"
3966798,50099722,2003 Atlantic Sun men's basketball tournament
3966801,50099864,2004 Atlantic Sun men's basketball tournament
3966837,50100592,2005 Atlantic Sun men's basketball tournament
3966961,50102495,2006 Atlantic Sun men's basketball tournament
3967192,50106677,Nessuno mi può giudicare (song)
3967201,50106833,Nessuno mi può giudicare (1966 film)
3967515,50111371,"Santa Maria Assunta, Montefiorino"
3967586,50112500,Sunny Sehrawat
3967879,50117986,Sun Airway
3967925,50120368,California Sunrise (disambiguation)
3968410,50131027,Sunil Dev
3969004,50143114,1982 Sun Belt Conference men's basketball tournament
3969048,50143754,1983 Sun Belt Conference men's basketball tournament
3969426,50150951,Ganapathi Sundara Natciyar Puram
3969605,50154215,2011 FK Haugesund season
3969646,50155010,PraxisUnico
3970123,50165360,2016 Sunbird Aviation crash
3971081,50183071,Sunny and Inder Bawra
3971886,50196397,Temie Giwa-Tubosun
3972198,50201133,Order of Admiral Ri Sun-sin
3973680,50223356,Danpyunsun and the Sailors
3974502,50235630,Asunción Cathedral
3974681,50238651,Akinsanya Sunny Ajose
3974952,50243544,2016–17 Phoenix Suns season
3975358,50250686,Datsun redi-Go
3975444,50252603,Instituto Asunción de Querétaro
3975487,50253604,Cry Cry ('Til the Sun Shines)
3975720,50259153,Streptomyces sundarbansensis
3975920,50263702,Pujith Jayasundara
3975957,50264001,2016 Sunderland City Council election
3976173,50268523,1984 Sun Belt Conference men's basketball tournament
3976182,50268718,1985 Sun Belt Conference men's basketball tournament
3976355,50271950,Martha Sundquist State Forest
3976483,50275371,1986 Sun Belt Conference men's basketball tournament
3976506,50275821,1987 Sun Belt Conference men's basketball tournament
3976514,50276001,Sunlight (Nicky Byrne album)
3977046,50284869,Sundar Menon
3977295,50287675,1988 Sun Belt Conference men's basketball tournament
3977309,50287880,1989 Sun Belt Conference men's basketball tournament
3977319,50288194,1990 Sun Belt Conference men's basketball tournament
3977330,50288370,1991 Sun Belt Conference men's basketball tournament
3977353,50288604,1992 Sun Belt Conference men's basketball tournament
3977699,50293975,A Sunday Morning in the South
3977853,50296900,Sunday Times Rich List 2016
3977884,50297500,Sunny Joseph (politician)
3977992,50300352,Sundeep Rajan
3978058,50301279,1993 Sun Belt Conference men's basketball tournament
3978072,50301408,1994 Sun Belt Conference men's basketball tournament
3978074,50301456,P. R. Shyamsunder
3978118,50302222,1995 Sun Belt Conference men's basketball tournament
3978126,50302322,"Sunken Gardens (Huntington, Indiana)"
3978138,50302491,"Santa Maria Assunta, Polinago"
3978531,50310227,Whalers of the Midnight Sun
3978778,50316854,1996 Sun Belt Conference men's basketball tournament
3978787,50317052,1997 Sun Belt Conference men's basketball tournament
3978881,50319016,1998 Sun Belt Conference men's basketball tournament
3978914,50319632,1999 Sun Belt Conference men's basketball tournament
3979120,50325049,The Breakage of the Sunflower
3979724,50336217,Sun Wei
3979792,50337139,Lithuanian Girl with Palm Sunday Fronds
3981160,50354886,Howie Mandel's Sunny Skies
3981202,50355394,30 Goes Around the Sun
3982671,50375461,"Kim Sung-eun (actress, born 1983)"
3982925,50378721,2000 Sun Belt Conference men's basketball tournament
3982937,50378939,2001 Sun Belt Conference men's basketball tournament
3983602,50389872,Dancing in the Sun
3983847,50391253,Sun Over the Adriatic
3984652,50400633,The California Sunday Magazine
3984947,50404239,Joel Sunday
3985223,50407165,"Usun-Kyuyol, Churapchinsky District, Sakha Republic"
3985400,50409208,Sun Jungang
3985815,50415464,Sunde Church
3985843,50415885,Sunil Gudge
3985917,50416808,Daesung Group
3986394,50427177,Ten Women of Stralsund
3986621,50429923,Sun Temple (Sogamoso)
3986799,50431997,The Legend of Heroes: Trails at Sunrise
3986943,50434650,Sun Over Klara
3986984,50435276,Sunny Sunberg
3987210,50438086,Peston on Sunday
3987582,50442842,Sungai Besar (federal constituency)
3987584,50442848,Sungai Besar (disambiguation)
3988766,50452199,Yoshiki Sunada
3989424,50463862,Sungai Besi (federal constituency)
3989430,50463912,Sungai Besi (disambiguation)
3990042,50477996,2016 Sungai Besar by-election
3990750,50485476,Samsung Galaxy A9 (2016)
3991123,50493003,Sun Vandeth
3992352,50508493,Mohana Sundaram
3992500,50510260,Buriti de Vassununga Area of Relevant Ecological Interest
3992921,50516155,2016–17 Sunderland A.F.C. season
3993335,50520380,Hema Sundar
3994558,50535610,2016 Sun Belt Conference softball tournament
3994754,50538138,"Santa Maria Assunta, Bominaco"
3994846,50539090,Gongidi Suntiha
3995377,50543831,The Sun Comes Out Every Day
3995466,50544499,Arizona State Sun Devils women's basketball
3996484,50553047,Sungai Siput (federal constituency)
3996879,50556654,Sunrise University
3997243,50561916,"Kim Sung-eun (actress, born 1991)"
3997339,50562728,Sungai Petani (federal constituency)
3997600,50565423,PowerCore SunCruiser
3997870,50568550,Kim Sundlöv
3997992,50569759,The Sun and the Moon (The Sun and the Moon album)
3999653,50589959,Sungai Benut
3999894,50592416,Wuhan Hongxing–Jiangsu Suning brawl
3999972,50593226,The Sunflower (Țuculescu)
4001004,50603385,Denise Sundberg
4001149,50605118,Sungai Panjang (state constituency)
4001422,50607434,Dusun Tua (state constituency)
4001427,50607443,Sungai Ramal (state constituency)
4001611,50608572,Sungai Pelek (state constituency)
4001657,50608929,Sungai Burong (state constituency)
4001675,50609065,Sungai Air Tawar (state constituency)
4001683,50609191,Midnight Sun (ballet)
4002423,50617137,Suntukan sa Ace Hardware
4003472,50632476,Sungai Besar (state constituency)
4003493,50632683,Sungai Tua (state constituency)
4003495,50632686,Sungai Renggam (state constituency)
4003613,50634312,Sungai Tinggi
4004164,50640937,Shim Sung-bo
4004860,50649154,Earl Hines at Sundown
4004874,50649321,Surasundari
4004995,50650577,Samsung SGH-X480
4005898,50660171,Sabine Sun
4006409,50666349,The Long Sunset
4006655,50668882,"Sun Valley Lake, Iowa"
4006787,50670368,Sunflower Bean
4006803,50670787,List of Sunrisers Hyderabad records
4007473,50678663,Sunday Night Hockey
4007670,50681747,2016 Sun Belt Conference women's basketball tournament
4007873,50683496,Sungai Buloh Hospital
4008048,50684593,Sungam Mosque
4009264,50700859,Catching the Sun (film)
4009266,50700862,Catching the Sun
4009475,50703394,Sundararajan Krishna
4009688,50706179,Nasuni
4009905,50708832,The Sundering (disambiguation)
4010588,50716663,Sunday Lick Run
4010876,50719780,"Sunrise Community, Inc."
4011035,50721201,"Sundre, Gotland"
4011394,50725599,List of ships sunk at the Battle of Jutland
4011432,50725985,Kawamata Tsuneyuki
4011449,50726103,Kawamata Tsunemasa
4011453,50726138,Tsunemasa
4011582,50727226,Sunburst Marathon
4011583,50727228,Rising Sun Historic District
4011919,50730639,Sundre (disambiguation)
4012310,50735963,Suning Holdings Group
4012360,50736634,Sunil Kumar Lala
4012380,50736979,Suning Appliance Group
4012489,50738275,Suning Universal
4012765,50742355,Washington Sundar
4013469,50755931,2016–17 Sunfoil Series
4013551,50757807,Suning Real Estate
4014189,50765648,Madurai Sungudi
4014219,50765921,Pacific Sun v Securities and Futures Commission
4014339,50767923,Sunlit Youth
4014496,50769774,Sun Belt Conference Football Championship Game
4014641,50771920,Kim Bo-sung
4014693,50772673,Mirror in the Sun
4014948,50775576,Ram Sundar Das Nishad
4015265,50779447,Sunspring
4015419,50780838,Sunshack
4015999,50787501,Samsung Galaxy A series
4017261,50802405,Sungho Group
4017424,50805452,Samsung Galaxy A9 Pro (2016)
4018901,50823604,2016–17 Arizona State Sun Devils women's basketball team
4019397,50832300,Setting Sun (horse)
4019720,50842348,Easter Sun
4020195,50853402,Sunshine Hotel
4020249,50855327,"Santa Maria Assunta e San Martino, Chiampo"
4020702,50863785,"Santa Maria Assunta, Calcinate"
4021598,50876818,"Santa Maria Assunta, Galzignano Terme"
4021811,50879654,Sunway TaihuLight
4021840,50880115,Sunway BlueLight
4021948,50881385,Sunway SW26010
4022396,50886413,Hiroshi Tsuno
4022484,50887476,Kim Sung-hee
4022641,50890455,Tidal Wave (Taking Back Sunday album)
4023195,50897844,Sunil Kumar Choudhary
4023262,50898514,Nilay Esen Ersun
4023535,50901254,Kelly Sunderland
4024178,50909072,Daniel Sundgren
4024263,50910434,Mityana–Sekanyonyi–Busunju Road
4024597,50914729,Samsung Gear 360
4025043,50920043,Buse Tosun
4025741,50927033,Scott Sunken Garden
4026032,50929490,Sunset in Naples
4026981,50942251,Bae Sung-jae
4026985,50942301,Park Moon-sung
4027142,50944182,Sunshine Cowboys
4027442,50948323,The Sun in Exile
4027452,50948513,Rangsundøya
4027835,50952775,The Sun Beaten Path
4028182,50956541,Peter Sunnucks
4029125,50968885,Kim Jones (Sun)
4029357,50971757,Disappear Here (Bad Suns album)
4029702,50975503,Sundul Gan: The Story of Kaskus
4029770,50976286,A Thousand Suns (Russell Morris album)
4029968,50978289,Love Live! Sunshine!! (TV series)
4030759,50988460,Terasaka Yakuro Masatsune
4030915,50990703,Sun Valley Golf Course
4031211,50994101,Sunder Das Khungar
4031398,50996155,Egersund Church
4031901,51002910,At Sundown (When Love Is Calling Me Home)
4034110,51027870,Carl Sundquist
4034512,51032900,Sunburst darter
4034980,51036937,Daniela Gesundheit
4035198,51039679,The Sun Is Far Away
4035572,51043007,The Sun Rises
4036089,51047025,"Sunbeam, Colorado"
4036692,51054820,Sunil Kumar Kohli
4036775,51055624,The Victory Sun
4037704,51065335,"Sunnymede, Indiana"
4038744,51077514,"Hey, Mister Sun"
4039923,51090151,T P Sundararajan
4040257,51093221,Sundelin
4040339,51093750,Stefan Sundelin
4040673,51096519,Sunar Khurd
4040792,51097667,Ali Cansun Begeçarslan
4041130,51101506,Sundar Tatar
4041694,51107515,Bila (sun)
4041819,51109156,Almost Sunrise
4041985,51110303,Vasundhara Doraswamy
4042097,51111721,Sunam Assembly constituency
4042251,51113663,Fairfield Sun Times
4043038,51122355,T. P. Meenakshisundaram
4044395,51138419,Leland Sundries
4044754,51142963,Sun Glasses (song)
4045605,51153509,Sunnery James & Ryan Marciano
4045825,51156204,Samsung Galaxy J1 Ace
4045928,51157488,Kim Eui-sung
4046012,51158282,Pringles Unsung
4046233,51160377,Sunbelt Federal Credit Union
4046282,51160826,"Sunranwala, Kapurthala"
4046819,51166011,Sunnies Studios
4046997,51166911,Sunakali
4047301,51170874,Cnemaspis sundagekko
4047304,51170878,Cnemaspis sundainsula
4047641,51174582,"Magsungay, Bacolod"
4048857,51190744,Sun Wensheng
4049489,51198018,When the Sun Goes Down in Romany: My Heart Goes Roaming Back to You
4050494,51209317,Sunran Rajputan
4050528,51209678,Keep Searchin' (We'll Follow the Sun)
4050799,51212250,Rampur Sunran
4050828,51212491,Sun Huanhuan
4050876,51212972,Tripura Sundari Express
4050902,51213201,Ji Sung-hwan
4051010,51214157,Sophie and the Rising Sun (film)
4051049,51214514,Sunfish (musical)
4051066,51214675,2016 Sun Belt Conference men's soccer season
4051095,51215051,The Sun is Not Enough
4051238,51216539,Haugesund Art Gallery
4051382,51218075,Samsung Galaxy J7 (2016)
4051459,51218913,2016 ASUN Conference men's soccer season
4051871,51222915,Kim Sun-woo (pentathlete)
4051900,51223253,Sunitha Tati
4053064,51236559,"Kim Sun-woo (footballer, born 1993)"
4053120,51237152,Fresh Sunday
4053832,51244203,Samsung Internet
4053883,51244538,While the Sun Shines (play)
4054471,51250512,Dolike Sunderpur
4055228,51257698,Sun Yiwen
4055305,51258625,Haugesund Mekaniske Verksted
4055395,51259303,Sunday at Six
4055470,51259780,Morolake Akinosun
4055655,51261049,Set the Sun
4055882,51263210,2sunhwan-ro (Gwangju)
4056185,51265833,Sun Meichen
4056225,51266085,P. O. Sundelin
4056623,51270099,Sunviridae
4056963,51273673,2sunhwan-ro
4057330,51277525,Sunao ni Ienakute
4057572,51280454,Sundance Mountain
4058470,51291634,Sunshine (Tieks song)
4058965,51297309,Sunset and the Mockingbird
4059015,51297957,Yasuna Kozono
4059365,51302500,Inkululeko Suntele
4059382,51302625,Sunderland Aerodrome
4059461,51303203,Eclipse of the Sun (novel)
4059625,51305037,Sunshine Boy: The Unheard Studio Sessions & Demos 1971–1972
4060106,51310718,Sun Man (rower)
4060212,51311619,Sunayna Wahi
4060394,51314498,Sunshine Music Tours and Travels
4060482,51315726,Vaishnavi Sundar
4061091,51321760,Wu Tsung-tsong
4061261,51323561,Boonthung Srisung
4061307,51323961,Sun Wei (fencer)
4061649,51327157,Daisuke Matsunaga
4062394,51336283,"Sunflower Landing, Mississippi"
4063213,51347032,Sunrise (Joe Bermudez song)
4063722,51352194,Sundelao
4064310,51358276,Different Sides of the Sun
4064718,51362802,Sunyata Dance
4064825,51364459,Nigora Tursunkulova
4065344,51369413,Lena Sundström
4065349,51369449,Bo Sundström
4065569,51371854,"Sunny Slope Township, Bowman County, North Dakota"
4065599,51372335,Sun Mengxin
4066575,51382715,Tarasundari Balika Vidyabhaban
4066670,51383707,Return of the Sun
4066817,51384903,Killing the Rising Sun
4067014,51386912,Sunil K. Agrawal
4067694,51396717,High and Low (Empire of the Sun song)
4067752,51397489,Golden Sings That Have Been Sung
4067771,51397886,Sunshine Becomes You
4068165,51403289,Samsung Galaxy S III Neo
4068781,51410097,Sacred Sun
4069166,51413863,2016 Sun Belt Conference football season
4069837,51421999,Kim Bok-sun
4069923,51423182,Sunday Creek
4069929,51423244,Sunday Creek (Green River tributary)
4070099,51425044,"Black Sunday, 1937"
4070418,51429253,Emotionless (Red Sun Rising song)
4070421,51429265,Amnesia (Red Sun Rising song)
4070554,51430870,The Sun's Tirade
4070685,51432355,Former Residence of Sun Yat-sen
4071297,51440220,Oum Chheang Sun
4071583,51443210,Sung Han-kook
4071758,51445000,Sunset Park Pavilion
4072472,51453630,With Our Arms to the Sun
4072752,51458117,Tibusungu 'e Vayayana
4073274,51466702,Sunbeam Commercial Vehicles
4074279,51481292,Samsung Gear S3
4074749,51488511,Tsunenobu Ishida
4075269,51494382,Atsunobu Tomomatsu
4075792,51499992,Love Live! Sunshine!!
4076077,51502453,Virgen de la Asunción (Asunción)
4076080,51502461,Bañado Santa Ana (Asunción)
4076098,51502537,Sun Pengxiang
4076843,51509104,Sunrise International Education
4078528,51525431,Guna Sundari
4078539,51525530,Song Sun-ho
4078659,51528212,Sunbul
4078954,51531438,1946 Arizona State Sun Devils football team
4078956,51531447,1947 Arizona State Sun Devils football team
4078957,51531452,1948 Arizona State Sun Devils football team
4078959,51531455,1949 Arizona State Sun Devils football team
4078962,51531461,1950 Arizona State Sun Devils football team
4078963,51531462,1951 Arizona State Sun Devils football team
4078964,51531470,1952 Arizona State Sun Devils football team
4078967,51531487,1954 Arizona State Sun Devils football team
4078969,51531501,1955 Arizona State Sun Devils football team
4078970,51531503,1956 Arizona State Sun Devils football team
4078979,51531536,1957 Arizona State Sun Devils football team
4078981,51531551,1958 Arizona State Sun Devils football team
4078982,51531553,1959 Arizona State Sun Devils football team
4078983,51531556,1960 Arizona State Sun Devils football team
4078984,51531561,1961 Arizona State Sun Devils football team
4078986,51531566,1962 Arizona State Sun Devils football team
4078987,51531569,1963 Arizona State Sun Devils football team
4078988,51531583,1965 Arizona State Sun Devils football team
4078989,51531588,1966 Arizona State Sun Devils football team
4078990,51531590,1967 Arizona State Sun Devils football team
4078991,51531592,1968 Arizona State Sun Devils football team
4078992,51531596,1969 Arizona State Sun Devils football team
4079006,51531813,1976 Arizona State Sun Devils football team
4079010,51531820,1978 Arizona State Sun Devils football team
4079012,51531831,1981 Arizona State Sun Devils football team
4079014,51531835,1982 Arizona State Sun Devils football team
4079015,51531839,1983 Arizona State Sun Devils football team
4079017,51531846,1985 Arizona State Sun Devils football team
4079019,51531864,1987 Arizona State Sun Devils football team
4079020,51531865,1988 Arizona State Sun Devils football team
4079021,51531868,1989 Arizona State Sun Devils football team
4079022,51531869,1990 Arizona State Sun Devils football team
4079025,51531873,1991 Arizona State Sun Devils football team
4079026,51531876,1992 Arizona State Sun Devils football team
4079538,51537356,Tatsunori Fujie
4079770,51539359,List of Sun Belt Conference football standings
4079943,51541310,Mercury Passing Before the Sun
4081361,51555186,Jung Sung-hwa
4081415,51555839,Nocardioides hwasunensis
4081474,51556389,Sundar Singh Gurjar
4081515,51556738,Sunyer I of Pallars
4083312,51575173,Sunny Suljic
4083752,51580040,Sunshine Ahead
4083814,51582465,Arizona State Sun Devils football statistical leaders
4084082,51585511,Naoki Kusunose
4084579,51591961,List of Northern Sun Intercollegiate Conference football standings
4084617,51592259,Samsung Galaxy J5 (2016)
4084625,51592381,Little Mary Sunshine (1916 film)
4084884,51597058,Kattsund-Koster dyke swarm
4085045,51598918,Geneviève d'Ossun
4085263,51601584,Samsung Galaxy Tab A 10.1
4085372,51603025,Sunarto Rasidi
4085760,51606868,Bertil Sundberg
4085997,51610370,Sun Qichao
4086237,51613393,Wickham Model C Sunbird
4086743,51618911,Sunil Bardewa
4087217,51624589,Susanne Sunesen
4087348,51626512,Environmental impact of development in the Sundarbans
4087421,51627644,Tsuneko Furuta
4087637,51630291,The Sun and Her Flowers
4087690,51631069,"Santa Maria Assunta, Borsigliana"
4088646,51645407,Hurry Up Sundown
4089116,51652170,Laughing in the Sunshine
4089348,51661114,Sunken island
4089608,51664649,Sunder Prasad
4089898,51669057,Trisunius
4091014,51691312,Sundernath
4091167,51693520,Sevenfold Sun miracle
4091541,51697989,Maji Sunshine
4092627,51714847,Unsung Story
4093232,51723809,John Sunderbruch
4093277,51724188,Taishi Sunagawa
4093346,51725454,Sunbeam-Talbot 80
4093840,51732687,"Santa Maria Assunta in Cielo, Alviano"
4093872,51733156,Jung Hoon-sung
4094049,51734823,Yuya Mitsunaga
4094341,51738804,Sunless Skies
4094393,51739215,Sundveda Hoard
4094748,51744832,Kazuya Sunamori
4095298,51755089,Among the Suns
4095797,51761289,Farsund (town)
4096184,51770154,Sun Ruiping
4096267,51771261,A Portrait Painted by the Sun
4096496,51774234,Three Stripes in the Sun
4096755,51777249,2016 Judo Grand Prix Samsun
4097480,51787135,Sungaipadee F.C.
4097678,51791601,Na Sung-soo
4097755,51792205,Fri. Sat. Sun
4098134,51798238,2010 Arizona State Sun Devils baseball team
4098270,51800678,Sunil Kumar Podder
4098470,51803850,Taishi Tsunada
4099099,51812471,Sunao Kasahara
4099136,51812654,Yuta Tsunami
4099184,51812880,Sunadhar
4099262,51813502,Park Sung-hoon (singer)
4099362,51815469,Eric Sun
4100097,51837798,Sunny Li
4100573,51846539,Ceremony to the Sunset
4101224,51855532,Umm Leisun inscription
4101362,51858360,Sunstar Entertainment
4102206,51871686,"Shamsunnahar (footballer, born 2003)"
4102215,51871758,Shamsunnahar
4102260,51872595,2016–17 Sunfoil 3-Day Cup
4102278,51872798,"Kim Sung-hyun (baseball, born 1987)"
4102325,51873294,Sunil Pokharel
4103161,51885615,Under the Sun (2015 film)
4104130,51899625,Osun Babes F.C.
4104145,51900106,"Santa Maria Assunta, Trecate"
4104985,51915066,Pokémon the Series: Sun & Moon
4105052,51917695,"Santa Maria Assunta, Cameri"
4105327,51923046,Kanta Tsuneyama
4105512,51925889,Sun Xiao
4105631,51927595,Marien de la Asuncion
4105657,51927913,Jang Hee-sun
4106306,51942089,The Midnight Sun (C Duncan album)
4106412,51947524,Sunday Beauty Queen
4106625,51955585,Suncheon Junction
4107132,51968046,Torii Kiyotsune
4107194,51968841,Park Sun-young (badminton)
4107796,51980837,The 22nd Sunday in Ordinary Time Sessions
4109172,51999666,Lower Your Eyelids to Die with the Sun
4109351,52002233,April Sun in Cuba
4109800,52008562,Sunderland Barracks
4109857,52008929,Sun Jiajun (cyclist)
4110386,52017726,Tsunao Hashimoto
4110428,52018147,Hwang In-sun
4110440,52018220,Lee Sun-bin (disambiguation)
4110443,52018248,Lee Sun-bin
4111544,52035615,Burdett-Coutts Memorial Sundial
4113124,52056832,Pak Kyong-sun
4113179,52057405,Sung Hyun-ah (footballer)
4113181,52057442,Shin Sun-nam (footballer)
4113221,52057734,R. Sundar
4113227,52057835,Kasun Madushanka
4113406,52059737,Sunny Gale
4113509,52061194,Sun Temple of Userkaf
4113550,52061720,Sun Rui
4114053,52067810,Volhynian Bloody Sunday
4114506,52072526,Kye Yong-sun
4114609,52073235,Jessika Sundh
4115138,52077672,"Santa Maria Assunta, Sarnano"
4115142,52077710,Seven in the Sun
4115525,52081656,Wu Min-hsun
4115686,52083169,Amaurobius asuncionis
4116088,52090000,Seth Sunday Ajayi
4116244,52092936,Åke Sundborg
4116408,52094527,Vikram Sunderam
4116832,52100599,Tsunagari
4117022,52102667,Samsung Galaxy Trend Lite
4117506,52109670,Kitsune Kon
4117622,52111343,Sun Club
4117695,52112196,Aruna Sundararajan
4118285,52119550,Park Sung-hoon (actor)
4118287,52119557,Park Sung-hoon
4118326,52120210,Midnight Sun (Aimer album)
4118491,52122286,Sundborg
4118851,52126974,Rehana Sunder
4119356,52133382,The Sun
4119402,52134276,Assunto Delicado
4120786,52149859,2016 ASUN women's soccer tournament
4121004,52153530,Ko Min-sung
4121033,52153984,Tsunehira Furuya
4121152,52156244,Sunday Popoola
4121237,52157205,White Sun
4121911,52167594,2017 ASUN women's basketball tournament
4122295,52172042,Naomi Louise Sunderland Hosterman
4122732,52177484,Aditya Birla Sun Life Asset Management
4123136,52182400,2017 ASUN men's basketball tournament
4123381,52185585,Sunburst (band)
4123786,52189860,2016 ASUN men's soccer tournament
4124148,52194489,"Santa Maria Assunta di Castelnuovo, Recanati"
4124589,52198274,Nessuno
4124628,52198680,José Osuna
4124759,52200077,Sun Alliance (company)
4124798,52200440,Shanmugasundaram
4124879,52201295,SMJK Tsung Wah
4125135,52203841,Sun Electric
4125328,52206422,2016 Sun Belt Conference women's soccer tournament
4125612,52210305,CA Osasuna Cantera
4125666,52211447,"Santa Maria Assunta, Ussita"
4125840,52213496,Aji Sunte Ho
4125989,52215273,Euskadiko Sozialisten Batasuna
4126815,52229667,Shunmyō Masuno
4127374,52235706,Arizona Sunshine
4128429,52248894,Hassan Sunmonu
4129429,52260307,2016–17 ASUN Conference men's basketball season
4129478,52260865,Maysun bint Bahdal
4129598,52262456,Samsung Z2
4129965,52267501,Sundorph House
4130298,52272167,Jun Sung Ahn
4130380,52273605,I Can See the Sun
4130447,52274441,Sun Fajing
4130525,52275507,Nigel Mansell Sunseeker International Classic
4131616,52290383,2017 Sun Belt Conference men's basketball tournament
4131817,52294009,Giresun Museum
4131850,52294476,Sun Feixiang
4131993,52296427,Sundari Neeyum Sundaran Naanum
4132175,52298593,Irisuna-jima
4132321,52300470,Blues at Sunrise (Stevie Ray Vaughan album)
4132363,52301371,Shanghai Sunfun F.C.
4132942,52308882,Spaw Sunday
4133524,52316954,Nandini Sundar
4134639,52331873,Michelle Sun
4134708,52332670,Fosun (disambiguation)
4134885,52334388,Queen Jeongsun (Danjong)
4134978,52335752,Whitsunday Coast Guardian
4135031,52336348,Yang Jih-sung
4135807,52348349,Samsung Galaxy A8 (2016)
4136012,52351080,Sunao Katabuchi
4136187,52354141,Bae Sung-duk
4136207,52354378,Lyutsun Bay
4136451,52357748,Arathi Sara Sunil
4137502,52373077,Tsuneonella dongtanensis
4138211,52379936,Sunday Drive (film)
4138424,52383890,Wings of Change Tsunami
4138841,52389467,Samsun–Kalın railway
4139626,52400648,Uesugi Tsunakatsu
4140257,52408685,List of Suncorp Super Netball venues
4140460,52410843,Tsuneonella troitsensis
4140545,52412133,Sunnydown School
4141041,52419470,Vassununga State Park
4141250,52422557,Phoenix Suns accomplishments and records
4142005,52434788,Suncoast Credit Union Arena
4142172,52437641,2017 Sundance Film Festival
4143120,52451859,Kasun de Silva
4143213,52453053,Tasaku Tsunoda
4143344,52454616,Augustina Ebhomien Sunday
4143484,52456721,Sunbury and Lewistown Railroad
4144184,52464991,Team Sunweb
4144586,52469660,Sung Shuo-yun
4145082,52475007,2016 Sun Bowl
4146533,52493526,Dark Under the Sun
4146737,52495051,James Webb Space Telescope sunshield
4146805,52495686,White Sun II
4146816,52495752,Sunday Night at the Vanguard
4147731,52504827,Yi Sun-sin Stadium
4148275,52512671,Samsung Galaxy A8
4148333,52513385,Adithyapuram Sun Temple
4149616,52530028,Operation Sunbaker
4149627,52530084,Operation Sunfish
4150299,52542406,"Sunset, Missouri"
4150779,52550876,"Santa Maria Assunta, Poggio San Vicino"
4150939,52552690,Sunila
4151458,52558632,Land of the Sun
4151634,52561202,ASUN (disambiguation)
4151702,52561960,2017 Sun Belt Conference women's basketball tournament
4151899,52563527,2017 Sunwolves season
4152039,52564937,Shota Hasunuma
4152835,52575204,Sun goddess of Arinna
4153285,52580815,Sun goddess of the Earth
4153291,52580900,Sun god of Heaven
4153528,52583776,Lesun
4154118,52592226,Samsung Galaxy J3 (2016)
4154431,52595531,Battle of Björkösund
4155230,52606505,"Sunshine, Joy & Happiness: A Tragic Tale of Death, Despair and Other Silly Nonsense"
4155582,52617253,Sydney Sunderland
4156339,52626322,Sofia Asunción Claro
4156545,52628750,Artesunate/mefloquine
4156586,52629066,Sun Belt Conference men's soccer tournament
4157236,52637332,Kampung Sungai Mulia
4157443,52639947,Another Day of Sun
4157477,52640414,Carl Sundt-Hansen
4158275,52650706,Lump of Sun
4158321,52651245,Bosundhora
4158625,52654570,Yasunobu Nakamura
4159330,52662748,Tuff Sunshine
4160677,52677923,Adele Ajosun
4160880,52679986,Dosunmu
4161831,52690334,Sune Lindqvist
4162199,52693538,Aestuariibaculum suncheonense
4162600,52696127,Sunken Plum
4162911,52700009,"Sunset, Starr County, Texas"
4163210,52704122,Shyam Sundar Rai
4165239,52723034,ASUN men's soccer tournament
4166597,52735212,Sunil Kumar Sharma (Jammu and Kashmir)
4167356,52743634,Kang Yoon-sung (footballer)
4167368,52743800,"Sunlight, Missouri"
4168377,52755005,Rainbow lattice sunstone
4168817,52759220,Manmade Sun
4168902,52760497,Beneath Two Suns
4169013,52761500,Tsunenosuke Hamada
4169053,52761808,Tokuhisa Tsunenori
4169084,52762130,"Sunset Acres, Texas"
4170478,52778944,List of newspapers named Daily Sun
4170479,52778947,2001 Sun Belt Conference football season
4170583,52780166,A Little Ray of Sunshine
4171296,52789010,The Legend of Butch & Sundance
4171312,52789249,The Sunday Outing
4171432,52790757,Asano Munetsune
4171457,52791006,2017 ASUN Conference baseball tournament
4171888,52796433,Sun (ship)
4171990,52797937,Sundial cannon
4172179,52799920,Executive Council of Osun State
4173025,52808556,Hard Sun
4173320,52811642,Come Sunday (film)
4173735,52817425,Kolindsund
4173775,52818013,Okefenokee pygmy sunfish
4173787,52818138,Spring pygmy sunfish
4173869,52819266,2002 Sun Belt Conference football season
4173981,52820595,Sunil Kumar Singh (geochemist)
4174222,52823392,Black Sunday (2005)
4174248,52823736,Sunset to Dawn
4174382,52825298,Masungi Georeserve
4174409,52825552,Melinda Sun
4174997,52835209,Samsung Galaxy A7 (2017)
4174999,52835232,Samsung Galaxy A5 (2017)
4175000,52835240,Samsung Galaxy A3 (2017)
4175528,52842641,SunCommon
4175651,52844573,Mariasun Quiñones
4176630,52857779,2017 Sun Belt Conference baseball tournament
4176764,52860963,Rendezvous at Sunset
4177128,52867728,Mostly Sunny
4177840,52876928,Sundberg & Sundberg
4178788,52888255,Sunil Rastogi
4179658,52899269,Removal of Sunset Provision for vessel restrictions
4179803,52901252,Rieko Matsunaga
4180847,52917137,I'll Give You the Sun
4180900,52918493,Kim Il Sung and Kim Jong Il badges
4181533,52927741,Joseph A. Suneg
4181714,52929985,Ekensund Artists' Colony
4182107,52935221,Sunita Prasad
4182237,52937022,Cho Yoon-sun
4182251,52937214,Sun Dawei
4182256,52937275,Sport on the Sunshine Coast
4182357,52938897,Amasunzu
4182938,52945697,Sundori
4183516,52951928,Sundara Karma
4183897,52957531,Tokugawa Tsunashige
4183937,52958165,Sílvia Osuna Oliveras
4183991,52958821,"Sungai Durian, Kotabaru"
4184046,52959323,"Sungai Durian, Perak"
4184050,52959338,Sungai Durian
4184077,52959906,"Sungai Durian, Solok"
4184120,52960406,"Sungai Durian, Tabalong"
4184175,52961526,"Sungai Durian, Payakumbuh"
4184202,52961905,"Sungai Durian, Patamuan"
4184248,52962546,Sunderbach
4185277,52977643,Studio Filmów Rysunkowych
4185821,52984472,"Moursund, Texas"
4186128,52987839,Salai Sun Ceu
4186228,52988684,Randesund (municipality)
4186270,52989740,Robert Sundholm
4187102,53001446,Ratnasundarsuri
4187189,53002370,Cosun Group
4187431,53005042,2016 Sun Belt Conference men's soccer tournament
4188030,53009114,Sundsfjord Hydroelectric Power Station
4188456,53013937,Sundance Festival of the Chamber Arts
4188486,53014245,Sundra
4188958,53017414,Samsung Experience
4190871,53036068,Sunil Yadav
4191234,53042068,David Sun
4191365,53044228,S. D. Sundharam
4191787,53052387,Randesund Church
4192000,53056239,2017 Herald Sun Tour
4192276,53060465,Sun Deng
4192640,53066439,Sunda whistler
4192928,53069883,Queen Jeongsun (Wonjong)
4193092,53072609,Sunshine Coast University Hospital
4193905,53084295,Trångsund Fortress
4194442,53090400,Sunset Lover
4194765,53095019,Sunday League – Pepik Hnatek's Final Match
4195093,53098747,Samsung Omnia M
4195471,53104018,Hittite Sun Course Monument
4195508,53104506,"Sunlands, South Australia"
4196542,53120626,Sun in a Net Awards
4196717,53123532,Akata Sundunchi
4197407,53133854,Rina Matsuno
4197729,53138123,Daesung discography
4198355,53145884,Lin Chien-hsun
4198451,53147334,Sunflower State FC
4198848,53152797,House of the Dying Sun
4199169,53156873,Seashells Resort at Suncrest
4199209,53157430,2016–17 CA Osasuna season
4200232,53174174,Sunder Lal Dixit
4200370,53175865,Sunil Kariattukara
4201204,53186529,The Devil Makes Sunday
4201450,53190615,SunShot Initiative
4201610,53194012,Sunshine Coast Lightning
4201624,53194283,2017 Suncorp Super Netball season
4201834,53196775,Sunil Soren
4202238,53203563,"Sunhani, Himachal Pradesh"
4202495,53207207,List of Taking Back Sunday band members
4203125,53217027,Sun Shu-may
4203310,53219584,Mount Sunapee State Park
4203644,53225669,Tensung FC
4204242,53232864,Valeriy Suntsov
4205042,53242458,Second Story Sunlight
4205349,53246159,2017–18 Sunshine Tour
4205730,53251932,Sunrisers Hyderabad in 2017
4205741,53252025,Olmaz Olsun (song)
4205833,53253137,Sun Taizhen
4207136,53273344,Sepata Dukata Sunny
4207413,53277674,Sundown Rider
4207501,53278682,Sunsara Taylor
4208169,53283862,Sundarai Adare
4208195,53284153,Let the Sunshine In (film)
4208200,53284201,Close to the Sun (album)
4208908,53295507,Jonsun and Gonsun
4209789,53305889,Sunbridge Wells
4210324,53312519,Sunshine (Dragon song)
4210529,53315718,Wu Ming-hsun
4211482,53326199,Shyamsundar
4211527,53326784,Samsung Galaxy Book (2017)
4211658,53328267,Sunrise Records
4211746,53329145,Samsung Galaxy Tab S3
4212172,53335244,Samsung Galaxy S8
4213028,53348193,Sunkara Rao
4213192,53350748,2017 Sun Belt Conference football season
4214260,53368016,Sun Huaishan
4214606,53372000,Sikiru Olatunbosun
4215103,53378001,The Sunshine Makers (2015 film)
4215104,53378004,The Sunshine Makers
4215130,53378329,Pascal Gasunzu
4215774,53384236,Olmaz Olsun
4216101,53388126,Katharina Sunnerhagen
4216278,53390398,Nozomi Sunouchi
4217137,53399175,Deepali Wijesundera
4219192,53427793,Al Asuncion
4219274,53428621,Sunny Tang
4219327,53429153,Hyosung GD250N
4220269,53440814,Sunshine Coast Solar Farm
4220327,53441740,Statue of Admiral Yi Sun-sin
4220395,53442565,Trophy (Sunny Sweeney album)
4220882,53448241,"Sunset, Texas"
4220932,53448869,Sinasuna Adaren
4220974,53449612,Sunil Dhamala
4222020,53460240,Vidar Sundstøl
4222021,53460252,Sunil Kumar Sharma (Uttar Pradesh)
4222437,53464999,2017–18 Arizona State Sun Devils men's basketball team
4222600,53466635,Men Against the Sun
4222634,53467244,Rikki Morgan-Tamosunas
4223041,53471341,Sun Terrace
4223292,53474348,Kasun Vidura
4224093,53480720,Akila Jayasundera
4224166,53481660,When Sunny Gets Blue
4224175,53481725,Sunny Ridge Historic District
4226230,53504870,Asunción International Marathon
4226249,53505105,Arasavalli Sun Temple
4226574,53509869,Samsung Galaxy J7 Prime
4226647,53510616,Gopi Sundar discography
4226739,53511724,1950 Fairfield-Suisun Boeing B-29 crash
4226793,53512557,Hangzhou Bay Sunac Tourism City
4228520,53530738,Xuzhuang / Suning Headquarters station
4228957,53536273,Sunčana Škrinjarić
4229566,53542074,Stanhope–Sunderland ministry
4229593,53542431,Sung Hee-jun
4229918,53546530,Gwon Sun-geun
4229981,53547712,Hwang In-sun (footballer)
4230198,53550492,"Murray-Sunset, Victoria"
4230260,53551016,Sunda Straits Crisis
4230403,53552349,Kalamunda Eastern Suns
4231151,53562147,The Life of a Trio: Sunday
4231591,53567316,Sung Chia-hao
4232518,53578317,Yu Nam-sung
4233768,53594760,Sun King Warriors
4233860,53595794,Samsung SDI
4235059,53608128,Sunshine (Australian TV series)
4235740,53614903,Assunta Ng
4236466,53624153,East of the Sun (Lin Halliday album)
4237149,53629547,2017 Aalesunds FK season
4237660,53635602,Sunflower Seeds (artwork)
4237798,53637314,Samsung DeX
4237928,53638453,Jung Sung-il (director)
4238262,53642438,Days in the Sun
4239129,53650814,Pontibacter toksunensis
4239653,53657941,Öresundsvarvet
4240132,53664809,Suneel Verma
4240299,53666766,Datsun Type 14
4240678,53672328,Samsung Gear Fit 2
4241058,53678777,Umesh Kasun
4241507,53684737,2017 FK Haugesund season
4241686,53686937,George Woosung Wade
4241839,53689522,San Pablo (Asunción)
4242753,53702091,Veerasundari
4243745,53713730,Sunbury Research Centre
4243814,53714618,Sunday Akinbule
4244167,53718926,And the Conquering Sun
4244498,53721859,Tsunenobu Kimoto
4244641,53722705,Sundaram Ramesh
4244674,53722910,Dong Sun
4244675,53722921,Jian Sun (researcher)
4244677,53722929,Dan Keun Sung
4244678,53722936,Wonyong Sung
4244811,53724121,"Sunset, South Carolina"
4245178,53728098,Sunnmøre Arbeideravis
4245376,53730237,Palm Sunday church bombings
4245884,53735590,Choi Dae-sung
4245972,53736216,Nam Sung Kim
4245984,53736272,Ta Sung Lee
4246071,53736906,Sundeep Rangan
4246106,53737070,Sun Sumei (engineer)
4246506,53741647,Sunshine State Conference men's basketball tournament
4246699,53744710,Aalesunds Avis
4246788,53745586,Sunghyun Choi
4247072,53747881,Datsun Type 15
4247543,53754605,Amram Musungu
4247880,53756909,Grand Hotel Sunny Beach
4248429,53764473,Sun Yaara
4248461,53764851,2017 Kristiansund BK season
4249099,53772539,Mansun Chan
4249768,53778284,Morten Sundli
4249880,53779799,Samsung Galaxy J2 Prime
4249948,53780976,The Naked Sun (song)
4250581,53789796,Sunan Ambu
4251862,53807632,Sunny Beach (wrestler)
4252581,53815902,2017 Team Sunweb (men's team) season
4252613,53816420,Barbed Wire Sunday
4252785,53820131,2017–18 Phoenix Suns season
4252807,53820361,Sungul Snezhinsk
4252887,53821483,I'll Follow the Sun (Mr. President song)
4253440,53828660,Park Sun-ho
4254061,53836683,2017 Arizona State Sun Devils football team
4254134,53837367,Sunrise (2014 film)
4254548,53842501,Sun Zhaoliang
4255120,53849376,Sunflower Square
4255307,53851347,Arilla Sun Down
4255351,53852090,"Sunnyslope, Idaho"
4255588,53855319,Fan Chen-tsung
4255986,53859852,Anna Missuna
4256333,53864318,"Sunset, Maine"
4256607,53867589,Stouffville Sun-Tribune
4256982,53873556,Aalesunds blad
4257058,53874293,Sun Yi (actress)
4257112,53874875,Sungai Pinang (Penang state constituency)
4257148,53875349,Jetsun Lobsang Tenzin
4257163,53875647,Sungai Pinang (disambiguation)
4257450,53880529,The Misunderstood Love
4257668,53883484,Aalesunds Handels- og Sjøfartstidende
4258380,53892994,Aalesunds Socialdemokrat
4258570,53895099,Hvalpsund
4258762,53897818,Pamela Sunstrum
4258795,53898334,Soo Sunny Park
4258985,53901203,Handong Sun
4259017,53901587,Black Sun Empire
4260052,53913791,Shyam Sunder Kapoor
4261181,53926471,Sunil Singh
4261297,53927857,Sansun Nosansun
4261316,53928050,Sunday Odhiambo
4261595,53930817,Lin Tsung-nan
4262294,53941234,Sun Xun
4262584,53945261,"Sundad, Arizona"
4262806,53947979,Sunny Side Up Tropical Festival
4263204,53953360,Gongsun Hong
4263593,53958644,Sunning Plaza
4263803,53961422,"Sunnyside, Arizona"
4263953,53963529,Sumitra Bhave–Sunil Sukthankar
4264222,53967030,Better Be Home Soon/Fall at Your Feet/Distant Sun (Medley)
4264278,53967873,Surfing the Healthcare Tsunami
4264399,53969444,Sunset Strip (disambiguation)
4264404,53969479,Sunset Strip (2012 film)
4265122,53980152,Matthew Olosunde
4265219,53981459,Sunday Times Rich List 2017
4267145,54006724,Raquel Urtasun
4267754,54013976,Gart der Gesundheit
4267935,54016266,Sungang station
4268079,54018286,Azersun Holding
4268735,54025826,Sunil Shastri
4268860,54027430,SunU-Monash BRT station
4268870,54027631,SunMed BRT station
4268886,54027950,Sunway Lagoon BRT station
4269110,54030634,Lily Sunder Has Some Regrets
4269185,54031807,Sunheung
4269194,54031878,Sun Zhenni
4269227,54032112,Sunnyside Hotel
4269328,54032989,Erlend Lesund
4269970,54039850,Kim Sung-hoon (director)
4270401,54044168,Every Country's Sun
4271298,54053890,Suntan City
4271761,54061468,"Sundy, São Tomé and Príncipe"
4271967,54063816,Sunbury Shale
4272373,54069554,Datsun Type 16
4272813,54075680,The Sun (song)
4273113,54079361,Sun British College
4273468,54083915,Sun-Herald Tournament
4273683,54086394,List of works by Sung Si-kyung
4273708,54086634,Lee Jong-sung
4273979,54090162,Suea Sung Fah
4274213,54092465,2017–18 Sunderland A.F.C. season
4274402,54095039,Suea Sung Fah II: Payak Payong
4274416,54095285,Unomásuno
4275161,54103641,Sunday Night with Megyn Kelly
4275331,54105644,Kim Sun-tae
4276515,54120482,Sun Yuanhua
4276523,54120581,1967 – Sunshine Tomorrow
4277377,54140174,Bidya Sundar Shakya
4277724,54144266,Vancouver Sun (Re)
4277999,54147841,When Sunny Gets Blue (album)
4278138,54149953,Sunda leopard cat
4278375,54154388,Sunita (politician)
4278414,54154862,Sundar Basti
4278612,54157428,Gang Sun-deok
4279739,54171957,Mr. Sunshine (South Korean TV series)
4280204,54177998,Cho Sung-hyung
4281051,54189824,Sunrise (Day6 album)
4281241,54191792,Simen Sunde Bratholm
4281396,54193747,Sacking of Asunción
4281727,54198183,The Patriot on Sunday
4282208,54203695,Anthony Masunga
4282420,54205769,"Casuntingan, Mandaue"
4283799,54220482,...Suki xxx/0-ji Mae no Tsunderella
4283909,54221286,1998 Arizona State Sun Devils baseball team
4284795,54231352,Sunny Ofehe
4285021,54235301,Medan Sunggal
4285316,54239315,Sunrise Media
4285906,54247164,Sunny Day (TV series)
4286204,54251150,Hito-gitsune
4287144,54263218,"Landesanstalt für Umwelt, Messungen und Naturschutz Baden-Württemberg"
4288125,54275841,Prasert Sapsunthorn
4288298,54277542,Wen Hsing-tsun
4289655,54294440,Sun Is Shining
4289825,54296329,In the Sun of Marseille
4290157,54300996,Tanjung Lesung
4290346,54303270,Faizan-e-Sunnat
4290670,54307595,Dhurmus Suntali Foundation
4290855,54309708,Sunil Dutt Dwivedi
4291008,54311403,Sarsuna Law College
4291086,54312246,Sunrise (Ukrainian band)
4291642,54320781,Wu Kuang-hsun
4291812,54323713,Sundt
4292063,54326218,Suncorp Super Netball Grand Final Most Valuable Player
4292234,54327874,Hassun (Hannibal)
4292256,54327934,...And the Woman Clothed with the Sun
4292258,54327941,...And the Woman Clothed in Sun
4292403,54330133,God Bless Our Sunny Clime
4293104,54339429,Suntan (2016 film)
4293137,54340074,Listed buildings in Guldborgsund Municipality
4293412,54343009,Jamik Sungai Jambu Mosque
4293554,54344382,Comparison of Samsung Galaxy S smartphones
4293560,54344574,Sunshine Ukulele
4294410,54356162,Have Sunshine in Your Heart
4294455,54356721,Sunheung An clan
4294581,54358304,Sunset Beat
4294890,54362524,Suncorp Super Netball Young Star Award
4294908,54362751,Suncorp Super Netball Leading Goalscorer Award
4295306,54367214,1988 Arizona State Sun Devils baseball team
4295550,54370101,Kim Seo-kyung and Kim Eun-sung
4296448,54381571,Sunshine to Rain
4296481,54381848,Chase the Sun (EP)
4297489,54394232,Sunshine Hospital
4297537,54394761,Park Sung-min
4297936,54398519,Sunil Lal Joshi
4298841,54409849,Sunnhordland (newspaper)
4299038,54412055,Mata Sundri College for Women
4299551,54417761,Sunnmøringen
4299923,54421829,Sun Comes Up
4300170,54424380,Artesunate/pyronaridine
4300223,54425154,The Sunbathers
4301292,54438054,Suna Venter
4301524,54441944,To the Door of the Sun
4301593,54442965,Sun Red Sun (EP)
4301657,54443992,When The Village Music Plays on Sunday Nights
4301790,54445926,Sunil Gunawardene
4302461,54453872,Fan Sun-lu
4302710,54457853,Eric Sunderland
4303037,54461226,Alexander M. Korsunsky
4303066,54461631,1986 Sunkist WITA Championships
4303173,54462431,1985 Sunkist WTA Championships
4303374,54465277,Samsun deportations
4304299,54474924,The House of the Sun
4304308,54474970,The House of the Sun (opera)
4304315,54475064,Sunhouse
4304480,54476951,Jonny Sun
4305738,54489749,Sunter River
4305835,54490843,Whyte's double-collared sunbird
4306184,54495947,Sundarayyar
4306442,54499338,Fortaleza de Nossa Senhora da Assunção
4306722,54502648,Yoon Ji-sung
4306727,54502697,Ha Sung-woon
4306768,54503357,Everybody Sunshine
4306787,54503643,Hello Sunshine (company)
4306834,54504742,Samsun Golf Course
4307059,54506893,Eosentomon dusun
4307711,54513931,Dartmoor Sunday Rover
4310124,54538770,Suncorp Super Netball Team of the Year
4310129,54538900,Suncorp Super Netball Player of the Year Award
4310189,54539628,Estero de Sunog Apog
4310365,54541604,Sundacypha
4310630,54546310,Canton of Ossun
4311113,54551670,2015–16 Sunfoil 3-Day Cup
4311398,54555424,1978 Arizona State Sun Devils baseball team
4311800,54560501,Mariasun Landa
4311806,54560530,Den Helder Suns
4311866,54560975,Travels in Atomic Sunshine
4312009,54562394,Sunna Davíðsdóttir
4312647,54570646,Sunday Olweny
4312801,54572170,Park Sung-hyun (golfer)
4312991,54575468,2014–15 Sunfoil Series
4313661,54585902,2018 Suncorp Super Netball season
4314091,54592450,Shyam Sundarpur Patna High School
4315539,54610932,Samsung Galaxy Note 8
4315684,54612744,Yuka Kusunose
4315874,54615402,Sunday Holiday
4316326,54621221,Tsunagu
4316332,54621245,Free Sunnis of Baalbek Brigade
4318307,54644062,Arizona State Sun Devils women's beach volleyball
4318400,54645550,"Sunny,Cloudy,Rain"
4318475,54646967,Sun Xuliu
4319190,54656677,Dai Wai Tsun
4319612,54664326,Sunderwati Mahila College
4320014,54669156,Sundered
4320038,54669796,Khurshidjon Tursunov
4320452,54674981,Sunsay
4320560,54676681,Tsunamasa Ōyama
4320882,54680538,Dorothy Sunrise Lorentino
4320994,54681479,Tsunozuka Kofun
4321477,54686063,Sunny Days (Armin van Buuren song)
4321616,54688455,Ayo Simon Okosun
4321781,54693075,Prasun Gain
4322238,54700719,Christine Tsung
4322734,54710863,Songs for Sunday
4322775,54711395,Sunrise Productions
4324380,54733303,Asunción Acosta
4325218,54748014,Sunrise (opera)
4325336,54750650,2017 FIBA 3x3 World Tour – Utsunomiya Masters
4325704,54757223,Sunsets for Somebody Else
4325802,54759805,1973 Arizona State Sun Devils baseball team
4326202,54768810,Sunday Maweni
4326260,54769361,Sun Sumei (athlete)
4326535,54773609,Letters on Sunspots
4329925,54851037,Aiō Mototsuna
4331826,54889852,Mōri Tsunemitsu
4332544,54904841,"Sunter, Jakarta"
4332677,54906537,"Tomorrow Sunny / The Revelry, Spp"
4332801,54909237,Sungri Line
4333160,54920637,That Sun in the Sky
4333472,54925645,Ankara–Samsun Motorway
4333713,54933496,Suneet Singh Tuli
4333910,54936349,Sara Sundelowitz
4334233,54945140,Asunción Ferrer y Crespí
4335559,54965779,Sunmarke School
4335682,54967253,Sunday Morning (collage)
4335976,54972028,Masters of the Sun (comic)
4336051,54973289,Education Sunday
4336149,54974508,Samsun Gazi Museum
4336261,54976420,Samsun Atatürk Museum
4336375,54977810,2017–18 CA Osasuna season
4336400,54978094,Sunday in New York (album)
4336759,54984526,Sungrow Huainan Solar Farm
4336793,54984873,MoreSunlight
4337031,54988708,Club Sol de América (Asunción)
4338221,55015604,Jung Hee-sung
4338576,55023671,Billion Tree Tsunami
4338860,55027282,Down to a Sunless Sea (Carter novel)
4339194,55034969,Sunisa Kawrungruang
4339392,55036643,Tatsunosuke Hori
4340377,55056487,John Corbet of Sundorne
4340808,55064710,List of rivers of Lesser Sunda Islands
4341005,55070836,Arne Sunnegårdh
4341275,55075461,Natsumi Tsunoda
4341701,55084059,Two Songs to be sung of a summer night on the water
4342222,55091379,2017 Connecticut Sun season
4342709,55103387,Ahle-Sunnat fraction
4342883,55108074,Jang Sung-min
4342885,55108106,Jang Sung-min's Current Affairs Tank
4343249,55113107,Cycas sundaica
4343582,55118804,List of radio stations in Asunción
4343904,55122704,Sunil Arora
4344652,55131865,Laura A. Sunderlin Nourse
4345220,55138347,The Woman Clothed with the Sun
4345362,55140227,2017–18 Sunfoil Series
4345521,55142084,The Blazing Sun (1950 film)
4345671,55144076,Yoon Sung-hee
4346066,55150211,Kim Sun-ja (athlete)
4346790,55163136,"Sunflower, Kansas"
4347104,55168582,Ji Eun-sung
4348087,55185059,Eternal Sun
4348820,55193918,Jonas Erikson Sundahl
4348825,55194010,Sundahl
4348932,55195267,Sunil K. Dutt
4349261,55198354,Hong Sung-mu
4351828,55238720,Riksundar Banerjee
4352436,55249939,Ossi Sunell
4353424,55267405,Heni Materoa Sunderland
4353812,55271696,Samsung Z4
4353855,55272478,Sun Yun-suan Memorial Museum
4354039,55275005,Thabo Maruje Masunga III
4354166,55276957,Asunción Valdés
4354407,55281798,Chiu Tzu-tsung
4354625,55285412,Sunset (2018 film)
4355057,55291111,"Sunnyside, Castro County, Texas"
4355066,55291222,"Sunnyside, Menard County, Texas"
4355069,55291289,Sun Zehao
4355070,55291296,"Sunny Side, Waller County, Texas"
4355221,55293640,Asunta Limpias de Parada
4355877,55302542,Sundanese script (disambiguation)
4355895,55302726,Pokémon Ultra Sun and Ultra Moon
4356798,55313494,Yesung discography
4357269,55321141,Statue of Sun Yat-sen (San Francisco)
4359009,55346869,Jeon Sungtae
4359612,55359216,Sune Berg Hansen
4359828,55362235,1980 United Airlines Sunbird Cup
4360245,55370811,Britt Mjaasund Øyen
4360556,55375216,Arnim O. Sundet
4360941,55384174,2018 Osun State gubernatorial election
4361148,55387093,AWA Super Sunday
4361608,55395110,Ebba Sundstrom Nylander
4362475,55412513,Sundadanio atomus
4362477,55412615,Sundadanio echinus
4362481,55412680,Sundadanio gargula
4362483,55412744,Sundadanio goblinus
4362485,55412841,Sundadanio margarition
4362490,55412931,Sundadanio retiarius
4362493,55413003,Sundadanio rubellus
4362695,55416459,Gyani Sundar Singh Sagar
4364588,55456948,Sunlun Sayadaw
4365446,55469035,Don Jayasundera
4365452,55469155,Sunship (producer)
4365762,55472141,Yeon Gi-sung
4365899,55473610,Åsunn Lyngedal
4366508,55480618,Sunkam Achalu
4366616,55482074,700 Sundays (film)
4367210,55490839,Seven Sundays (2017 film)
4368004,55504045,2017–18 Sunfoil 3-Day Cup
4369284,55521397,2018 Gold Coast Suns season
4369584,55524874,Tatsunosuke
4369589,55524914,Tetsunosuke
4369733,55526771,Eleocharis sundaica
4369825,55527923,2017 Gold Coast Suns season
4369932,55529212,Füsun Sayek
4369939,55529309,Masunga Primary Hospital
4369940,55529325,Füsun
4370018,55530622,Veroskronos Tsuno
4370316,55535538,Lin Hong-tsung
4370413,55536943,Operation Sunset Beach
4370547,55538288,Sunley
4371614,55553472,Sunil Misra
4372539,55568566,Linn T. Sunne
4372994,55575515,Synne Sun Løes
4373347,55579996,Sun Lü
4373380,55580372,Sun Fen
4373812,55585798,Samsung Bio Processor
4374152,55589741,Sundarrao Solanke
4374213,55590509,Sunith Thakur
4374218,55590539,Seven Sundays
4374442,55593056,Suna Panjuri
4374468,55593383,Chisungu (book)
4374550,55594536,Sun Ba
4374787,55596852,Sun Luyu
4374799,55597011,Aysun Boyacı
4374947,55598509,Hwasun Song clan
4375224,55602762,Hyupsung University
4375258,55603221,HSwMS Sundsvall
4375364,55604653,Sun Luban
4375426,55605545,Matsunami
4376324,55618897,Happy to Be on an Island in the Sun
4376440,55620712,Sun Shao (Changxu)
4376647,55623205,Sungezhuang Manchu Ethnic Township
4376977,55626987,Sunrisers Hyderabad in 2015
4377371,55630364,People in the Sun
4377807,55636633,Sunrisers Hyderabad in 2014
4378111,55640808,Sunrisers Hyderabad in 2013
4379008,55655365,List of Sunrisers Hyderabad cricketers
4379218,55657684,P. S. Sundaram
4379574,55661969,2017 ASUN women's soccer tournament
4380059,55668154,2017 Sun Belt Conference women's soccer tournament
4380739,55678960,Tell Me in the Sunlight
4381044,55682533,The Sun King (film)
4381233,55684534,Sunda Kelapa Lighthouse
4381529,55687621,Sundair
4381714,55690084,Sunaria
4381797,55690911,Sundernagar Assembly constituency
4381870,55691870,Ommi Pipit-Suksun
4382126,55695006,No Hye-sun
4382458,55699061,Yan Sun-kong
4382468,55699166,Kim Sung-woo
4382742,55702179,"Rising Sun, Cloth Fair"
4382999,55704722,Capture the Sun (Hollywood Monsters album)
4383012,55704845,Sungai Guntung
4383627,55710867,Tursunoy Saidazimova
4384371,55719534,Giresun Castle
4384622,55723223,2017 ASUN men's soccer tournament
4384727,55724580,Trenchmouth vs. The Light of the Sun
4384887,55726076,Musunuru mandal
4385315,55731579,2017 Sun Belt Conference men's soccer tournament
4386202,55743460,Kim Heesun
4386823,55750343,"Sunset, Queensland"
4386981,55752377,Sunan Ampel State Islamic University Surabaya
4387369,55757077,Sunan Gunung Djati State Islamic University Bandung
4387719,55761042,Suncheon Do clan
4388415,55768583,Füsun Demirel
4388431,55768692,Oh Olsun
4388598,55770150,No Dope on Sundays
4388766,55772265,Faʻatino Masunu Utumapu
4388830,55773055,Sunday Morning Sunshine
4389715,55782385,Shreemati Rasasundari
4389805,55783403,Sunnyboys Real Live
4389808,55783487,Wildcat (Sunnyboys album)
4390006,55785516,Henning Sundesson
4390296,55789104,Lui Tsun-Yuen
4390501,55791904,Vinaya Sungkur
4390991,55797899,Sunken (album)
4390998,55797999,Sunnyside (East Chicago)
4391037,55798519,2018 Sun Belt Conference baseball tournament
4391099,55799504,Tara Sundari
4391509,55805290,Sun Metro Brio
4391932,55811516,Miss Caretaker of Sunohara-sou
4392101,55813912,2016 international conference on Sunni Islam in Grozny
4392918,55823972,Sunspel
4393057,55826001,Datsun Type 17
4393067,55826111,Datsun 17T
4393179,55827326,Sun Air (South Africa)
4393454,55830076,Saratsundari Devi
4394051,55836647,Sunday Bloody Sunday (John Lennon and Yoko Ono song)
4394129,55837303,"Sundai, Edo"
4394597,55843209,Cloudy Sunday (film)
4394657,55843993,Praneth Jayasundera
4394760,55845221,Sung Hyang-sim
4394823,55846161,Faces to the Sun
4394994,55847984,Nguyễn Thái Sung
4395386,55852426,Busunzu
4395949,55858980,Shamsunnahar Khwaja Ahsanullah
4395965,55859284,Sunline Coach Company
4396239,55862423,Samsung Galaxy S9
4396367,55863583,Suniti Choudhury
4396716,55867272,Sunao Tokunaga
4396771,55867861,"Seo-myeon, Suncheon"
4397663,55877109,Samsung Galaxy J7 (2017)
4397922,55879503,The Sun (1792–1876)
4398020,55880701,1972 Arizona State Sun Devils baseball team
4398068,55881462,Kasundi
4398082,55881627,Samsung Galaxy C5 (2017)
4398243,55883501,Sports Sunday
4398366,55884475,2017 Aceh World Solidarity Tsunami Cup
4399974,55901425,Sundarwati Nawal Prabhakar
4400716,55908355,Chung So-sung
4400956,55910983,Tsunagi Station
4401045,55912014,Midnight Sun (Dee Dee Bridgewater album)
4401625,55918250,"Sunset Hill (Otsego County, New York)"
4401710,55919605,"Sungai Dua, Butterworth"
4401893,55921693,Suna Tanaltay
4402174,55925214,2018 Sundance Film Festival
4402713,55932084,Rajsunakhala
4403004,55934839,Jemima Osunde
4403655,55942807,Kim Il Sung and Kim Jong Il portraits
4403917,55945908,40 Trips Around the Sun
4404474,55953795,Holmsund (disambiguation)
4404668,55956832,Mitsunori Makino
4404940,55959807,Sunderland Rifles
4405730,55971412,2017 Sun Bowl
4406143,55976765,Cai Tsungyi
4406288,55978641,Sunrisers Hyderabad in 2018
4406324,55979165,Sunbonnet Sue
4406909,55986565,Order of the Sun (India)
4407471,55994264,California Sun / She Loves You
4407749,55998010,Anil Sunkara
4408311,56004222,Bronze and Sunflower
4408353,56004708,Dasun Senevirathna
4409148,56012980,Sun Yat-sen Memorial Secondary School
4410891,56036993,Hathibada Ghosundi inscriptions
4411142,56040474,Kristiansund Stadion
4412130,56055828,Jorge Schiaffino Isunza
4412637,56061711,"Sunrise, Sunburn, Sunset"
4412840,56064065,Sunday Akpata
4412979,56065334,2018 Mobile Mini Sun Cup
4413761,56075561,Sunnyside Bus Terminal
4414710,56088584,Sunshine Square
4415221,56096927,1987 Sun Belt Conference men's soccer season
4415397,56098961,Jang Sun-yong
4415399,56098976,Han Sun-hi
4415401,56098995,Leane Suniar
4415929,56105933,On a Sunday Afternoon
4416455,56112057,Sung Hoon (singer)
4416881,56118452,Kumaravel Somasundaram
4417240,56121704,Sunniva Næs Andersen
4418442,56135195,Heart of the Sunset
4418455,56135411,Ghosts of the Tsunami
4419414,56145472,Sungai Tiang
4419416,56145478,Sungai Limau (state constituency)
4419534,56146014,Osunja
4420888,56160110,Sungai Acheh (state constituency)
4420976,56161494,Sungai Bakap (state constituency)
4421012,56161778,Sungai Puyu
4421015,56161791,Sungai Dua (state constituency)
4421028,56161937,Sunwoo Jung-a
4421337,56165260,Mitsuhiro Matsunaga
4421605,56168719,Mina Sundwall
4422483,56178335,Sunnambukulam
4422693,56180277,Susann Sundkvist
4423395,56188019,Basundhara
4423724,56192207,Samsung Galaxy J1
4424228,56198585,Park Ui-sung
4424490,56201710,2018 Arizona State Sun Devils football team
4424709,56204430,Sunny Nook
4424747,56204761,"Mr. Sun, Mr. Moon"
4425345,56211392,"Sun Valley, Queensland"
4425690,56214909,Shuzo Matsunaga
4425692,56214920,Charles Tsunashima
4425942,56218489,Blinded by the Sun
4426223,56221690,Sixten Sundström
4427522,56237408,Sun King (disambiguation)
4428171,56244774,"Sunnyside, Queensland"
4428308,56246093,Yi Sun-sin (disambiguation)
4429357,56262899,Sundiata (album)
4430206,56275656,Saturday Sun (Vance Joy song)
4430290,56276523,Khairun Sundari
4430585,56281357,Eneos Sunflowers
4430844,56284829,"Sunkoshi Rural Municipality, Okhaldhunga"
4431339,56290636,Samsung Flip
4432126,56301800,Voragonema tatsunoko
4432254,56303240,Sundays with Anil and Karky
4432332,56304129,Siøsund Bridge
4432564,56306739,Samsung Galaxy A8 (2018)
4433396,56313698,U Sung-eun
4434511,56327428,Pragyasundari Devi
4435063,56335088,Heroine (Sunmi song)
4435644,56343010,V. R. Sunil Kumar
4436596,56355001,Sunway Velocity Mall
4436830,56357667,Sundar Haraicha Municipality
4436897,56358315,Kaho Sunami
4437374,56364163,Velesunio
4437613,56366707,Sunil Kumar Manna
4437617,56366742,2018 Women's Herald Sun Tour
4437641,56366951,Eiichiro Matsuno
4438063,56371570,Sunshine Dust
4438149,56372913,Sundar Raj
4438466,56377346,Sunni Students Council
4438759,56381824,Sunnmøre Museum Foundation
4439044,56385416,2018–19 Sunshine Tour
4439370,56389763,2017 ASUN Conference men's soccer season
4439510,56391884,2018 Sunwolves season
4439815,56396047,Arlindo Vicente de Assunção Carvalho
4439902,56396900,2002 Police raid Shamsunnahar Hall
4440104,56400332,2018 Jiangsu Suning F.C. season
4440456,56406075,Samsung Health
4440473,56406214,Alsunde
4440497,56406549,Sunvalley Group
4440896,56410820,Sun Blood Stories
4441394,56416062,Western Miombo sunbird
4441438,56416635,"Drowning in the Sea, Rising with the Sun"
4441839,56420077,Sunnambu Canal
4442016,56421604,"University at Albany, SUNY School of Criminal Justice"
4444065,56447575,Sunshine Superman (film)
4444265,56449913,Bhuvana Sundari Katha
4444430,56451928,Myctophum fissunovi
4444497,56452687,Feel the Sunshine
4445624,56467603,Durai Sundar
4445650,56467883,Lee Nam-sun
4445772,56469449,2001 Sunamganj bombing
4446237,56475239,The City of the Sun (film)
4446924,56483383,Toyota Boshoku Sunshine Rabbits
4447057,56485193,Shiho Kusunose
4447125,56485795,Becky Sundstrom
4447614,56491489,Pulpit Freedom Sunday
4447716,56492679,Sunkoshi
4448370,56501238,Sundarnath Suvarna
4448435,56501852,Sunny Jane (horse)
4448613,56503568,Women's Herald Sun Tour
4448824,56506462,The Villages Daily Sun
4448919,56507503,Hatsunori Hasegawa
4449536,56515334,Donald Duck: The Complete Sunday Comics
4449699,56516827,Sunfish World Championship
4449969,56520014,Lee Jin-sung
4450039,56521052,Sun of Unclouded Righteousness
4450053,56521175,Super Bowl Sunday (This Is Us)
4450245,56523293,Sunday Surprise: 4 Mani – Nanga Than Ini
4450349,56524750,Broadway's Closer to Sunset Blvd
4450490,56526323,2018 ASUN men's basketball tournament
4450787,56529875,Princess Uisun
4451309,56536788,Lo Chuen Tsung
4451324,56537151,Sunnmøre Practical Agricultural Society
4451838,56542469,Kim Sung-min (volleyball)
4452070,56545209,Tomori Kusunoki
4452897,56554312,2018 Sunjuwan attack
4453897,56567227,Kwon Sun-oo
4453971,56568333,2017 Östersunds FK season
4454198,56570749,"Santa Maria Assunta, Settignano"
4454256,56571515,Diplotaxis sundingii
4454396,56573896,Sun Shu
4454535,56575562,Sunfield G. A. R. Hall
4454552,56575786,Hamza Dursun
4455147,56586653,Samsung Galaxy J series
4455248,56588009,Samsung Galaxy S II WiMAX
4456309,56602498,2018 FK Haugesund season
4456415,56603890,Sun Mountain Sports
4456514,56605175,Sunhae Im
4456619,56606316,Sunday's Illness
4456729,56607857,Ilsung
4457326,56615118,2018 Sun Belt Conference football season
4458052,56623481,Kim Min-sun (speed skater)
4458778,56632578,Hold the Sunset
4458908,56634073,Li Sung-il
4459230,56637628,Horsunlu railway station
4459493,56640635,Sun Ying
4459640,56642637,Paul Sun
4459652,56642775,Limonium sundingii
4459957,56647406,On a Sunbeam
4460207,56650844,Sun Meiying
4460503,56654308,Sunayna Kuruvilla
4460508,56654340,Sunayna
4461188,56661664,2018 Sun Belt Conference men's basketball tournament
4461192,56661689,2018 ASUN women's basketball tournament
4462018,56671263,Sunanda Sharma
4462192,56673134,Park Joo-sun
4462255,56673713,Mission Sunlight
4462747,56678238,2017–18 Arizona State Sun Devils women's basketball team
4463284,56683799,Sunk Costs (Better Call Saul)
4463745,56689621,Sunset Eyes 2000
4464150,56694399,"Andy Thompson (footballer, born in Sunderland)"
4464643,56701417,Þórhildur Sunna Ævarsdóttir
4464655,56701521,Ussuniidae
4465105,56707906,Jøssund (municipality)
4465255,56709634,Park Sun-mi
4465305,56710358,Sun Tin Wai (constituency)
4465367,56711012,Sunawarshi Municipality
4465447,56711969,Sunday Faleye
4465608,56714993,Eva Kusuma Sundari
4466008,56721034,Kampong Sungai Kelugos
4466144,56722677,Raghu Sundaram
4466598,56728715,Kasun Ekanayake
4466617,56728994,Keisuke Tsunoda
4466823,56730851,Kasun Abeyrathne
4467132,56734372,2018 Sun Belt Conference women's basketball tournament
4467375,56737187,Sunayani Devi
4468145,56746359,Sunset in My Hometown
4468459,56749692,Dursun Bozkurt
4468466,56749745,Tosun (construction equipment)
4468906,56755648,Sune Adolfsson
4469472,56762039,Samsung Galaxy J5 (2017)
4469780,56766146,Niyada Lausunthorn
4469813,56766569,Sunair Magic
4470004,56769124,Sunward ST
4470088,56770535,Sunward STB
4470096,56770686,Sun Weizhe
4471585,56791728,Tomoko Matsunaga
4471739,56793754,Sun Meiyao
4472369,56801914,Sun Sheng Xi
4472452,56802708,Sunny Side Up (1926 film)
4473312,56813409,Im Gyeong-sun
4474018,56823351,CA Osasuna Femenino
4474174,56825209,Yasunori Ueda
4474439,56827891,2018 Kristiansund BK season
4474664,56831081,Tsuneo Noto
4475098,56838287,Sunshine Protection Act
4475783,56847213,Sara Osuna
4476139,56851577,Sunny Odogwu
4476297,56853814,Sun Dogs (2017 film)
4476378,56854849,Park ji-sung Road
4476420,56855398,Samsung Galaxy S III Progre
4477034,56862721,Sun–Liu territorial dispute
4477185,56864244,Suno Sasurji
4477230,56864534,Women's Sunday
4477404,56866574,Tsunao Isomura
4477596,56869356,Uwe Sunde
4477606,56869508,Lee Ju-sun
4477999,56873818,Murat Tosun (alpine skier)
4478174,56877629,Thiruvambadi Sivasundar
4478464,56880920,Sunny Balwani
4479165,56889182,List of Turkish ships sunk or damaged during World War II
4479741,56896487,Bye Aerospace Sun Flyer
4479860,56898036,Sun Shaocheng
4479917,56898609,"Sundial, Taganrog"
4480677,56908206,Olusunbo Olugbemi
4480815,56910332,Pokémon the Series: Sun & Moon – Ultra Adventures
4481929,56922842,Hongsan Sun clan
4482088,56925193,Asunciónico
4485211,56963023,Brother Sundance
4485283,56963839,An Jae-sung
4485334,56964289,Sunil Weeramantry
4485520,56966323,Trust No One (Tsunami Bomb album)
4485632,56967589,The Core of the Sun
4485713,56968949,Setting Sun
4485828,56970373,Honey (Brother Sundance EP)
4486586,56980897,Brex Arena Utsunomiya
4486602,56981089,Hwasun O clan
4486633,56981478,Sungai Buloh (federal constituency)
4486859,56983842,Sunmin Image Pictures
4487166,56987533,"Sunnydale, Washington"
4487175,56987622,Sunwood Lake
4487210,56987948,2018 Team Sunweb (men's team) season
4487708,56994218,Sunny Nwachukwu
4488490,57004775,Dunøysundet
4488570,57005635,Akin Osuntokun
4488805,57008647,Sunil (Kannada actor)
4489354,57015489,Cyrtodactylus caovansungi
4489491,57017602,Hwang Sun-ho
4489680,57020260,Hittite sun disk
4489764,57021315,2018 Connecticut Sun season
4492195,57049179,Sune Sandström
4492852,57055780,Sun Go Nova
4492991,57057463,Sunil Seth
4493878,57067516,Kampong Sungai Akar
4494009,57069565,Sunita Gowariker
4494163,57071473,2018–19 Phoenix Suns season
4494402,57073962,Sun Moon Lake Ropeway
4495566,57087949,Knights of the Sun
4495642,57088965,10 Days in Sun City
4495690,57089829,Sun Hongbin
4496467,57098836,Yekwon Sunwoo
4497088,57105150,Uma Sundari
4497299,57107829,Girls of the Sun
4497566,57110446,Sunamganj-3
4498484,57124685,Mitsunaga
4498630,57126154,Serge Hissung
4500319,57147158,Sakae Esuno
4500716,57151553,Suniyah
4501336,57160244,Jung In-sun
4502829,57181134,Ferran Sunyer i Balaguer Prize
4503639,57189750,Sun Kuang-ming
4505342,57199486,Yi Sun (consultant)
4505587,57202179,2018–19 Sunderland A.F.C. season
4506797,57212949,Three Sundays
4508718,57226025,Sun Jian (politician)
4509584,57231411,2018 Sunderland City Council election
4510899,57243844,The Blood of the Walsungs
4511468,57247267,Derek Hines Unsung Hero Award
4513031,57259094,Kampong Sungai Liang
4513535,57260827,Pardosa dorsuncata
4513902,57262818,Gregory Sun
4515510,57272034,Sunny Again Tomorrow
4515766,57275391,2018 ASUN Conference baseball tournament
4515827,57275968,Chu Kyo-sung
4516007,57278728,Nærøysund
4516556,57281326,Conotrachelus fissunguis
4516751,57281933,Ikot Nsung
4516993,57282843,Larvet Masunda
4517195,57285036,Ziang Sung Wan v. United States
4517381,57287521,Sun on the Square
4519975,57303238,The Cold Sun
4519984,57303349,Sunhild Kleingärtner
4520046,57304093,Sun Yueh
4520048,57304119,"Sun Plaza, Singapore"
4520204,57306582,Samsung Galaxy A6 / A6+
4521030,57310553,Sasun Mikayelyan
4521751,57315628,The Sunlit Night
4521862,57316403,Sunnyland (Mayday Parade album)
4523446,57322615,Sunnyland
4523453,57322699,Yi Sung-deuk
4527746,57342549,Sunius debilicornis
4527748,57342553,Sunius
4530215,57352253,Sunrisers Hyderabad in 2019
4530625,57354602,Sun Yat-Sen Memorial Hall
4532309,57373441,Sunday Observance Act 1695
4532873,57381251,Kim Dae-sung (badminton)
4533077,57383652,Sunamganj-4
4533345,57386729,Sun Plaza
4534243,57398646,Sung Nak-so
4534614,57402837,Kim Gyong-sun
4534733,57404280,Sunkanmi
4534826,57405502,Sunday Times Rich List 2018
4534902,57406375,Wi Bok-sun
4534912,57406487,Lee Sun
4536216,57423990,Samsung Galaxy J5 Plus (2017)
4536665,57430403,Sundar Lal Tiwari
4536839,57432297,Sungai Udang (state constituency)
4536913,57433251,"Oratory of Maria Santissima Assunta in Cielo, Retignano"
4536971,57434041,Sundanese traditional house
4536978,57434086,Samsung Galaxy J1 Nxt
4537095,57435559,Sungei Tampines
4537496,57440706,Samsung Galaxy C9 Pro
4537509,57440832,Let's Go Sunshine
4537542,57441251,Samsung Galaxy C7
4537593,57442064,Samsung Galaxy On8
4537732,57444095,Samsung Galaxy J2 (2016)
4537734,57444115,Sunnybrook Park (disambiguation)
4538079,57447946,Sundergarh Ra Salman Khan
4538170,57449012,Misunderstood (Savuto Vakadewavosa song)
4538181,57449178,Samsung Galaxy On7 Pro
4538531,57452833,Samsung Galaxy J1 (2016)
4539747,57469219,Sun Cap
4539921,57472094,Sunamganj-1
4540125,57474960,Sungei Simpang Kiri
4540337,57478080,Hugo d'Assunção
4540915,57486109,Sun Yih-shong
4541091,57488390,Crusader Kings II: Sunset Invasion
4541196,57489877,Suno Chanda
4541412,57492830,Sun Weimin
4542461,57510022,Sunrise Colony
4542802,57514432,Coastal sun orchid
4543008,57517145,Sundream (song)
4544437,57536311,Battle of Mysunde (1848)
4544733,57540220,Henckelia wijesundarae
4544783,57541236,Battle of Mysunde
4545078,57544620,Justiniano Asunción
4545483,57549968,Aladdin – Naam Toh Suna Hoga
4545736,57553432,SunTrust Bank Nigeria Limited
4545772,57554200,Sun Piaoyang
4545857,57555223,Sunway
4546199,57559793,List of programs broadcast by Sundance TV
4546605,57565888,Lee Woo-sung
4547315,57575420,"Sun, Moon, Dust"
4547514,57578035,Sun Laurel
4547685,57580624,2018 Samsung fat-finger error
4548189,57587545,C. Venkataraman Sundaram
4548216,57587979,Jang Sung-woo
4548415,57590398,Ayo Dosunmu
4548852,57596829,Sun City Challenge
4548939,57598090,List of awards and nominations received by Descendants of the Sun
4548981,57598495,Sheikh Dursun Mausoleum
4549521,57614158,Sunil Raju
4549848,57619168,Sunderland (Fawcett Street) railway station
4549984,57620987,Sunshine (Alice in Chains song)
4550640,57631426,Sun Fuling
4550802,57633130,Japhet Hasunga
4551269,57637502,Choi Su-sung
4551790,57642521,Suna East Constituency
4551795,57642527,Suna West Constituency
4553397,57661264,Sunnyday
4553508,57662956,2004 Lahsuna massacre
4554046,57670290,Sunil Wadhwani
4554066,57670637,Here Comes The Sun (yacht)
4554123,57671312,Joonas Sundman
4554178,57671887,Lee Tsuntung
4554231,57672459,Bang Won-sun
4554646,57678446,SunDome
4554919,57682526,Sunanda
4555012,57683408,Anxious Sunday
4555190,57686346,Sunny Moza
4555652,57692654,Velesunio wilsonii
4555720,57693770,Yoon Sun-woo
4556288,57701506,The Sunday Service of the Methodists
4556290,57701560,Sun Bo (executive)
4557882,57722071,Naked in the Sun
4558218,57727768,The Sun Is Also a Star
4558599,57732503,"Sunwu, Heilongjiang"
4558610,57732631,JAC Sunray
4559544,57744907,2018–19 Arizona State Sun Devils men's basketball team
4559681,57746747,Laps Around the Sun (Chris Lane album)
4560127,57752872,Sung Ying
4560419,57756758,Cover Me in Sunshine
4560833,57762500,Frederikssundsvej
4560954,57764422,2018–19 Arizona State Sun Devils women's basketball team
4561618,57774358,Sun Wei (painter)
4561686,57775366,MS Sundbuss Pernille
4562425,57785231,Kampong Sungai Buloh
4562474,57785752,Øresundsvej
4562597,57787167,Olof Sundstrom
4562676,57788520,Sunset Pass
4562868,57791605,"Rising Sun Inn, Millfield"
4563120,57794498,Johanna Sundberg
4563145,57794888,Cuban sunset
4563648,57801502,The Forest in Winter at Sunset (painting)
4563687,57802072,Samsung Galaxy Xcover 4
4563791,57803471,Sunnee
4564548,57814921,Asunción Linares
4564941,57819778,Sunghwa Kim
4565105,57822012,Sunspot Solar Observatory
4565416,57826248,Jane Jie Sun
4565456,57826611,The Rising of the Sun
4565458,57826652,The Setting of the Sun
4566129,57835155,Katsuji Tsunoda
4566292,57837069,After the Rain Comes Sunshine
4566877,57844151,Sunethra Ranasinghe
4566976,57845777,"Sunkoshi Rural Municipality, Sindhuli"
4567098,57847368,"Sunkoshi Rural Municipality, Sindhupalchok"
4567136,57847760,Sunken Worlds
4568280,57862486,2018 Sungai Kandis by-election
4568282,57862512,Sungai Kandis (state constituency)
4568615,57867126,Samsung Galaxy J4
4568778,57869252,"Tenterfield Creek railway bridge, Sunnyside"
4568846,57870455,Sunil Abraham
4568852,57870532,Samsung Galaxy E series
4569272,57876465,Sunny Bunnies
4570936,57897469,Samsung Galaxy J6
4571308,57901906,Samsung Galaxy J8
4571575,57905879,It's Always Sunny in Philadelphia (season 13)
4571817,57908293,Sunday Ingbede
4571971,57910152,The Sun Rises (1934 film)
4572190,57912344,Florence Sundstrom
4572804,57920938,Sunday stone
4572912,57922301,Taawdo the Sunlight
4573156,57926165,Sun Prairie Water Tower
4573300,57927701,Sun Yat-sen University Cancer Center
4573544,57931200,"Kendriya Vidyalaya, Sunjuwan"
4573849,57934386,Sunset (Delacroix)
4574737,57948586,Port Sunlight River Park
4575193,57956033,Sunamganj-5
4575212,57956264,Sunamganj-2
4575370,57958462,Oh Sung-sik
4575518,57960249,Han Hyun-sun
4575523,57960274,An Sun-mi
4575646,57961612,Johan Lauritz Sundt
4575685,57962050,Karen Sundt
4575947,57965339,Einar Sundt
4576568,57972661,Crassispira sundaica
4577183,57981028,Fall Into the Sun
4577248,57982090,Sunset Valley Barn Dance
4577374,57984636,Christian Sundt
4577794,57994570,Setting Sun (Jerry Cantrell song)
4577974,57996801,Sunrise (Shelby Lynne album)
4578086,57997836,Sunny Summer
4579914,58018227,Sunrise on the Matterhorn (Albert Bierstadt)
4580066,58019972,"Tripurasundari, Dolpa"
4580560,58024151,2018 Sun Bowl
4582126,58040526,Rade Sunara
4582368,58043864,"Please, Mr. Sun"
4582402,58044313,Francisco Sunara
4582469,58045046,Fosun Pharma
4583410,58057237,Sun Wenguang
4583605,58059617,Samsung Galaxy Tab S4
4583686,58060535,Kampong Sungai Tilong
4583693,58060604,Kampong Sungai Hanching
4583705,58060737,Kampong Sungai Orok
4584207,58067130,Sun Metals Solar Farm
4585622,58082951,Karenjit Kaur – The Untold Story of Sunny Leone
4586436,58094144,Mackay & Whitsundays Magpies Crusaders United
4586838,58099198,Suncoast Christian College
4586987,58100832,2004 Sundance Film Festival
4587356,58104653,Samsung Galaxy Watch
4587687,58108921,Sungai Pinang (Selangor state constituency)
4587917,58111296,Sunehre Din
4588311,58115956,Samsung Galaxy Home
4588464,58117618,Sadahiro Sunaga
4589117,58124642,Triple M Sunraysia
4589770,58131660,Reijo Sundén
4590293,58138719,Sunken Island (Otsego Lake)
4590317,58139133,Kristian Moursund
4590418,58141865,Busan Sunrise Festival
4590489,58142968,Samsung Gear Sport
4590541,58143738,Kalyanasundaram
4590976,58152366,The Sun (New Zealand newspaper)
4591149,58154230,Atilio Ensunza
4591470,58160200,Blucher (1814 Sunderland ship)
4591599,58163418,Tsuneo Ogasawara
4591802,58165894,Samsung Galaxy Note 9
4592698,58183582,Ciudad Nueva (Asunción)
4593601,58199257,Thursday Till Sunday
4594305,58206785,Im Sung-jae
4594398,58208059,Burnt by the Sun 3: The Citadel
4594701,58211603,Tuo Tsung-hua
4595585,58227032,The Sunset Trail (1932 film)
4595588,58227114,The Sunset Trail
4596040,58232342,The Sunset Trail (1924 film)
4596677,58244607,Chen Sung-young
4597278,58256272,Sunset Hill (Massachusetts)
4597314,58256728,Hong Mi-sun
4598291,58270781,Everything Under the Sun (Jukebox the Ghost album)
4598633,58276740,Sunday Essang
4599632,58299150,Sungold
4599865,58302991,Kim Hae-sun
4600089,58306144,As the Sun Went Down
4601299,58331957,Fujiwara no Akitsuna
4601437,58333550,Shalini Balasundaram
4601983,58346246,Saubhagya Sundari
4603343,58375393,Javairô Dilrosun
4603656,58385575,Eri Utsunomiya
4604221,58396604,2019 Suncorp Super Netball season
4604523,58400385,Sun Jian (sport shooter)
4605326,58410856,2017–18 ASUN Conference men's basketball season
4605408,58412580,2019 ASUN men's basketball tournament
4605555,58415178,Fujiwara no Atsunobu
4606677,58431540,Sunteck Realty Limited
4606916,58434142,MV Viking Sun
4607128,58436860,Seyfi Dursunoğlu
4607424,58440538,Han Hye-sun
4607809,58445406,Sevenoaks Suns
4607815,58445459,Asunción arch
4608033,58448133,Lee Gwang-sun
4608346,58451510,"Sun Li (writer, born 1913)"
4608630,58455961,Sun Gym gang
4609929,58476062,Sun Senlin
4610523,58483667,Yasunori Tanabe
4610639,58484845,"Shiny and Oh So Bright, Vol. 1 / LP: No Past. No Future. No Sun."
4611208,58491338,Kim Sung-ok
4612100,58502525,Under the Pendulum Sun
4612700,58510460,Sun Jun (rower)
4612842,58512322,Filmography and awards of Sunny Leone
4613736,58525260,Rising Sun Country Park
4613741,58525282,The Midnight Sun (1926 film)
4614029,58529311,Super Sunset
4614209,58532058,Nike Sun
4614262,58532651,No Sunshine
4614293,58532879,Sunny Rana
4614326,58533226,Masters of the Sun Vol. 1
4614425,58534530,Min Byeong-sun
4614510,58535754,Masters of the Sun
4615601,58549874,Samsung Aerospace
4616001,58554104,"Pieve Santa Maria Assunta, Pieve Torina"
4616096,58555159,Bukaar Biye-Sungule
4616674,58562407,Fetsund Booms
4616726,58563125,Katsunori Hirai
4616750,58563610,Kitsuneyama Kofun
4616933,58566018,Sun Guangxia
4617131,58568966,Sundaram Finance
4618620,58588558,Sun Yat-sen Park (Montreal)
4618816,58591818,Those Winter Sundays
4619341,58599535,2018 Sulawesi earthquake and tsunami
4619711,58603995,Man Follows the Sun
4619792,58604876,Fetsund Bridge
4619981,58607155,2018 Indonesian tsunami
4620549,58613596,Ahn Joon-sung
4620562,58613664,Kwon Sun-yong
4620567,58613702,Ri Hyo-sun
4620616,58614321,The Autumn Sun
4620995,58619015,Naysun Alae-Carew
4621240,58622002,She Phoksundo Rural Municipality
4621248,58622105,Vesunna
4621889,58631059,Rising Sun (board game)
4621997,58633214,Sunrise Children's Services
4622027,58633866,Masuno
4622169,58635369,Sunflower (Post Malone and Swae Lee song)
4622615,58642033,Shyam Sunder Singh Dheeraj
4623041,58649948,Huisun Forest Recreation Area
4623717,58660454,New Fetsund Bridge
4623777,58660771,Sunderland 'Til I Die
4623986,58662743,Schouteden's sun snake
4624396,58669287,Andreas Leknessund
4624868,58676700,2019 Arizona State Sun Devils baseball team
4625617,58688565,Samsung Galaxy S10
4625788,58691168,Fetsund Battery
4625901,58692861,"Sunderland Bay, Victoria"
4626168,58697232,The Road to Sunrise
4626569,58703566,Sun Group (Vietnam)
4626971,58710459,Asunción Gómez Pérez
4627200,58714346,Oluwole Adeosun
4627215,58714671,Matsunaga clan
4627596,58720753,Sun Fanghui
4627613,58720934,"Sunset Strip, Victoria"
4628002,58725826,Hamburg Sun
4628009,58725856,Vedii Tosuncuk
4628659,58738626,Suncity
4629057,58742926,Polarsun Century
4629303,58745919,List of Sunderland A.F.C. grounds
4629510,58749395,Aqsunqur al-Bursuqi
4630807,58770799,Huang Jong-tsun
4631700,58790816,Sunnyvale Sun
4631866,58793658,Sunny Summer (song)
4632838,58824315,Sunday Night Football results
4632861,58824763,Farsund IL
4633004,58826795,Santa Maria Sun
4633020,58827205,Svendborgsund
4633507,58834059,Integrated Science Investigation of the Sun
4633516,58834181,SunZia Wind and Transmission
4633863,58839259,Sundaram Ramakrishnan (social activist)
4636436,58876601,Samsung Galaxy J2 Core
4636736,58880589,2018 ASUN men's soccer tournament
4637131,58885958,Sunlight Peak (Wyoming)
4637310,58888763,2018 Sun Belt Conference men's soccer tournament
4637879,58896074,The Line of the Sun
4638800,58909506,Tsunami Advisory Center of the Ministry of National Resources
4638987,58912154,2018 ASUN women's soccer tournament
4640510,58936012,Fridolin Ambongo Besungu
4641002,58943389,Sunaga
4641199,58946047,1890–91 Sunderland A.F.C. season
4641503,58949720,1891–92 Sunderland A.F.C. season
4642065,58956133,"Sunflower, Wichita, Kansas"
4642241,58958764,Sun Wei (gymnast)
4642303,58959733,UFC Fight Night: Assunção vs. Moraes 2
4643479,58977914,Tsune Ishida Nachie
4643734,58982026,Kim Song-sun
4644239,58989977,Suning Plaza
4644251,58990181,"Kim Hyun-sung (footballer, born 1993)"
4644362,58991688,Juan Antonio Ramírez Sunyer
4644782,58997578,"The Sun Will Come Up, the Seasons Will Change"
4645011,59000959,Suno Chanda 2
4645088,59002203,"Whitsundays, Queensland"
4646449,59021765,Sundblom
4647808,59040680,John Nusunginya
4647944,59042326,Sunny Thomas
4647967,59042530,Muhlis Suner
4649493,59072087,Sun Qibin
4650679,59090099,The Sunset Tapes: A Cool Tape Story
4651125,59096232,Samsung SGH-U900 Soul
4651264,59097879,Samsung Ultra Edition
4651943,59106895,2004 Nova Scotia Sunday shopping plebiscite
4652056,59108301,Samsung Galaxy J4 Core
4652086,59108620,Sensunte Cabañas F.C.
4652166,59109472,Masunda Lake
4652673,59118101,Sundress (song)
4652699,59118713,Sunil Kuruvilla
4653126,59126564,Suning Wang
4653301,59130139,Sunil Uniyal
4653538,59133818,1892–93 Sunderland A.F.C. season
4653938,59139171,Sunset Park High School
4654249,59143582,Samsung Galaxy A9 (2018)
4654280,59143854,Samsung Galaxy A9
4654348,59144622,Rainbow's Sunset
4654732,59149552,2018 Sun Belt Conference Football Championship Game
4654818,59150880,2019 Team Sunweb (men's team) season
4656164,59171578,Ali bin Masoud al Sunaidy
4656238,59173155,Vasundhara Raje aur Vikasit Rajasthan
4657110,59185658,2019 Sundance Film Festival
4657320,59188995,Sunset Parade
4658106,59206658,The Day the Sun Died
4658112,59206714,Jonna Sundling
4658314,59209838,Monument to the Sunken Ships
4658990,59219072,Vincennes Sun-Commercial
4659021,59219784,Sunshine Sue
4659169,59221900,2019 Sun Belt Conference baseball tournament
4659372,59225024,Sunny Liu
4659631,59228616,Heart of the Sun
4660451,59246075,Kim Sung-joo (entertainer)
4661095,59267698,Sunisa Lee
4661169,59268742,Chen Bai-sun
4661703,59275752,Twenty (Taking Back Sunday album)
4661752,59277708,Chosun Exhibition
4662418,59311167,Back to the Sunset
4662465,59317485,"Sunnyside, Wichita, Kansas"
4662508,59318292,Fortissimo Sunset Ceremony
4662730,59322117,2019 ASUN Conference baseball tournament
4662764,59322606,Seasons in the Sun (album)
4663171,59327919,Sunrise Movement
4663860,59336879,Samsung Galaxy A7 (2018)
4663906,59337494,Samsung Galaxy A6s
4664395,59345362,Lead Upturn 2011: Sun x You
4664530,59348891,Samsung Galaxy A8s
4664950,59355497,Sunil Kapila
4665194,59358032,House in the Sun
4665696,59366304,Dudu-Osun
4665983,59377790,Sunney Chan
4665998,59378396,Sunshine Rock
4666150,59385639,Mahsun Çapkan
4666212,59386566,Mihrigul Tursun
4666693,59395671,Jonril: Gateway to the Sunken Lands
4666861,59397506,Yagya Raj Sunuwar
4666879,59397993,Komron Tursunov
4667172,59402932,"Suna, Sunsky District, Kirov Oblast"
4667326,59405021,Radio Suno 91.7
4667504,59407032,Soth Sun
4667818,59410643,Karsun
4667820,59410683,"Yazykovo, Karsunsky District, Ulyanovsk Oblast"
4667934,59412723,Kim Eun-sun (conductor)
4668011,59413803,Lee Sun-kyun filmography
4668131,59415421,Sunderland Royal Hospital
4668151,59415770,Ting Tsung Chao
4668679,59423770,2015 Judo Grand Prix Samsun
4668912,59427107,"Santa Maria Assunta in Cielo, Vitorchiano"
4669062,59429194,Nidhi Sunil
4669406,59434394,"Santa Maria Assunta, Vasanello"
4669590,59437247,Vershino-Darasunsky
4669596,59437337,Kurort Darasun
4669624,59437738,Darasun
4669815,59440014,Sundawas
4670250,59449039,Sunday Drivers (Car Wars)
4670636,59458524,2019 Arizona State Sun Devils football team
4670840,59461505,On Next Sunday
4671348,59466638,2018 Sunda Strait tsunami
4671539,59468699,Sasuntsi Davit (statue)
4671622,59469475,Julius Sundberg
4671645,59469654,Kalevi Kosunen
4672988,59485307,1935 Sun Bowl
4673214,59487905,Nurefsun Kadın
4673947,59496277,Sung Yu-ri filmography
4673958,59496385,Suniel Shetty filmography
4674043,59497337,Sim Sung-young
4674664,59503174,Choi Sung-kook
4674930,59506060,2018 Sun Belt Conference women's soccer tournament
4676108,59516080,List of Arizona State Sun Devils men's ice hockey seasons
4676774,59524584,Kill the Sun (EP)
4677103,59527397,Dostonbek Tursunov
4678300,59538951,"Santa Maria Assunta, Calvi dell'Umbria"
4678823,59546542,Melchior Sun De-zhen
4679406,59555567,Filip Sunturlić
4680213,59566266,Sunjaya Purwadisastra
4681177,59576706,2019 Mobile Mini Sun Cup
4682083,59584967,Hatsune
4682274,59587814,Sun Naam Oruvar
4682484,59589849,Sun Ganqing
4683016,59593043,Sunjoon Tenorio
4683353,59597415,Sunup to Sundown
4683358,59597511,Liselotte Sundström
4683379,59597714,Suniket Bingewar
4683812,59603237,Akiyoshi Katsuno
4684130,59606281,Dhan Kumar Sunwar
4684554,59612255,Sun Yumin
4685315,59622408,Sunshine Alley
4685522,59625260,Tosa Mitsunori
4685765,59628436,Strangers at Sunrise
4686911,59641486,Tsunta
4687279,59645738,Mamoru Matsunaga
4687764,59656485,Richard Sunee
4688218,59661475,Sunil Vallyapure
4689526,59679018,Misun-Hyosun vigil
4690400,59692208,Fu Ming Sun (constituency)
4691898,59712860,Yun Hui-sun
4692773,59725109,Protests against Samsung
4693171,59730123,Sun Junjie
4693276,59731771,Albert W. Moursund III
4693476,59734194,Sunday (Foals song)
4693589,59735754,Laps Around the Sun (Ziggy Alberts album)
4693710,59737105,Atsadawut Luengsuntorn
4693816,59739164,Albert Wadel Hansen Moursund
4694547,59750551,Chung Sun-hung
4694555,59750641,Kim Sung-kil (volleyball)
4694606,59751323,Tomoko Moriguchi-Matsuno
4694678,59752170,Travis Bruce Moursund
4694716,59752876,Chris & Julia's Sunday Night Takeaway
4694756,59753580,Sunrise (GFriend song)
4694987,59756942,Hong Nam-sun
4694997,59757030,O Sun-ok
4695763,59768721,César Osuna
4695941,59770756,The Colorado Sun
4695962,59771144,Sun Bangla
4696232,59774554,Kim Oe-sun
4696401,59776584,Gosunda Dam
4697344,59789192,Sunflower (Vampire Weekend song)
4697355,59789363,Sundeep Jora
4697533,59792176,Samsung Galaxy M10
4697534,59792177,Samsung Galaxy M20
4698949,59812656,Yasunori Yasuda
4699074,59814213,Suneet
4700008,59827457,Reggae Sunjam
4700302,59831383,Stralsund Museum
4700650,59835875,2019 Women's Herald Sun Tour
4701337,59844895,Sundew (album)
4701564,59847574,Pirizal (Asunción)
4701953,59852431,Sundaram Natarajan
4703183,59870478,Sunburst Peaks
4703201,59870682,Samsung Strategy and Innovation Center
4703277,59871552,Fatwa of Ali Khamenei against insulting revered Sunni figures
4704302,59885038,Sunny M. Kapicadu
4704369,59885757,Kim Jeong-sun
4704373,59885773,Kim Ok-sun
4704378,59885828,Lee Young-sun (volleyball)
4704387,59885905,2013–14 Sunfoil Series
4704399,59886062,2012–13 Sunfoil Series
4704560,59888444,Sunrise in Heaven
4704734,59891082,Sun Jiaxu
4704785,59891713,Li'l Abner: The Complete Dailies & Color Sundays
4704903,59893174,Trip Around the Sun Tour
4705358,59899250,Yasunori Kumada
4705577,59901816,Kim Gwi-sun
4705582,59901883,Nam Sun-ok
4705594,59901984,Sun Mi-sook
4705935,59906802,Arne Sund
4706163,59910725,Kang Sung-hyung
4706563,59916295,Keito Tsuna
4706614,59916712,La Asunción District
4707340,59925651,Sung Chang
4707757,59935031,LECOM Suncoast Classic
4707778,59935250,Kim Nam-sun (volleyball)
4707844,59935882,Lee Yeon-sun
4708025,59938506,Sunshine (The Emotions album)
4708170,59941061,Sungai Kut Muara
4709078,59959432,2019 Connecticut Sun season
4709468,59970191,Atıfet Sunay
4709675,59974370,Hsiao Tsung-huang
4710120,59979752,Sunraysia Solar Farm
4710766,59988734,Kampung Sungai Bedaun
4710767,59988735,Kampung Sungai Keling
4710768,59988736,Kampung Sungai Lada
4711063,59994237,Kim Sung-tae
4711083,59994693,SUNYAC men's basketball tournament
4711298,59998213,On a Sunday
4711717,60006732,Sunni Endowment Office
4712254,60017452,Joseph Sun Yuanmo
4712262,60017554,Joseph Sun Jigen
4712297,60017953,Samsung Galaxy Fold
4712373,60018949,Joseph Sun
4714251,60046858,Murder of Asunta Basterra
4714504,60050025,Sun Wei (engineer)
4714604,60051447,List of Chris & Julia's Sunday Night Takeaway episodes
4715047,60057161,"Santa Maria Assunta, Ariccia"
4715563,60063094,Prunus sunhangii
4715597,60063424,"Santa Maria Assunta, Ombriano"
4715877,60066884,2019 ASUN women's basketball tournament
4715953,60067584,Po Tisuntiraidapuran
4716397,60073250,Hofmann's sunbird
4716805,60078874,List of sunbirds
4717493,60089240,Samsung Galaxy M30
4717614,60090738,Pokémon the Series: Sun & Moon – Ultra Legends
4718035,60096742,2019 Jiangsu Suning F.C. season
4718061,60097047,Samsung v. Huawei
4718201,60099108,Samsung Galaxy C8
4719234,60113622,2019 Sun Belt Conference men's basketball tournament
4719273,60114161,Sunrisers Hyderabad in 2020
4719307,60114486,2018–19 ASUN Conference men's basketball season
4720659,60133535,Hikmatulla Tursunov
4721348,60144708,Sanubar Tursun
4721399,60145230,The Sunwise Turn
4723848,60181174,Mi Sun Cho
4724056,60183263,Sunita Kamble
4724467,60187848,Sunrise Ford Racing
4724855,60193697,Suna Selen
4724894,60194170,Partners of the Sunset
4725044,60196630,2019 Sun Belt Conference women's basketball tournament
4725164,60198667,Suneson
4726335,60215554,Sunwu Jinianyuan station
4726472,60216965,Sunarto Sumoprawiro
4726702,60219979,Sun Tsui-feng
4727724,60235529,Sungkai (state constituency)
4728069,60239057,List of mayors of Sunderland
4728107,60239310,MV Loch Sunart
4729200,60254181,Sungai Rambai (state constituency)
4729675,60259871,Gloria Osuna Perez
4729754,60261013,Sundarban Express
4729799,60261706,Sungai Lui (state constituency)
4729853,60262257,Jorge Insunza Becker
4730016,60264457,Asunto De Dos
4730093,60265556,Insunza
4730175,60266873,Thea Louise Stjernesund
4730914,60279717,Sunset Grill (Canadian restaurant chain)
4730996,60280764,Burning Sun scandal
4731883,60293251,Shadows and Sunshine
4732062,60295929,Sunshine and Gold
4732091,60296768,Sungei Kadut MRT station
4732272,60299690,Sunder Shiam
4732559,60303022,Sasun Grigoryan
4732711,60305247,"Sunset High School (Sunset, Louisiana)"
4732829,60307365,2005 Atlantic Sun Conference baseball tournament
4732895,60307698,Sungai Rapat (state constituency)
4732902,60307752,Sungai Manik (state constituency)
4732932,60308171,Tukhtasunov
4733602,60315893,Sungai Balang (state constituency)
4733613,60316016,Ove Kristian Sundberg
4733851,60318834,Seetharaman Sundaram
4734279,60323958,Kanchi Kalyanasundaram
4736124,60348676,Sunset Jones
4736454,60353303,Tsuneharu Sugiyama
4736689,60356648,2019–20 Sunshine Tour
4736849,60358744,"Pieve di Santa Maria Assunta, Popiglio"
4737643,60366567,Tsuneonella aeria
4737692,60367030,2004 Atlantic Sun Conference baseball tournament
4738289,60375782,Tsuneonella flava
4738303,60375878,Tsuneonella mangrovi
4738581,60378244,Samsung Galaxy A8 Star
4738865,60381325,Elisabeth Sunday
4738969,60382638,Sunny Kaushal
4739248,60386175,Hartwell Sun
4739434,60389191,Sunchales Aeroclub Airport
4739930,60396060,Samsung Galaxy Core Plus
4740202,60399942,Botvid Sunesson
4740544,60404241,2003 Atlantic Sun Conference baseball tournament
4740684,60406143,Song Sun
4740726,60406538,Katō Tsune
4740837,60407753,Sun-Ah Jun
4740924,60408948,Jane Sunderland
4740943,60409159,Samsung S400i
4740955,60409239,Burning Sun
4741126,60410904,Sundowning (disambiguation)
4741696,60418097,Chaudhary Sunder Singh
4741858,60420037,Samsung Galaxy R Style
4741868,60420279,2002 Atlantic Sun Conference baseball tournament
4742162,60424990,Sun Yingsha
4742254,60426006,Vasundhara Tewari Broota
4742691,60431571,Kim Sung-cheol
4742813,60432929,Kim Sung-uk
4742955,60434359,Unsung Hero (song)
4743420,60439754,Sun Jian (disambiguation)
4743669,60442436,Sunday (Jessica Mauboy song)
4743776,60444071,Pius Olakunle Osunyikanmi
4744073,60447603,Lai Sun (disambiguation)
4744140,60448336,Twelfth Night (ITV Sunday Night Theatre)
4744449,60452541,Sungai Sibuga
4745163,60460777,Samsung Galaxy Feel
4745191,60460989,Sungai Lembing (state constituency)
4745247,60461491,Sunning (behaviour)
4745301,60462432,Samsung Galaxy A80
4745379,60463502,Yasunari Akiyama
4745388,60463591,Samsung Galaxy A70
4745756,60467914,Seiji Matsunaga
4745923,60469552,Li Bong-sun
4746391,60474435,Princess Kasune
4746667,60476763,Shyamsundarpur Patna
4747137,60481972,The Sunshine Trail
4747272,60484537,Sun Glacier
4748275,60495266,Sunil Dutt (wrestler)
4748601,60499892,Muntinlupa Sunken Garden
4748807,60502038,History of Sunshine Coast Football
4748953,60503793,2019–20 Arizona State Sun Devils men's basketball team
4749075,60505721,Akane Matsunaga
4749777,60515159,Sun Dance (album)
4750597,60527010,Crisel Consunji
4750843,60529743,Sunset shell
4751361,60535788,Sunil Kumar (academic administrator)
4751624,60538807,Tatsunosuke Kanda
4751893,60542552,Samsung Galaxy Folder
4752673,60555034,Wenderson Tsunami
4753079,60559967,Bikki Sunazawa
4753085,60560014,Kim Il Sung Higher Party School
4754835,60585103,Hello Sunshine (Bruce Springsteen song)
4754886,60585544,Face of the Sun
4755358,60590725,Tsunduru railway station
4755367,60590804,As-Sunan al-Kubra
4755404,60591253,Ahn Sook-sun
4756584,60605226,Sunan al-Daraqutni
4757004,60610004,Sunshine Kaidi
4757258,60612935,Pankaj Prasun
4757270,60613089,Sunan al-Kubra (al-Bayhaqi)
4757818,60622276,Kazachstania yasuniensis
4757851,60622742,"Kamenka, Suksunsky District, Perm Krai"
4757861,60622836,"Klyuchi, Suksunsky District, Perm Krai"
4757898,60623229,Sunaree Ratchasima
4758108,60626915,Sun Shine
4758114,60627006,Thomas Sunter
4758557,60632044,Descendants of the Sun: The Philippine Adaptation
4758621,60632923,Sunbird Records
4758663,60633579,Tsunomori Station
4759275,60640447,Choi Sang-sun
4759369,60642732,Sunshine Ikezaki
4759459,60643936,Queen Hyosun
4761344,60671225,Widow's Weeds (Silversun Pickups album)
4761539,60673637,Samsung Galaxy Discover
4761742,60678174,Sunshine of Paradise Alley
4761801,60678945,Sunshine Beach State High School
4762039,60681866,2019 Sunderland City Council election
4762585,60694043,Sun-Reporter
4763223,60710966,Gunter Silva Passuni
4763471,60714402,Sun Yanling
4763795,60720239,Close to the Sun (video game)
4763911,60721581,Shyam Sundar Gupta
4763973,60723094,Sunnyside (American TV series)
4764313,60727697,Sunnidale Park
4764505,60730047,Flame (Sundara Karma song)
4764690,60733153,Close to the Sun
4765020,60737398,2019 Sun Belt Conference softball tournament
4765217,60739998,Sunday Times Rich List 2019
4765829,60748345,2019–20 Phoenix Suns season
4766559,60761043,Sunshine Kitty
4766651,60763316,"Kim Sung-kyu (actor, born 1986)"
4766738,60764575,Bosun Tijani
4767849,60780170,Sune Wretling
4768049,60782787,Sunday Service Choir
4768911,60793910,Mikyung Sung
4768918,60793983,Saga Sunrise Park General Gymnasium
4769418,60799676,Bloody Sunday (Bolzano)
4769523,60801847,Muhi us-Sunnat
4770359,60812133,TAI Aksungur
4770594,60815525,Siren (Sunmi song)
4770646,60816157,Valmir Assunção
4771233,60825061,Aksungur
4771609,60830053,Along the Sundown Trail
4772139,60838912,Sunday Night Productions
4772297,60841411,1040 Sunshine Project
4772385,60842516,Sunita Duggal
4772627,60845484,Sunil Kumar Soni
4772725,60846753,Sun Belt Conference softball tournament
4772827,60848691,Katsunori Ueebisu
4772856,60849057,Reo Yasunaga
4772918,60849681,Sunil Baburao Mendhe
4773058,60851284,Bañado Tacumbú (Asunción)
4773060,60851286,Obrero (Asunción)
4773062,60851291,La Encarnación (Asunción)
4773064,60851293,Pettirossi (Asunción)
4773065,60851295,San Felipe (Asunción)
4773075,60851346,Panambí Retá (Asunción)
4773076,60851348,Panambí Verá (Asunción)
4773078,60851351,Cañada del Ybyray (Asunción)
4773079,60851352,Ñu Guazú (Asunción)
4773081,60851355,Mburucuyá (Asunción)
4773082,60851356,Virgen de Fátima (Asunción)
4773325,60854633,"Ángela Téllez-Girón, 16th Duchess of Osuna"
4773360,60855002,Sunil Kumar Pintu
4773952,61528933,Sun Is Shining (Lost Frequencies song)
4773982,61529267,Rosa 'Walking on Sunshine'
4774130,61530835,Francis Trasuns
4774486,61537358,West of Sunshine
4774818,61540926,Sun Records (disambiguation)
4774819,61540932,Tsunomure Castle
4774903,61542071,"KSUN (Bisbee, Arizona)"
4774908,61542110,Thitima Suttasunthorn
4775392,61549417,Suntan Special
4776033,61557394,"Sun Rui (footballer, born 1978)"
4776191,61561603,Gustavo Assunção
4776624,61566903,Världsungdomsspelen
4777593,61581855,"Sunny Hill, Louisiana"
4777814,61584560,Lee Sun-sung
4778240,61589475,Sun Books
4778403,61591406,Samsung Galaxy Watch Active
4778639,61594047,2019–20 CA Osasuna season
4778957,61596199,Nils Sundh
4779711,61603403,Away from the Sun (song)
4779716,61603438,Sun Mengya
4780671,61613881,The Sun Sessions (Ike Turner's Kings of Rhythm album)
4781010,61617934,Sune Wittmann
4781205,61621033,Lee Tae-sun
4781736,61627468,Flying Over Sunset
4781761,61627903,Sunil Dutt (disambiguation)
4782173,61632738,"Sundaresvarar Temple, Tiruloki"
4782216,61633082,Rosa 'Sunny Sky'
4782743,61639692,Sunich Saveh FSC
4782747,61639722,Manasunna Maaraju
4783072,61643659,Sunset Kids
4783279,61644187,Anna Sunadóttir Hansen
4784424,61653740,Ido Osun Botanical Garden
4785085,61662699,All India Sunni Jamiyyathul Ulama
4785856,61675692,Samsung Galaxy A90 5G
4786202,61680013,David Sundin
4786589,61689143,A to Zap! Featuring the Sunbuddies
4787449,61700154,Vasundhara Prabhu
4787852,61704437,Samsung Galaxy A30
4787955,61705152,"Sungur, Republic of Bashkortostan"
4788338,61710280,Waterloo (1815 Sunderland ship)
4788688,61713920,Sunil Singh (politician)
4788704,61714095,Tsundue Pema Lhamo
4789646,61728212,Sunny Singh
4790371,61737397,2007 Sun Belt Conference football season
4790376,61737436,2006 Sun Belt Conference football season
4790379,61737487,2005 Sun Belt Conference football season
4790384,61737521,2004 Sun Belt Conference football season
4790390,61737549,2003 Sun Belt Conference football season
4791038,61744061,Anders Sundström
4791843,61757909,Sungurovka
4791844,61757918,Sunbash
4791956,61759483,Kvalsund (disambiguation)
4792365,61764244,Aryaman Sunil
4792490,61765813,Utsunomiya Museum of Art
4792506,61766176,Nsungwe Formation
4793076,61772885,Flowering Sunday
4793389,61776724,Sunshower (Taeko Ohnuki album)
4793646,61779818,List of songs recorded by Sunn O)))
4793951,61783159,Sun Minghui
4794345,61787817,Samsung Galaxy Fit (smartwatch)
4794347,61787877,"Six Months, No Sun"
4794706,61792514,Sunetra
4794886,61795151,Selma Rosun
4795433,61801205,Samsung Galaxy A20
4796035,61808219,Sunday Afternoon Baseball
4797384,61830572,Samsung Galaxy A40
4797846,61838085,SUNYAC ice hockey tournament
4797980,61839702,Samsung Galaxy M40
4799428,61859896,Ember from the Sun
4799903,61865775,Tsuneya Yuzaki
4800595,61873930,Yang Sung-sook
4801039,61879874,Uksunay
4801519,61886862,Sunil Kumar Singh
4802770,61902003,Hwang In-sung
4802834,61902749,The Little Sunflower that Fell in Love with the Moon
4802994,61904241,A Place in the Sun (South Korean TV series)
4803027,61904556,Choi Sung-jae
4803620,61912494,Khara-Usun
4803663,61912703,A. K. C. Sundaravel
4803878,61914451,Tsagan-Usun
4804084,61917727,Ginny Weds Sunny
4804775,61926634,Samsung Galaxy M30s
4804817,61927275,Il Tramonto (The Sunset)
4804926,61928625,Elesun
4805067,61930330,"Sunfest (Gimli, Manitoba)"
4805325,61933416,A Sun
4805444,61934688,Rising Sun (Najee album)
4805601,61936441,Dark Suns (film)
4806222,61945362,HMS Sunflower (K41)
4807891,61965920,Kusunovo
4808591,61978487,Sunita Sharma (cricket coach)
4809510,61990345,Hwang Sun-hui
4809544,61991372,The Sun Rising
4809957,61997925,Kang Sunghee
4810342,62003044,Sunshine Comedies
4811560,62013341,Yeltesunovo
4811846,62015280,Sunshine City (Hong Kong)
4813173,62031811,Sun Queen
4813282,62032936,2002 Stromboli tsunami
4813341,62033471,Sunsets & Full Moons
4813352,62033611,Sunday Dech
4813829,62038671,The Sun on the Roof of the World
4814261,62041510,History of the Hagerstown Suns
4815328,62050694,Fu Sun (constituency)
4815508,62052445,Yu Sun-ha
4815912,62057893,Mihail Korsunov
4816068,62060145,Julene Sunderland
4816672,62067508,Red Sun (1970 film)
4817062,62072432,Royal Swazi Sun Classic
4817423,62076022,Lisunovo
4817565,62077495,Sun Menahem
4817676,62079251,Kwon Sun-pil
4817908,62082277,Korsunov
4818993,62095147,Suniti Chattaraj
4819297,62098551,Democratic Tsunami
4819763,62104125,"Norham Castle, Sunrise"
4820046,62104963,Governor Sununu
4820282,62109464,"Sunshine Acres, Queensland"
4821742,62130945,Gim Sung-hee
4822600,62139596,"Sundown, Queensland (Southern Downs Region)"
4822638,62139716,Sunaitothrips
4822905,62142639,Necdet Tosun
4823694,62152602,Closed on Sunday
4823732,62153160,Moon Sung-hye
4823839,62154856,Damilola Sunday Olawuyi
4823941,62156980,Shyamsundar Dagdoji Shinde
4824414,62161950,Tsuneo Sato
4825173,62167574,Kim Jong-sun
4825465,62170743,Pisuninskaya
4826075,62175162,"Gregory River, Queensland (Whitsunday Region)"
4826100,62175400,"Sugarloaf, Queensland (Whitsunday Region)"
4826103,62175452,"Preston, Queensland (Whitsunday Region)"
4826457,62179981,Sundarbans settlements
4826630,62181263,Ri Sung-ryool
4826752,62182443,Bak Sung-wun
4826782,62182795,Alma Sundquist
4826887,62184699,List of Sunny Day episodes
4826949,62185889,Sujit Sivasundaram
4827291,62189317,"Whitsunday, Queensland"
4827561,62192695,Battle for the Golden Sun
4828499,62203941,Madrasa of Amir Sunqur Sa'di
4828635,62205896,Tsunami (2020 film)
4829293,62215564,Aditi Sunil Tatkare
4829430,62217100,Sunclass Airlines
4829657,62220575,Sunil Rane
4830004,62225416,Sung Yoo-bin
4830279,62229781,Sun Jiameng
4830332,62230380,The Circus of the Sun
4830346,62230505,Jamaat-e-Ahle Sunnat Karnataka
4830408,62231267,Sun Shengwu
4832589,62270377,Concord-Lake Sunapee Rail Trail
4832908,62275107,Sun Bingwen
4833259,62280441,Gwon Sun-cheon
4834047,62291407,Sunnfjord (municipality)
4834158,62293007,Cho Gue-sung
4834244,62294020,2019–20 ASUN Conference men's basketball season
4834495,62297029,"Sundown, Queensland"
4834499,62297059,"Sundown, Queensland (Cassowary Coast Region)"
4834768,62305549,Tsuneko Gauntlett
4835113,62311056,Choesung Pavilion
4835133,62311333,Arizona State Sun Devils women's ice hockey
4836573,62333541,Park Sung-hyun
4836698,62335119,2019 Sun Belt Conference Football Championship Game
4836954,62342254,Santoshi Maa – Sunayein Vrat Kathayein
4836957,62342310,Sunan Dalem
4836963,62342507,Sunan Bungkul
4837162,62345690,Kiss Like the Sun
4837574,62352776,Sunggal
4838917,62371117,Waiting for the Sunrise
4838952,62371618,Sunny Edwards
4839099,62373532,Kiwan Sung
4839219,62375218,Loch Sunart to the Sound of Jura Marine Protected Area
4839446,62378017,Tong Sun
4839815,62384087,Sunbury visitor information centre
4840167,62388981,Gold Sunrise on Magic Mountain
4840454,62393989,Tsune Watanabe
4841307,62406282,Elza Sunderland
4841455,62408332,List of international trips made by Kim Il Sung
4841477,62408641,Sunnybrae
4841904,62414012,Sun Binyong
4841967,62414510,Sunil Kamble
4842283,62417999,Cafer Tosun
4842377,62419291,Abdurrahim Dursun
4842813,62424011,The Sunova Spiel at East St. Paul
4843505,62433976,Archana Ramasundaram
4844025,62440269,All-Out Sundays
4844202,62442715,Rising Sun Party
4844282,62443374,Shyam Sundar Besra
4844844,62452842,Dancing in the Sun (album)
4846895,62480015,Sundown Valley
4847090,62482451,Day of Sun and Rain
4847648,62488818,Dylan Sunderland
4847932,62492676,Sunny Cove (microarchitecture)
4848690,62504935,2020 Sundance Film Festival
4848729,62506153,April Sunami
4848870,62507978,Parbati Kumari Bisunkhe
4848953,62509109,List of FK Haugesund seasons
4849156,62512767,Kim Eun-sun
4849443,62518137,Takuya Matsunaga
4849853,62523729,Masatsune
4850361,62529836,Aysun Aliyeva
4850862,62536112,Hong Sung-chon
4850882,62536491,Sunčana Glavak
4851311,62544331,Hong Sun-bo
4852531,62563478,Samsung Galaxy S20
4852586,62564099,Prime Minister of Pasundan
4852908,62568029,2019 ASUN women's soccer tournament
4853171,62571648,A Walk Across the Sun
4853246,62573532,Sun Heping
4853256,62573621,Sun Heping (diplomat)
4853284,62573916,Sun Heping (scientist)
4853430,62575387,James Sunderland (politician)
4854427,62587725,"Ehre sei dir, Gott, gesungen, BWV 248 V"
4854757,62591012,Ann Arbor Sun
4855082,62596613,2019–20 Arizona State Sun Devils men's ice hockey season
4855103,62596867,Cyrtarachne sunjoymongai
4855298,62599121,Karsunsky Uyezd
4855657,62604998,Sunset Center
4855684,62605318,Jeon Sung-woo
4855783,62606746,Isitha Wijesundera
4856733,62621640,New Sunrise
4857230,62628278,I Wanna Hear Your Heartbeat (Sunday Girl)
4857243,62628409,Ali Sunyaev
4857964,62637015,List of villages in Osun State
4858336,62641676,Einar Sundström
4858750,62647340,Han Sun-kyo
4859320,62654774,Sung-bin
4859390,62655607,Sassun Mkrtchyan
4859642,62658869,SS Fort Camosun
4859829,62661193,Kim Sun-yong
4860184,62665647,Suna Kymäläinen
4861412,62681199,"Santa Maria Assunta, Assergi"
4861576,62683009,Sunderland Eye Infirmary
4861577,62683047,South Tyneside and Sunderland NHS Foundation Trust
4861721,62684681,2019 FK Haugesund season
4862239,62691342,Bae Hyun-sung
4862838,62698544,Sunamganj Science and Technology University
4863016,62700367,Nils Petter Sundgren
4863413,62705020,Sunny Optical
4863428,62705184,Minamoto no Yoshitsune (TV series)
4863469,62705876,Na Sung-seung
4863606,62707342,Sundgren
4863860,62710667,Sunrisers Hyderabad in 2021
4864317,62716929,Ulf Sundberg
4864351,62717296,Eddie Sundquist
4864458,62719267,Suneel Puranik
4864580,62720973,Saysunee Jana
4864621,62721936,2019 Kristiansund BK season
4864739,62723728,O Gwang-sun
4865400,62733766,Sundown on the Prairie
4866032,62747143,Cody Sun
4866280,62751505,Riding the Sunset Trail
4866476,62754161,Beryl Markham: A Shadow on the Sun
4867080,62765459,The Cowboy from Sundown
4867103,62765940,Muzaffar Tursunkhujaev
4867553,62772650,2020 Visit Tucson Sun Cup
4868173,62781291,Kim Sun-ja (serial killer)
4868472,62784928,Kumble Sundara Rao
4869117,62793267,Natalia Boytsun
4869897,62803191,Meri Beti Sunny Leone Banna Chaahti Hai
4870365,62808562,Robert J. Sunell
4870511,62810424,CSUN Assistive Technology Conference
4870587,62811124,HMS Sunflower
4871087,62817327,Shunsuke Sunaga
4872035,62832552,Øresunds chemiske Fabriker
4872216,62835436,Tsunenobu
4872506,62839568,Tursunpashsha Nurmetova
4872690,62842566,"Sunrise, Inverness Copse"
4873097,62847737,Alexander Sung
4873163,62848680,The Man from Sundown
4874489,62866999,Sun Museum
4874725,62870047,Sunshine Mall
4875096,62874590,"Susunia, Purulia"
4875640,62882276,Jiayang Sun
4875735,62883562,2020 Arizona State Sun Devils football team
4875775,62884218,Sun Lili
4876509,62896324,Sun Yue (curler)
4877182,62908228,Sunbiggin Tarn
4877940,62919349,Wesley Sundquist
4878021,62921377,You Bring On the Sun
4878301,62926846,Elsie Sunderland
4878472,62929416,Sun Le (goalball)
4878474,62929442,Sun Le
4878663,62933096,2020 Arizona State Sun Devils baseball team
4879066,62938577,Sunda owlet
4879877,62952001,Sun Ninghui
4880053,62955074,Park Sung-woo (actor)
4880465,62962287,Kuromatsunai Shindō
4880504,62963256,Act 1: Eternal Sunshine (The Pledge)
4881359,62977965,Sunnmøre Fotballkrets
4881548,62980453,Han Sung-yun
4881615,62981285,Sunay Bulut
4882575,62993916,Sundance Wicks
4883137,63000442,Hide and Seek / Sunset Refrain
4883192,63001071,Siasun Robotics
4883253,63002172,Kim Sun-woong
4883446,63004476,Vasundhara Sirnate
4884038,63014149,Sunday Mathias
4884303,63018589,Samsung Galaxy Watch Active 2
4884397,63019745,The Tour Championship (Sunshine Tour)
4884564,63022158,Bharat Sundar
4884799,63026448,Sun Racket
4885329,63035228,Lee Dae-sung
4885512,63038048,2020 Connecticut Sun season
4886002,63045384,Keivan Stassun
4886249,63048060,Bommireddy Sundara Rami Reddy
4886361,63049506,Sun Gang
4886855,63055649,Chow Tsun Man
4887096,63057244,Tsung Pak Long
4887667,63063121,V. P. Menon: The Unsung Architect of Modern India
4887811,63064439,Anna Korsun
4888689,63077476,2019 Sun Belt Conference women's soccer tournament
4888700,63077669,Mohiussunnath Chowdhury
4888732,63078240,Sunlight (horse)
4888910,63080887,Susunia (disambiguation)
4889354,63087503,Samsung Galaxy Z Flip
4889424,63088473,2020 ASUN men's basketball tournament
4889614,63090866,Sunil Salam
4889616,63090876,Sagolsem Sunil Singh
4889631,63091136,List of Kristiansund BK seasons
4889707,63092275,2020 Sun Belt Conference football season
4890044,63096644,40 (Sunnyboys album)
4890280,63099989,Sunflower River Blues & Gospel Festival
4890646,63105217,Hollywood Sun-Tattler
4891277,63114415,Sun Ruyong
4891925,63122009,Sun Silo
4892794,63133820,Assasuni Union
4893228,63139914,Sunbonnet babies
4893538,63143821,Garth tsunami
4893545,63143856,Sunanta Kangvalkulkij
4893601,63144634,Sun Fung Wai
4893729,63146211,Yang Ching-sung
4894258,63154127,Islands of the Sun
4894910,63165054,Samsung Galaxy Folder 2
4895577,63175679,2020 Sun Belt Conference men's basketball tournament
4896667,63190175,Sundown Adventureland
4896837,63192362,Sunnyside Avenue station
4897209,63197619,Samsung Galaxy A51
4897259,63198540,Samsung Galaxy A71
4897345,63199832,On the Sunny Side (1933 film)
4897770,63205439,Sun Xiaoguo
4897938,63207724,Sune Toft
4898413,63215839,Sunny Hindustani
4898584,63217871,Park Ah-sung
4898626,63218713,Sundaram Verma
4899450,63230240,Princess Charlotte (1813 Sunderland ship)
4900093,63236804,2019–20 Arizona State Sun Devils women's basketball team
4901473,63251136,The Sunday Daddy
4901983,63256701,Jin Sun-ryeong
4902605,63264186,Standing Up for Sunny
4903036,63270246,Sundoli Union
4903187,63272699,Lee Sung-kyung filmography
4903441,63276252,Sunflower Hot Springs
4903622,63278820,Sun Share Tower
4904017,63282812,"The Steel, the Mist, and the Blazing Sun"
4904043,63283143,Antonio Rodríguez Osuna
4904333,63287679,"Santa Maria Assunta in Cielo, Roccantica"
4904419,63288636,Basundia Union
4905035,63298034,A Boy and Sungreen
4905265,63300483,Sunderland Docks
4905760,63306120,2020 ASUN women's basketball tournament
4905973,63309003,Sundén
4906015,63309321,Sunderland Blitz
4906323,63312289,Sundy Wongderree
4906704,63316448,Kasun Caldera
4906824,63317577,Savannah Sunrise
4907298,63323821,Sun NXT
4907462,63325847,Sunniva Sorby
4907682,63328704,Operation Sundarbans
4907777,63329436,Lin Chih-hsun
4907993,63332278,"Santa Maria Assunta in Cielo, Cantalupo in Sabina"
4908008,63332398,2020 Sun Belt Conference women's basketball tournament
4908317,63335539,"Sunshine Bay, New South Wales"
4908836,63342063,Sunswick Creek
4908874,63342403,Project Gesundheit
4908909,63342703,Jang Sung-kyu
4909278,63345589,"Sundarban Union, Mongla"
4909464,63348407,Meenakshisundaram Pillai
4909493,63349205,Sun Stone (album)
4909729,63352580,Sunday of the Word of God
4910980,63367410,Sungma Tea Garden
4911980,63379003,Ganesh Suntharalingam
4912300,63381857,Sunday Best (Surfaces song)
4912742,63387952,Veerawong Leksuntorn
4912928,63389573,2002 Sun Belt Conference men's basketball tournament
4912967,63390239,2003 Sun Belt Conference men's basketball tournament
4912976,63390399,2004 Sun Belt Conference men's basketball tournament
4913762,63401571,Before Sunrise (1989 film)
4913916,63403079,Ponani Sunder
4914365,63408236,2020–21 Sunshine Tour
4914720,63412506,Samsung Galaxy A11
4914894,63414971,Balasun Tea Estate
4915364,63420469,Sun Sun Thatha
4915475,63421530,Samsung Galaxy A41
4915476,63421541,Samsung Galaxy A01
4915477,63421554,Samsung Galaxy M21
4915478,63421562,Samsung Galaxy M31
4915555,63422773,Sun U Ponnyashin Pagoda
4916113,63429315,The Road to Hell (Sunstorm album)
4916443,63432776,Somasundara Bharathiar
4917151,63439932,Emperor Alexander (1814 Sunderland ship)
4917352,63441699,Lee Seon-sun
4917568,63443432,Major Sundarrajan filmography
4917599,63443716,Sunlight (Spacey Jane album)
4917883,63447067,Beyond the Sunset
4918433,63452843,Sundari Neeyum Sundaran Naanum (TV series)
4918908,63457486,A Touch of the Sun (play)
4919603,63467555,Samsung Galaxy A31
4919905,63471744,Kim Jin-sun (handballer)
4920376,63478475,Tsunami 2265
4920461,63479716,R. Sundaramoorthy
4920977,63485940,Sunshine Follows Rain
4921161,63488179,Sunshine Follows Rain (novel)
4921915,63496251,A Thousand Suns (disambiguation)
4922016,63497662,Sunflower (Paul Weller song)
4922804,63505582,Park Sung-woo
4922884,63506480,Sundry Creditors
4923029,63507701,Yen Man-sung
4923518,63512612,La Menesunda
4923734,63515398,Samsung Galaxy J5 Pro
4923772,63515935,Samsung Galaxy A2 Core
4924281,63521844,Tsung-Tung Chang
4924471,63524883,La La Sunshine
4924534,63525354,My Friend the Sun
4924540,63525409,"Tripurasundari Rural Municipality, Sindhupalchok"
4924700,63526774,Wu Tsung-yi
4924760,63527765,Shamsun Nahar Begum
4924925,63529467,About Sunny
4925094,63531502,Mariassunta Giannetti
4925773,63540508,Edge of Tomorrow (Sunstorm album)
4926542,63548733,"Wake Up, Sunshine"
4926610,63549439,Sunset Hill Shooting Range 150
4926643,63549841,Abiola Dosunmu
4927444,63559294,LFG Stralsund V 19 Putbus
4927973,63564220,Samsung Galaxy J1 mini prime
4930487,63591107,"Meenakshi Sundaresvarar Temple, Sindhu Poondurai"
4930618,63592014,Kang Sun-young
4930680,63592731,Mochlus sundevallii
4931028,63597324,Such a Beautiful Sunny Day
4931215,63599663,Children of the Sun (book)
4931487,63602677,Li Chia-hsun
4932475,63613534,Sunil Kumar Gupta
4932760,63617361,Yi Sung-yop
4933025,63619584,Sunusi Ibrahim
4933144,63620858,Doris Sung
4933483,63624293,Yasunobu Okugawa
4933837,63628365,Sunny Singh (filmographer)
4934501,63635671,Santa Maria Assunta Co-Cathedral
4935315,63643155,As-Sunna Mosque (Rabat)
4936047,63652446,Sunetra Gas Field
4936963,63665113,The Pilgrims of the Sun
4937325,63669290,Kristin Sunde
4937754,63674857,Kang Sun-woo
4938015,63678325,Been There...Sung That!
4938658,63686695,Sundown (2016 film)
4938806,63688599,Sunil Amrith
4939082,63692306,Kim Sunmin
4939329,63694491,Jang Ok-sun
4939886,63700441,"Sundaresvarar Temple, Koranattukarupur"
4940149,63703496,Xia Suntong
4940271,63704887,Jon Sung-hun
4940595,63708721,Sundar Singh (soldier)
4941154,63716687,2019 ASUN men's soccer tournament
4941277,63718351,Of the Sun (album)
4941410,63720585,Samsung Galaxy A20s
4941458,63721511,Sungai Way
4941489,63722326,Yasunori Nishiki
4942498,63736853,Sune Lindbäck
4942827,63743972,Sunil Costa
4942883,63744798,Pak Sung-won
4943034,63747116,Samsung Galaxy J2 (2018)
4943516,63754535,Temidayo Isaiah Oniosun
4943559,63755151,Yoritsune Matsudaira (equestrian)
4944575,63768753,Anelka: Misunderstood
4945084,63774528,Sunil Kumar (born 1957)
4945341,63777496,Sunita Devi (mason)
4945565,63780258,Steven Sund
4945834,63785018,Samsung Galaxy J3 Pro
4946194,63790383,Follow the Sun (TV series)
4946322,63792751,Aurora Sky and Aurora Sun
4946383,63793712,Samsung Galaxy J3 Prime
4946441,63794642,Samsung Galaxy J3 (2017)
4946465,63795272,Samsung Galaxy J3 (2018)
4946989,63803447,Sun Lijun
4948374,63823338,Arizona State Sun Devils men's basketball statistical leaders
4948839,63829668,Tower of Vesunna
4949171,63834209,Sung Yun-mo
4949210,63834642,James Sunter
4949316,63835753,Kim Sung-du
4949342,63835898,"Sundaresvarar Temple, Kattur"
4949780,63841104,Adedamola Richard Kasunmu
4950094,63845516,Sundarji Betai
4951303,63863330,Sunset Suburbia
4951431,63865078,Samsung Galaxy J4+
4951498,63865880,Bae Hae-sun
4951628,63867680,H. Efsun Arda
4951830,63869834,Midnight Sun (The Ghost of a Saber Tooth Tiger album)
4952300,63877300,Wali Negara of Pasundan
4953016,63885965,Sunaina Sunaina
4953057,63886651,Samsung Galaxy Fit
4954345,63903097,Katsunori Okamoto
4954546,63905548,Hwang Sun-won (equestrian)
4955573,63917585,Calvin Sun
4955647,63919102,Den Helder Suns (women)
4955719,63920572,Ministry of Home Affairs (Pasundan)
4957410,63946301,Maria Assunta Accili Sabbatini
4958434,63961856,Assunna Mosque
4958447,63962082,2020 Herald Sun Tour
4958474,63962428,Ministry of Justice (Pasundan)
4958725,63965783,Ministry of Education and Religious Affairs (Pasundan)
4958821,63967252,Sundress (disambiguation)
4959055,63969482,2020 Team Sunweb (men's team) season
4959287,63972351,Kalasungay
4959854,63979068,Thasunda Duckett
4959866,63979179,Red Sunset on the Dnipro
4960035,63981454,Ministry of Health (Pasundan)
4960068,63982075,Sunday Times Rich List 2020
4960454,63987316,Jeong Sun-ja
4960601,63988734,Tenkai Tsunami
4961268,63996901,Shyam Sunder Das
4961567,64000760,Territorial Sundial
4961678,64002568,Sunder Genomal
4962196,64009994,Perempuan dalam Pasungan
4964149,64036239,Sunnybatrachus
4965829,64058825,High Sunderland
4965899,64059838,Sunghoon Kwon
4966455,64066903,SungWon Cho
4966522,64067989,Samsung Ladies Masters
4966839,64073829,Jamia Ahmadiyya Sunnia Kamil Madrasa
4966933,64075544,Sunkar (demonstration team)
4966953,64075799,Akinari Matsuno
4966963,64075964,Samsung Galaxy Z series
4967335,64081799,Sunset Rollercoaster
4967428,64083193,"Sundaresvarar Temple, Kundayur"
4967548,64086078,Natsunagu!
4967923,64091372,Disappearance of Stephan Sunthararaj
4968259,64095831,Red Sun Through Smoke
4969311,64109655,Kattesundet
4969313,64109692,Gongsun Jie
4972064,64145696,"Sunset Heights, Houston"
4972534,64153590,Suntali
4974395,64177746,Sunrise Peak
4974461,64178781,Last Sunset (novel)
4974472,64178889,Sunday Sinners
4975109,64185709,Blind Orion Searching for the Rising Sun
4977455,64214979,Sundowner (hotel and casino)
4978395,64228054,Whitsunday Anglican School
4979429,64239704,El Grito de Sunset Park
4979533,64240651,Sundsbø
4979683,64242624,Kim Woo-sung
4979704,64243012,Samsung Galaxy Note 20
4979734,64243454,Ferdinand Husung
4979801,64244025,"Shyamsundarpur, Paschim Bardhaman"
4979804,64244044,Shyamsundarpur (disambiguation)
4979847,64244405,Sunbeam Mitchell
4980574,64252681,Samsung Galaxy Z Fold 2
4980976,64257842,N. Sundaran Nadar
4981323,64261646,Sun Sportsland Kyowa Gymnasium
4981570,64264070,Great Sortie of Stralsund
4981635,64264840,Lee Sung-yoon (footballer)
4981727,64265921,Sunday Journal (Myanmar)
4982141,64269862,2020 Drydene 311 (Sunday)
4982355,64272498,Dunham Massey Hall sundial
4982374,64272636,2020–21 Sunderland A.F.C. season
4982525,64273848,Anglican Diocese of Sunyani
4982734,64275626,Sundtoft
4983133,64280464,Kim Il Sung University of Politics
4984534,64299304,2020 Sunshine Coast Gympie Rugby League season
4984692,64302303,Ryu Sung-hyun
4984904,64304720,Magnus Sunesson
4985457,64311627,1973 Sunderland Metropolitan Borough Council election
4985745,64315427,Vulture in the Sun
4986437,64325067,On Sunset
4986730,64329215,1975 Sunderland Metropolitan Borough Council election
4986960,64331879,1976 Sunderland Metropolitan Borough Council election
4987432,64337986,Shyam Sunder Mahapatra
4987482,64338616,Sundarmani Patel
4987954,64343194,Nevsun Resources Ltd v Araya
4987976,64343492,Sun Village
4988118,64345059,Sunil Solomon
4988553,64350668,Jung Sung-ahn
4989161,64358098,Osun State House of Assembly
4989377,64360379,Sunset Speedway (Ontario)
4989383,64360432,Sun Odyssey 349
4989767,64364898,The Weight of the Sun (album)
4990263,64370313,Sung Jusik
4990437,64372639,Sunny Days: The Children's Television Revolution That Changed America
4990950,64379956,"Kim Sung-joo (politician, born 1964)"
4991704,64389822,Nasiba Tursunova
4992086,64394628,Japanese destroyer Kusunoki (1945)
4993125,64404304,Pandit Sham Sundar Narain Tankha
4993196,64404987,Kyoji Kutsuna
4993334,64406856,Punching at the Sun
4994042,64416103,Gotta Go (Sunmi song)
4994135,64417219,Tsunami (video game)
4994304,64419121,Wu Sung-pei
4994709,64425196,Esther Dawt Chin Sung
4995057,64429338,Southern Sun (Boy & Bear song)
4995127,64430413,Yi Sun-sin (born 1554)
4995152,64430860,Under the Riccione Sun
4996381,64446413,Lei Sun
4996461,64447374,2020–21 CA Osasuna season
4997249,64457711,Sun Liqun (historian)
4997339,64458753,Kim Hae-sung
4997374,64459096,Byun Sung-jin
4997685,64462606,Phraya Sisunthonwohan
4997997,64467255,Sunkoshi Marin Diversion Project
4998052,64467979,"Sundaresvarar Temple, Vadiveesvaram"
4998229,64469773,Sun Qingye
4999989,64491570,Chynybaĭ Tursunbekov
5000284,64494972,Patrik Sundberg
5000749,64499649,Melisa Şenolsun
5001161,64503350,The Sun Shines Again
5001526,64507865,Cansu Tosun
5001714,64510160,Universidad Autónoma de Asunción (fútsal)
5001917,64512728,Umga Sun Temple
5002195,64516187,Yasunari Ishimi
5002363,64518052,Sun Weidong
5002445,64519852,Hoshina Masatsune
5002472,64520320,Sundial (Olympic Mountains)
5002601,64521542,Tsundimakhi
5003073,64525765,Sunday Marshall Katunɡ
5003151,64526818,Sunarya Rural Municipality
5003177,64526989,Tsunimakhi
5003185,64527023,Datsun sidevalve engine
5003419,64529666,Sunderlage Farm Smokehouse
5005083,64550603,Tu Hai Mera Sunday
5005218,64552242,Alessio Sundas
5005363,64554172,Datsun Type 13
5005637,64557753,Sunny Cheung
5005964,64561838,Hadsund Church
5006161,64564300,Who Made the Sunshine
5006232,64565036,İsmail Hakkı Sunat
5006370,64566645,Nessuno come noi
5007693,64582523,Suassuna
5008267,64588697,Kwak Sun-young
5008383,64589872,Before the Sun Explodes
5009222,64600878,Borimasunggu
5009531,64605656,Sixteen Sunsets
5010191,64614321,Sunny Amey
5010278,64615355,Sundini
5010716,64621245,Sun Prairie West High School
5010876,64622983,Ali Sunal
5010905,64623265,Suntamon
5010939,64623584,Sunday Times Rich List 1989
5011118,64625567,Sunspot drawing
5011651,64634351,Sunday (The Gospel According to Iso)
5011901,64636919,2020 Aalesunds FK season
5012098,64638433,Gabriella Sundar Singh
5012906,64647699,Kwan Sung-sing
5012995,64648584,Yasunia
5013622,64655502,Jing Sun
5013959,64660075,Samsung Galaxy Watch 3
5015856,64682101,Sunzhuang Church
5016205,64685623,2018 Oxelösund municipal election
5016281,64686307,A Sunset Touch
5016618,64689899,Sunny Ducrow
5016659,64690650,Sunny Dooley
5016857,64692585,2020 FK Haugesund season
5016890,64692947,Sun Wenlong
5016921,64693298,Samsung Galaxy J6+
5016963,64693737,Temirkan Sundukov
5017068,64694777,Sun Children
5017589,64705566,Samsung Galaxy A21s
5017831,64708809,Lady Xu (wife of Sun Quan)
5018196,64718957,Samsung Galaxy Buds Live
5018865,64735521,Sunpasitthiprasong Hospital
5020176,64760072,One More Time (The Sunshine Song)
5020243,64760800,Katsundo Kosaka
5020354,64762388,Sunanda Das
5020395,64762861,Sun City (TV series)
5020696,64766874,2020 Kristiansund BK season
5021084,64772093,My Sunset-Land ROJAVA
5021141,64773243,Monsune
5021452,64777823,Beers and Sunshine
5021498,64778592,Samsung Series 7 Slate
5021979,64785113,Sunita Sharma (gymnast)
5021989,64785186,"Sun, Wine and Hard Nuts"
5022266,64788408,Ahn Jae-sung
5022696,64793181,Ağlasun District
5023269,64800015,2014 Oxelösund municipal election
5023283,64800227,2010 Oxelösund municipal election
5023297,64800377,2006 Oxelösund municipal election
5023827,64811789,2002 Oxelösund municipal election
5023839,64812949,1998 Oxelösund municipal election
5024837,64861507,Anne Sundberg
5024890,64862569,Lee Ju-tsung
5024900,64862691,Sunderland A.F.C. supporters
5025078,64872824,Sunday Aryang
5026041,64918209,P. B. Sunil Kumar
5026295,64928316,Samsung Galaxy Tab S7
5026535,64942526,Bala Tripura Sundari Temple
5026536,64942735,Sunita Bhuyan
5026662,64946269,Tsundi
5026670,64946350,Kim Sun-hee
5026802,64948092,Sun Anke
5027309,64961630,Khatsunob
5027810,64967317,Sun Valley Magazine
5028195,64971462,Layard Jayasundera
5028278,64972384,"The Sun, The Moon and The Truth"
5028368,64973448,A Seaport at Sunset
5029935,65004133,August (Hamsun novel)
5030493,65012171,"Opus 24: Rome, from the Campagna, Sunset"
5030509,65013180,2020–21 Phoenix Suns season
5030682,65023824,Ryota Matsune
5030741,65026323,Heikki Asunta
5031491,65044035,Northland Sun
5031973,65052600,"Çamlık, Giresun"
5032209,65055952,Sun Zongwei
5032249,65056278,Sungweh Festival
5033129,65067973,Sunflower (cocktail)
5033360,65071133,The Devil Makes Sunday (1962 film)
5033812,65076790,Zhangsun Shunde
5034559,65090606,Samsung Galaxy Watch series
5034708,65092410,Hatsune Miku: Colorful Stage!
5034823,65093697,Samsung Galaxy Buds series
5034842,65094890,Sundanese music
5035059,65124438,Rasun
5035536,65138333,Sunset (painting)
5035602,65139125,Sunset Corner
5036235,65150480,Uttar Pradesh Sunni Central Waqf Board
5036861,65160838,Yinka Sunmonu
5036870,65160921,"Sundaresvarar Temple, Durvasapuram"
5037426,65169555,Pak Myong-sun
5037941,65179516,Ji Sun-mi
5037975,65180328,Leyla Göksun
5038019,65180787,Padam Sundas
5038114,65182672,"Meenakshi Sundaresvarar Temple, Arimalam"
5038224,65185263,Sunil Mukherjee
5038583,65189905,Sundowner (album)
5038947,65195177,Leonid Masunov
5039074,65196905,Samsung Galaxy A42 5G
5040145,65219039,Sun God (band)
5040151,65219164,Sun God (album)
5040653,65228320,Yemi Osunkoya
5041140,65234833,Sun Songs
5041373,65238501,Mountain of the Sun
5041562,65242073,Getsunova
5041774,65244778,Cross at Sunset
5041989,65248049,2020 Sun Belt Conference men's soccer season
5042160,65250397,Morning Sun Community School District
5042302,65252225,2020 Sun Belt Conference men's soccer tournament
5042608,65256776,Suna Yıldızoğlu
5043103,65263449,Cumbre Vieja tsunami hazard
5043421,65268643,Classic Album Sundays
5043439,65269005,Ursun
5044219,65280206,Sunrise on Mercury
5044422,65284502,The Sundial (Zion National Park)
5044698,65288582,Remziye Tosun
5045427,65297515,Ron Suno
5048097,65338553,Lee Tae-sung (businessman)
5048263,65341408,Yasunori Suzuki
5048844,65351356,Sun Run (Ararat River tributary)
5049216,65357588,Find the Sun
5050348,65372882,"Sunset, View on the Catskill"
5050799,65380208,Samsung Galaxy M51
5051085,65384786,Mothering Sunday (film)
5051220,65387149,Sun Xuelong
5052016,65399449,Sungai Manila
5052744,65410020,Landscape with a View of the Sea at Sunset
5053228,65416400,Palm Sunday Coup
5053494,65419707,2020 Women's Herald Sun Tour
5053793,65424496,Vitthal Sundar
5057552,65479546,Sunil Deodhar
5057688,65481221,Pete Sunkett
5058253,65488841,Sunderland Bridge (village)
5058473,65492524,Sung-lan Hsia
5058577,65493781,Sunday 'Kada
5058604,65494310,Sunrise Cup World Team Championship
5059183,65503073,Sunrisers (women's cricket)
5059289,65504624,Moursund (surname)
5059406,65506713,Missunderstood (Queen Naija album)
5060183,65519080,Verfassungsblog
5060336,65521398,Grønsund Færgegård
5060384,65522034,Clara Matsuno
5060585,65524744,A. E. Sunderland
5060692,65526349,List of Samsung systems on a chip
5061033,65530594,Samsung Galaxy F41
5061089,65531600,Race to the Sun (novel)
5061267,65534055,I Told Sunset About You
5061523,65537022,Albin Sundsvik
5062475,65549231,Keita Sunama
5062562,65550461,Royal Consort Sunbi No
5063114,65556812,Murder of Ertuğrul Dursun Önkuzu
5063474,65561326,Sunday Noontime Live!
5064032,65568383,Guldursun-Kala
5064166,65570133,Ryotaro Tsunoda
5064239,65571125,Mirzo Tursunzoda (disambiguation)
5065003,65582780,Sphenomorphus sungaicolus
5065604,65591121,Veena Sundar
5066063,65597475,Israelsunday
5066129,65598175,Sunrisers
5066272,65600394,Sunil Thomas
5066486,65602752,Mostly Sunny (disambiguation)
5066887,65607623,CD Anaitasuna
5067183,65610635,Kusum Devi Sunderlal Dugar Jain Dental College and Hospital
5067215,65611345,Synoptic Optical Long-term Investigations of the Sun
5068707,65632850,Samsung Wave 525
5069019,65637579,Sunil-Kumar Sipaeya
5069498,65644286,Choi Kyung-sun
5069584,65645514,Emergency Tsunami
5070269,65656632,Gamsung Camping
5070388,65658140,Sunbury wine region
5070799,65664833,World Sunni Movement
5071594,65674994,Sunil Gupta (photographer)
5072058,65680837,Sunu Wahyu Trijati
5072314,65684008,"Mariano Téllez-Girón, 12th Duke of Osuna"
5073327,65698741,2021 Suncorp Super Netball season
5073472,65700990,Sunset in the Blue
5073693,65703928,Sun's End
5073755,65704509,Temple of the Sun (Utah)
5074551,65717012,Sun (ferry)
5075739,65732111,Samsung Wave 533
5076498,65740978,Park Ji-sun
5076851,65745977,Ünal Tosun
5077056,65748825,Samsung Wave 723
5077198,65750919,5 Seconds Before Sunrise
5077565,65755855,Sunita Agarwal
5077623,65756836,"Mirzo Tursunzoda, Rudaki District"
5077691,65757623,2020–21 Mamelodi Sundowns F.C. season
5077781,65758727,Nuestra Señora de la Asunción
5077829,65759702,Sunye Lake
5077913,65760541,Yang Sung-chun
5077914,65760554,Samsung Wave III
5078122,65764161,Tomizo Katsunuma
5078146,65764460,Suneetha Ali
5078197,65765239,Keigo Tsunemoto
5078427,65768290,Super Bowl Sunday (video game)
5078539,65769603,Anderson Sunda-Meya
5079092,65777707,Sunlight's Last Raid
5079098,65777770,Samsung Wave Y
5079707,65785407,2020 Sun Belt Conference women's soccer tournament
5080721,65798732,Rising Sun (video game)
5080820,65800085,Ayoade Olatunbosun-Alakija
5082945,65831251,Walking in the Sunshine
5083178,65834220,Pär Sundström
5083701,65840509,Pragya Prasun
5084036,65844255,ROKS Yi Sun-sin (SS-068)
5084058,65844571,Sunkoshi Hydropower Station
5084719,65853901,Mosun Belo-Olusoga
5085152,65860056,History of Sunda Kingdom
5085360,65863151,"Tripurasundari Rural Municipality, Dhading"
5085986,65872959,Sunshine Ladies Tour
5086580,65882130,Sunny Basdeo
5087235,65890236,Susan Sunderland
5087422,65892708,Suno
5087589,65894821,Sun-El Musician
5087902,65898364,Sunderland Civic Centre
5088058,65900419,Sundo
5088243,65904379,Joseph Sunday Ajomo
5088349,65905750,Hallberg-Rassy Monsun 31
5088486,65908478,Sun Xiaochuan
5088702,65910598,Sunderland City Centre
5089572,65921652,Greengill sunfish
5090018,65928189,Sunil Gupta
5090392,65932869,The Sunken Temple
5091867,65951557,Mornsun
5092014,65953554,Huron Sunrise Trail
5092382,65958089,Sunil Kumar Kushwaha
5092875,65963387,Sunnyside Sun
5092988,65965060,Singing on Sunday
5094158,65980285,"Sunderpahari, Godda"
5094919,65991608,Let's Go to Church (Next Sunday Morning)
5095506,65999500,I Wish I Had Never Met Sunshine
5095519,65999756,2020–21 Arizona State Sun Devils men's basketball team
5095748,66003021,Sunerah Binte Kamal
5095750,66003110,Crying Suns
5095920,66005423,Sunjiagou Formation
5096016,66006794,Jesse Suntele
5096769,66016860,List of ships sunk by missiles
5097042,66020230,Kurdish Sun
5097146,66021297,Tsunda
5097547,66025919,Ennapadam Sundara Narayanan
5098493,66038986,Sunday (1915 film)
5099086,66046793,Sun and Moon Pagodas
5099273,66049502,Matthew Osunade
5099759,66056077,Anglican Diocese of Osun North East
5099789,66056539,Department of Sundarban Affairs (West Bengal)
5099881,66057548,Kuysun
5100265,66064361,1867 Virgin Islands earthquake and tsunami
5100302,66065120,Anglican Diocese of Osun North
5100306,66065191,Anglican Diocese of Oke-Osun
5100422,66066248,UNIOSUN Teaching Hospital
5100424,66066288,Tshwane Suns
5100579,66068527,Anglican Diocese of Osun
5100915,66073298,Lee Hye-sung
5101272,66078517,Sun (1832 ship)
5101632,66084744,The Sunday Magazine (radio program)
5102373,66093495,Sunday Adebayo
5102932,66100132,Sunny Lam
5103210,66104105,List of Arizona State Sun Devils head football coaches
5104035,66115258,2021 Sundance Film Festival
5104392,66120063,Sundsvall Anti-Aircraft Regiment
5104548,66121846,A Sunshiny Day with Charley Pride
5104750,66124306,Collapsed in Sunbeams
5105628,66135033,Jabez T. Sunderland
5106941,66151327,Sunsari 1 (constituency)
5106952,66152209,Sunsari 2 (constituency)
5106975,66152758,Sunsari 3 (constituency)
5106978,66152792,A Place in the Sun (1916 film)
5106991,66152869,Sunsari 4 (constituency)
5107046,66153381,"Sunnybrook, Rotorua"
5107502,66158596,Magna Sunnerdahl
5107653,66160318,Sunseong-hoe
5107686,66160632,Rio Negro–Rio San Sun mangroves
5107827,66163710,Samsung Galaxy J7+
5107984,66165541,Sun Weiben
5110100,66188323,Sunlight Air
5110684,66193873,Imperial Consort Sunheon
5110885,66195835,Sunapati Rural Municipality
5110997,66197515,Rasika Sunil
5111300,66201249,Klara and the Sun
5111572,66203873,Domino's App feat. Hatsune Miku
5113146,66221354,Guangzhou Sunac Land Resort
5113225,66222352,"Adaören, Dursunbey"
5113230,66222381,"Akbaşlar, Dursunbey"
5113233,66222403,"Akçagüney, Dursunbey"
5113237,66222421,"Akyayla, Dursunbey"
5113239,66222429,"Alaçam, Dursunbey"
5113241,66222446,"Alagüney, Dursunbey"
5113242,66222464,"Aşağımusalar, Dursunbey"
5113244,66222485,"Aşağıyağcılar, Dursunbey"
5113247,66222498,"Ayvacık, Dursunbey"
5113252,66222520,"Aziziye, Dursunbey"
5113253,66222533,"Bayıryüzügüney, Dursunbey"
5113256,66222546,"Beyce, Dursunbey"
5113260,66222561,"Beyel, Dursunbey"
5113262,66222569,"Boyalıca, Dursunbey"
5113266,66222605,"Büyükakçaalan, Dursunbey"
5113268,66222617,"Çakırca, Dursunbey"
5113272,66222630,"Çaltıcak, Dursunbey"
5113276,66222641,"Çamharman, Dursunbey"
5113280,66222663,"Çamköy, Dursunbey"
5113282,66222675,"Çanakçı, Dursunbey"
5113285,66222690,"Çatalçam, Dursunbey"
5113288,66222702,"Çelikler, Dursunbey"
5113290,66222710,"Çınarköy, Dursunbey"
5113296,66222728,"Dada, Dursunbey"
5113298,66222739,"Değirmenciler, Dursunbey"
5113301,66222761,"Delice, Dursunbey"
5113304,66222774,"Demirciler, Dursunbey"
5113306,66222787,"Dereköy, Dursunbey"
5113312,66222818,"Doğancılar, Dursunbey"
5113317,66222842,"Durabeyler, Dursunbey"
5113319,66222853,"Ericek, Dursunbey"
5113563,66225621,Child of the Sun (film)
5113881,66230518,"Gazellidere, Dursunbey"
5113882,66230531,"Göbül, Dursunbey"
5113883,66230547,"Gökçedağ, Dursunbey"
5113884,66230565,"Gökçepınar, Dursunbey"
5113887,66230583,"Gölcük, Dursunbey"
5113888,66230590,"Güğü, Dursunbey"
5113889,66230601,"Gürleyen, Dursunbey"
5113892,66230615,"Hacıahmetpınarı, Dursunbey"
5113900,66230781,"Hacılar, Dursunbey"
5113901,66230792,"Dodurga, Dursunbey"
5113904,66230800,"Hamzacık, Dursunbey"
5113905,66230806,"Hasanlar, Dursunbey"
5113906,66230819,"Hindikler, Dursunbey"
5113909,66230830,"Hondular, Dursunbey"
5113910,66230843,"Hopanlar, Dursunbey"
5113912,66230855,"İrfaniye, Dursunbey"
5113914,66230863,"İsmailler, Dursunbey"
5113916,66230877,"Karagöz, Dursunbey"
5113918,66230886,"Karakaya, Dursunbey"
5113920,66230897,"Karamanlar, Dursunbey"
5113923,66230905,"Karapınar, Dursunbey"
5113926,66230922,"Kardeşler, Dursunbey"
5113929,66230944,"Karyağmaz, Dursunbey"
5113931,66230958,"Kavacık, Dursunbey"
5113938,66231012,"Kavakköy, Dursunbey"
5113939,66231032,"Kazimiye, Dursunbey"
5113942,66231054,"Kızılcadere, Dursunbey"
5113951,66231097,"Kızılöz, Dursunbey"
5113956,66231127,"Kireç, Dursunbey"
5113960,66231145,"Kumlu, Dursunbey"
5113963,66231163,"Kurtlar, Dursunbey"
5113964,66231179,"Kuzköy, Dursunbey"
5113967,66231195,"Küçükler, Dursunbey"
5114082,66232849,"Mahmutça, Dursunbey"
5114083,66232862,"Meydançayırı, Dursunbey"
5114084,66232877,"Mıcırlar, Dursunbey"
5114085,66232886,"Naipler, Dursunbey"
5114086,66232895,"Odaköy, Dursunbey"
5114093,66232931,"Örenköy, Dursunbey"
5114096,66232939,"Poyracık, Dursunbey"
5114097,66232949,"Ramazanlar, Dursunbey"
5114099,66232958,"Resüller, Dursunbey"
5114101,66232975,"Saçayak, Dursunbey"
5114103,66232996,"Sakızköy, Dursunbey"
5114104,66233004,"Sarısipahiler, Dursunbey"
5114114,66233047,"Sebiller, Dursunbey"
5114115,66233065,"Selimağa, Dursunbey"
5114116,66233072,"Sinderler, Dursunbey"
5114117,66233078,"Süleler, Dursunbey"
5114122,66233094,"Şabanlar, Dursunbey"
5114124,66233108,"Şenköy, Dursunbey"
5114129,66233126,"Tafak, Dursunbey"
5114130,66233131,"Tepeköy, Dursunbey"
5114131,66233137,"Tezlik, Dursunbey"
5114132,66233142,"Turnacık, Dursunbey"
5114134,66233183,"Umurlar, Dursunbey"
5114138,66233235,"Veliler, Dursunbey"
5114140,66233277,"Yukarımusalar, Dursunbey"
5114141,66233341,"Yukarıyağcılar, Dursunbey"
5114143,66233412,"Yunuslar, Dursunbey"
5114295,66234956,Sunanda (singer)
5114969,66241953,Sunilaws railway station
5114971,66241975,Indiana Jones and the Rising Sun
5115144,66243704,Samsung Galaxy A12
5115274,66245564,The Spirit of Christmas: Christmas Carols Sung by The Mormon Tabernacle Choir
5115839,66251620,Archibald H. Sunderland
5116406,66257868,Suneet Sharma
5116777,66261073,Flames (Mod Sun song)
5116944,66263007,Sunday River (Osgood River tributary)
5117005,66263700,Plinia yasuniana
5117423,66268593,Kasun (name)
5117424,66268594,Kasun
5117501,66269318,Sunday Lake (Quebec)
5117523,66269527,Sunday Lake
5117588,66269979,Rosa 'Alpine Sunset'
5117758,66271933,Sunken road (disambiguation)
5117892,66273798,Sunday Morning with Charley Pride
5117896,66273848,Sun Qiaolu
5117931,66274187,Saari Sungib
5119667,66295514,Sun Princess (ship)
5121113,66314783,Xaashi Suni Fooyaan
5121721,66323824,"Aşağıyumrutaş, Ağlasun"
5121723,66323851,"Çamlıdere, Ağlasun"
5121725,66323869,"Hisarköy, Ağlasun"
5121728,66323886,"Kiprit, Ağlasun"
5121729,66323910,"Yazır, Ağlasun"
5121730,66323933,"Yumrutaş, Ağlasun"
5122143,66328928,2020–21 ASUN Conference men's basketball season
5122210,66330170,"Sunnyside, Tasmania"
5122367,66332018,Awake My Soul and with the Sun
5122641,66335709,Tsunashiki Tenjin Shrine
5122933,66339557,Sunil Roul
5123302,66343525,"Aksungur, Osmangazi"
5123998,66351666,Samsung Galaxy S21
5124472,66357663,Panusunan Pasaribu
5124492,66357964,Im Kang-sung
5124633,66360367,Dong-Sung Cho
5124648,66360541,"Sungurpaşa, İnegöl"
5125156,66367046,Tsuneonella amylolytica
5125342,66369209,Sun Chi-hsu
5125544,66372107,A Sunny Morning
5125592,66372520,2021 Sun Belt Conference Football Championship Game
5126205,66382629,Sunilsmriti Rural Municipality
5126212,66382705,Sunchhahari Rural Municipality
5126318,66383964,Samsung Galaxy SmartTag
5126455,66385857,SunVox
5126731,66389898,Shikandhini Kanagasundrem
5126955,66392760,The Sun at Midnight
5127047,66393637,"Büyükhusun, Ayvacık"
5127099,66393977,"Küçükhusun, Ayvacık"
5127324,66396352,Daughter of the Sun
5128048,66407956,V. N. Sundaram
5128657,66415037,Shyga! The Sunlight Mound
5129809,66430637,M. S. Sunil
5129834,66430946,Samsun University
5130821,66445896,Oskar Sunnefeldt
5131201,66452014,Sunday Igboho
5131996,66465413,Sunset and Sawdust
5132371,66470532,Casuntingan
5132725,66475782,Tsun-ying Wong
5132850,66477289,Sunita Singh Choken
5133546,66486669,Samsung Wave III s8600
5134229,66495865,Sunday in New York (play)
5134366,66497409,Nunatta Sunakkutaangit Museum
5135023,66506111,Chinedu Sunday Chukwu
5135531,66515221,Byeon Sung-wan
5135605,66516019,Sunland 41
5135641,66516321,Sunacovirus
5137020,66540225,Kiran Musunuru
5137082,66541006,"Aksungur, Çorum"
5137680,66549966,Mahmut Oltan Sungurlu
5137703,66550284,Old Sundanese language
5139368,66574919,ROKS Suncheon (PCC-767)
5140060,66585330,My Sunshine (song)
5140398,66589950,Aimsun
5140464,66590750,"2021 Sunrise, Florida shootout"
5142142,66617405,"The Cedars, Sunninghill"
5142541,66628720,Sundome!! Milky Way
5142692,66630278,Sunxiuqinia
5142696,66630316,Sunxiuqinia dokdonensis
5142705,66630413,Sunxiuqinia elliptica
5142713,66630515,Sunxiuqinia faeciviva
5142719,66630589,Sunxiuqinia indica
5142724,66630665,Sunxiuqinia rutila
5142855,66631929,2020–21 Arizona State Sun Devils men's ice hockey season
5142879,66632286,Sun Sumei
5143601,66644939,1888 Ritter Island eruption and tsunami
5143739,66646813,We Are Far from the Sun
5143815,66647660,"St Michael and All Angels Church, Sunninghill"
5144232,66656762,SJ Öresund
5144268,66657187,"Akçakoyunlu, Sungurlu"
5144270,66657233,"Akçalı, Sungurlu"
5144271,66657239,"Akdere, Sungurlu"
5144273,66657242,"Akpınar, Sungurlu"
5144275,66657266,"Alembeyli, Sungurlu"
5144277,66657276,"Arabaçayı, Sungurlu"
5144278,66657291,"Arıcı, Sungurlu"
5144282,66657314,"Asayiş, Sungurlu"
5144284,66657333,"Arifegazili, Sungurlu"
5144288,66657343,"Aşağıbeşpınar, Sungurlu"
5144289,66657364,"Aşağıfındıklı, Sungurlu"
5144296,66657398,"Ayağıbüyük, Sungurlu"
5144297,66657418,"Aydoğan, Sungurlu"
5144299,66657427,"Bağcılı, Sungurlu"
5144300,66657446,"Bağdatlı, Sungurlu"
5144302,66657465,"Bahşılı, Sungurlu"
5144304,66657473,"Balkaya, Sungurlu"
5144305,66657482,"Beşdam, Sungurlu"
5144307,66657496,"Beşkız, Sungurlu"
5144310,66657510,"Beylice, Sungurlu"
5144313,66657526,"Beyyurdu, Sungurlu"
5144315,66657540,"Boztepe, Sungurlu"
5144316,66657547,"Bozyayla, Sungurlu"
5144318,66657554,"Bunalan, Sungurlu"
5144320,66657569,"Büyükincesu, Sungurlu"
5144324,66657594,"Büyükpolatlı, Sungurlu"
5144343,66657864,Mikael Sundström
5144440,66658935,"Cevheri, Sungurlu"
5144443,66658944,"Çamoluk, Sungurlu"
5144444,66658962,"Çavuşçu, Sungurlu"
5144445,66658977,"Çavuşköy, Sungurlu"
5144446,66658990,"Çayan, Sungurlu"
5144450,66659018,"Çayyaka, Sungurlu"
5144452,66659035,"Çiçekli, Sungurlu"
5144454,66659045,"Çiçeklikeller, Sungurlu"
5144456,66659062,"Çiftlikköy, Sungurlu"
5144459,66659086,"Çingiller, Sungurlu"
5144461,66659098,"Çukurlu, Sungurlu"
5144462,66659114,"Çulhalı, Sungurlu"
5144463,66659131,"Dayıncık, Sungurlu"
5144466,66659183,"Demirşeyh, Sungurlu"
5144469,66659199,"Denizli, Sungurlu"
5144470,66659210,"Derekışla, Sungurlu"
5144472,66659229,"Dertli, Sungurlu"
5144474,66659262,"Ekmekçi, Sungurlu"
5144483,66659297,"Eşme, Sungurlu"
5144485,66659309,"Gafurlu, Sungurlu"
5144486,66659326,"Gökçam, Sungurlu"
5144489,66659347,"Gökçeköy, Sungurlu"
5144493,66659423,"Göller, Sungurlu"
5144495,66659441,"Güvendik, Sungurlu"
5144498,66659459,"Hacıosman, Sungurlu"
5144502,66659488,"Hilalli, Sungurlu"
5144503,66659525,"İkizli, Sungurlu"
5144506,66659591,"İmirli, Sungurlu"
5144510,66659723,"İnegazili, Sungurlu"
5144516,66659795,"Kaledere, Sungurlu"
5144518,66659853,"Kalenderoğlu, Sungurlu"
5144521,66659878,"Kamışlı, Sungurlu"
5144525,66659980,"Karacabey, Sungurlu"
5144530,66660058,"Karaçay, Sungurlu"
5144532,66660087,"Karakaya, Sungurlu"
5144533,66660105,"Karakocalı, Sungurlu"
5144538,66660201,"Karaoğlu, Sungurlu"
5144539,66660259,"Kemalli, Sungurlu"
5144542,66660271,"Kertme, Sungurlu"
5144550,66660335,"Sunshine, Ontario"
5144551,66660336,"Kırankışla, Sungurlu"
5144553,66660355,"Kışlaköy, Sungurlu"
5144554,66660376,"Kavşut, Sungurlu"
5144557,66660388,"Körkü, Sungurlu"
5144559,66660400,2018–19 Arizona State Sun Devils men's ice hockey season
5144560,66660401,"Kula, Sungurlu"
5144561,66660420,"Kurbağlı, Sungurlu"
5144562,66660488,"Kuşçalı, Sungurlu"
5144563,66660500,"Kuzucak, Sungurlu"
5144574,66660553,"Küçükpolatlı, Sungurlu"
5144576,66660576,"Küçükincesu, Sungurlu"
5144580,66660633,"Mahmatlı, Sungurlu"
5144590,66660689,"Mehmetaliçiftliği, Sungurlu"
5144591,66660705,"Mehmetbeyli, Sungurlu"
5144593,66660722,"Muratkolu, Sungurlu"
5145110,66671002,"Oğlaközü, Sungurlu"
5145111,66671012,"Ortakışla, Sungurlu"
5145113,66671028,"Ortaköy, Sungurlu"
5145114,66671041,"Oyaca, Sungurlu"
5145131,66671269,"Salmanköy, Sungurlu"
5145133,66671298,"Saraycık, Sungurlu"
5145134,66671316,"Sarıcalar, Sungurlu"
5145136,66671331,"Sarıkaya, Sungurlu"
5145137,66671345,"Şekerhacılı, Sungurlu"
5145138,66671366,"Tatlı, Sungurlu"
5145139,66671379,"Tirkeş, Sungurlu"
5145140,66671408,"Terzili, Sungurlu"
5145141,66671420,"Tokullu, Sungurlu"
5145142,66671424,"Topuz, Sungurlu"
5145143,66671442,"Tuğcu, Sungurlu"
5145144,66671463,"Turgutlu, Sungurlu"
5145146,66671471,"Tuğlu, Sungurlu"
5145149,66671490,"Türkhacılarhanı, Sungurlu"
5145150,66671507,"Üçoluk, Sungurlu"
5145152,66671534,"Yarımsöğüt, Sungurlu"
5145153,66671549,"Yenihacılarhanı, Sungurlu"
5145155,66671631,"Yeşilova, Sungurlu"
5145156,66671637,"Yeşilyurt, Sungurlu"
5145157,66671650,"Yirce, Sungurlu"
5145158,66671667,"Yorgalı, Sungurlu"
5145160,66671688,"Yörüklü, Sungurlu"
5145161,66671712,"Yukarıbeşpınar, Sungurlu"
5145246,66672903,Every Day Isn't Sunday (1935 film)
5145249,66672924,Every Day Isn't Sunday
5145361,66674910,2017–18 Arizona State Sun Devils men's ice hockey season
5145494,66677610,Every Day Isn't Sunday (1959 film)
5145508,66677839,Karabalgasun inscription
5145657,66682314,Cadogan–Sundberg indole synthesis
5145836,66685475,Namrata Sundaresan
5146053,66689516,2016–17 Arizona State Sun Devils men's ice hockey season
5146076,66689884,Sundown on Starmist
5146765,66704369,Øresundslinjen
5146921,66705845,2015–16 Arizona State Sun Devils men's ice hockey season
5147814,66718264,1674 Ambon earthquake and megatsunami
5148377,66731586,Charoenchai Sundaravadin
5148413,66731802,"Sundurlu, Çivril"
5148790,66741331,Shyam Sundar
5149790,66755176,"Tosunlar, Sarayköy"
5149792,66755189,Tosunlar
5150199,66760838,Cassandra Sundin
5150630,66766340,Olle Sundin
5150832,66768592,"Tosunlu, Kayapınar"
5150834,66768599,Tosunlu
5151519,66776593,Sunrisers Hyderabad in 2022
5151869,66780243,Easter Sunday (film)
5152770,66801439,"Town Moor, Sunderland"
5152866,66805760,Eliza R. Sunderland
5154130,66824334,"Karasungur, Çınar"
5154132,66824344,Karasungur
5155916,66846157,Kim Sun-ja
5155974,66846788,1990–91 Arizona State Sun Devils men's basketball team
5157297,66867490,2021 ASUN men's basketball tournament
5159067,66896111,Sundari (Tamil TV series)
5159508,66901430,Orion Sun
5159569,66902197,2021 Sun Belt Conference men's basketball tournament
5159615,66902977,SUNDDE
5160637,66918769,Majilpur Shyamsundar Balika Vidyalaya
5161846,66935279,"Suncuk, Düzce"
5161931,66936989,Sunday Reantaso
5162087,66938507,Monkey Sun
5162826,66950733,Com-Pac Sun Cat
5163336,66959778,Sunny Govan Radio
5164058,66976461,Tatsunori Sakurai
5164464,66980739,Yuto Matsuno
5164751,66985184,Northern Sun women's basketball tournament
5164829,66986970,2021 ASUN women's basketball tournament
5165211,66992086,Sundaresta hilaris
5166091,67007649,I Found the Sun Again
5167425,67026603,The Sun Ra Arkestra
5168760,67040521,Mother of the Sun
5168902,67041838,Aggabai Sunbai
5169232,67045718,2021 Sun Belt Conference women's basketball tournament
5169719,67050843,A Touch of the Beat Gets You Up on Your Feet Gets You Out and Then Into the Sun
5169736,67051113,Sunbury (magazine)
5170029,67054183,The Thirteenth Sun
5170343,67058215,Joseph A. Adesunloye
5171107,67067934,"Karasungur, Kovancılar"
5171563,67072338,Eom Ji-sung
5171857,67076850,Gorgeous Matsuno
5172879,67090311,Maria Assunta Chiummariello
5173170,67093089,Somewhere (Sun June album)
5173423,67096117,Christy Jusung
5173632,67098105,"Tosunlar, Çayırlı"
5173822,67099956,Tsunami (2021 film)
5174133,67103959,A Season of Sundays
5174151,67104418,Samsung Galaxy A32
5174892,67113577,Samsung Galaxy A52
5174894,67113672,Samsung Galaxy A72
5175085,67117994,Sun June
5176201,67131652,Osun Osunniyi
5176507,67135783,Puṇṇa Sunāparantaka
5176523,67136158,Sunshine Bay
5176578,67137039,Sunflower (web series)
5176777,67139625,Pt. Sundarlal Sharma
5176827,67140282,"Baştosun, Refahiye"
5177292,67146145,Heavy Sun
5178370,67159654,Sunil Mani Tiwari
5179367,67170103,"Tosunlu, Aşkale"
5179437,67170837,Whitsun Reef
5180000,67176296,Sundara Manamadhe Bharli
5180046,67176975,Hasuni Caves
5180774,67188308,"Sunday Creek, Victoria"
5182565,67212347,"Tosunlu, Karayazı"
5182928,67216959,2021 Visit Tucson Sun Cup
5183515,67223665,Sun Peiyuan
5184308,67233265,2021 Arizona State Sun Devils baseball team
5185118,67242867,"Saturday Night, Sunday Morning (Jake Bugg album)"
5185230,67243861,"Sunak, Pasinler"
5185463,67246761,Sunglasses (disambiguation)
5185476,67246940,"Sunglasses (Black Country, New Road song)"
5185712,67250063,First sunrise
5185747,67250601,Sunshine Coast Gympie Rugby League
5185812,67251521,1741 eruption of Oshima–Ōshima and the Kampo tsunami
5185822,67251639,List of Kim Il Sung's titles
5186627,67261982,2021 Arizona State Sun Devils football team
5187211,67270350,"City Hall, Sunderland"
5187245,67270580,Football Club Kiaraz Pitsunda
5187735,67277491,Sun Tan Ranch
5188229,67283971,Presunto culpable (TV series)
5188919,67292265,Kamen Rider Black Sun
5188971,67293030,Down to a Sunless Sea
5189484,67301095,Shamsun Nahar Shelley
5189522,67301337,Lee Ha-sung
5190110,67308784,Sun Xiu (Jin dynasty)
5190225,67310202,"Küçükakçaalan, Dursunbey"
5190480,67313974,"Işıklar, Dursunbey"
5190504,67314475,"Yassıören, Dursunbey"
5190554,67315211,Saphan Sung subdistrict
5190738,67317486,Sun and Moon (album)
5190821,67318453,2020–21 Arizona State Sun Devils women's basketball team
5190980,67320841,Sunü
5190981,67320862,Per Sundberg
5191120,67322895,Rahul Suntah
5191187,67323735,Japanese destroyer Kusunoki (1915)
5191419,67326710,Per Sundberg (activist)
5191503,67327739,Whitsun Reef incident
5191721,67330497,Kusunoki Masatoki
5192250,67337505,"St Benet's Church, Sunderland"
5192266,67337751,Sunil Chaturvedi
5192803,67348555,Itoshisa to Setsunasa to Kokoro Zuyosa to
5193026,67352433,2003–04 CA Osasuna season
5193043,67352570,"Rising Sun Tavern (North Haven, Connecticut)"
5193465,67358652,"Kim Jin-sung (footballer, born 1999)"
5193850,67363903,Sunil Kumar Sharma
5193872,67365123,Third Sunday of Easter
5193889,67365497,Fourth Sunday of Easter
5193963,67366540,Roshan Abeysundara
5194709,67376596,Olof Sundin
5195453,67387498,Sungai Batu
5195694,67391530,List of Arizona State Sun Devils men's basketball seasons
5195746,67392716,Queen Jangsun
5195758,67392875,Sunshine Tavern
5196614,67405246,Sofianna Sundelin
5197349,67415289,Moon Sung-wook
5197493,67417309,Twin Suns
5197706,67421089,Ode to Sunshine
5198060,67426841,"Sunset Hill (Manhasset, New York)"
5198148,67427751,Sunil Bal
5199217,67444161,Red Sunset Park
5199408,67446679,Crown Prince Sunhoe
5200392,67463390,Kasun Bodhisha
5200593,67465815,Sun Xiaocun
5200963,67470597,Sun Qimeng
5201176,67473193,Tam Sheang Tsung
5201413,67476148,Sunshower (disambiguation)
5201415,67476185,Sunset Park Material Recovery Facility
5201808,67482086,Sunendra Kumara
5201888,67483244,Sun Finance
5201959,67484548,Artificial Unintelligence: How Computers Misunderstand the World
5202349,67491036,Woman with a Sunflower
5202498,67492977,Choi Sung-eun
5202758,67496896,Mueng Sunday
5202866,67498001,Kim Ji-sung (actress)
5203289,67503054,2014 Sunshine Ladies Tour
5203290,67503058,2015 Sunshine Ladies Tour
5203291,67503061,2016 Sunshine Ladies Tour
5203292,67503062,2017 Sunshine Ladies Tour
5203295,67503068,2018 Sunshine Ladies Tour
5203296,67503071,2019 Sunshine Ladies Tour
5203297,67503073,2020 Sunshine Ladies Tour
5203298,67503078,2021 Sunshine Ladies Tour
5203395,67504506,Volcanic tsunami
5203461,67505454,Sunmok Budaebuin
5203484,67505966,Sunil Mihindukula
5203633,67508048,Cirebon Sundanese
5204161,67516312,2021 Connecticut Sun season
5204441,67520594,Royal Consort Sunbi Heo
5204716,67524223,Assunta Pieralli
5204721,67524274,List of Arizona State Sun Devils softball seasons
5204913,67526799,Baysunghur (Aq Qoyunlu)
5204983,67527459,List of Arizona State Sun Devils head softball coaches
5205017,67527987,2008 Arizona State Sun Devils softball team
5205175,67530148,Somasunadaran Skandakumar
5205335,67532460,Tsunami Warning (Japan)
5205822,67539748,Sun International Ladies Challenge
5206240,67545400,Queen Sunjeong
5206371,67547173,Kudō Suketsune
5206569,67549247,Profitable Sunrise
5207402,67557343,Richard Sunagawa
5207935,67563083,List of Sunshine Coast Lightning players
5207996,67564053,2021–22 Sunshine Tour
5208056,67564860,2014 Osun State gubernatorial election
5208213,67566566,Sunshine & Health
5208405,67568589,Sun Trapp
5208698,67572721,Candles to the Sun
5209103,67578521,Kendra Sunderland
5209393,67582670,Queen Hoesun
5209687,67586461,2021 Sunderland City Council election
5210571,67597625,Tursunay Ziyawudun
5210634,67598398,Nkechi Blessing Sunday
5210928,67602845,Sunday Jang
5210953,67603112,"Sunnyland, Illinois"
5211702,67611335,A Ray of Sun
5211881,67613243,Assunta Spina (play)
5212118,67615283,Sunny Hill Festival
5212543,67620763,Midnight Sun (musical)
5212554,67620933,Thalavai N. Sundaram
5212747,67623403,2021 Sun Belt Conference football season
5212788,67623851,"Astronomical clock, St. Nicholas Church, Stralsund"
5212809,67624080,Rajeshwari Sundaram
5213024,67626801,Sundararajan (politician)
5213231,67629365,Jagadish Chandra Barma Basunia
5214626,67645528,Ahmat Tursunjan
5214848,67648523,Sun Xiaoqian
5214979,67649776,Irene Yah-Ling Sun
5215078,67651229,Dark Sunday
5215214,67652971,Sunil Kant Munjal
5215236,67653186,Meri Awas Suno
5215294,67653714,Tatsunori Otsuka
5215328,67653962,Ante Sundaraniki
5215539,67656307,2022 Sundance Film Festival
5215616,67657083,Sun Goes Down (Lil Nas X song)
5215679,67657866,Maria Assunta Pozio
5215930,67661217,Princess Insun
5216433,67666166,Sundamomum
5216831,67670036,P. M. L. Kalyanasundaram
5216866,67670304,Godavari Sunrise Convention Center
5217288,67674571,Sunil Jain
5217388,67675530,Sun Dawu
5217951,67680957,List of tornadoes in the 1965 Palm Sunday tornado outbreak
5218966,67693830,2007 Osun State gubernatorial election
5219358,67698718,Sungai Selan
5220535,67713053,2003 Osun State gubernatorial election
5220542,67713205,2021 Suwon Samsung Bluewings season
5220715,67715377,Shamsun Nahar
5220735,67715532,Samsung Galaxy F62
5220758,67715763,1999 Osun State gubernatorial election
5220866,67716442,1991 Osun State gubernatorial election
5221012,67717710,Queen Gyeongsun
5221796,67727032,Sunday Times Rich List 2021
5222413,67734230,Queen Sundeok
5222868,67740702,Sunei Dam
5224379,67757913,Srikanth Sundararajan
5224556,67760140,Elsie Dahlberg-Sundberg
5224639,67761370,Sunny Ang
5224861,67763472,2021–22 Sunderland A.F.C. season
5225320,67768361,Sundar Clarke
5226519,67781837,Grey-chinned sunbird
5227185,67791047,Sunda bulbul
5227208,67791501,Sunshine Plaza Outlet
5227816,67798106,The Sunburnt Country
5227921,67799417,Perhat Tursun
5228153,67802147,M. M. Sundresh
5228368,67804910,Hello Sunshine
5228625,67808077,S. Sunil
5230054,67830407,Sune Waldimir
5230184,67832253,Cloudy Sunday
5230850,67842053,Hong Sung-wook
5231141,67846661,2005 Samsung/Radio Shack 500
5231202,67852240,Elapsoidea sundevallii
5231218,67852821,Sunset Hill Golf Club
5231264,67853380,Sunil Soma Peiris
5231398,67854961,Sunrise Reprise
5231521,67856385,2021–22 CA Osasuna season
5231695,67857988,List of sunshine pop artists
5232026,67862963,Tsuneonella
5232254,67865441,April 1923 Kamchatka earthquake and tsunami
5232495,67868516,Paul Sundu
5233176,67878074,The Weight of the Sunrise
5233353,67881247,Menasunkur Ainu
5233381,67881569,Sunil Shelke
5233891,67888018,Sunetta
5234015,67889731,Sung Il-ho
5234184,67892182,Sunny Patel
5235040,67904264,"Sunnybrook Colony, Montana"
5235249,67908027,The Sunrise Trail
5235305,67908749,KD Sundang (112)
5235477,67910651,Sunshine Plata Alimagno
5235800,67914074,Simon Sundström
5236457,67922483,Samsung Catalyst Fund
5237328,67932878,2021 Spring ASUN men's soccer tournament
5237539,67936415,Sunehti Kharkhari railway station
5238267,67945268,Dowager Queen Sunan
5239801,67967791,Living-Room Matsunaga-san
5239802,67967794,Tomohiko Sunako
5240018,67970521,Sunshine Slam
5240086,67971232,Sundar K. Vijayan
5240504,67976145,1970 Asunción Israeli Embassy attack
5240650,67978241,Missouri Sunshine Law
5240685,67978685,2022 Osun State gubernatorial election
5241192,67984639,2021 Sun Bowl
5241273,67985615,"Sunset Lake, New Jersey"
5241388,67986799,Race the Sun
5242158,67996016,Cynthia Sung
5242229,67997229,Mothering Sunday (novel)
5242893,68006124,Sunil Jaglan
5243357,68012005,Sunbury Cemetery
5243373,68012176,1979–80 Arizona State Sun Devils men's basketball team
5243463,68013069,Sun Jinfang
5243639,68015780,Samsung Galaxy A02
5243696,68016588,Dursun Özbek
5244280,68024539,Balasundra Vajravelu
5244346,68025502,Samsung Galaxy A02s
5244646,68029066,"Sunrise, Okmulgee County, Oklahoma"
5244651,68029104,"Sunrise, Okfuskee County, Oklahoma"
5245763,68042917,Sun Zhen (field hockey)
5245876,68044411,Taroh Matsuno
5246071,68046875,Rising Sun (Conroy novel)
5246412,68050827,Queen Sinmyeongsunseong
5246646,68054091,TransUnion LLC v. Ramirez
5247918,68069906,Hidden Disabilities Sunflower
5247920,68069921,Tsuneari Yahiro
5248810,68082792,Sunshine Mountain
5248900,68087231,Following the Sun (Super-Hi and Neeka song)
5248932,68087711,Kansas City Sun
5249047,68089217,Aura (King Sunny Adé album)
5249103,68089884,Jennifer Sung
5251146,68130644,List of cities in Europe by sunshine duration
5251397,68135825,Fırat Sunel
5251663,68139817,Sundaya
5252127,68154191,Kampong Sungai Besar
5252319,68157491,Sundari
5252431,68162847,Sunday Lecture Society
5252636,68165678,George Sunga
5253466,68177763,Brebes Sundanese
5253629,68179564,Ho Chin-sung
5254045,68185739,Park Ji-sung (singer)
5254425,68190912,Elize Matsunaga: Once Upon a Crime
5254714,68194244,Tanzeem ul Madaris Ahle Sunnat
5254883,68195860,ROKS Suncheon
5255935,68207026,Angry Sun
5256231,68210226,ROKS Yu Gwan-sun (SS-078)
5256556,68214075,2011 Arizona State Sun Devils softball team
5257199,68221882,1980–81 Arizona State Sun Devils men's basketball team
5257201,68221903,Sunnyview Hospital and Rehabilitation Center (Schenectady)
5257229,68222279,2015–16 CA Osasuna season
5257795,68229396,Nothing but the Sun
5257971,68232449,2019 Nigerian Senate elections in Osun State
5258204,68235109,Lalitham Sundaram
5258812,68244060,Tsunami (Annalisa song)
5258929,68245611,Pumpkinseed x bluegill sunfish
5258948,68245759,Eyo Ating Osung
5258950,68245775,Eyo Esio Usung
5258957,68245830,Eyosio-Osung
5258963,68245873,Usung
5258983,68245947,Eyobisung
5258989,68245981,Eyo Esio Osung
5258993,68246000,Eyo Ating-Osung
5259287,68250232,"Sundance, New Mexico"
5259849,68256490,Bosun Lawal
5260323,68261505,Tsunoshima Bridge
5260350,68261897,Hwang Sun-woo
5260426,68263150,Sungai Punggor
5260497,68264093,Sungai Kluang
5261774,68280253,"Sunlit Hills, New Mexico"
5262289,68287641,Sunil Chandran
5262545,68290428,2021–22 Phoenix Suns season
5264030,68308632,Kim Jo-sun (politician)
5264150,68310254,Florida Sunshine Law
5264526,68313178,Sanjar Tursunov (boxer)
5264711,68315319,Cho Sung-jae
5265030,68318687,Mitsunori Konnai
5265155,68319666,Lee Sung-ho
5265293,68320828,Berliner Anweisungen
5265731,68325410,Patrick Sunderman
5265843,68326622,Saroj Thanasunti
5265913,68327161,Sundown (2021 film)
5266064,68329338,Effiong Nsungusi
5266106,68329771,Sunda scimitar babbler
5266277,68331227,Tord Sundén
5266308,68331760,Sun Hongyi
5266730,68336474,Kampong Sungai Lampai
5266741,68336633,Kampong Sungai Matan
5266894,68338436,Samsung Galaxy A22 5G
5267162,68341979,Kampong Sungai Belukut
5267396,68345080,Sun Xiaobin
5267438,68345560,Sun Guan'ou
5267936,68350859,Mamelodi Sundowns Ladies F.C.
5268064,68352402,Sun Qinhan
5268186,68353442,Sunisa
5268202,68353583,"Sun Rui (footballer, born 1999)"
5268231,68353861,Sun Xipeng
5268488,68356633,List of Samsung tablets
5268872,68361624,Sunil Dutti
5268918,68362347,Tursunoy Rakhimova
5269055,68363689,Samsung Galaxy Z Fold 3
5269364,68367358,Sun Jiajun (swimmer)
5270389,68378264,Sunesson
5270412,68378401,Sun Huadong
5270436,68378567,Chak Sunda
5270826,68382665,Where the Sun Never Shines
5270946,68384285,Samsung Galaxy Tab A7
5270990,68384698,Tomomitsu Matsunaga
5271602,68391753,Sundasciurus robinsoni
5272126,68397924,Sunny Buick
5272558,68403048,Sunny Valley Preserve
5273247,68410404,Leandro Usuna
5273480,68412739,Dosunmu (surname)
5274001,68418253,Something New Under the Sun
5274257,68421232,Sune Karlsson
5274565,68424339,W. H. de S. Jayasundara
5274685,68425374,Sunil Kumar
5274698,68425561,Asunción Escalada
5275365,68432128,Alison Sunee
5275562,68434414,Sunlight Creek Bridge
5275648,68435378,Sundås battery
5275689,68436125,Misunderstood (Youngn Lipz song)
5275702,68436279,Padma Rao Sundarji
5275839,68438088,Sunlight Creek
5275975,68439612,Tunbosun Aiyedehin
5276393,68444201,Samsung Galaxy A10e
5276461,68445197,Sunil Kumar Sinha
5276778,68448404,2021–22 Arizona State Sun Devils men's basketball team
5277344,68454018,Samsung Galaxy Z Flip 3
5277650,68456857,Borderline (Sunmi song)
5277755,68458847,Francis Busungu
5277866,68460004,Sun Rui (singer)
5278211,68465047,Al Sunbula Stadium
5278234,68465322,The Sunny South (play)
5278306,68466542,Not the Sunscreen Song
5278420,68467834,Krešimir Sunara
5278453,68468030,Eyo-Esang-Obisung
5278466,68468108,Udung Obisung
5279138,68475459,A Place Under the Sun
5279193,68475983,2015 Nigerian Senate elections in Osun State
5279223,68476251,Sunshine Harbor
5279437,68478523,Valley of the Sun Stage Race
5279633,68480329,2021–22 Arizona State Sun Devils men's ice hockey season
5279651,68480457,2011 Nigerian Senate elections in Osun State
5279785,68481829,Tony Sund
5279993,68483909,Sunny King Criterium
5282948,68517009,Samsung Galaxy Watch 4
5283460,68523784,Coverage of the Hillsborough disaster by The Sun
5283932,68528898,2007 Nigerian Senate elections in Osun State
5285008,68540572,2003 Nigerian Senate elections in Osun State
5285093,68542205,Sunnagyn Range
5285239,68543517,1999 Nigerian Senate elections in Osun State
5285875,68551161,Sun Guoliang
5286226,68555630,1944 Fairfield-Suisun Army Air Base Skymasters football team
5286298,68556210,List of Sunrisers women's cricketers
5286334,68556555,1992 Nigerian Senate elections in Osun State
5286570,68559325,T. B. Jayasundera
5286846,68562065,Sun Dong (footballer)
5286953,68563592,Phaenomerus sundevalli
5287179,68566781,1999–2000 CA Osasuna season
5287251,68567811,ROKS Sung In Bong
5287268,68567985,Shasta Sunset Dinner Train
5287362,68569031,Marvel's Midnight Suns
5288446,68581789,Masunobu Yoshimura
5288513,68582675,Leslee Jesunathan
5288543,68582976,Sunshine (Liam Payne song)
5288656,68584214,Jamaa' Ahlus Sunnah Bahamas Mosque
5288824,68586183,Sunnyside (Luss)
5289170,68589400,Sundial Humor Magazine
5290095,68599425,Sunghoo Park
5290783,68608620,Evgenii Torsunov
5290842,68609596,Tursun
5291105,68613594,"Sunbrook, Pennsylvania"
5291445,68617386,Sun Bianbian
5291511,68618246,Saturday Night and Sunday Morning (disambiguation)
5292997,68635890,Nitta Tadatsune
5293052,68636447,2020 Sunrisers (women's cricket) season
5293251,68638941,Weave Me the Sunshine
5293705,68644072,Samsung Galaxy F52 5G
5293985,68647707,"Kim Jin-sung (footballer, born 1997)"
5294020,68648198,Koji Masunari
5295174,68663037,Sunday league football in England
5295481,68667937,Resunga Airport
5295801,68672485,Killing a Mouse on Sunday
5295849,68672863,Yuven Sundaramoorthy
5296001,68675089,Sunshine Reggae
5296218,68677838,Petri Tsutsunen
5297543,68693732,Sunil Roshan Appuhamy
5297727,68695862,Eclipse of the Sun (Grosz)
5298155,68701039,Eclipse of the Sun (disambiguation)
5298506,68705110,Metropolitan Hospital Sunday Fund
5298516,68705233,2022 Suncorp Super Netball season
5299206,68714707,Param Sundari
5299508,68718045,Luther: The Fallen Sun
5300085,68726527,Chi Kwang Sunim
5300593,68732596,Sunder Sham Arora
5300671,68733572,Sunshine Coast Wanderers FC
5300875,68736826,Sun Fengchun
5301017,68738735,Lisa Naalsund
5301142,68740221,"Sunset Colony, South Dakota"
5301901,68749955,Sunset and Sunrise (film)
5302159,68755966,Sun Yueyang
5302167,68756021,Sunday Adetunji
5302497,68759263,"Santa Maria Assunta, Randazzo"
5302760,68762866,Sundarti Supriyanto
5302797,68763182,Pendellösung
5303515,68770985,Sunny (2021 film)
5303533,68771228,Tursunkhon Solieva
5303888,68775469,Trippin' on Sunshine
5305069,68791632,Shyam Sundar Hembram
5306513,68810956,Columbia University sundial
5307046,68816677,"Chiesa Madre Maria Santissima Assunta, Adrano"
5307198,68818382,E. Sundaramoorthy
5307669,68823589,YSR Sunna Vaddi
5308370,68832625,Heo Sung-tae
5308421,68833470,Sunrise Tells the Story
5308592,68836115,"Un ""Sung Stories"""
5308646,68837056,Trine Lise Sundnes
5308867,68839261,"Sunrise Shores, Texas"
5309336,68845696,Anila Sunder
5309835,68852962,Sun Cong
5310191,68856709,Sunday reading periodical
5310425,68859891,Non Sung railway station
5311608,68873194,Sundanese numerals
5311703,68874922,Another Sunny Day (film)
5311827,68876359,Sun Jinsheng
5312613,68887812,Samsung Galaxy M52 5G
5313257,68896462,Niki Mitsunaga
5313699,68903782,The Hyena's Sun
5313732,68904135,Matsunaga Teitoku
5314754,68918340,Around the Sun (audio drama)
5314905,68921100,Parur Sundaram Iyer
5315588,68937465,Chancellorship of Rishi Sunak
5315689,68938451,2021 Sunrisers (women's cricket) season
5316050,68950694,Meenakshi Sundareshwar
5316124,68951717,Sunshine Barry & The Disco Worms
5316547,68959029,Lakshmi Sundaram
5316559,68959170,Heidi Sundblad-Halme
5316796,68971709,Karoline Rose SUN
5317875,69001625,Yoshikazu Sunako
5317991,69003108,Sudhamek Agung Waspodo Sunyoto
5318899,69021537,2020 Sunoco 159
5319067,69024423,Sun Marathi
5319314,69027881,Lapsunj
5319823,69037580,2020 Drydene 200 (Sunday)
5319913,69038996,M. M. Sundaram
5320623,69048395,Sunday at Home
5321513,69060976,Hasifah Nassuna
5321777,69065058,Sungi Mlengeya
5323058,69082225,The Sunday Magazine (magazine)
5323065,69082265,Sunday magazine (disambiguation)
5324046,69094339,Suntinorexton
5324536,69099847,Samsung TV Plus
5324619,69102380,Sakenobe Hidetsuna
5324874,69106085,2019 Nigerian House of Representatives elections in Osun State
5325774,69118116,Enid Sung
5326008,69121354,"Sunland Estates, Washington"
5326069,69121967,Sunarjo Kolopaking
5326259,69123851,Tartan Army Sunshine Appeal
5326499,69126480,Fern Blodgett Sunde
5326657,69128487,1969 New South Wales Sunday trading referendum
5327387,69137531,Sune Zetterberg
5327755,69142374,Ōuchi Sadatsuna
5327916,69144906,Tsung Yuen Ha
5328570,69153259,Filiph Engsund
5328776,69155879,Kamotaketsunumi no Mikoto
5328874,69157131,Samsung Galaxy Tab S8
5328971,69158160,Fuka Tsunoda
5329026,69158879,2021–22 Taichung Wagor Suns season
5329282,69161621,Sven-Erik Sundberg
5330239,69175590,Kanshikan Tsunemori Akane
5331126,69186762,It's Always Sunny in Philadelphia (season 15)
5331216,69188018,"Green Grids Initiative — One Sun, One World, One Grid"
5332555,69204028,Sung Ho-yeung
5332840,69207726,Meenakshi Sundareshwar (soundtrack)
5332989,69209704,Shobhanasundari Mukhopadhyay
5334944,69236264,Makuharitoyosuna Station
5335616,69245868,Taichung Suns
5335992,69251264,Sunshine (OneRepublic song)
5337637,69272710,Sunken Fossil World
5337740,69274242,Sunderabad railway station
5337876,69275529,Sunday Mbang
5338554,69285229,Shyam Sunder Jyani
5339081,69293933,2021 NAPA Auto Parts 150 presented by Sunrise Ford
5339158,69295376,Zung Wei-tsung
5340326,69312352,Willy Sundblad
5341825,69332752,Samsung Galaxy A13
5341826,69332754,Samsung Galaxy A23
5342772,69346531,Kusunoki Masasue
5342902,69349461,Sundaram Nainar Sundaram
5343160,69352850,Jorge Insunza Gregorio de Las Heras
5343202,69353681,Invisible Sun (role-playing game)
5343507,69357901,Pak Yong-sun (politician)
5343565,69358881,Kaihō Tsunachika
5343714,69361496,Invisible Sun (disambiguation)
5343819,69363133,Vilde Hasund
5343943,69365465,Suna no Utsuwa (novel)
5343946,69365504,Sun City Stadium
5343985,69366075,Park Yeong-sun
5343995,69366393,Mako Kamitsuna
5344102,69367766,She Who Became the Sun
5344258,69370488,Sun Palace
5345691,69389184,Sunwoo Jin
5345778,69390480,Samsung Galaxy A03
5346491,69400389,Cho Sung-hoon (footballer)
5346704,69402899,2021 ASUN women's soccer tournament
5347811,69418666,Hong Sung-woo
5347824,69418842,The Fifth Sun (TV series)
5348759,69431470,Sunil Kumar (born 1988)
5349080,69434690,Assunta Galeone
5349344,69437890,B. M. Sundaravadanan
5350792,69458969,2022 Sun Belt Conference Football Championship Game
5351050,69462835,Asun Martínez
5351571,69470713,Msunduzi Local Municipality elections
5351704,69472498,Sunchon tunnel massacre
5352454,69482619,Sun & Moon (Above & Beyond song)
5353221,69492235,2004 Samsung/Radio Shack 500
5354488,69508233,The Sun's Burial
5354619,69510198,Sun on Sand
5355329,69519546,Sunshine Sykes
5355612,69523594,Dante Alinsunurin
5355904,69527370,Tursunoy Jabborova
5356171,69530816,Midnight Sun Mosque
5356701,69536469,1964 Arizona State Sun Devils baseball team
5357480,69547026,1999 Sunda Strait earthquake
5358768,69562144,"Sundampatti, Krishnagiri district"
5358878,69563387,Fireflies in the Sun
5359045,69565315,Lord Duncan (1798 Sunderland ship)
5359499,69572284,"St. Antony's Church, Sundampatti"
5360034,69578275,Sunset (Rylov painting)
5360696,69588289,Sunnybrae Cottage
5360729,69590202,Endo and Kobayashi Live! The Latest on Tsundere Villainess Lieselotte
5361394,69599298,Sunset Over Soho
5361687,69602969,Kang Sun-il
5361720,69603330,Sunds
5361755,69603829,Han Sun-il
5362301,69610931,2022 Sunshine Ladies Tour
5362350,69611522,Sim Sung-chol
5363076,69620166,Sunny Murray (album)
5363324,69623064,2022 Arizona State Sun Devils football team
5363429,69624192,Pasundan derby
5364224,69634882,2021–22 ASUN Conference men's basketball season
5364332,69636008,"Sun, Moon and Morning Star"
5364736,69640951,"Govt. Sundarban Adarsha College, Khulna"
5365476,69650397,2022 Connecticut Sun season
5365914,69655399,Sun Wei (born 1961)
5365939,69655668,2022 Suwon Samsung Bluewings season
5366239,69659626,Sunday Morning Music
5366433,69662500,Samsung Galaxy A30s
5366585,69664772,Kosundi Union
5366612,69665125,La Roy Sunderland
5366969,69669426,2019 Osun State House of Assembly election
5367459,69677028,Otonari Fukuoka Suns
5367810,69681546,2019 Sudamérica Rugby Women's Sevens (Asunción)
5368066,69685450,1975 Arizona State Sun Devils baseball team
5368177,69687002,Samsung Galaxy A33 5G
5368178,69687005,Samsung Galaxy A53 5G
5368179,69687009,Samsung Galaxy A73 5G
5368371,69689928,Sunday of Miracles
5369283,69703247,Yahya Sunbul
5369414,69704552,Samsung Galaxy M32
5369772,69710380,2021 Sunwing Airlines party incident
5369819,69710922,Samsung Galaxy A82 5G
5369878,69711633,Shyam Sunder Paliwal
5370261,69716901,Sunny (novel)
5370362,69718059,Samsung Galaxy Tab A8
5370607,69720714,Sunny Jim Hamilton
5370770,69723613,Sunset Song (TV series)
5370959,69726563,Sunset Song (disambiguation)
5371044,69728166,Tsunoda Tadayuki
5371317,69732140,Here Comes the Sun (Dennis-Benn novel)
5371514,69737049,Marquess of Sunan
5371522,69737176,JT Sundling
5371541,69737384,Mitsunori Takaboshi
5371666,69739563,Sunny Tan
5371804,69742196,Tsunami advisory
5372123,69746606,Sunjay Sudhir
5372186,69747824,Eliaser Sunur
5372848,69762656,Sunion
5372986,69775913,2021 Sun Belt Conference women's soccer tournament
5373260,69781032,2003 Samsung/RadioShack 500
5373281,69781683,2022 Hunga Tonga–Hunga Haʻapai eruption and tsunami
5373309,69782189,Sun Bigan
5373349,69782907,Shanmughasundaram Mohan
5373692,69790139,Golden sun of La Tolita
5373958,69794556,2014 Judo Grand Prix Samsun
5374119,69797035,Ryōsuke Yasunami
5374633,69804167,2013 Judo Grand Prix Samsun
5374978,69809164,Samsung Galaxy F42 5G
5376691,69835858,Sundarpur-Durgapur Union
5376792,69837305,Royal Consort Wonsun Suk-Bi
5376972,69840345,Sunlit Chemical
5377002,69841123,Al Sund
5377119,69842750,Sunita Sarawagi
5377436,69847349,Sunshine (Sunny Murray album)
5377857,69855349,1871 Ruang eruption and tsunami
5378166,69859114,1976 Arizona State Sun Devils baseball team
5378334,69861680,Tursunovo Brdo
5378622,69866800,Sundarban Gas Company Limited
5380477,69901305,2021 ASUN men's soccer tournament
5380614,69903176,Lenny Sund
5380675,69904349,The Sun Is Also a Star (novel)
5380870,69907539,Suneera Sumanga Dias
5381043,69909991,Daniel Sunderland
5381126,69910861,Arabian sunbird
5381479,69915170,Sunda zebra finch
5382123,69937770,Murata Tsuneyoshi
5383029,69958591,S. S. Abeysundara
5383212,69961498,Sunshine State Conference women's basketball tournament
5383359,69963671,Anopheles sundaicus
5383502,69965353,Big Chief (Sunny Murray album)
5383784,69969378,Samsung Galaxy Xcover 5
5384180,69975779,Sunday Sermons
5384441,69980355,Ham Sung-min
5384629,69983321,Distant Sun (disambiguation)
5384894,69987160,Shin Ki-sung
5385404,69993982,Özlem Ceren Dursun
5385524,69995103,Jan Sundell
5385772,69997473,"Chiesa dell'Assunta, Palermo"
5386238,70003674,SungBeats
5387013,70013728,Sunny (upcoming TV series)
5387486,70021139,A Thousand Splendid Suns (opera)
5387787,70026051,Sun Kauo-hwa
5387811,70026450,K.R.Sunil
5387912,70028351,Samsung Galaxy S22
5388526,70037203,Anders Sunna
5388969,70045384,Sun Long (speed skater)
5390037,70059657,Peter Mendelsund
5390096,70060462,Sunny Bank Mills
5390421,70064315,Sundi
5390693,70069050,Samsung Galaxy Tab S6
5391364,70079911,Supasundae
5391412,70080612,2022 Sun Belt Conference men's basketball tournament
5391593,70082849,2022 ASUN men's basketball tournament
5391903,70087847,Jung Moon-sung
5392283,70093685,Samsung Galaxy Xcover FieldPro
5392319,70094443,Samsung Galaxy Z Fold 4
5393011,70105487,KITSUNE
5393168,70108067,Susanna-Assunta Sansone
5393525,70113034,Oriola Sunday
5393656,70114511,Tsung-Yeh Arts and Cultural Center
5393767,70115989,Arizona State Sun Devils men's ice hockey statistical leaders
5394594,70126315,Haugaland og Sunnhordland District Court
5394988,70132578,2022 Arizona State Sun Devils baseball team
5395270,70136974,Lee Sung-wook
5395592,70142435,Sunduki
5395892,70147280,Gravestone of Mir Mohsun Navvab
5396211,70152563,Sun Room
5396448,70156303,Inna Sovsun
5397359,70170341,Statue of Sun Yat-sen (Melbourne)
5397366,70170437,Sun Won't Shine
5397443,70171278,Tsunakigawa Dam
5397453,70171384,Samsung Galaxy Book Pro
5398007,70178875,Tō Tsuneyori
5398073,70180397,Futatsuno Dam
5398465,70186048,Let the Sun Shine Again
5399384,70201619,2022 Arizona State Sun Devils softball team
5399565,70205201,Persikota Sungai Penuh
5399734,70207832,2022 ASUN women's basketball tournament
5399785,70208693,2022 Sun Belt Conference women's basketball tournament
5400500,70220591,2002 Samsung/RadioShack 500
5400803,70224579,Sunobinop
5401286,70232336,Kisungule
5402231,70241534,Samsung Galaxy M23 5G
5402238,70241587,Samsung Galaxy M22
5402260,70241946,Sunday's River Valley Local Municipality elections
5403192,70254017,HMS Sun Prize (1704)
5403199,70254114,Statue of Sun Yat-sen (Seattle)
5403460,70258050,Koç University Suna Kıraç Library
5403569,70259435,Siti Sukaptinah Sunaryo Mangunpuspito
5403943,70263630,Lee Shih-tsung
5404842,70277131,Sun Yulong
5405292,70283465,Sun Qi
5405349,70284302,Following the Sun
5405855,70291268,Sunuka
5405892,70292053,Church of Nossa Senhora da Assunção (Cascais)
5406419,70297991,Samsung Galaxy M53 5G
5407251,70309536,Port Sunlight F.C.
5407720,70315367,Korede Osundina
5407789,70316386,Usunaka Dam
5408115,70320870,2022 Sun Belt Conference football season
5408447,70325921,Wha's Nine: Live at the Sunset
5408679,70328540,2022 Sun Belt Conference baseball tournament
5409085,70334480,Around the Sun (disambiguation)
5409634,70342125,2021–22 Arizona State Sun Devils women's basketball team
5409666,70342509,Utsunomiya Futarayama Shrine
5409811,70344547,Kwok Wing Sun
5411468,70365570,Tallavajjala Sundaram
5411860,70372152,1983 Arizona State Sun Devils baseball team
5412531,70382432,Sung Noen railway station
5412859,70386385,Tursunoy Akhunova
5413299,70392107,Sunniva Skoglund
5413379,70393176,2022–23 Arizona State Sun Devils men's basketball team
5413692,70397401,Sunshine (Latto song)
5414172,70403625,Ubusunayama Kofun
5414237,70404533,Sunday Afolabi (footballer)
5414250,70404668,"Spark M. Matsunaga Hydrogen Research, Development, and Demonstration Act of 1990"
5415849,70426256,Sunroom Nite
5416654,70437407,Madrasat al-Alsun
5416897,70440831,Anatoly Lesun
5417111,70443958,Sundalema
5417148,70444468,Narsunda River
5417280,70446087,Sa Susunod na Habang Buhay
5417465,70448753,"White v. Samsung Electronics America, Inc."
5417662,70451148,Sunawar Sukowati
5417670,70451217,Takenouchi Yasunori
5418087,70455995,Shyam Sundar (film)
5418231,70457596,Sunanda Sanyal
5418746,70463391,A New Sun Rises Over the Old Land
5418906,70465265,Cho Sung-won
5418965,70465952,Sun City Live Theatre
5420228,70483534,2022 Sun Belt Conference men's soccer season
5420421,70486076,Oh Sun-jin
5420456,70486453,Kang Jin-sung
5421099,70494256,Sunakozawa Dam
5421204,70495536,Killing of Nasiari Sunee
5421304,70496709,Sundial Lodge
5421347,70497245,Samsung HomeSync
5421793,70502942,1984 Arizona State Sun Devils baseball team
5422731,70514697,Sungkyunkwania
5423315,70523336,Tone Hellesund
5423664,70528924,Sons of the Sun
5424143,70535221,MLB Sunday Leadoff
5424457,70540131,"Homework (Sunny Murray, Bob Dickie, and Robert Andreano album)"
5424551,70541480,Sunburst (Loudness album)
5424558,70541565,Sunshine Noodles
5425061,70547582,2022 Sunderland City Council election
5425751,70556470,Tsung Yeh
5426035,70559859,2023 Suncorp Super Netball season
5426253,70562325,Yun Ah-sun
5426650,70568209,2006–07 CA Osasuna season
5426743,70569328,Sunshower (Larry Willis album)
5426819,70570313,G. W. Sundmans
5427017,70572823,Samsung Galaxy M33 5G
5428247,70592129,Brian the Sun
5428283,70592459,Elena Tsunaeva
5428675,70597772,Sunside Acquisitions Limited
5428678,70597787,Ceyda Sungur
5428715,70598138,Mosunetuzumab
5428850,70599809,Touched by the Sun: My Friendship with Jackie
5429140,70605091,Sunishma Singh
5429754,70619630,1987 Arizona State Sun Devils baseball team
5430462,70632095,China Suntien Green Energy
5430579,70633676,Yu Tsune-chi
5431098,70641906,Kazusa Hirotsune
5431819,70652752,Sunil Kumar Singh (Bihar politician)
5431877,70653621,2022–23 Sunshine Tour
5432464,70663682,Live at Glenn Miller Café (Arthur Doyle and Sunny Murray album)
5432688,70666958,Kim Sung-bum (actor)
5433282,70677541,K. Sivagama Sundari
5433368,70678451,Sunny Hinduja
5433851,70685355,S. Sundararajan
5433993,70687382,Ngosa Sunzu
5434516,70694566,Island of the Sun
5435204,70704896,1993 Arizona State Sun Devils baseball team
5435267,70705748,Omnia sunt communia
5435414,70707598,I Hear the Sunspot
5435459,70708094,40 Watt Sun
5435724,70711708,Ålesund-class destroyer
5435819,70713158,Goncagül Sunar
5436339,70720667,Sunqur al-Ashqar
5436474,70722359,Nansunzhuang station
5436635,70725581,...But For the Sun
5436827,70729015,Consort Sun
5437212,70733954,2022 ASUN Conference baseball tournament
5437458,70736971,Kukusunda
5437664,70740087,Sunda Empire
5438434,70752151,Sunday Onuoha
5438569,70754403,Samsung Galaxy Xcover Pro
5438995,70764331,Trams in Asunción
5438997,70764363,Smilla Sundell
5439273,70769186,Sun Hur
5439317,70769661,Sunny Low
5439829,70777472,Super Bowl Sunday (disambiguation)
5440003,70779704,Lulu Sun
5440440,70785213,Lee Tsung-hsiao
5440693,70794048,Sun and Moon (Anees song)
5440749,70794636,Kim Ji-sung
5441081,70799052,TeraSun Energy Solar Power Station
5441348,70802359,Chicken Every Sunday (novel)
5441390,70802947,Lisa Grow Sun
5442550,70819824,Sun Insurance
5443010,70826289,Sunday Times Rich List 2022
5443145,70827812,Face the Sun
5443565,70833291,Kuydusun (river)
5443575,70833406,Korsun (surname)
5443806,70835939,1994 Arizona State Sun Devils baseball team
5443966,70837677,Desert Sunrise High School
5444079,70839674,2022–23 Sunderland A.F.C. season
5444534,70850318,Korsun Pocket: Little Stalingrad on the Dnepr
5444553,70850736,Aftersun
5445285,70861440,Hamroqul Tursunqulov
5445905,70870446,Road to the Sun (album)
5447031,70887148,Sunit Kumar Singh
5447208,70888565,Mann Sundar
5447210,70888571,Samsung Galaxy M13
5447668,70893905,Sunbury-York South
5447806,70895914,Villy Sundström
5447857,70896422,Sonic Liberation Front Meets Sunny Murray
5448057,70902066,Blues at Sunrise
5448064,70902945,Capture the Sun
5448216,70905446,Hugo Sundstedt
5448376,70907502,Sun Zhiqiang
5449174,70919363,Mitsunari Okamoto
5449178,70919393,Mitsunari
5449293,70921325,Choi Woo-sung
5449318,70921735,Sundari (Malayalam TV series)
5449329,70921897,Turn Up the Sunshine
5449486,70924280,Sunita Dangol
5450291,70935037,Sun Guoxiang
5450372,70936067,Osun Health Insurance Scheme
5450524,70938270,Sunshine Holdings
5450569,70938740,Sunlight Sena
5450639,70939461,Samsung Galaxy A10s
5450757,70941462,Open ITF Arcadis Brezo Osuna
5451968,70955763,2022 Open ITF Arcadis Brezo Osuna
5452567,70964750,Sunil Bajpai
5453810,70978322,"Korsun, Donetsk Oblast"
5454010,70980709,Empress Sunmok
5454399,70985630,Bhuwan Bahadur Sunar
5454412,70985761,Morton Sundour
5454497,70986859,Narcissus 'Sun Disc'
5454569,70987816,2022 Open ITF Arcadis Brezo Osuna – Singles
5454627,70988531,2022 Open ITF Arcadis Brezo Osuna – Doubles
5455636,71000671,Yamata Amasung Keibu Keioiba
5456022,71007498,The Midnight Sun (1943 film)
5456586,71018506,Sunsundegui
5456775,71026647,Kim Hak-sun (actor)
5457532,71040854,Sunday Manara
5457754,71049626,Tsunokawa Dam
5458787,71069315,2022–23 Phoenix Suns season
5459249,71079433,Church Nuestra Señora de la Asunción of Cayey
5459268,71079660,2022–23 Taichung Suns season
5459310,71080137,Samsung Galaxy F13
5460270,71099686,Samsung Wallet
5460463,71106949,Mikel Aranburu Urtasun
5460691,71110124,Sheraton Hotel Samsun
5460805,71113710,Piazza Samsun
5461077,71119717,Samsun Saathane Square
5461097,71119930,Samsun Clock Tower
5461161,71120675,Crime in the Sun
5461599,71134076,Singhari Shyamsundar Kar
5461684,71135224,Hitachi Sundiva
5461733,71136037,Central Great Mosque (Samsun)
5461747,71136267,Hüseyin Sungur
5461915,71139708,List of Taichung Suns head coaches
5461956,71140352,Taichung Suns all-time roster
5462073,71142046,2022–23 CA Osasuna season
5462432,71152348,Kim Young-sun (actress)
5462489,71153098,Sunroof (song)
5463409,71175156,Sunia Turuva
5463412,71175183,Samsung Galaxy F23 5G
5465795,71215031,Sunil Wijesiriwardena
5466393,71223499,ASUN Conference softball tournament
5466451,71224320,Bloody Sunday
5466618,71226255,Sun over Sweden
5466647,71226777,Sun over Denmark
5467171,71235228,Sunshine (1948 film)
5467436,71239242,Asunder (Terriers)
5467729,71243931,Matsunaga Tameike Dam
5468826,71258398,Sunzhensky otdel
5468827,71258399,Sunshine City (TV series)
5468981,71260047,Samsung T9000
5469548,71266418,Sign of the Sun
5470236,71275806,Sunset Boulevard Bridge
5470438,71278887,Morning Sun/Harvest Moon
5471518,71293699,Sunita Viswanath
5472257,71305940,"Sunlight Chambers, Dublin"
5472500,71308826,"Sunlight Chambers, Newcastle"
5473131,71316600,Sunpura
5473167,71317078,Sin Sun-seong
5473331,71319015,The Beautiful Palace East of the Sun and North of the Earth
5474156,71335645,Sunrise on Slaughter Beach
5474429,71342006,Samsung Galaxy Watch 5
5474450,71342600,Nishisatsunai Dam
5474900,71350114,Daily Dose of Sunshine
5474951,71350917,Mr. Sun
5474970,71351010,Satsunaigawa Dam
5475321,71356618,Sunday Emmanuel
5475377,71357094,A Night of Love by the Öresund
5476324,71372482,Yi Sun-sin trilogy
5476530,71375002,Samastha Kerala Jem-iyyathul Ulama (of EK Sunnis)
5476655,71376902,Suntok sa Buwan
5476876,71379379,Middelgrunden (Øresund)
5477140,71382066,Sunny Choi
5477523,71386836,Sun (comics)
5478147,71394858,Tsunatori Dam
5478381,71397935,The Golden Hour: Under the Orange Sun
5478665,71402030,Kutsumi Tsuneo
5480214,71424652,Sunil Bhaskaran
5480245,71424956,Sundarijal Small Hydropower Station
5480962,71434601,Sundarbans district
5481310,71439186,Suno Dam
5481514,71441893,Park Sung-yeon
5481522,71441997,List of American network TV Sunday morning talk shows
5482415,71454306,Utsunomiya Light Rail
5482555,71455891,Auh June-sun
5483530,71469064,Sunil Reddy
5483910,71474025,Coptic Orthodox Sunday School Movement
5484944,71488541,"Sunt celebru, scoate-mă de aici! (season 2)"
5485295,71493398,Samsung Galaxy Z Flip 4
5485818,71500420,Sunshine Day (Glaubitz & Roc song)
5486377,71508136,Touch the Sun (song)
5486799,71514253,ASUN Conference Men's Basketball Coach of the Year
5487868,71528352,Sunanda Rajendra Pawar
5487875,71528395,Lee Sung-il
5488347,71535858,2022 Sunoco Go Rewards 200 at The Glen
5488941,71543643,Red Sun - People's Movement
5489726,71556237,Sunday in Heaven
5490028,71560434,2022–23 Arizona State Sun Devils men's ice hockey season
5490199,71562645,Sudhira Sundari Devi
5490207,71562740,The Brothers Sun
5490386,71564866,Sundstrand
5490884,71570703,Sunesen
5491080,71573689,Utsunomiya Line (disambiguation)
5491309,71577088,Gyani Maiya Sen-Kusunda
5491391,71578135,Stocksund Studios
5491443,71578688,Cold Winter Sun (film)
5491855,71586902,2022–23 Sun Belt Conference men's basketball season
5492252,71593091,2008 Sun Belt Conference football season
5492724,71601051,"Sunset Point (Yarmouth, Maine)"
5492967,71606223,Three Sundays of Commemoration
5493046,71607626,Sunpat (film)
5493100,71608398,Sunflower (single album)
5493325,71611190,"Springwell, Sunderland"
5493595,71614436,Samsung Galaxy A04
5493630,71614951,Lee Tsung-cheng
5494089,71622001,Sunday with Laura Kuenssberg
5494290,71625162,Sunset Country Club
5494407,71627397,Hosi Vasunia
5494858,71635204,Nora Sundberg
5495100,71639492,The Hanging Sun
5495335,71643839,Downthesun (album)
5495546,71647033,Republic Square (Samsun)
5496308,71660216,Sundari Gardens
5497310,71674011,Jung Woon-sun
5497320,71674121,Jo Sunde
5497326,71674201,Sun Hong Rhie
5497825,71681647,Sunita Sharma
5497831,71681718,Néstor Osuna
5498493,71699937,Sasun (historical region)
5498550,71700717,Yesunte Möngke
5499197,71712521,2005 Arizona State Sun Devils baseball team
5499223,71713122,Mitsunobu Nakahara
5499965,71726998,"Sunset Park, La Libertad"
5500146,71730002,Sun of Moscow
5500533,71735936,Shawnee Sun
5500862,71742969,Statue of Sun Yat-sen (Los Angeles)
5501005,71745518,Midnight Sun (JO1 EP)
5501164,71749861,Sun Odyssey 49 DS
5501238,71751780,Bloody Sunday (1968)
5501685,71759244,Kang Sun-nam
5501958,71764603,Miao Quansun
5502029,71765652,Tsunami Surge
5502236,71770358,Sungei Perak Hilir (Federal Legislative Council constituency)
5502238,71770400,Sungei Perak Ulu (Federal Legislative Council constituency)
5503205,71785539,Sun Fast 32i
5503367,71787878,2022–23 Giresunspor season
5504262,71803450,Ottoman destroyer Samsun
5504342,71804535,Sunil Kanti Bose
5504374,71805020,Sun Odyssey 32i
5504927,71816329,Jetsun Sherab Sengge
5505167,71820354,Muhammad Amin Hassuna
5505301,71823953,Shamsunnahar Jr.
5505334,71824406,Sunningdale Foursomes
5505473,71826547,"Thoralf M. Sundt, III"
5505951,71834798,Park Eun-sun
5506262,71840942,My Sunny Maad
5506592,71845885,Certified Organic Sunscreen
5507391,71861088,The Sunny Side of the Street (film)
5507403,71861343,Husung Hardware
5507464,71862305,Samsung Developer Conference
5507689,71865921,"Sunhe, Beijing"
5507976,71871124,Sunderland of Scotland Masters
5508516,71879558,Sundari (Marathi TV series)
5508536,71879815,The Sun and the Star
5509140,71888151,Jang Sung-ho
5509327,71890579,2001–02 CA Osasuna season
5509896,71902093,Summer on Sunset
5510383,71913182,S. Kalyanasundaram
5510551,71916084,Sunburst galaxy
5510859,71923354,History of Sundanese language
5511130,71927590,Prativa Sundari Devi
5511225,71929229,Sunehray Din
5512093,71946149,"Government Medical College and Hospital, Sundargarh"
5512908,71957971,Karin Sundin
5513235,71962618,With You (Jimin and Ha Sung-woon song)
5513282,71963638,Sung Min Song
5513514,71967646,F. William Sunderman
5513988,71978429,The Seventh Sun
5514026,71979087,Urtsuniwar
5514237,71983205,Sunrisers Eastern Cape
5514291,71983921,Sunday Drivers (film)
5514928,71994900,Sun Fizz 40
5515200,72003066,Satyam Shivam Sundaram (disambiguation)
5515228,72003483,Sunday Maku
5515243,72003793,Phoenician sundial
5515553,72008100,Asunojokei
5515752,72011333,2022 Sunrisers (women's cricket) season
5516347,72020854,Sun Yeli
5516635,72024873,Samsung Galaxy S
5516923,72031420,Dasungezhuang
5517586,72044321,Sun Shine 36
5518035,72053224,Sun Shine 38
5518037,72053234,Sunuwar alphabet
5518444,72061765,Sun Kiss 45
5518549,72064199,Chung Hee-sung
5518595,72065252,Juksun Food Village
5519293,72076091,Munali Suns
5519380,72076940,Sunbeam Grand Prix (1923)
5520014,72088209,Chris Sun
5520086,72089424,Sunak ministry
5520109,72089763,Electoral history of Rishi Sunak
5520118,72089861,2022–23 Mamelodi Sundowns F.C. season
5520124,72089938,Premiership of Rishi Sunak
5520198,72091336,Sun Radio Interferometer Space Experiment
5520362,72094247,Sun Kiss 47
5520481,72097152,Sunak (disambiguation)
5520836,72102648,Sun Legende 41
5520889,72103500,Wakatobi sunbird
5521531,72115076,2022 Sun Belt Conference men's soccer tournament
5522039,72123284,Sun Fast 1/2 Ton
5522461,72133662,2007 Arizona State Sun Devils baseball team
5522462,72133668,Sun Jinming
5522463,72133685,Sun Xiangdong
5522699,72137738,Sun Dream 28
5522903,72141623,Immigrants' school on Sundays (Athens)
5522991,72142753,Sun Way 28
5523024,72143167,2009 Arizona State Sun Devils baseball team
5523424,72150184,Sun Rise 34
5523540,72151728,Sunnova
5523561,72151984,2022 Sun Bowl
5523963,72157318,"Recoleta Cemetery, Asuncion"
5524323,72163022,Satja Nai Chum Joan (Suea Sung Fah III)
5524799,72171249,Prisunic
5524801,72171263,Kim Sung-bae (tennis)
5525048,72174384,Tsuneo Fukuhara
5525526,72181168,2023 Sundance Film Festival
5525793,72185012,World Tsunami Awareness Day
5525849,72185578,Datsun 280
5526112,72189696,List of international prime ministerial trips made by Rishi Sunak
5526286,72192393,Vidushi Sunanda Sharma
5527091,72204910,After Sunset
5528090,72222156,Sungei Muda (Federal Legislative Council constituency)
5529468,72241663,Sunrisers Hyderabad in 2023
5529580,72243315,Sunrise Centre
5531409,72271721,Fusako Tsunoda
5532367,72284859,Priya Sundareshan
5533350,72303766,Fjågesund Church
5533366,72303901,2023 Connecticut Sun season
5533550,72307861,Sunil Tingre
5533923,72315605,Fifth Sun (book)
5534021,72317123,Robert Kasun
5535014,72334267,Asava Sundar Swapnancha Bangla
5535671,72343578,Why the Sun and the Moon Live in the Sky
5536566,72359658,One Sunday Afternoon
5536607,72360234,Sun Fast 20
5536816,72365811,Samsung Galaxy Tab S5e
5537004,72369596,Maria Sund
5537173,72372032,Sun Fast 17
5537519,72379021,Sun Light 30
5537530,72379103,Brother and sister who became the Sun and Moon
5537571,72380104,Sweet Sunshine
5537725,72382092,Samsung Galaxy A14
5537977,72385876,Sun Odyssey 43
5538552,72393934,Sun Odyssey 43 DS
5538994,72400777,Sun Magic 44
5539252,72405237,Sun Yat-sen University station
5539255,72405264,Sun Yat-sen University station (Shenzhen Metro)
5539384,72407750,Loch Sunart (sailing ship)
5539850,72415121,Sun Way 27
5539936,72416207,Shadows in the Sun
5540208,72418666,2023 Sunshine Ladies Tour
5540544,72424868,Sun Charm 39
5540853,72430740,Sun Fast 39
5540910,72431476,Sun Odyssey 39
5541352,72439446,Sun Odyssey 440
5541419,72440136,Under the Amalfi Sun
5541801,72446411,Samsun railway station
5541825,72446760,Port of Samsun
5542007,72449463,Priory Whitsun Lawn Tennis Tournament
5542521,72459111,Onyeka and the Academy of the Sun
5542749,72464181,Sun Dance 36
5543252,72475755,Sun Odyssey 36
5543683,72483036,Sun Liberty 34
5543753,72484106,Joy Sunday
5543917,72486685,Dover Sun House
5543941,72487135,Sunil Patel
5544037,72488784,Samsun City Hospital
5544138,72490090,Sun Odyssey 33
5544318,72493054,Samsung Galaxy M04
5544658,72498448,Sun Odyssey 51
5544802,72500637,Shin-tsunashima Station
5544822,72500919,Reya Sunshine
5544978,72503037,Langesund Church
5545070,72504349,Sun Way 21
5545564,72511704,Sun Fast 41
5545601,72512162,Sunny Malton
5545730,72513885,Inspector Sun and the Curse of the Black Widow
5546090,72519165,Sun Odyssey 42
5546113,72519551,Aga Aga Sunbai Kay Mhanta Sasubai?
5546600,72526645,Under the Midnight Sun
5546619,72526979,Lee Sung-soo
5547314,72537417,Sunny Metal & Engineering Pte Ltd v Ng Khim Ming Eric
5547503,72539353,Mpu Dusun
5547526,72539650,List of accolades received by Aftersun
5547536,72539747,Sun Fast 31
5547638,72541622,Under the Midnight Sun (disambiguation)
5548009,72546603,Sun Odyssey 31
5548116,72547695,2023 Arizona State Sun Devils football team
5548553,72553731,Sun Odyssey 35
5548789,72557851,Sunny (2022 film)
5549054,72561439,Sun Fast 35
5549158,72562262,Whang San-sung
5549161,72562268,Sunita Baral
5549464,72566102,Jirō Tsunoda
5550047,72575459,The Lonely Days Were Sundays
5550400,72580529,Sun Long
5550559,72582179,Sun Odyssey 34
5550826,72586246,Assunta Scutto
5550993,72588167,"Baysun, Dargeçit"
5551374,72593851,Sunil Kumar Sharma (Nepalese politician)
5551501,72595768,Sun Odyssey 49
5551745,72598978,Sun Jingliang
5551792,72600637,Short Sunderland in New Zealand service
5552334,72608551,Sun Odyssey 47
5552602,72612875,Smoke (Alexander von Schlippenbach and Sunny Murray album)
5553343,72628812,Sun Fast 52
5553368,72630259,How the Red Sun Rose
5553842,72640336,Sun Odyssey 42.1
5553875,72640678,2023 Sun Belt Conference men's basketball tournament
5554462,72650130,Jamaat Jaysh Ahl al-Sunnah wa-l-Jamaah
5554532,72651147,Sun Fast 32
5554577,72652078,Sundanese language in Depok
5555914,72672475,Samsung Galaxy F04
5556022,72674055,Jung Sung-il (actor)
5556051,72674399,Sun Odyssey 32
5556575,72681018,"Tosunlu, Kızıltepe"
5557388,72691581,Albula esuncula
5557854,72698400,Leezah Sun
5557956,72700541,Sun Fast 36
5558083,72702591,Sunsari District court
5558892,72716383,Hatsune Miku (disambiguation)
5559133,72720635,Lee Joo-sung
5559173,72721009,"Tosuntarla, Pervari"
5559452,72725179,Sun Odyssey 28.1
5559976,72733123,"Karasungur, Pervari"
5560135,72735805,Sun Odyssey 32.1
5560180,72737410,Tolani Asuni
5560324,72740321,Samsung Galaxy Xcover 6 Pro
5560746,72746399,Samsung Asset Management
5560815,72747425,Samsung Securities
5561197,72753312,Sun Odyssey 52.2
5561594,72759735,Sun Current newspapers
5561799,72762833,Khabisi Mosunkutu
5561838,72763396,Cheng Tsung-che
5561977,72766375,2023 ASUN men's basketball tournament
5561980,72766442,2023 ASUN women's basketball tournament
5562003,72766859,"Tosunbağı, Kurtalan"
5562195,72769109,Sun Fast 42
5562242,72769835,Sunflowers (Nolde)
5562271,72770367,Bucking the Sun
5562620,72776191,Sunday (group)
5562764,72778512,Sun Odyssey 42 CC
5562813,72778854,"Sunrise, Sunset (What We Do in the Shadows)"
5562877,72779556,Adil Tursunov
5562905,72780078,Moonlight Sunrise
5562952,72781011,Samsung Experience Store
5563150,72785610,Sun Odyssey 42.2
5563216,72786881,Sun Odyssey 42i
5563555,72793488,Sun Odyssey 42 DS
5563866,72799708,Sun God Mountain
5564280,72805947,Sun Odyssey 32.2
5564335,72806767,"Tosunlu, Nizip"
5564568,72810459,"Tosunlu, Karkamış"
5565159,72818816,Sun Odyssey 34.2
5565278,72820404,"Basilica of Santa Maria Assunta, Muggia"
5565652,72826724,Sundown Lake
5565766,72828441,2022–23 Arizona State Sun Devils women's basketball team
5565894,72830731,Sun Odyssey 24.2
5566273,72837214,Sun Odyssey 36.2
5566920,72850628,Sun Odyssey 37
5567421,72858821,Sun Odyssey 45.2
5567885,72866710,2023 Nigerian presidential election in Osun State
5568112,72871661,Sunshine Sports Park light rail station
5568318,72875035,Sun Odyssey 37.1
5568785,72883405,Solstice Sunglasses
5569014,72887094,Sun Odyssey 45 DS
5569552,72897796,Sun 2000
5569563,72897928,Al-Sunan al-Wusta
5569701,72900780,Samsung Galaxy S23
5570197,72909949,"Francisco Téllez-Girón, 6th Duke of Osuna"
5570225,72910297,"José María Téllez-Girón, 7th Duke of Osuna"
5570343,72912259,Sun 2500
5570348,72912296,Sun Heidi Sæbø
5570479,72914042,Sun Fast 37
5570570,72915375,Aurora's Sunrise
5570879,72920570,Sun Odyssey 40 DS
5570942,72921410,2022 ASUN women's soccer tournament
5571042,72922912,Sun Odyssey 40
5571199,72926551,Samsung Galaxy Z Fold 5
5571202,72926560,Samsung Galaxy Z Flip 5
5571421,72930226,Sun Odyssey 29.2
5571458,72930585,Sunrunner (disambiguation)
5571486,72931118,Sun Fast 26
5571588,72933253,Shouheng Sun
5571626,72934899,Kochi Sun Sun Broadcasting
5572562,72952320,Antigua Sunday bread
5572692,72953413,White Sun (musical group)
5572814,72956646,Sun Fast 40
5572994,72961501,Sunder Singh Thakur
5573154,72963970,Feel the Sunshine (album)
5573217,72964898,The Dresden Sun
5573397,72968326,S.N. Sundarambal
5573483,72969954,Kim Min-sung
5573506,72970361,Sun Fast 43
5573605,72971966,Sun Odyssey 26
5573827,72976044,Per Sundin
5574091,72980662,Sun Fast 40.3
5574261,72983152,Sun Odyssey 40.3
5574324,72984830,Under the Sun (L.A.B. song)
5574659,72990547,Sun Odyssey 54 DS
5575203,72998778,Sun Odyssey 39i
5575533,73004224,Sun and Concrete
5576364,73014268,2021 Guldborgsund municipal election
5576410,73014906,Sunday Afolabi
5576792,73020377,Moonsund Regatta
5576906,73022052,2023 Nigerian Senate elections in Osun State
5577312,73029343,"Sarıtosun, Ovacık"
5577419,73031038,Hsunycteris
5577672,73035190,The Sunday Show (BBC Scotland)
5578239,73044801,2005 Sundance Film Festival
5578495,73049009,2021 Frederikssund municipal election
5578734,73052644,Sundown (Six60 song)
5579852,73075016,Statue of Sun Yat-sen
5579911,73076264,Dilks Sun Cat
5580800,73092619,Sun Fast 3200
5581061,73097380,Sung Ryul Eric Yang
5581156,73099410,Sun Odyssey 30i
5581239,73101246,Sun Odyssey 33i
5581381,73104482,Darling (sunscreen)
5581519,73107571,Little Sunshine
5581541,73108021,Steneurytion incisunguis
5581784,73112251,Sun Odyssey 39 DS
5581949,73115011,Sunnyside League Football Club
5582035,73116507,The Rising Sun (magazine)
5582292,73121323,Sun Odyssey 36i
5582315,73121935,List of Arizona State Sun Devils men's basketball head coaches
5582806,73130841,Badhl al-Majhud fi Hall Sunan Abi Dawud
5582907,73133967,Qobul Tursunov
5583118,73137564,Sun Odyssey 44i
5583626,73149776,2002–03 Arizona State Sun Devils men's basketball team
5583667,73150504,Sun Odyssey 49i
5583864,73153206,Cho Sung-hoon
5584481,73163374,Suneel Saraf
5584738,73168497,Sun Odyssey 409
5584828,73170005,2023 Sun Belt Conference women's basketball tournament
5584878,73170866,Sun Odyssey 379
5585261,73178455,Sun Wah BBQ
5585879,73189789,Sun Odyssey 389
5586067,73192879,Akmal Tursunbaev
5586517,73199427,Sun Odyssey 439
5586761,73203902,Sun in fiction
5586896,73206021,Sun Odyssey 50 DS
5587239,73212708,Sundowning (Sleep Token album)
5587368,73214539,Sunil Kushwaha
5587473,73216114,Sun Fast 3600
5587920,73223515,Sun Fast 3300
5587960,73224074,Love Before Sunrise
5588134,73227631,I'la al-Sunan
5588199,73228845,Sunita Choudhary
5588466,73232728,SunKissed Lola
5588499,73233172,Sun Odyssey 44 DS
5588729,73237735,Sunday of the Holy Forefathers
5588922,73241011,Usun Apau National Park
5588947,73241748,Sundus attack
5588985,73242663,Sun Odyssey 41 DS
5589231,73248259,Sun Odyssey 469
5589348,73250390,Sun Odyssey 509
5589749,73256254,2023–24 Sunderland A.F.C. season
5589798,73256531,Sunflowers (Ted Lasso)
5589845,73257026,Sun Odyssey 419
5590298,73264884,Sun Odyssey 449
5590477,73267596,Sun Odyssey 519
5590835,73274344,Sun Fast 30 One Design
5591070,73277819,Sung Tsun-Shou
5591276,73281454,Sun Odyssey 319
5591392,73283820,Sun Odyssey 410
5591425,73284297,2023 Sun Belt Conference football season
5591455,73284764,Samsung Galaxy A34 5G
5591470,73285044,Samsung Galaxy A54 5G
5591794,73290944,Sun Odyssey 490
5591831,73291776,Sun Odyssey 380
5592088,73295919,Samsung Galaxy A24
5592258,73298753,Lady Sun (Sun Jian's sister)
5592266,73298925,Kaukola Ridge at Sunset
5592354,73300917,Sunniva Austigard Petersen
5592473,73303039,Sungurlu District
5592935,73310914,Sun Manji
5592957,73311481,Sundari (tigress)
5593390,73317675,Samsung Galaxy M14 5G
5593595,73321031,Sun Odyssey 45.1
5593698,73322481,Sun Odyssey 45
5594306,73330682,Sunshine Machine
5595920,73362587,Samsung Galaxy M54 5G
5597230,73383357,Suntaraporn Band
5597301,73384586,10th Jebtsundamba Khutughtu
5597769,73392341,Giresun District
5597914,73394852,Sunrise Bakery and Coffee Shop
5598581,73406624,2023 Sunderland City Council election
5599178,73418823,A Sunburnt Christmas
5599185,73419113,3Sun
5599205,73419516,Baba Sunder
5599628,73425866,Sunday Best (Boardwalk Empire)
5600029,73431820,Lilac Bush in the Sun
5600388,73436647,Byun Sung-hyun
5600695,73441396,Sundown (Eddie Chacon album)
5601515,73454262,Sun Shutao
5601980,73464255,Soppana Sundari
5602066,73465917,"Sunset Hills Historic District (Madison, Wisconsin)"
5602489,73474510,Adventure of Sundarbans
5603751,73497233,RJ Sunahara
5604037,73501005,Thandile Sunduza
5604447,73506442,Rotting in the Sun
5604503,73507031,Burn: The Misunderstood Science of Metabolism
5605263,73517972,Kaisun (Haida village)
5605757,73525589,Sunyi Dean
5605821,73526773,Sunmisola Agbebi
5605986,73529347,Sunshine on Leith (soundtrack)
5606770,73541530,Sunny Sweeney discography
5606874,73543067,Assunta (given name)
5607388,73551083,Fursungi
5607427,73551762,Suna no Shiro (manga)
5607443,73552059,Toeko Tatsuno
5607487,73552770,Suna no Shiro
5607502,73553060,Sung Deuk Hahm
5607595,73554320,Sun Yan (volleyball)
5607630,73554825,Kahani Suno
5607698,73555644,Paleotsunami
5609027,73580830,The Second Sun
5609788,73596040,Otsungna
5609904,73598821,Abhinav Sunder Nayak
5610773,73616312,Sunil Naliyath
5611182,73622874,Gnanasundaram Kuganathan
5611373,73625989,Sunshine (Liquid Gang album)
5611452,73627011,2023–24 Sunshine Tour
5611637,73629386,Operation Shining Sun
5611738,73630779,New Sunrise (Brenda Lee album)
5612268,73641339,The Duke and Duchess of Osuna and their Children
5612500,73644757,2023–24 Arizona State Sun Devils men's basketball team
5612591,73646071,Sun Delin
5613355,73660733,Astyanax asuncionensis
5613926,73672029,"Winter Sunrise, Sierra Nevada, from Lone Pine, California"
5614742,73686604,Sunlight (jewelry company)
5616035,73716223,Elizabeth Suneby
5616070,73716804,It's Always Sunny in Philadelphia (season 16)
5616325,73719650,Liao Ching-sung
5616436,73722990,Electric Sun (album)
5616812,73729914,Israel Sunny-Goli
5616829,73730066,Benson Sunday Agadaga
5617482,73741581,Here Comes Sunshine 1973
5617572,73742596,Dark Sun (album)
5617659,73743864,Mat Suny
5617991,73747086,"The Sun Sleeps, as If It Never Was"
5618851,73760447,Junya Matsunaga
5619894,73778555,"Sunbridge, Florida"
5619954,73779467,Cosun Beet Company
5620454,73788226,Tsunaina
5620470,73788580,Sun King Rising
5621965,73812207,No One Can Make My Sunshine Smile
5622021,73813174,Sundial (album)
5622086,73814309,2023–24 Phoenix Suns season
5623447,73840265,Lee Kyu-sung
5623600,73843361,Davison Igbinosun
5623765,73845727,2023 Arizona State Sun Devils baseball team
5623903,73848334,Sunday Times Rich List 2023
5624010,73849847,Sung Han-bin
5624117,73851275,Sun Vet Mall
5625177,73865781,Sunday Gold
5625231,73866723,Sundowners (2017 film)
5625941,73878131,The Shreveport Sun
5625983,73878851,Yi Sun
5626160,73883114,"1984, When The Sun Didn’t Rise"
5626528,73888743,Tsun-Peng Pao
5626708,73891623,"Sungu, Muş"
5627020,73895970,Stanton Sunbird
5627357,73900387,Lotta Bouvin-Sundberg
5627722,73905236,Sunbury Court
5627789,73906143,Sungai Dua (disambiguation)
5628093,73911113,Sunday in Melbourne
5628420,73916250,Ermek Tursunov
5629018,73925472,Sunburn (Dominic Fike album)
5629027,73925604,Riassunti d'amore
5629306,73929992,Chen Yu-hsun
5629331,73930429,2022 Sun Belt Conference women's soccer tournament
5629350,73930656,Sunless (album)
5629468,73932688,2023 Sunbury earthquake
5629516,73933461,Stegesund-Hästholmen
5629546,73934043,John Sunday Jr.
5629563,73934281,Stegesundet
5631201,73960429,House of the Rising Sun (Jody Miller album)
5631614,73966879,Guldborgsund (nomination district)
5631990,73972623,Friday Saturday Sunday
5632018,73972935,Oda Nobutsune
5632484,73979369,Kao Meng-hsun
5632603,73981243,Stardom Sunshine 2023
5632637,73981764,2023 Aalesunds FK season
5632650,73981980,Kim Sungeun
5632876,73985443,A Chronicle of Ancient Sunlight
5633128,73989165,Frederikssund (nomination district)
5633170,73989567,Sundbyvester (nomination district)
5633174,73989631,Sundbyøster (nomination district)
5633319,73991634,Island's Sunrise
5633427,73993544,Yang Sung-ho
5633637,73996805,Sun Valley on Ice
5633757,73998740,Yūko Tsuno
5633788,73999285,Usha Sundaram
5633953,74001840,The Sun (Brisbane)
5634589,74011336,Sunmerry Bakery
5634864,74015099,Pierre Paul d'Ossun
5635206,74019435,Maarif al-Sunan sharh Sunan al-Tirmidhi
5635241,74020094,2023 FK Haugesund season
5635564,74025602,Bogesundslandet
5635700,74027875,The Sun Rises in The East
5636133,74034861,Sundari painting
5636444,74039543,"Pålsundsbron, Vaxholm"
5636666,74043380,2022 ASUN men's soccer tournament
5637759,74062909,Lamidi Adeosun
5638672,74083472,Rex Sunahara
5639810,74104056,The Sun (Golub and Pasachoff book)
5640113,74109523,2023–24 Mamelodi Sundowns season
5640417,74114796,Manila Sunset
5640452,74115555,Suncoast (film)
5640985,74123894,Sunupur
5641448,74131161,Füsun Erdoğan
5641734,74135239,2023–24 Taichung Suns season
5642852,74149921,2023 Sun Bowl
5643139,74153808,Sun Jiulin
5643389,74156845,Voluta sunderlandi
5643697,74163503,"Sunshine Mountain (Hinsdale County, Colorado)"
5644053,74176107,Choi Sung-hwan (composer)
5644059,74176264,Choi Sung-hwan
5644327,74186206,Conquest of Sunda Kelapa
5644836,74199325,Şenol Sunat
5645918,74226096,Gus Sun
5646156,74235330,Kampala Sun
5646234,74238054,Sun Arcs
5646654,74260488,Padipat Suntiphada
5647994,74302691,Barbro Sundback
5648632,74313298,Sun Sunquan
5648793,74315792,Yohane the Parhelion: Sunshine in the Mirror
5650361,74340517,Stefan Sunajko
5650844,74349738,Into the Bright Sunshine
5650849,74349850,"Sund, Flakstad"
5651027,74355031,Hackney and Leyton Sunday Football League
5651087,74356426,2023–24 CA Osasuna season
5651328,74361204,Camden Sunday Football League
5651575,74367060,No Sunshine (DMX song)
5651694,74368619,Samsunspor (basketball)
5652180,74375073,Sunwin
5652255,74375994,Orpington and Bromley District Sunday Football League
5652771,74383236,"Sundararaja Perumal Temple, Salem"
5653045,74386964,2023 Sunset Hill Shooting Range 150
5653273,74390705,Tey Tsun Hang
5655009,74422996,No Sunshine (Frost song)
5655046,74424906,Dusun Balangan language
5656043,74443811,2023 Ecuadorian Yasuní National Park oil exploitation referendum
5656131,74445416,Kurtuluş (Horsunlu)
5656340,74449261,Zebi Hirsch Sundeles
5656355,74449537,1454 Kyōtoku earthquake and tsunami
5656610,74453502,Samsung Galaxy Tab S9
5656704,74454680,Samsung Galaxy Watch 6
5658182,74476808,Sungai Kolok fireworks disaster
5658483,74480807,Abdul Munim Qaysuni
5658857,74486319,House of Sun
5659093,74489597,SunRay Kelley
5659791,74501186,Midnight Sun Variations
5659976,74503831,Thomsun Group
5660087,74505374,"Church of St Mary the Virgin, Sunbury-on-Thames"
5660139,74506054,List of Sun stories
5660482,74512290,Sung Shin Rolling Stock Technology
5661635,74527616,Battle of Rödsund
5661695,74528209,Sunday Chanda
5661933,74532487,Last Rays of a Dying Sun
5662654,74542702,Fawn Veerasunthorn
5662726,74543543,2023–24 Arizona State Sun Devils men's ice hockey season
5663700,74557179,Sun-Young Rieh
5664105,74563275,Sunarso
5664228,74564769,Sundaramoorthy
5664353,74566308,Sunhangia
5664733,74571692,Markazi Sunni Rizvi Jamia Masjid
5665194,74577526,Tripura Sundari (Kannada TV Series)
5665346,74579655,Fjågesund
5665791,74584390,Sunny Wong
5666325,74591185,Bihar State Sunni Waqf Board
5666717,74595622,Jharkhand State Sunni Waqf Board
5666827,74596761,Sunni Dawate Islami
5667194,74601659,Kokosuni
5667259,74602868,International Sunni Ijtema
5668465,74619382,"Sunnyside, Western Australia"
5668810,74623427,2021 Sun Belt Conference baseball tournament
5669379,74631169,Asunción de Zea-Bermúdez
5669402,74631478,Kirsten Sundberg Lunstrum
5670395,74646673,Gerardo Novelo Osuna
5670978,74654307,Kim Dong-sung (illustrator)
5672356,74674125,2022 Aalesunds FK season
5672592,74677305,Lazy in the Sun
5672613,74677582,Sunami (band)
5672940,74681302,2023–24 Samsunspor season
5673147,74683660,"The Valley of the Creuse, Sunset"
5673587,74688652,Sun Direct GO
5673908,74693070,Sunday Night in America with Trey Gowdy
5674270,74698484,A Month of Sundays (TV play)
5674318,74699080,Soppana Sundhari
5674672,74704318,The Sundowners (radio serial)
5674684,74704534,Sunwich Port
5674690,74704754,The Sundowner (radio series)
5675721,74721675,Kim Sung-hwa
5675903,74723772,Political tsunami (Malaysian politics)
5676073,74726397,Ying Sun (mechanical engineer)
5676440,74731840,Sun Zhian
5677174,74741707,Sunnamai
5677792,74750497,Satoshi Utsunomiya
5677841,74751204,Satsumautsunomiyaryu
5678367,74758906,Sun-Joo Shin
5678877,74766389,Sungsimdang
5679140,74771074,Aitamaako'tamisskapi Natosi: Before the Sun
5680022,74784091,Lawson Sunderland
5680850,74795884,An Endless Sunday
5681450,74803746,Samuel Sunil Mankhin
5681622,74806017,Tsung Tsin Middle School
5681631,74806094,Lakers–Suns rivalry
5681718,74807873,Esunertos
5681731,74808052,Ball Nurses' Sunken Garden and Convalescent Park
5681809,74809563,1957 Sunfield tornado
5683099,74828848,Little Bit of Sun
5683204,74830177,Sun Hanhua
5683569,74836023,Nadikalil Sundari Yamuna
5683616,74836778,"Sunnydale, Cape Town"
5684043,74843357,Nlerum Sunday Okogbule
5684923,74857522,Sunshine Coast Trail
5685731,74868385,Lady Sun (Yu clan)
5685820,74870487,U.S. Tsunami Warning Center
5685920,74872418,Ying Sun (environmental scientist)
5687026,74888905,Atikamekw Suns
5687097,74890234,Jangal Sundari Karmanagari
5687719,74898719,Sun Moon (film)
5688200,74903920,Asun
5689199,74920406,Sunrate
5689326,74922360,Kim Sung-hyun (field hockey)
5689619,74927064,Yi Sun-sin Park (Yeosu)
5689776,74929505,Ryo Hisatsune
5690105,74934773,As Sunnah Foundation
5690706,74943689,Kaminisundari Devi
5691339,74953781,Nueva Asunción
5691650,74958595,The Shadow of the Sun (film)
5691734,74959627,Koyanagi Tsunekichi
5692012,74963681,Sunday Ododo
5692181,74967049,Sunil Singh Salam
5692311,74968705,2023 Sunrisers (women's cricket) season
5692747,74975937,Shadow of the Sun (disambiguation)
5692789,74976322,2022 FK Haugesund season
5692833,74976834,2021 FK Haugesund season
5692877,74977442,Sunil Kumar (wrestler)
5692928,74977922,Samsung Notes
5692929,74977946,Samsung Galaxy Book
5693333,74984471,Better Luck Next Time (Sundara Karma album)
5693363,74984802,Gottsunda parish
5693503,74987204,Sungai Petani Clock Tower
5693618,74989192,Sunnys Chinese
5693959,74993164,Zee Yuh-tsung
5693982,74993526,AEIOU (Pnau and Empire of the Sun song)
5694125,74995625,Suncinka
5694220,74996947,Samsung SGH-D820
5694384,74998521,Sunil Kumar (kabaddi player)
5694526,75000575,Sunburn (Walk Through the Fire)
5694657,75002371,Mikko Asunta
5694678,75002654,The Town That Dreaded Sundown
5694776,75003846,Sunday Morning (Mitch James song)
5695159,75009114,Margit Borg-Sundman
5696431,75030425,Dursun Ataş
5696551,75032238,Bruno Sundman
5696814,75036440,Genjiyama Tsunagorō
5697155,75042274,Sunrise Soya Foods
5697169,75042495,Sun-hye
5699745,75087208,Falsuszafrona sunderlandi
5699914,75089652,Women of the Sun (movement)
5702096,75126021,Sungkar
5702585,75132534,Fade Away (Susanne Sundfør song)
5702696,75135253,Sunnyside (1979 film)
5702959,75139792,In the Land of the Sun (1934 film)
5702972,75140010,In the Land of the Sun (1952 film)
5703019,75140882,Sunkyeol
5703080,75141926,List of channels owned by Sun TV Network
5703198,75143834,Whitsunday Solar Farm
5703300,75145735,Lung Ying-tsung
5703355,75146515,Al-Arf al-Shadhi sharh Sunan al-Tirmidhi
5703454,75148044,Florida Sun-Review
5703485,75148584,Fiti A. Sunia
5703656,75151287,Eastern Sun
5703774,75152893,Death of Sun-Ming Sheu
5703928,75155644,Suntarine Perkins
5704036,75157131,Chang Tsung-Che
5705094,75170482,1961–62 Sunderland A.F.C. season
5705526,75177069,"Morning Sun, Tennessee"
5705681,75178658,Sunday (2023 film)
5705954,75183019,Leslie Sun
5706033,75184022,Sunny Ali
5706096,75184860,1962–63 Sunderland A.F.C. season
5706324,75188257,Ektu Sore Bosun
5706436,75190393,Sundaranarayana
5706811,75195076,Ssunbiki
5711468,161922,Sunday Bloody Sunday (disambiguation)
5711988,163260,Tequila Sunrise
5712071,163467,The Sunshine Boys
5712199,163766,The City of the Sun
5712338,164210,The Midnight Sun (The Twilight Zone)
5714023,168421,Sunny 16 rule
5714183,168851,Common year starting on Sunday
5714819,170608,Sunnydale
5715229,171566,John E. Sununu
5715861,172890,Wusun
5715964,173130,The Sunday Times (disambiguation)
5716200,173759,Sunglasses
5716586,174780,A Place in the Sun (Lit album)
5717398,176521,"Sunbury County, New Brunswick"
5717506,176793,Sunil Gavaskar
5717646,177179,Sunda Strait
5717700,177263,Remembrance Sunday
5717956,177900,Waiting for the Sun
5718017,178003,Kvalsund
5718078,178066,Eigersund
5718081,178069,Haugesund
5718123,178117,Sund
5718147,178141,Farsund
5718259,178313,Sunndal
5718292,178351,Midsund
5718437,178568,Tjeldsund
5718564,178807,Egersund
5719742,182138,Sunoco
5719787,182264,Sunnmørsposten
5719973,182781,Bloody Sunday (1920)
5720296,183740,Duel in the Sun (film)
5720552,184474,Sunderland A.F.C.
5720977,185689,Sunday roast
5721282,186595,Tsunashima Ryōsen
5721789,187939,Enzo Matsunaga
5721856,188119,Gloomy Sunday
5722805,190919,Sunrise
5722816,190933,Sunset
5723765,193557,Seasons in the Sun
5723872,193868,Sunrise at Campobello
5723876,193874,Never on Sunday
5724274,194960,The Sun Don't Lie
5724503,195614,"The Heliocentric Worlds of Sun Ra, Volume One"
5724601,195844,John Sununu
5724673,196039,Kusunda people
5724951,196839,Blues for the Red Sun
5726499,201174,Sunset Boulevard
5727035,202693,Gongsun Long
5727139,203108,Sunnyodon
5728643,207349,The Chosun Ilbo
5728769,207646,Sung
5729846,210799,Sunbittern
5729972,211185,Jebtsundamba Khutuktu
5730566,212948,John H. Sununu
5731679,216073,KC and the Sunshine Band
5732092,217255,Sungrebe
5732457,218188,Noresund
5732589,218677,Yasunori Mitsuda
5732839,219508,Kujō Yoritsune
5733812,222500,Any Given Sunday
5734392,224416,Yi Sun-sin
5735385,226812,Minamoto no Yoshitsune
5736846,231176,SunDog: Frozen Legacy
5737220,232273,Connecticut Sun
5737744,233771,Råsunda Stadium
5737832,233978,Vancouver Sun
5738581,236120,Sunshine Records (United States)
5738992,237407,Sundering of the Elves
5739079,237685,Kitsune
5739243,238246,Megatsunami
5740503,241571,Nam Sung-yong
5741443,244549,Matsunaga Hisahide
5741531,244832,Sun Ce
5741600,245107,Chicago Sun-Times
5743816,251857,Gongsun Kang
5743880,252081,Tsung-Dao Lee
5744848,254967,The Sunrays
5744972,255304,3rd Rock from the Sun
5745707,258233,"Sun Prairie, Wisconsin"
5746783,260379,"Sun Prairie (town), Wisconsin"
5747406,261355,Sunshine Logroño
5748054,263064,The Baltimore Sun
5748373,264103,"The Great Adventure of Horus, Prince of the Sun"
5748535,264595,Kristiansund Mainland Connection
5748616,264853,Sunderland
5748645,264962,Sune Sik
5748977,265930,"Oncale v. Sundowner Offshore Services, Inc."
5749262,266982,Billy Sunday
5749282,267089,Sunny
5749441,267663,Sun Jian
5749635,268416,Suntory
5749754,269185,Sunni Triangle
5749851,269651,Albuquerque International Sunport
5750826,274227,Sunbird
5751176,275377,The Dark Side of the Sun
5751197,275472,SUNY (disambiguation)
5751593,276798,Sung Wong Toi
5754688,291698,Yasunari Kawabata
5755125,292967,"Robert Spencer, 2nd Earl of Sunderland"
5755463,294057,Sundanese language
5755481,294090,Mail on Sunday (album)
5755605,294419,Sunscreen
5756947,298304,Sunny Day Real Estate
5757194,299063,Sunday Times Rich List
5757671,300659,Midnight sun
5757925,301484,Sunderlal Bahuguna
5758947,304558,Taking Back Sunday
5759582,306530,Empire of the Sun (novel)
5759760,307076,Government in the Sunshine Act
5760022,307795,Ocean sunfish
5760601,309529,Fofō Iosefa Fiti Sunia
5760670,309705,Tell Me on a Sunday
5760923,310514,"Charles Spencer, 3rd Earl of Sunderland"
5761198,311406,Leap year starting on Sunday
5761814,313200,Sun of May
5762095,313971,Sunset Strip
5762617,315508,Ishida Mitsunari
5764096,319765,Sunshine Policy
5764248,320272,Phelsuma sundbergi ladiguensis
5765235,323221,Sun dog
5765384,323651,Wall–Sun–Sun prime
5765893,325119,Tokugawa Tsunayoshi
5766627,327452,Sun (disambiguation)
5766856,328124,"Sunagawa, Hokkaido"
5767016,328407,Utsunomiya
5767459,329252,"Tatsuno, Hyōgo"
5768926,333664,Hau Pei-tsun
5769496,335338,Sun Bowl
5771647,342243,Sunjong of Korea
5772391,344344,Gongsun Yuan
5772983,346281,The Sun (Hong Kong)
5773229,347120,Sunbury
5774388,350903,"Sunset District, San Francisco"
5774596,351562,Sungri Motor Plant
5774980,352774,Amago Tsunehisa
5775327,353921,Tsesungún dialect
5775408,354156,Maeda Toshitsune
5776699,358269,Sunnyside
5777252,360245,The Sun Also Rises
5778240,363792,Sunday Sport
5778663,365150,"Impression, Sunrise"
5779172,366923,Torii Tadatsune
5779283,367369,"Sund, Åland"
5779284,367370,"Sund, Norway"
5779389,367694,Sun City
5780270,371507,Christadelphian Sunday School Union
5780294,371561,Gesundheit
5780386,371867,Sunsphere
5781616,375706,Strelasund
5781745,376140,Sunset High School
5781765,376209,"Sunset High School (Beaverton, Oregon)"
5782020,377081,Pontiac Sunbird
5782024,377101,Pontiac Sunfire
5782093,377337,Sunny Leone
5783396,381572,Sunday Tribune
5783928,383156,Datsun 510
5785728,389955,Medal of Honor: Rising Sun
5786845,393385,Suncheon
5787028,393881,Hwasun County
5787220,394648,Sunchang County
5788001,397042,King Sunny Adé
5788441,398644,Yasumi Matsuno
5788953,400211,Sundance Kid
5789895,403179,Sun Wen (footballer)
5792277,410196,Anna Sundstrand
5792487,410785,Sunburn (Fuel album)
5793210,412741,Dragon Kings (Dark Sun)
5793789,414331,The Naked Sun
5794649,416764,1965 Palm Sunday tornado outbreak
5796241,420666,Sunningdale Agreement
5796242,420667,Sunningdale
5796847,422792,Toronto Sun
5796862,422818,Sun Media
5797619,425049,Sun Li-jen
5797993,426178,"Sunnyside, Newfoundland and Labrador"
5799736,431369,Sunyaev–Zeldovich effect
5800810,434806,Sun-Times Media Group
5800965,435229,Sun Enterprise
5800987,435286,Operation Tsunami
5800996,435305,"Sun Valley, Los Angeles"
5802504,440119,Golden Sun (video game)
5802512,440135,Mats Sundin
5803667,444095,Bloody Sunday (1887)
5803668,444096,Bloody Sunday (1905)
5804057,445569,Sun Belt
5804388,446696,The Sunday Telegraph
5805091,449029,Haddon Sundblom
5805244,449446,Weekly Shōnen Sunday
5805450,450056,Yakima SunKings
5806828,453769,Sunda Islands
5807302,455441,Jamaat Ansar al-Sunna
5807394,455749,Ny-Ålesund
5807500,456103,Splendid sunbird
5807509,456141,Beautiful sunbird
5807522,456188,Collared sunbird
5807870,457319,Short Sunderland
5808731,459738,"Tsuno, Miyazaki"
5809163,461189,Sunday morning talk show
5809381,461939,"Ichinomiya, Hyōgo (Tsuna)"
5811211,467896,Fading Suns
5811330,468146,"Tsunagi, Kumamoto"
5811949,469907,Tokugawa Ietsuna
5812558,471846,Trinity Sunday
5812927,472878,"University at Albany, SUNY"
5813174,473634,Rashid Sunyaev
5813543,474736,Reek Sunday
5814483,477622,Sundridge
5815025,479337,Mozilla Sunbird
5815411,480696,The Sunday Post
5815806,482158,Sunday Mirror
5816214,483450,"Higashitsuno, Kōchi"
5816489,484189,Down to a Sunless Sea (Graham novel)
5817108,486281,Sun Yee On
5817890,488816,Sunday Night Sex Show
5818350,490301,Sunbury-on-Thames
5818603,491186,"Sunset High School (Hayward, California)"
5819566,494422,"Matsuno, Ehime"
5819900,495353,Issun-bōshi
5819957,495585,The Man Who Stole the Sun
5821184,499947,List of sunken nuclear submarines
5821512,501417,Super Sunday
5821683,502006,Sunnyvale (disambiguation)
5822296,503529,"Kusunoki, Yamaguchi"
5822520,503993,Sunpadh
5822884,504713,Saturday Night and Sunday Morning
5823077,505350,Sunday league football
5823996,508920,"Kristiansund Airport, Kvernberget"
5824748,511585,Sunny Murray
5824950,512315,SUNY Brockport
5824965,512347,Olive-backed sunbird
5826625,518691,A Sunday Afternoon on the Island of La Grande Jatte
5827559,522144,Suntan
5827989,523672,Yamamoto Tsunetomo
5827991,523675,Kemal Sunal
5828175,524224,Suncake (Taiwan)
5829433,528234,Sunrise Over Sea
5829919,529952,SUNY Erie
5830223,531031,Herri Batasuna
5830502,531975,Sunglass Hut
5830789,532937,Sun River
5831287,534839,Sunbeam
5831891,537024,Eternal Sunshine of the Spotless Mind
5832430,539171,Sunil Gangopadhyay
5833039,541488,Sun tanning
5833084,541675,Mothering Sunday
5833288,542406,Spark Matsunaga
5833702,544050,Sunset yellow FCF
5834191,545767,"Sunset Park, Brooklyn"
5834219,545871,Sun Yat-sen University
5834439,546875,Prisoners of the Sun
5835476,551176,Passion Sunday
5837197,557646,Sunday Creek (Ohio)
5838595,563074,Sundaland
5838615,563137,Sun bear
5839389,566036,77 Sunset Strip
5840111,568443,"Tsuna, Hyōgo"
5840116,568458,"Tsuna District, Hyōgo"
5841340,573073,SUNY Adirondack
5841720,574517,Sunday Herald
5841736,574576,Suisun Bay
5841877,575114,Sun Yat-sen Memorial Hall (Taipei)
5841979,575603,Five Suns
5842295,576742,Lotte Chilsung
5842653,578087,Sunol Regional Wilderness
5843649,582264,The Gainesville Sun
5843970,583446,Black Sails in the Sunset
5844817,586530,Itsunen Shoyu
5845184,588214,Carl Jakob Sundevall
5845300,588619,Boktai: The Sun Is in Your Hand
5846144,591782,Sundiata Keita
5846703,593629,1994 Palm Sunday tornado outbreak
5847545,596110,Sunderland Albion F.C.
5848900,600693,You Stole the Sun from My Heart
5848909,600725,Tsunami (Manic Street Preachers song)
5849184,601577,"Suntō District, Shizuoka"
5849261,601700,"Sunomata, Gifu"
5849367,601983,Newcomb's Tables of the Sun
5849618,602721,Samsung SPH-i550
5849914,603836,Sunshine Coast
5849920,603861,"Sunshine Coast, Queensland"
5850466,606004,Sunray
5850650,606696,Sunderland (disambiguation)
5850679,606781,Midnight Sun Marathon
5850966,607864,Sunrise problem
5851165,608733,Tromsø Midnight Sun Marathon
5851542,610105,Sunspot (Marvel Comics)
5851725,610769,University of Sunderland
5852559,613538,Golden Sun: The Lost Age
5852658,613752,"Sunbury, Victoria"
5853005,614819,"Sundridge, Ontario"
5853227,615477,Sunshine Skyway Bridge
5853305,615764,"Sunshine, Victoria"
5854013,617967,Purple sunbird
5854022,617996,Purple-rumped sunbird
5854033,618037,Crimson-backed sunbird
5854038,618058,Crimson sunbird
5854419,619430,Loten's sunbird
5854430,619471,Variable sunbird
5854798,620669,Sunil Dutt
5855036,621485,City of Sunderland
5855938,624450,"Tatsuno, Nagano"
5856370,625672,Camosun College
5856962,626911,Beyond the Sun
5857102,627454,Sunset Highway
5857281,628232,Park Ji-sung
5857572,629310,"Succasunna, New Jersey"
5857734,629905,"Katsunuma, Yamanashi"
5859138,634571,Timeline of Sunderland
5859597,959051,The Sun-Herald
5860071,961237,TransUnion
5860702,963960,Sunn O)))
5860799,964302,Sundacarpus
5861044,965170,Sun Tiantian
5861090,965363,The Sun (Malaysia)
5861236,965848,Port Sunlight
5861613,967349,Press & Sun-Bulletin
5861675,967641,Rafael Osuna
5862364,970543,USS Sunfish (SSN-649)
5863017,973391,Michael Sundin
5863152,973991,Sunny Deol
5863695,976121,Aggersund
5864645,980140,Sunday Times University of the Year
5864672,980233,"Sunspot, New Mexico"
5864904,981340,Tatsunoko Production
5865525,984064,Mud sunfish
5866113,986430,Chase the Sun (The O.C. Supertones album)
5866351,987509,Naked Sun
5866979,990134,Markazu Saqafathi Sunniyya
5867023,990309,Hedesunda
5867513,992451,After the Sunset
5868086,994671,First Stanhope–Sunderland ministry
5868090,994697,The Sunday Format
5868123,994805,SunnyD
5868125,994816,Gongsun Zan
5868275,995520,Evil Under the Sun
5868440,996160,Holmsund
5868717,996979,Sunroof
5870422,1004238,Sunday Review
5870843,1005927,Rainbow Sun Francks
5871213,1007796,Sunday at the Village Vanguard
5871285,1008081,Nissan Sunny
5871927,1011097,Dartmouth–Lake Sunapee Region
5872813,1015076,Sundal
5872967,1015683,Sunkist
5872968,1015685,"Sunkist Growers, Incorporated"
5872975,1015710,Sun-style tai chi
5873036,1015928,Within the Realm of a Dying Sun
5873436,1017534,Lady Wu (wife of Sun Jian)
5873662,1018286,Capri-Sun
5873943,1019302,Waterloo Sunset (album)
5874064,1019485,Stenungsund
5874167,1019671,Samsung Tower Palace 3 – Tower G
5874277,1020100,Oxelösund
5874297,1020241,Askersund
5874356,1020445,Sunthorn Kongsompong
5874382,1020586,The ABC Sunday Night Movie
5874723,1021889,Sundsvall
5874730,1021904,Östersund
5874732,1021906,Strömsund
5875367,1024746,Sundøy
5875740,1026609,Mayor of the Sunset Strip
5876850,1030976,Sunshine Superman (song)
5876963,1031525,Sunny Bay station
5877980,1035310,Sunshine pop
5878652,1038046,Sung-Hi Lee
5879077,1039776,Dovrefjell–Sunndalsfjella National Park
5879671,1042208,Another Sunny Day
5881004,1048084,Sunwise
5881067,1048337,Black Sun
5881441,1049941,Black Sun (Abbey novel)
5881447,1049956,Black Sun (Primal Fear album)
5881766,1051470,Sun Industry Standards Source License
5881988,1052512,Oddesund
5882558,1054817,Suwon Samsung Bluewings
5882757,1055577,Black Hole Sun
5883605,1059241,Stefanie Sun
5883730,1059993,Sun Zhihong
5883731,1059994,Sun Zhiwei
5883811,1060328,Silversun
5884631,1063906,Sungai Petani
5885809,1069140,Sun Fo
5885985,1070012,Sunshine Coast (British Columbia)
5886505,1072366,Taiki Matsuno
5887447,1076216,Svinesund
5888398,1079487,Sun Drop
5888497,1079812,Wintersun
5888917,1081776,List of near-Earth asteroids by distance from Sun
5889387,1083771,Sunday Trading Act 1994
5889516,1084367,Sun protection
5889698,1085304,Suniel Shetty
5889776,1085626,Silversun (disambiguation)
5889886,1086249,Sun City Agreement
5889925,1086453,Sun City (South Africa)
5890023,1086915,Sundorne
5890049,1087042,Alversund
5890060,1087141,Sunflowers (Van Gogh series)
5890879,1090470,Going-to-the-Sun Road
5891909,1094849,Sun Ferry
5894014,1104359,USS Sunfish
5894020,1104375,USS Sunfish (SS-281)
5894140,1104900,Sunrise (Australian TV program)
5894500,1106454,"Sunyer I, Count of Empúries"
5894620,1106886,Tsunami (Marvel Comics)
5894640,1106953,Hurry Sundown (Outlaws album)
5895822,1111824,Mansun
5897343,1118011,Second Stanhope–Sunderland ministry
5898198,1121451,"Nanjing Botanical Garden, Memorial Sun Yat-Sen"
5898505,1122279,Sunnanå SK
5899577,1124905,Pirassununga
5900445,1128661,Tears of the Sun
5900799,1130176,Battle of Sunda Strait
5902079,1135751,Datsun Sports
5902304,1136632,Sun-tailed monkey
5902579,1137860,Dae Sung Lee
5902619,1137954,Sun Salutation
5902815,1138466,Brønnøysund
5902833,1138545,Sagesund
5904312,1145273,Tsunade
5904337,1145366,Sun-Maid
5904890,1147959,Katsunosuke Hori
5905026,1148518,Haraldssund
5905144,1149050,Sunset Riders
5905188,1149273,Aalesunds FK
5905488,1150585,Sunil Joshi
5905504,1150659,"Sun Village, California"
5905752,1151809,Children of the Sun (role-playing game)
5905827,1152211,Hvannasund
5906326,1156122,Stan Matsunaka
5907706,1162161,Sun Life Financial
5907723,1162243,Sunraysia
5908222,1164441,Mount Sunflower
5908515,1165584,Bloody Sunday (1900)
5908530,1165635,Sun Moon Lake
5909406,1169490,Sunbeam Motor Car Company
5909425,1169582,Sunbeam Alpine
5909788,1171431,Christmas Sunday
5909958,1172186,Chrysler Sunbeam
5909966,1172227,Sunbeam Rapier
5910874,1176300,Stir-up Sunday
5910885,1176349,Gongsun Du
5911322,1178361,Hwang Sun-won
5911951,1180874,Tsunehisa Kimura
5912500,1183268,Mei Foo Sun Chuen
5912537,1183445,Sewsunker Sewgolum
5912651,1183842,Sunshine State Conference
5912869,1184751,Akhenaten: Son of the Sun
5913267,1186596,Saint Paul Sunday
5913859,1188691,Andréia Suntaque
5915059,1193706,Shimazu Tadatsune
5915136,1193966,Order of the Rising Sun
5915648,1196035,Hagerstown Suns
5916279,1199037,Hasekura Tsunenaga
5916560,1200518,Sungai Lembing
5917323,1203623,Sun Studio
5917503,1204451,Sundanese people
5917658,1205046,"Sunderland Bridge, County Durham"
5918033,1207049,Kim Il Sung University
5918037,1207059,Pygmy sunfish
5918269,1208487,Sunset Thomas
5920113,1215827,"Pale Sun, Crescent Moon"
5920502,1217512,Yellow sun
5920506,1217520,White sun
5920507,1217521,Blue sun
5920802,1218450,Sundarbans National Park
5921000,1219059,Eilert Sundt
5922597,1224746,SunnyPsyOp
5922639,1224951,Sunshine Sammy Morrison
5923017,1226819,Hornsund
5923261,1227696,Sundown town
5923621,1229087,Sun Yaoting
5924551,1233605,Iron Sunrise
5924855,1234881,Sunset Park
5926002,1239324,Redbreast sunfish
5926073,1239618,Green sunfish
5926429,1241139,Sun Country Airlines
5926475,1241331,Longear sunfish
5926804,1242573,Sunset Limited
5927009,1243625,Waterloo Sunset
5927291,1245143,Sunny Garcia
5928025,1248725,Sunda teal
5928499,1250640,Ålesund Region
5928557,1250878,Colonel Sun
5929441,1254542,Battle of Sunomata-gawa
5930393,1259005,Stocksund
5930479,1259280,Yasunao Tone
5931725,1264725,Blue Sky with a White Sun
5931896,1265619,Into the Sun (Sean Lennon album)
5932076,1266405,Holidays in the Sun (song)
5933780,1273534,Gaudete Sunday
5933920,1274081,TransUnion Canada
5934290,1275781,Yeonsung University
5934466,1276539,Fast Sunday
5934659,1277426,"Polish Polar Station, Hornsund"
5935435,1281334,Jemima Shore at the Sunny Grave
5936826,1288287,Sundazed Records
5937050,1289982,Laetare Sunday
5937621,1292418,Byuksung College
5937695,1292963,Sunshine Coast Regional District
5937712,1293167,Cold Sunday
5938314,1297523,Sunfish (sailboat)
5938519,1298619,The Wind from the Sun
5939576,1303579,A Sunday at the Pool in Kigali
5940237,1306698,Island in the Sun (film)
5940598,1308687,Global Sunday
5940853,1310577,The Sun (New York City)
5940995,1310952,The Sundays
5942448,1317377,Florida Suncoast
5942673,1318924,Sunil Mittal
5943695,1325385,Chosun University
5943720,1325558,The Golden Apples of the Sun
5943818,1326042,Sun RPC
5944306,1328236,2004 Indian Ocean earthquake and tsunami
5944465,1328903,Sunda Arc
5944565,1329366,Here Comes the Sun
5944793,1330704,Tintin and the Temple of the Sun
5945437,1333798,Afraid of Sunlight
5946577,1339607,Countries affected by the 2004 Indian Ocean earthquake and tsunami
5948163,1346906,Sun Peaks Resort
5948574,1348780,2004 Sri Lanka tsunami train wreck
5948596,1348866,SunTrust Banks
5949376,1352435,Sun Life Building
5949990,1355287,Suna Kan
5950326,1356932,Ninsun
5950803,1359364,Tsunami warning system
5950813,1359407,Pacific Tsunami Warning Center
5950819,1359453,Plain-backed sunbird
5951907,1364986,Taira no Noritsune
5952125,1366011,Tsunami Disaster
5952752,1369474,CBC News: Sunday Night
5953000,1370599,Ace Combat 5: The Unsung War
5953953,1375455,World Cricket Tsunami Appeal
5954279,1377369,Sparky the Sun Devil
5954767,1380369,USCGC Sundew
5955108,1382183,Sunniside
5955513,1385087,Choi Sung-kuk
5955752,1386097,"Sunninghill, Gauteng"
5956123,1388085,Sunshine Express Airlines
5956244,1388846,Sunshine Tour
5956300,1389099,Under the Tuscan Sun (film)
5956306,1389122,University of the Sunshine Coast
5956889,1391836,Sundiata Acoli
5957300,1393290,Coat of arms of Sunderland
5957462,1393957,Sun City Girls
5958248,1397985,Sun Hung Kai Properties
5958301,1398195,Tsunami Aid
5958399,1398687,Deep-ocean Assessment and Reporting of Tsunamis
5958763,1400529,Tokyo Sungoliath
5959754,1405849,Bells on Sunday
5959915,1406669,Kusunoki Masashige
5959954,1406841,Artesunate
5960509,1410091,Sunken Meadow State Park
5960952,1412046,Plough Sunday
5961062,1412623,Sun Party
5961456,1414654,Trångsund
5961458,1414673,Ōshikōchi no Mitsune
5961839,1416593,Langesund
5961924,1416936,Korsun
5962713,1420314,GWR Sun Class
5962719,1420342,King Edward Memorial Hospital and Seth Gordhandas Sunderdas Medical College
5962747,1420450,Indian Ocean Tsunami Warning System
5963068,1421725,Tsunami Relief Cardiff
5963402,1423289,"Sunnyside, Staten Island"
5965021,1430955,The Bozo Super Sunday Show
5965179,1431631,Josune Bereziartu
5965247,1431951,Away from the Sun
5965345,1432487,Sunburst (finish)
5965987,1435381,"Kuromatsunai, Hokkaido"
5966026,1435472,"Kamisunagawa, Hokkaido"
5966051,1435555,Grand Saline Sun
5966961,1439372,Sun d'Or
5967729,1442857,"Nakasatsunai, Hokkaido"
5967833,1443318,Sun (surname)
5968907,1448746,Sunwapta Falls
5969387,1451218,Sunnhordland
5969413,1451368,Sunnmøre
5969616,1452392,"Sunset Junction, Los Angeles"
5969939,1453793,Jomo Kwame Sundaram
5969997,1454266,Sun Television
5970052,1454694,Sundre
5971789,1463386,White Sun of the Desert
5971942,1464241,Indu Sundaresan
5972063,1464833,Sun Xiu
5972492,1466889,The Brandon Sun
5972591,1467475,Everyday Sunday
5973403,1471143,Sunshine rail disaster
5973468,1471489,Abdullah Sungkar
5974874,1478463,Winnipeg Sun
5975777,1483231,Sunderland Empire Theatre
5976001,1484270,Maria da Assunção Esteves
5976163,1485054,Sunless tanning
5976657,1488304,María Asunción Aramburuzabala
5976766,1489092,Ain't No Sunshine
5976970,1490376,Sundarbans
5979970,1505740,Sun Boy
5980204,1507125,2005 Sunjiawan mine disaster
5980226,1507228,Sunfest
5980956,1511110,Sunlounger
5981163,1512334,Sunset Tunnel
5982291,1518360,A Place in the Sun (British TV series)
5983024,1522121,PacSun
5983145,1522562,Sun printing
5983438,1524195,Tsunami Bomb
5983482,1524443,Suntan lotion
5984381,1528730,Rise Up Like the Sun
5984987,1530901,Kvicksund
5986525,1543507,Walking in the Sun
5986556,1543687,Sunny Day Real Estate (album)
5986657,1544142,Sungai Muntoh
5987490,1547647,Children of the Sun
5987517,1547748,Children of the Sun (play)
5988604,1553343,Sunshine of Your Love
5990603,1562918,Hokksund
5991004,1564815,SUnit
5991030,1564902,Arkösund
5991144,1565414,Sunshine Project
5991302,1566145,Kjell Sundvall
5991404,1566646,Sunnyvale ESL shooting
5991675,1567970,Msunduzi River
5992579,1572033,Suncreek United Methodist Church
5992653,1572287,Sunbird Aviation
5992968,1573639,Sun Dial (band)
5994386,1580904,Sun Yat-sen Mausoleum
5994599,1582179,Sunraysia Highway
5994722,1582718,Sunnfjord
5995895,1588016,The Sunday Game
5996515,1590967,The Sunday Night Project
5996677,1591708,SunView
5997200,1594101,Kimilsungia
5997926,1597693,SunExpress
5998027,1598192,Island in the Sun (Weezer song)
5999950,1607282,Suncoast Hotel and Casino
6000166,1608510,Behind the Sun (film)
6000172,1608543,Behind the Sun
6000396,1609639,Sunnybrow
6002409,1619020,You Are My Sunshine
6002895,1621217,Lao Sung
6003679,1625271,Calgary Sun
6003701,1625371,On the Sunday of Life...
6004881,1631234,Sun Hudson case
6005103,1632206,Sundridge Park railway station
6005960,1636186,Sunjay
6005993,1636278,That Evening Sun
6006839,1640343,Kreutz sungrazer
6007855,1645426,Sunnybank railway station
6008402,1647982,Datsun 810
6008588,1648751,Scotland on Sunday
6008720,1649352,Tursunbek Chyngyshev
6008780,1649556,Palm Sunday Compromise
6010032,1655826,Sunda
6010734,1659113,Sungusungu
6010881,1659737,Sunbeam Cycles
6010930,1659933,Datsun 2000
6010933,1659940,Datsun 1600
6010977,1660090,Datsun Roadster
6010982,1660112,Datsun DC-3
6011408,1662290,Suntribe
6011860,1664759,Lucky Starr and the Big Sun of Mercury
6011935,1665223,SunGard
6012316,1666975,Wheesung
6012574,1668505,Sunol
6012926,1671032,Sunao Tawara
6013985,1676508,Sunder Nix
6014054,1676837,A Raisin in the Sun (1961 film)
6014097,1677054,Cheap Sunglasses
6014426,1678885,Sun Lakes-Dry Falls State Park
6014736,1680716,Aquarius/Let the Sunshine In
6014986,1681966,Sunningdale railway station
6015404,1683736,Dusun people
6015778,1685366,Spartakus and the Sun Beneath the Sea
6015872,1685843,Sunny Side of Life
6016557,1689022,The Dying Sun
6017300,1692969,Ubi sunt
6018069,1696554,Sunbeams School
6018163,1697085,Sunbury railway station (Surrey)
6018748,1699901,Sungei Buloh Wetland Reserve
6018876,1700444,Kidung Sunda
6019615,1703685,Sunway Group
6019720,1704229,Kutsuki Mototsuna
6020473,1708158,Sun Bu'er
6020520,1708352,Øystein Sunde
6020537,1708450,Whitsunday Islands
6020819,1709569,Sunderland lustreware
6021009,1710699,Sunlight Makes Me Paranoid
6021035,1710817,Masahiro Matsunaga
6021036,1710826,Matsunaga
6021719,1714223,Sunda Shelf
6021958,1715614,Canticle of the Sun
6023037,1721054,Menntaskólinn við Sund
6023197,1721925,Sallingsund Municipality
6023202,1721951,Sundsøre Municipality
6023713,1724529,Suncor Energy
6026651,1741901,Sun Daolin
6026770,1742692,Korsun-Shevchenkivskyi
6027327,1745589,Sun-Air of Scandinavia
6027597,1747830,Sun Mingming
6027738,1748760,Sun Yat Sen Nanyang Memorial Hall
6027891,1749464,Sundaland heath forests
6027988,1749764,Wintersun (album)
6028875,1753955,Ikeda Tsuneoki
6029297,1755748,Fábio Assunção
6029871,1758608,Sunyaev–Zel'dovich Array
6029944,1758958,The Sun (tarot card)
6030284,1761462,Edmonton Sun
6030886,1765113,Sun Cellular
6031082,1766221,Sun Dance
6031355,1767456,New Maryland-Sunbury
6031887,1769293,Sun TV (India)
6033018,1775494,Kitsuno
6033216,1776532,Sun dog (disambiguation)
6033668,1778598,Robert Sungenis
6035362,1786996,Sunbury (federal electoral district)
6035615,1787774,Sunbury—Queen's
6035774,1788368,Sunshine Superman (album)
6036400,1791106,Sunburst Award
6037456,1795707,Duksung Women's University
6037738,1796865,"Sunnyside, Queens"
6039182,1804349,An Ancient Tale: When the Sun Was a God
6040047,1809107,Fox NFL Sunday
6040063,1809151,ESPN Sunday Night Football
6040064,1809153,Sunday Night Football
6040859,1812703,Sunderland North (UK Parliament constituency)
6040860,1812706,Sunderland South (UK Parliament constituency)
6040892,1812887,Lightbulb Sun
6041032,1813533,Bugady Musun
6041123,1813923,Sunflower Army Ammunition Plant
6041161,1814110,Sun Ray
6041574,1816393,The Sun Makers
6041684,1816946,GIF Sundsvall
6041848,1817723,Tsuneo Imahori
6041869,1817849,The Sunset Tree
6042354,1820525,"Sunday, Cruddy Sunday"
6042552,1821364,Sunken Gardens (Florida)
6042633,1821754,Sun Set
6043096,1823811,Sunshine Motorway
6043110,1823931,Sunshine Hockey League
6043311,1825312,Råsunda (district)
6044879,1831621,Sunda Trench
6045273,1833880,Best Reason to Buy the Sun
6046076,1838814,Dark Sun: Shattered Lands
6046537,1840870,Rising Sun (film)
6046630,1841347,Summer Sundae
6046731,1841877,Aalesund University College
6048438,1849730,Missing Sun motif
6049369,1854076,Blister in the Sun
6050929,1860675,Circle K Sunkus
6051387,1863167,Hisatsune Sakomizu
6051451,1863448,List of songs recorded by Elvis Presley on the Sun label
6051827,1865264,Missundaztood
6052127,1866361,Kitsune no yomeiri
6052842,1869973,Gösta Sundqvist
6053146,1871696,Taira no Tadatsune
6053195,1871931,Sun Ripened Warm Tomato Party
6053618,1873936,Sunnyside station (Calgary)
6053724,1874533,National Sun Yat-sen University
6053844,1875124,Powell River-Sunshine Coast
6053927,1875439,Sunrise (disambiguation)
6053992,1875864,Tytti Isohookana-Asunmaa
6054055,1876213,Giresun
6054355,1877756,Divine Mercy Sunday
6054618,1879210,Say Hello to Sunshine
6054956,1881082,Mitsunobu reaction
6055182,1882118,Sunshine Daydream
6055267,1882553,Lords of the Rising Sun
6055410,1883347,Sunga (disambiguation)
6055915,1885886,Sunset Transit Center
6055933,1885957,Swallow the Sun
6056159,1886908,Mohegan Sun Arena at Casey Plaza
6056657,1889349,A Sun Came
6056683,1889482,Sunshower
6056783,1889968,Land of the Rising Sun (anthem)
6056862,1890243,Colisée Financière Sun Life
6057336,1892756,Mohegan Sun Arena
6057550,1893877,Jim Sundberg
6057855,1895597,Sunday League
6058092,1896781,Yakima SunDome
6058177,1897230,Mirrored sunglasses
6058210,1897433,Sunlight (cleaning product)
6059016,1901899,May There Always Be Sunshine
6060695,1911268,Seattle Sun and Star
6060801,1911946,Sun Lutang
6060882,1912368,"Sunnybank Hills, Queensland"
6060922,1912580,Ho Yeow Sun
6061879,1917769,Sun Bin
6061962,1918285,Sunshine Biscuits
6062254,1919643,Sunday's Best
6062807,1922727,Emperor of the Fading Suns
6062890,1923052,Sunshowers
6062966,1923427,Jatavarman Sundara Pandyan I
6063958,1927915,Sunda Plate
6064102,1928806,One Wonderful Sunday
6064430,1930364,Sunday Morning Call
6064646,1931773,Sunnidale
6065167,1934520,...Nothing Like the Sun
6065512,1936591,Decisive Battles of WWII: Korsun Pocket
6066131,1939944,Sunbeam CG
6066138,1939968,Sunbeam Products
6067962,1950000,Sun (supermarket tabloid)
6068807,1954445,Sun WorkShop TeamWare
6069378,1956873,Vicky Sunohara
6069417,1957068,Tongsun Park
6070038,1959859,The Sunday Correspondent
6070458,1962635,Blueprint for a Sunrise
6070798,1964093,Southern California Sun
6071751,1968582,Anton Niklas Sundberg
6072696,1973549,The Sun Rises in the East
6073138,1976026,The empire on which the sun never sets
6073298,1976922,Sunset Strippers
6073808,1979312,Anjuman Sunnat-ul-Jamaat Association
6074041,1980631,Once Around the Sun (Joby Talbot album)
6074242,1981908,SunTour
6074276,1982104,"Sunnybank, Queensland"
6074608,1983925,Sunshine (wrestling)
6075145,1986846,Sunda stink badger
6075163,1986929,Sunset Beach (Vancouver)
6076054,1991498,Sundance TV
6077205,1997826,Sunlight House
6077209,1997856,Joseph Sunlight
6077229,1997943,"Sunset Beach, California"
6077245,1998017,Sunset State Beach
6077323,1998376,Hastings–Sunrise
6077533,1999632,Tripura Sundari
6077863,2001352,Sundance
6078159,2002674,The Misunderstood
6078306,2003490,Empress Sunjeonghyo
6078387,2004010,The Book of the New Sun
6078659,2005493,Sunan ibn Majah
6078752,2005941,Sunset Key
6079051,2007377,Sunan Abu Dawood
6079232,2008442,Sunjo of Joseon
6079894,2011758,Sundsøre
6082301,2024367,Sunstone
6082676,2025932,Niklas Sundström
6083029,2027682,Hyosung
6083037,2027742,Sunday Edition (Canadian TV program)
6084310,2035031,Tsunku
6086836,2051212,Yasunori Masutani
6087120,2052504,Sunshine Anderson
6087221,2053056,Command & Conquer: Tiberian Sun
6088600,2061049,Sungkyunkwan
6089131,2063562,Tursunbai Bakir Uulu
6089234,2064160,Sunamganj District
6089398,2065091,Sun Tower
6089686,2066531,"Asuncion, Davao del Norte"
6090177,2068753,"Sunbury County, Nova Scotia"
6090436,2069663,SUNMOS
6091059,2072725,Alan Sunderland
6091963,2077269,Tsunami PTSD Center
6091994,2077484,Gongsun
6093728,2086952,Pia Sundhage
6094012,2088439,Sunny Days and Nights
6094147,2089148,Mario Kasun
6094260,2089810,Sunstorm
6094262,2089817,Sunstorm Interactive
6094263,2089819,Sunstorm (novel)
6094274,2089911,Paranoid & Sunburnt
6094275,2089930,Ottawa Sun
6094352,2090346,Sun King (song)
6094590,2092013,Sunrise Adams
6094993,2094129,Sun Belt Water
6096004,2099952,"Sunehri Mosque, Lahore"
6096203,2100979,Sundman (crater)
6096449,2102447,Sun God (statue)
6097156,2106897,Sun Chips
6097742,2109887,Justice Sunday
6097867,2110538,"Sunderland, Ontario"
6098742,2115538,Sunrise Hospital & Medical Center
6098753,2115579,Good Morning Sunshine
6100063,2122367,Sunspots (economics)
6100985,2127747,Gongsun Sheng
6102564,2138527,The Book of the Short Sun
6102574,2138592,The Book of the Long Sun
6102575,2138595,MidSun Junior High School
6103098,2141554,Kite (Stefanie Sun album)
6104169,2146900,Air Sunshine
6104393,2148088,Start (Stefanie Sun album)
6104435,2148312,To Be Continued... (Stefanie Sun album)
6104442,2148328,The Moment (Stefanie Sun album)
6105734,2154904,"Sunnyside, Toronto"
6106255,2156907,Alfred Sung
6106353,2157300,St Sunday Crag
6106439,2157817,Live (Sunny Day Real Estate album)
6107126,2161177,Sunday 8PM
6107134,2161233,Sunday 8PM / Saturday 3AM
6107371,2162338,Sunshine Building
6107379,2162390,Sunday Sequence (BBC Radio Ulster)
6107493,2162972,Behind the Sun (Chicane album)
6107938,2165267,Datsun Truck
6108646,2168581,Sunrise industry
6108844,2169656,Tsunesaburō Makiguchi
6109514,2173163,The Sundowners (series)
6109546,2173301,Warcraft: The Sunwell Trilogy
6110857,2179630,Sunabeda
6110883,2179728,Johannesburg Sun Hotel
6110928,2179922,Epic of Sundiata
6111602,2182779,First Rays of the New Rising Sun
6111664,2183137,The Sun (magazine)
6112577,2187737,Sunset Las Palmas Studios
6112757,2188789,Sunrella
6112833,2189075,The Last Shall Be First (Sunz of Man album)
6113236,2191152,Sunburst and Snowblind
6113782,2193579,Sunscreem
6113877,2194041,Following the Sun (Enigma song)
6113914,2194189,Hobbs News-Sun
6113940,2194358,Kirkdale sundial
6114208,2195840,Taiten Kusunoki
6115130,2201081,USS Suisun
6115399,2202381,Faint young Sun paradox
6115586,2203340,Ireland on Sunday
6116594,2208652,Sunwoo Entertainment
6116699,2209183,Mei-Ting Sun
6116926,2210606,Vasundhara Das
6117439,2213054,Sunspider
6117476,2213214,"Sun City Center, Florida"
6117760,2214665,"Robopon Sun, Star, and Moon Versions"
6118313,2217505,Suncor Energy Centre
6118568,2218881,Sun TV Network
6118755,2219770,Sunny Sundae Smile
6118861,2220222,Scottish sundial
6119510,2223120,"Sunningdale, Gauteng"
6119511,2223125,Sunningdale Ridge
6119512,2223132,Sunset Acres
6120260,2227030,Sunk Rock Lighthouse
6120392,2227651,Osun State
6121077,2231019,Sun-Hwa Kwon
6121114,2231215,Sunlight (disambiguation)
6121238,2231872,Krishnaswamy Sundarji
6121783,2234698,Sungenis
6122856,2240566,Red sunflower
6122918,2240975,Sunken treasure
6123539,2243978,Sun Wu
6123556,2244071,Sinodonty and Sundadonty
6123992,2246367,Sunnyvale Independent School District
6124396,2248480,Good Day Sunshine
6124450,2248738,Nørresundby
6124731,2250077,Sunninghill
6125383,2253250,I'll Follow the Sun
6125756,2255175,Under the Red Sea Sun
6125803,2255379,Sun Ultra series
6126824,2260875,The North Wind and the Sun
6126976,2261655,Yasuní National Park
6127172,2262699,Sun Fire
6127188,2262820,Sun Blade (workstation)
6127757,2266273,The Saga of Seven Suns
6127918,2267007,SUNY Downstate Medical Center
6128046,2267715,Mohegan Sun
6128170,2268306,Yasutsune Uehara
6128213,2268472,Sundowner
6128589,2270480,Kotoōshū Katsunori
6128660,2270964,Herald Sun Tour
6128889,2272064,Sunniva
6128975,2272682,Choi Gee-sung
6130070,2277800,Quadragesima Sunday
6130077,2277827,Sunchild First Nation
6131517,2284629,Road to Sunday
6131571,2284945,Sunninghill Park
6132308,2288960,Midnight Sun Game
6132434,2289642,Olena Boytsun
6133331,2294180,Pitsunda
6133474,2294835,Sundara Kanda
6133781,2296259,TrackMania Sunrise
6134116,2297746,Sun Laiyan
6134582,2300167,A Place in the Sun (1951 film)
6134608,2300316,Fox News Sunday
6135165,2302787,Prince Tsunenaga
6135178,2302874,Chungmugong Yi Sun-sin-class destroyer
6135446,2304473,Black Sun (symbol)
6135516,2304823,Every Tuesday Sometimes Sunday
6135687,2305571,Canadian Sunset
6135862,2306561,Sunday Love
6135947,2307052,Mitsunari Kanai
6136535,2310152,Sunbird (disambiguation)
6136636,2310823,Anthem of the Sun
6137219,2313472,The Sunday Times
6138289,2319465,Paek Nam-sun
6138422,2320268,La Asunción
6138558,2320958,Sundgau
6139039,2323516,Suncoast Motion Picture Company
6139091,2323811,Into the Sun (2005 film)
6139545,2326565,Bloody Sunday Inquiry
6139963,2328781,Mr. Sunshine (1986 TV series)
6140452,2331543,CBC News: Sunday
6140680,2332833,Forgive Her (Swallow the Sun song)
6141813,2339213,In the Sun
6142201,2341496,Sun Li (Water Margin)
6143163,2345459,Shiv Sunder Das
6143443,2346734,Sunday Examiner
6144112,2350191,Blues at Sunset
6144219,2350577,Ramsund
6144363,2351216,Shiba Takatsune
6144706,2353669,Ding Desun
6145047,2355614,Kvitsund Gymnas
6145335,2357552,Sundberg
6145895,2360976,The Sunday Mail (Brisbane)
6146496,2363884,Bomarsund
6146620,2364602,"Bomarsund, Northumberland"
6146694,2364908,Sunning
6147153,2367433,Sun Xin (Water Margin)
6147321,2368569,Sadhu Sundar Singh
6147795,2371401,Thiru. V. Kalyanasundaram
6148604,2376034,Black Sun Press
6148857,2377150,Sunita Williams
6149502,2380622,"Brother Sun, Sister Moon"
6150175,2383535,Corey–Itsuno reduction
6151217,2388865,Sun Erniang
6151612,2390972,Sundern-Allendorf
6151778,2391938,I Don't Care if the Sun Don't Shine
6151876,2392305,Sensuntepeque
6152185,2393393,Presuntos Implicados
6152383,2393941,"Fulwell, Sunderland"
6152454,2394300,Asunción Mita
6153134,2397859,Suntory Hall
6153670,2400536,Park Yong-sung
6155889,2413063,Kusunoki Masatsura
6156244,2415240,Trundholm sun chariot
6156259,2415374,Pers sunshine recorder
6156260,2415376,Marvin sunshine recorder
6156262,2415379,Jordan sunshine recorder
6156263,2415390,Sunshine recorder
6157144,2420551,Rising Sun (yacht)
6157237,2421010,Wear Sunscreen
6157416,2421894,Hexagon Sun
6157508,2422509,NBC News at Sunrise
6157970,2424872,Gsung-'bum
6158372,2427673,Prodigal Sunn
6158384,2427707,Sunz of Man
6158855,2430207,Östersunds FK
6159336,2433112,Sunday Mail (Scotland)
6159423,2433667,Buried on Sunday
6159488,2434112,Riot on Sunset Strip
6159603,2434796,It's Always Sunny in Philadelphia
6159759,2435882,Sun Grant Association
6160481,2439425,Mondays in the Sun
6160747,2440740,Hide from the Sun
6161000,2442047,Olias of Sunhillow
6162131,2447626,Blues at Sunrise (Albert King album)
6162611,2450152,Diary (Sunny Day Real Estate album)
6162711,2450700,Sunder Lal Hora
6163016,2452275,Watanabe no Tsuna
6163127,2452638,Sunset Song
6163349,2453854,Sunday Go to Meetin' Time
6164067,2457732,The Chillout Project: Sisters of the Sun
6164622,2460852,Ambersunshower
6165472,2466134,Tell Hassuna
6166606,2473124,Sunrunner's Fire
6166713,2473662,"South of the Border, West of the Sun"
6167147,2476289,Red Sails in the Sunset
6167153,2476319,Red Sails in the Sunset (song)
6167327,2477432,Osuna
6168047,2482150,Battle of the Assunpink Creek
6168215,2483209,Black Sunday (1960 film)
6168646,2486152,Glasgow Sunday
6168666,2486260,It Happened in Sun Valley
6169692,2492310,Fang of the Sun Dougram
6170025,2494470,Super Sunday (British TV programme)
6170428,2496746,Socialist Sunday School
6170921,2499014,Thusitha Jayasundera
6170949,2499181,The Sunlandic Twins
6172017,2505415,Tsunashima Station
6172410,2507704,Sundance (rapper)
6172426,2507818,Sunshine (American band)
6172687,2508976,Sea Life Sunshine Coast
6172893,2509909,Sunrise River
6172972,2510583,NoCGV Ålesund
6173498,2513785,Tjeldsundet
6173857,2515721,Six (Mansun album)
6174116,2517537,Sunny Chan
6174120,2517561,Sunda pangolin
6174575,2519731,Joe Sun
6175207,2524124,CBS News Sunday Morning
6176467,2530925,Up on the Sun
6177432,2537143,Nothing Like the Sun: A Story of Shakespeare's Love Life
6178044,2541298,Shin Hye-sung
6178470,2543631,Orlando Sundogs
6179058,2547531,Sunil Kumar Desai
6179341,2549454,Hōjō Ujitsuna
6179749,2553314,Let the Sunshine In (album)
6179799,2553608,Sunnyside (1919 film)
6180514,2557613,The Cornell Daily Sun
6181279,2561653,Date Tsunamune
6181419,2562514,Sun-Pat
6181467,2562868,Sundergarh district
6181560,2563535,Redear sunfish
6181641,2564148,Suntec City
6181969,2566505,Weekend Sunrise
6182032,2566914,Whitsunday Island
6182615,2569866,Sun TV
6184727,2581397,Sunline
6185588,2585886,Music of the Sun
6185591,2585898,Suisun
6185681,2586378,Sunday Supplement
6185926,2588424,Selsun Blue
6186426,2591130,Towards the Sun (film)
6188378,2602218,Sunbeam Bread
6189084,2606152,Rebecca of Sunnybrook Farm
6189171,2606616,Sunday Morning (No Doubt song)
6189549,2608948,"Sunnyside (Tarrytown, New York)"
6190139,2612484,See the Sun (Pete Murray album)
6190362,2613535,Sun Is Shining (Bob Marley and the Wailers song)
6190394,2613692,Kye Sun-hui
6190744,2615574,Names of Sun Yat-sen
6191234,2618243,Sun Hei SC
6191491,2619555,Suncoast
6192624,2626279,Sun and planet gear
6192786,2627050,Samsunspor
6193388,2630415,"Barnes, Sunderland"
6193503,2631120,The Sun News
6193859,2633189,Party of the Sun (Costa Rica)
6193994,2633665,Nyksund
6195396,2641434,Sleeping Sun
6195518,2642218,Samsung Miniket
6195533,2642295,Xsun
6195818,2643691,"Sunriver, Oregon"
6196607,2647583,Jasun Martz
6197253,2651262,Red Lion and Sun Society
6197462,2652217,Sundance Provincial Park
6198569,2658622,Seven Days in Sunny June
6199163,2661458,Black Like Sunday
6199198,2661623,Asuna
6199287,2662024,Racial Justice Sunday
6199337,2662235,Under the Big Black Sun
6199483,2662992,Sunderland Museum and Winter Gardens
6199878,2665359,Going-to-the-Sun Mountain
6199931,2665599,Suncorp Super Netball
6200510,2668391,Sunday World
6200710,2669553,Tjeldsund Bridge
6200779,2669903,Raftsund Bridge
6200800,2670033,Sundklakkstraumen Bridge
6201031,2671263,The Sundial
6201092,2671544,Guldborgsund Municipality
6201610,2674590,Sannesund Bridge
6201713,2675204,Gjemnessund Bridge
6201801,2675805,Sandnessund Bridge
6201821,2675915,Gisund Bridge
6202078,2677193,Arild Sundgot
6202108,2677346,Sunday Oliseh
6202823,2681118,Sunshine Blind
6202889,2681522,Skarnsund Bridge
6203005,2682188,Soul Searching Sun
6203735,2685943,Masnedsund Bridge
6203892,2687084,Sallingsund Bridge
6203925,2687216,Vilsund Bridge
6204015,2687710,Svendborgsund Bridge
6204096,2688124,The Sun (American band)
6205835,2699784,Mjøsund Bridge
6206330,2702529,Sun Yue (basketball)
6206706,2704585,Sunburned Hand of the Man
6206816,2705282,Kvalsund Bridge
6206819,2705316,Havøysund Bridge
6206909,2705736,Ramsund Bridge
6206971,2706016,Linienzugbeeinflussung
6206981,2706065,Red Sun
6207199,2707174,Brønnøysund Bridge
6207833,2711378,Sundøy Bridge
6207860,2711555,Marøysund Bridge
6207886,2711737,Nærøysund Bridge
6208167,2714905,Strelasund Crossing
6208297,2715732,Brattsund Bridge
6208304,2715785,Indre Sunnan Bridge
6208666,2718802,House of the Rising Sun (Idris Muhammad album)
6208912,2721086,Hurry Sundown (film)
6208978,2721661,Rain from the Sun
6209169,2722769,Aursund Bridge
6209182,2722871,Mjosund Bridge
6209337,2723793,Sunday Silence
6209574,2725269,Sunshine Coast Line
6209713,2726131,Break in the Sun
6209720,2726229,The Shadow of the Sun
6210182,2729083,Samsung Notebook
6210302,2729601,Bergsøysund Bridge
6210316,2729680,Straumsund Bridge
6210385,2730055,Omsund Bridge
6210532,2730747,Kill the Sun
6210551,2730838,Nordsund Bridge (Kristiansund)
6210570,2730989,Sørsund Bridge
6210638,2731388,Storseisundet Bridge
6210753,2732083,Sunuwar people
6210922,2732939,Like Gods of the Sun
6211015,2733460,Tequila sunrise
6211032,2733561,Sunyani
6211479,2736511,Kasungu District
6211509,2736577,Dromnessund Bridge
6211539,2736726,Midsund Bridge
6211605,2737066,Punktförmige Zugbeeinflussung
6211747,2737724,Ullasund Bridge
6211957,2738815,Sunday Bada
6212786,2744713,Mourning Sun
6212859,2745531,"Hendon, Sunderland"
6213105,2747803,Sun Chariot Stakes
6213784,2753832,Las Vegas Sun
6213922,2755349,"Henry Spencer, 1st Earl of Sunderland"
6214247,2758170,Åkviksundet Bridge
6214393,2759593,Susanne Sundfør
6214434,2759826,"Sunrise Mall (Citrus Heights, California)"
6215001,2764126,Guldborgsund
6215115,2765312,Sunnyside Farm
6215760,2770189,Misunderstood
6216162,2772031,Sunday (Australian TV program)
6217384,2780805,List of Sun Country Airlines destinations
6217823,2783277,The Sun (Cat Empire album)
6218370,2786016,Sundbyøster
6218372,2786022,Sundbyvester
6218746,2789267,Frank Sundstrom
6219398,2793832,Sunnybank
6219574,2794849,Sunny Mabrey
6219851,2796302,Sunday Morning
6219883,2796434,Sunday Morning (radio program)
6220064,2797638,Holiday in the Sun (film)
6220409,2799595,FK Haugesund
6220559,2800440,The Sun (Lowell)
6220792,2801765,Sun outage
6221455,2806256,Battle of Tsuntua
6222876,2813515,NFL Sunday Ticket
6223034,2814295,Sunny Side Up
6224229,2821751,Samsung Anycall
6224518,2823488,Zhangsun Wuji
6224581,2823903,The Sunchaser
6225158,2827137,Sunshine Coast Airport
6225378,2828728,Sunshine State
6227078,2838581,Sunday comics
6227709,2842020,The Rising Tide (Sunny Day Real Estate album)
6227890,2843397,SunCom
6227932,2843749,Kanshu Sunadomari
6228225,2845597,Misunderstood (Robbie Williams song)
6228891,2849396,The Sun Chronicle
6228980,2850005,Presunto
6229141,2850982,Frucor Suntory
6229358,2852255,Ronnie Sundin
6229444,2852820,Sounds Like Sunset
6229652,2854085,"Saturday Night, Sunday Morning"
6229789,2854864,Infanta Maria da Assunção of Braganza
6229871,2855168,Date Tsunamura
6230812,2861038,Sun Cheng
6231093,2862543,Sunflower Records
6231489,2865056,Niklas Sundin
6231883,2867481,Johnny Tsunami
6232680,2871977,Thao Thep Krasattri and Thao Si Sunthon
6232775,2872586,Tsundere
6232947,2873632,Sunnyvale railway station
6233036,2874201,Rising Sun Pictures
6234170,2880770,Black Sunday (novel)
6234214,2881020,Sunbeach
6234395,2882135,Super Sunday (phone-a-thon)
6234849,2884497,Calico Sunset
6235387,2887498,Sunovion
6236104,2891430,Sundadanio
6236860,2895938,Ichimura Tetsunosuke
6236861,2895949,Assunpink Creek
6237721,2900182,American School of Asunción
6238127,2902459,Samsung Lions
6238617,2904017,Reggae Sunsplash
6238850,2905151,The Suntones
6239091,2906386,Camp Rising Sun (New York)
6239239,2907267,"Grangetown, Sunderland"
6240019,2912108,Lady Sun
6240398,2914397,Sunda slow loris
6240401,2914404,Kim Youngsun
6240417,2914568,Sunburned rat
6240595,2915795,Behind the Sun (Eric Clapton album)
6241343,2919436,Sunsari District
6241649,2920986,Sunshine Hit Me
6241823,2921902,Sunflower oil
6242365,2925352,Eratsun
6242764,2926715,Sunbilla
6243710,2932729,Pacific Sun (newspaper)
6243917,2933688,Sun Remarketing
6244076,2934468,Set the Controls for the Heart of the Sun
6244108,2934621,Sunnyvista
6244701,2938181,"Castletown, Sunderland"
6245018,2940516,Ghost in the Noonday Sun
6245301,2942168,Bussunarits-Sarrasquette
6245488,2943214,Alçay-Alçabéhéty-Sunharette
6245554,2943429,Samsung D600
6245690,2944611,Lichans-Sunhar
6246036,2947270,Melbourne Sun Aria
6246125,2947962,The Lake (Yasunari Kawabata novel)
6246314,2949271,Sung Tongs
6246454,2950076,Carnival Sunshine
6246540,2950761,The Datsuns (album)
6246642,2951341,Sundance Sea
6246721,2951850,Moscow Sun Yat-sen University
6247400,2956058,Sunrise Mountain High School
6247945,2960442,Lyal S. Sunga
6248098,2961343,Sun Goes Down (David Jordan song)
6248489,2964198,Sunflower (disambiguation)
6249170,2968058,Sunday Too Far Away
6249343,2969210,Sunila Abeysekera
6250249,2975293,Suni
6250517,2976994,Kadazan-Dusun
6251195,2980868,Kitsap Sun
6251232,2981139,"Sunifred, Count of Barcelona"
6251240,2981214,"East of the Sun, West of the Moon"
6251713,2984471,"St Peter's, Sunderland"
6252120,2986917,Sunquat
6252281,2987782,Sun Life Centre
6252442,2988626,Battle of Bogesund
6253467,2995481,Tsunami Brothers
6253728,2997163,Pretty Mary Sunshine
6253757,2997352,Sunday Mercury
6253807,2997589,Sunset (EP)
6254156,3000180,Sun Haven Studios
6256604,3015396,Mission Nuestra Señora de la Asunción de Zía
6256837,3017040,Sunset Junction Street Fair
6256944,3017662,On the Sunny Side of the Street
6256972,3017912,Sun Yat-sen House (Nanjing)
6257133,3018948,Sunnybank Rugby
6258676,3027101,Kim Il Sung Stadium
6258993,3028818,Sunshine Special
6259045,3029102,When the Sun Goes Down (Arctic Monkeys song)
6259219,3030331,Sunshine of Your Love (album)
6259243,3030609,Sunderland Echo
6259322,3031192,Sundet
6259376,3031440,Land of Sunshine
6259455,3031886,Bloody Sunday (film)
6259782,3032929,650 Amalasuntha
6260064,3033797,Miami Sunset Senior High School
6260301,3035192,Suns of Light
6260342,3035427,Silver Sun
6260680,3036874,Tsunao Okumura
6261517,3041816,Yasunori Katō
6263527,3053995,"Sunnyvale, Auckland"
6264055,3056972,Sunstate Airlines
6264101,3057368,List of governors of Osun State
6264775,3061706,Heaven's Bright Sun
6265496,3066943,The Royal Hunt of the Sun
6265838,3069598,Stamsund
6266214,3071999,Sunroom
6266434,3073284,Sunrise service
6267838,3081656,Tom Sundby
6267859,3081751,Sun Shao (general)
6267976,3082608,Sunday Morning (Maroon 5 song)
6268692,3086336,Al-Sunan al-Sughra
6269253,3089280,Trying to Burn the Sun
6271727,3103905,Under a Billion Suns
6271994,3105401,Smif-N-Wessun
6272064,3105918,Unsung (EP)
6276000,3130000,Sun Newspapers
6276435,3132962,Burnt by the Sun
6276959,3136229,Inquisition: The Persecution and Prosecution of the Reverend Sun Myung Moon
6277436,3139571,John Sung
6277444,3139641,The Sunday Roast
6277842,3142126,The Sunday Mail
6277981,3142914,Sun-Herald
6278531,3146002,Sunday Bloody Sunday (film)
6278667,3146871,Sunbow Entertainment
6278833,3148173,Sunday Mornin' Comin' Down
6279212,3150217,Sunday Concert
6279504,3152113,Toronto Sun Building
6279809,3154256,Sun Chuanfang
6280587,3159620,Sunderland City Council elections
6280911,3161902,Studio 60 on the Sunset Strip
6281081,3163373,Sun-Rype
6282906,3174974,Trångsund (disambiguation)
6283888,3181523,Norwegian Sun
6283991,3182152,V. Sundramoorthy
6284541,3185191,Sun Java System
6286173,3195139,Orang Sungai
6286745,3198863,Vikersund
6287011,3200362,OFI Sunday
6287446,3202949,Sunwest Aviation
6287650,3204179,Palm Sunday (book)
6288000,3206132,Sunsoft
6288982,3212705,Sunshine Way
6289072,3213376,Nature's Sunshine Products
6289207,3214166,Blind (The Sundays album)
6290056,3218279,Apollo Sunshine (album)
6291733,3227866,Gang Il-sun
6292472,3232199,Sung Yu-ri
6292531,3232569,Sword at Sunset
6292948,3235064,Somewhere in the Sun... Best of the Dream Academy
6293061,3235817,Sunol Valley
6293654,3239137,Sundown (S Club 8 album)
6294654,3244981,Canadian federal election results in Greater Vancouver and the Sunshine Coast
6295610,3250824,Ji Sung
6295638,3251021,Sunsite
6295905,3252860,Sunshine (2007 film)
6296401,3255620,Sunomata Castle
6296842,3258267,Sunrise (British TV programme)
6297028,3259635,Pyramid of the Sun
6297197,3260573,The Sun News-Pictorial
6298227,3267176,Doomsday Sun
6298902,3272180,Black the Sun
6298966,3272474,Ossun
6299615,3276258,FA Sunday Cup
6299779,3277142,Staring at the Sun (U2 song)
6300622,3283908,Victory over the Sun
6303070,3300797,José Asunción Silva
6303855,3305262,Olav Sunde
6303955,3305925,Children of the Black Sun
6304152,3307178,"Sunnyside, Houston"
6304160,3307275,Vermont/Sunset station
6304192,3307561,"Sunyer, Count of Barcelona"
6304314,3308385,The Magic City (Sun Ra album)
6304457,3309430,Sunderland station
6304617,3310280,Regina Sun
6305783,3317085,On Any Sunday
6305793,3317200,The Sun Records Collection
6305940,3318071,Tensung Namgyal
6306180,3318945,Sunwar language
6306423,3319865,My Three Suns
6307451,3327262,Jamestown Sun
6307454,3327298,"Sunnyvale, New Zealand"
6308778,3337727,The Whitsun Weddings
6309568,3344145,Rebecca of Sunnybrook Farm (1917 film)
6309577,3344268,Sun Ship
6309904,3347240,Psonic Psunspot
6310428,3350891,List of ships sunk by the Imperial Japanese Navy
6310738,3353229,Sunni view of Ali
6310764,3353389,Hunger (Hamsun novel)
6312067,3365240,The Town That Dreaded Sundown (1976 film)
6312163,3366046,Sun Herald
6312400,3368137,Sunset (disambiguation)
6312852,3371283,The Conway Daily Sun
6314172,3381330,Renault Samsung SM7
6314699,3385541,Despise the Sun
6315276,3389878,Electric Sun
6316146,3396856,Sun Liang
6316311,3398101,Aztec sun stone
6316668,3401254,The Last Light of the Sun
6316833,3402665,Sunnybrook Health Sciences Centre
6316848,3402761,Sunbus Sunshine Coast
6316910,3403510,Unsung: The Best of Helmet (1991–1997)
6316969,3404144,Sunni fatwas on Shias
6317901,3411193,From the 13th Sun
6318312,3414458,Banff Sunshine
6318878,3418490,Sun Jun (Eastern Wu)
6319269,3421527,Sun Prairie Area School District
6320038,3428011,Sun Chen
6320167,3428671,The Sunny Side
6321027,3435330,K. R. Somasundram
6321055,3435535,"Sunderland, Lancashire"
6321472,3439216,Sunset High School (Texas)
6321996,3442763,Sunoh
6322087,3443349,SunCruz Casinos sale
6322557,3446842,Masunga
6322768,3448456,Jovan Sundečić
6322855,3448964,Sun Hao
6323391,3452122,People of the Sun
6323820,3455701,Sunbury Pop Festival
6324601,3460788,Raman Sundrum
6325045,3463633,Sun Yingjie
6325357,3465906,Sun Television and Appliances
6325447,3466789,Samsung Display
6326084,3471379,Paul Sun-Hyung Lee
6326221,3472330,Sun sensor
6326803,3476224,Sun He
6326924,3477112,Karmsund
6328850,3490671,Kasungu National Park
6329274,3493517,Sunno
6329315,3493687,Lazy Sunday (The Lonely Island song)
6329320,3493717,The Sunshine Fix
6329724,3496852,Patrik Sundström
6330561,3502474,Miracle of the Sun
6330686,3503497,Sunday Working (Scotland) Act 2003
6331000,3505929,Kuda-gitsune
6331398,3508834,Fiji Sun
6331688,3510409,Sun West School Division
6332472,3515339,Sunol Water Temple
6332536,3515794,Norheimsund
6332757,3516843,Alexander Sundström
6332824,3517307,Sunday Sunday
6332898,3517669,Walking on Sunshine (Katrina and the Waves song)
6333034,3518451,The Electric Sun Years Vol. I & II
6333536,3521470,Sin Sung-gyom
6333864,3523627,Sung poetry
6333979,3524307,Kirill Sosunov
6334240,3525916,Samsung YEPP
6334247,3525946,Sunaura Taylor
6334832,3529677,Sundridge/South River Airpark
6334874,3529850,Sun Certified Network Administrator
6334915,3530130,Sunset Peak (Hong Kong)
6335629,3534714,Oniniwa Tsunamoto
6336042,3537697,Waitin' on Sundown
6337219,3544492,Hasungen Abbey
6338825,3554438,In the Heat of the Sun
6339565,3558754,Hōjō Tsunashige
6339885,3560984,Arizona Sundogs
6340561,3565374,Hwang Sun-hong
6340925,3567537,Under the Sun / Under the Moon
6341783,3572363,"Brother Sun, Sister Moon (album)"
6341820,3572621,Egyptian sun temple
6342265,3575471,Sundown (Gordon Lightfoot album)
6342271,3575509,Sundown
6342317,3575832,Empress Zhangsun
6342605,3578016,Assunta De Rossi
6342821,3579207,Sunleif Rasmussen
6343177,3581730,Sunward Cohousing
6343327,3582758,Sunward
6343482,3583845,Quiet Sun
6343563,3584372,Mainstream (Quiet Sun album)
6343593,3584556,Sunbury United Rugby League
6343719,3585399,Black Sun (Goodrick-Clarke book)
6343741,3585541,Sung Siew Secondary School
6344605,3590901,Josep Sunyol
6344754,3591983,Sunseeker
6344859,3592961,Land of the Midnight Sun
6345367,3595657,Stone and Sun
6345530,3596634,Sanada Nobutsuna
6346540,3602257,Sunderland College
6347221,3605965,Sunday Star-Times
6348107,3611343,Sungor language
6348160,3611704,Sunan Airport
6348375,3612958,Sunshine (S Club 7 album)
6348394,3613092,NBC Sunday Night Football
6349647,3620376,Torii Suneemon
6350446,3625231,"Thrills, Kills & Sunday Pills"
6351160,3629754,Irobe Katsunaga
6351268,3630368,Two Suns in the Sunset
6351854,3634008,Narumi Tsunoda
6352092,3635595,Sun Yefang
6352226,3636386,Seven Days in the Sun
6352243,3636466,Sunbury-on-Thames Urban District
6353743,3646385,Sunn
6354412,3649927,Puyo Puyo Sun
6354444,3650176,Erlend Storesund
6355235,3655963,Sundre Airport
6355236,3655965,Sundre/Goodwins Farm Airport
6355397,3656826,Mōri Katsunaga
6355678,3658215,Avalon Sunset
6355683,3658226,Tsuniah Lake Lodge Airport
6356003,3660079,Desert Sun Stadium
6356379,3662364,MV Arctic Sunrise
6356569,3663565,Sunglint
6356612,3663835,Sunless Sea
6356798,3665093,Musunuri Nayakas
6357011,3666257,Sunday (computer virus)
6357656,3670417,Men in the Sun
6357698,3670738,SUNTRACS
6357793,3671434,Sunset Drive
6358105,3673794,Summer Sun
6358482,3675972,Sundown (band)
6359676,3684867,Juan María Osuna
6360600,3691099,Sunderland Minster
6361096,3695521,Kyungsung University
6361500,3698737,Sun moth
6361934,3702036,"Farringdon, Sunderland"
6361941,3702161,"Grindon, Sunderland"
6362340,3705436,Sunnybank State High School
6363497,3714598,Light Blue Sun
6364153,3719406,Akao Kiyotsuna
6364160,3719443,Endō Naotsune
6364465,3721005,Ho-Sung Pak
6365209,3726261,"Sunyer II, Count of Empúries"
6365347,3726869,Sun-woo Kim
6365714,3728635,Sunetra Sarker
6365785,3729095,Sun Green
6365791,3729127,Naoe Kagetsuna
6365892,3729778,Sunita Alahan
6366170,3731495,Misungwi District
6366242,3732052,Washington and Sunderland West (UK Parliament constituency)
6366249,3732128,Houghton and Sunderland South (UK Parliament constituency)
6366571,3734340,Incheon Sungui Stadium
6366748,3735731,Marui Big Bear Datsun
6366990,3737321,Oscillons from the Anti-Sun
6367021,3737507,Sunghori concentration camp
6367178,3738403,Ariano Suassuna
6367203,3738554,Bo Sundqvist
6367265,3738867,Sunday Times Golden Globe Race
6367378,3739264,Mount Koikakushusatsunai
6368378,3745182,To Try for the Sun
6368851,3748391,Mount Rubetsune
6370058,3756813,Sunken Gardens
6370943,3763396,Brighter Than a Thousand Suns (album)
6370948,3763462,Samsung SGH-D500
6371494,3767168,"Community School (Sun Valley, Idaho)"
6372619,3775347,"Sun, Sun, Sun"
6372663,3775580,Cafe con Leche (Sunday party)
6373351,3780873,Lockheed CL-400 Suntan
6373761,3783409,Sunith Francis Rodrigues
6374028,3784893,Matsunoo Taisha
6374491,3788021,Ascendant Sun
6375033,3792923,Sunyer I
6375056,3793120,Sunifred
6375057,3793125,Sunyer
6375285,3794708,The Red Sun Band
6376515,3804040,Daniel Sunjata
6376634,3805366,Lake County News-Sun
6376691,3806006,Sun Fire 15K
6376707,3806131,Sun StorageTek SL8500
6376756,3806582,Kōichirō Yasunaga
6378300,3818448,Sunshine Kids Foundation
6378489,3819633,2006 Sundance Film Festival
6379805,3829491,Sunchon
6379822,3829620,Svinesund Bridge
6379883,3830101,A Sunday in the Country
6380679,3835288,"Hattersville, Sunnyvale, Texas"
6380692,3835369,"Long Creek, Sunnyvale, Texas"
6381134,3838851,Jang Sun-woo
6381522,3841950,Sunderland Nissan F.C.
6381577,3842400,Sunderland Ryhope Community Association F.C.
6382090,3845651,SunWatch Indian Village
6382229,3846639,Sunrise (magazine)
6382502,3848825,Die Lösung (album)
6383206,3853965,Moment in the Sun (EP)
6384007,3861086,Sunshine Plaza bus station
6384071,3861551,Mir Mohsun Navvab
6384236,3862781,Under the Jaguar Sun
6384355,3863419,Sundays River
6384486,3864175,Sunitinib
6384500,3864315,Sunshine Plaza
6385099,3868901,Komatsuna
6385372,3871315,Osun-Osogbo
6385812,3874163,Sunny Kim
6385915,3874933,Sun Sports Watford F.C.
6386163,3876671,Samsung Fire Cup
6386985,3883261,Sunderland Central (UK Parliament constituency)
6387701,3887850,Sungazing
6389271,3898725,Little Mary Sunshine
6389360,3899388,Battle of Svensksund (1789)
6389724,3902173,History of Sunderland A.F.C.
6389958,3904503,Sun Valley Serenade
6389989,3904752,The Sun Hill Fire
6390745,3910448,Sun Valley Opera House
6390771,3910639,Guylain Ndumbu-Nsungu
6390778,3910670,Sunshine Bridge
6391461,3917354,Suntop
6392009,3922043,Operation Sunrise
6392011,3922080,Operation Sunrise (World War II)
6392056,3922480,Sunderland A.F.C. Women
6392139,3922997,Dead By Sunset
6392229,3923568,Painting the Clouds with Sunshine (film)
6392244,3923639,Painting the Clouds with Sunshine
6392722,3928325,Williamsport Sun-Gazette
6393833,3936927,Everyday Is Like Sunday
6394378,3941420,Sungai Buloh
6394522,3942583,List of Sundance Film Festival selections
6394552,3942980,Sunder Nagar
6394607,3943496,Suisun people
6394611,3943515,Suisun Marsh
6394784,3944892,Keep Sunday Special
6394794,3944986,SUNSAT
6395054,3947104,Moon Dae-sung
6395801,3953738,(Reach Up for The) Sunrise
6395957,3954975,Saphan Sung district
6396050,3955590,Gundibail Sunderam
6396058,3955614,Any Given Sunday (TV series)
6396225,3956775,Yoo Jin-sun
6396551,3959052,Joichi Suetsuna
6396819,3960951,Katakura Kagetsuna
6396895,3961401,News on Sunday
6397012,3962673,The Game of Sunken Places
6398474,3973293,Sun-4
6398539,3973776,"Sundridge, Kent"
6399349,3979425,Sunwing (novel)
6399406,3979727,Lisunov Li-2
6399858,3983509,Effect of Sun angle on climate
6399999,3984743,Sun-3
6400144,3986173,Sunnmørsalpane
6400395,3988136,Sigvald Hasund
6400663,3989586,Stranger to the Sun
6400864,3991042,The Remaining Sunlight
6401314,3994766,Sunshine Superman: 18 Songs of Love and Freedom
6401409,3995429,Samsung Tower Palace
6401587,3997050,Sun-2
6401741,3998471,Kam Woo-sung
6402206,4001604,Alice in Sunderland
6402359,4003020,Sun-1
6403218,4010697,Fort Myers Sun Sox
6403219,4010715,Gold Coast Suns (baseball)
6403224,4010760,Sun City Rays
6403260,4011151,Sunny Lax
6403364,4011998,Choi Sung-yong
6403792,4014872,Sverre Krogh Sundbø
6404252,4018676,Sununu
6404510,4020574,2005–06 Sunderland A.F.C. season
6404623,4021411,Lee Ho-sung (footballer)
6405281,4026209,Sungun copper mine
6405733,4029710,Sun386i
6405888,4031265,List of Sunderland A.F.C. records and statistics
6406130,4033322,Sun Suzhen
6406448,4035764,Utsunomiko
6406526,4036195,Sundbybergs centrum metro station
6406757,4037530,Suna Kıraç
6407426,4042290,"Suncadia, Washington"
6407779,4045032,Morning sun
