comparison_id,human_choice,human_pref,cluster,jargon_diff,jargon_a,jargon_b,jargon_bin_a,jargon_bin_b,metaphor_v8_diff,metaphor_v8_a,metaphor_v8_b,metaphor_v8_bin_a,metaphor_v8_bin_b,humor_v5_diff,humor_v5_a,humor_v5_b,humor_v5_bin_a,humor_v5_bin_b,analogy_v2_diff,analogy_v2_a,analogy_v2_b,analogy_v2_bin_a,analogy_v2_bin_b,scaffolding_v2_diff,scaffolding_v2_a,scaffolding_v2_b,scaffolding_v2_bin_a,scaffolding_v2_bin_b,flesch_reading_ease_diff,flesch_reading_ease_a,flesch_reading_ease_b,flesch_reading_ease_bin_a,flesch_reading_ease_bin_b,flesch_kincaid_diff,flesch_kincaid_a,flesch_kincaid_b,flesch_kincaid_bin_a,flesch_kincaid_bin_b,ari_diff,ari_a,ari_b,ari_bin_a,ari_bin_b,dale_chall_diff,dale_chall_a,dale_chall_b,dale_chall_bin_a,dale_chall_bin_b,readability_diff
QID253_0,Explanation B,0,0,0.033901787548798024,0.8726114649681529,0.8387096774193549,1,1,0.0,0.0,0.0,0,0,0.0,0.0,0.0,0,0,0.0,0.0,0.0,0,0,0.1329642384799526,0.1329642384799526,0.0,0,0,-0.12840075757575792,0.3182295454545453,0.4466303030303032,0.0,0.0,3.4145129870129836,14.815422077922076,11.400909090909092,1.0,1.0,4.293239177489175,15.922451298701295,11.62921212121212,1.0,1.0,1.432286471861472,9.997392532467533,8.56510606060606,1.0,1.0,2.2529094696969683
QID1554_1,Explanation B,0,0,0.02626262626262621,0.9,0.8737373737373738,1,1,0.0,0.0,0.0,0,0,0.0,0.0,0.0,0,0,0.0,0.0,0.0,0,0,-0.4073334000459302,0.0,0.4073334000459302,0,0,-0.12840075757575792,0.3182295454545453,0.4466303030303032,0.0,0.0,3.4145129870129836,14.815422077922076,11.400909090909092,1.0,1.0,4.293239177489175,15.922451298701295,11.62921212121212,1.0,1.0,1.432286471861472,9.997392532467533,8.56510606060606,1.0,1.0,2.2529094696969683
QID2182_2,Explanation A,1,0,0.023496554953508553,0.8543046357615894,0.8308080808080809,1,1,1.0,1.0,0.0,1,0,0.0,0.0,0.0,0,0,1.0,1.0,0.0,1,0,0.5481128733518371,0.5621765008857982,0.0140636275339611,1,0,-0.12840075757575792,0.3182295454545453,0.4466303030303032,0.0,0.0,3.4145129870129836,14.815422077922076,11.400909090909092,1.0,1.0,4.293239177489175,15.922451298701295,11.62921212121212,1.0,1.0,1.432286471861472,9.997392532467533,8.56510606060606,1.0,1.0,2.2529094696969683
QID32_3,Explanation B,0,0,0.03617149758454119,0.913888888888889,0.8777173913043478,1,1,-0.9324533051062238,0.0,0.9324533051062238,0,1,0.0,0.0,0.0,0,0,-0.06008664849088441,0.9399133515091156,1.0,1,1,-0.1665191289390722,0.0159063926448288,0.182425521583901,0,0,-0.12840075757575792,0.3182295454545453,0.4466303030303032,0.0,0.0,3.4145129870129836,14.815422077922076,11.400909090909092,1.0,1.0,4.293239177489175,15.922451298701295,11.62921212121212,1.0,1.0,1.432286471861472,9.997392532467533,8.56510606060606,1.0,1.0,2.2529094696969683
QID1831_4,Explanation A,1,0,-0.015479352813330127,0.875609756097561,0.8910891089108911,1,1,2.220446049250313e-16,1.0000000000000002,1.0,1,1,0.0,0.0,0.0,0,0,0.0,1.0,1.0,1,1,0.1352042321794636,0.1645164649447396,0.029312232765276,0,0,-0.12840075757575792,0.3182295454545453,0.4466303030303032,0.0,0.0,3.4145129870129836,14.815422077922076,11.400909090909092,1.0,1.0,4.293239177489175,15.922451298701295,11.62921212121212,1.0,1.0,1.432286471861472,9.997392532467533,8.56510606060606,1.0,1.0,2.2529094696969683
QID1832_5,Explanation A,1,0,-0.07210566979674304,0.8826815642458101,0.9547872340425532,1,1,-0.053766028508509645,0.7981867753392728,0.8519528038477825,1,1,0.0,0.0,0.0,0,0,-1.0,0.0,1.0,0,1,-0.6889708459062246,0.042087726864288,0.7310585727705126,0,1,-0.12840075757575792,0.3182295454545453,0.4466303030303032,0.0,0.0,3.4145129870129836,14.815422077922076,11.400909090909092,1.0,1.0,4.293239177489175,15.922451298701295,11.62921212121212,1.0,1.0,1.432286471861472,9.997392532467533,8.56510606060606,1.0,1.0,2.2529094696969683
QID1603_6,Explanation B,0,0,-0.019840333490640294,0.8237179487179487,0.843558282208589,1,1,0.0,0.0,0.0,0,0,0.0,0.0,0.0,0,0,1.0,1.0,0.0,1,0,-0.01590638981663,0.0,0.01590638981663,0,0,-0.12840075757575792,0.3182295454545453,0.4466303030303032,0.0,0.0,3.4145129870129836,14.815422077922076,11.400909090909092,1.0,1.0,4.293239177489175,15.922451298701295,11.62921212121212,1.0,1.0,1.432286471861472,9.997392532467533,8.56510606060606,1.0,1.0,2.2529094696969683
QID1482_7,Explanation B,0,0,0.04218261413383362,0.8897435897435897,0.8475609756097561,1,1,0.7981867753392728,0.7981867753392728,0.0,1,0,0.0,0.0,0.0,0,0,0.9840936049643222,0.9840936049643222,0.0,1,0,-0.2733070341694623,0.1645164649447396,0.4378234991142019,0,0,-0.12840075757575792,0.3182295454545453,0.4466303030303032,0.0,0.0,3.4145129870129836,14.815422077922076,11.400909090909092,1.0,1.0,4.293239177489175,15.922451298701295,11.62921212121212,1.0,1.0,1.432286471861472,9.997392532467533,8.56510606060606,1.0,1.0,2.2529094696969683
QID282_8,Explanation A,1,0,0.026160578386605793,0.9097222222222222,0.8835616438356164,1,1,0.0,0.0,0.0,0,0,0.0,0.0,0.0,0,0,0.0,0.0,0.0,0,0,-0.966914019466112,0.0,0.966914019466112,0,1,-0.25117242259552064,0.1954578804347826,0.4466303030303032,0.0,0.0,5.301494290733423,16.702403381642515,11.400909090909092,1.0,1.0,4.81625889328064,16.44547101449276,11.62921212121212,1.0,1.0,3.9065330698287237,12.471639130434784,8.56510606060606,1.0,1.0,3.4432784578118167
QID1782_9,Explanation A,1,0,0.019113291373565433,0.8547297297297298,0.8356164383561644,1,1,0.09464387951984155,0.9465966758497364,0.8519527963298948,1,1,0.0,0.0,0.0,0,0,0.0,1.0,1.0,1,1,0.13214080299828135,0.9840936087255356,0.8519528057272543,1,1,-0.12840075757575792,0.3182295454545453,0.4466303030303032,0.0,0.0,3.4145129870129836,14.815422077922076,11.400909090909092,1.0,1.0,4.293239177489175,15.922451298701295,11.62921212121212,1.0,1.0,1.432286471861472,9.997392532467533,8.56510606060606,1.0,1.0,2.2529094696969683
QID732_10,Explanation B,0,0,0.02301885749046062,0.9135514018691588,0.8905325443786982,1,1,-0.8670357615200472,0.0,0.8670357615200472,0,1,0.0,0.0,0.0,0,0,0.0,1.0,1.0,1,1,-0.4073334000459302,0.0,0.4073334000459302,0,0,-0.12840075757575792,0.3182295454545453,0.4466303030303032,0.0,0.0,3.4145129870129836,14.815422077922076,11.400909090909092,1.0,1.0,4.293239177489175,15.922451298701295,11.62921212121212,1.0,1.0,1.432286471861472,9.997392532467533,8.56510606060606,1.0,1.0,2.2529094696969683
QID1879_11,Explanation B,0,0,-0.019632726186921357,0.8382352941176471,0.8578680203045684,1,1,0.0,0.0,0.0,0,0,0.0,0.0,0.0,0,0,0.3775406617944891,0.3775406617944891,0.0,0,0,-0.182425521583901,0.0,0.182425521583901,0,0,-0.12840075757575792,0.3182295454545453,0.4466303030303032,0.0,0.0,3.4145129870129836,14.815422077922076,11.400909090909092,1.0,1.0,4.293239177489175,15.922451298701295,11.62921212121212,1.0,1.0,1.432286471861472,9.997392532467533,8.56510606060606,1.0,1.0,2.2529094696969683
QID2282_12,Explanation A,1,0,-0.028158628935830987,0.8423076923076923,0.8704663212435233,1,1,-0.9579122686300086,0.0,0.9579122686300086,0,1,0.0,0.0,0.0,0,0,-0.9999999999999998,0.0,0.9999999999999998,0,1,-0.095349466184453,0.0,0.095349466184453,0,0,-0.12840075757575792,0.3182295454545453,0.4466303030303032,0.0,0.0,3.4145129870129836,14.815422077922076,11.400909090909092,1.0,1.0,4.293239177489175,15.922451298701295,11.62921212121212,1.0,1.0,1.432286471861472,9.997392532467533,8.56510606060606,1.0,1.0,2.2529094696969683
QID1003_13,Explanation A,1,0,0.05242213208846713,0.8904109589041096,0.8379888268156425,1,1,0.11920293297380236,1.0,0.8807970670261976,1,1,0.0,0.0,0.0,0,0,0.0,1.0,1.0,1,1,0.1551534472194388,0.9324533135530546,0.7772998663336158,1,1,-0.12840075757575792,0.3182295454545453,0.4466303030303032,0.0,0.0,3.4145129870129836,14.815422077922076,11.400909090909092,1.0,1.0,4.293239177489175,15.922451298701295,11.62921212121212,1.0,1.0,1.432286471861472,9.997392532467533,8.56510606060606,1.0,1.0,2.2529094696969683
QID231_14,Explanation A,1,0,-0.004419191919191823,0.8636363636363636,0.8680555555555555,1,1,0.0,0.0,0.0,0,0,0.0,0.0,0.0,0,0,0.0,0.0,0.0,0,0,-0.0600866531194733,0.0,0.0600866531194733,0,0,-0.12840075757575792,0.3182295454545453,0.4466303030303032,0.0,0.0,3.4145129870129836,14.815422077922076,11.400909090909092,1.0,1.0,4.293239177489175,15.922451298701295,11.62921212121212,1.0,1.0,1.432286471861472,9.997392532467533,8.56510606060606,1.0,1.0,2.2529094696969683
QID282_15,Explanation B,0,0,0.009866220735786024,0.9021739130434784,0.8923076923076924,1,1,-0.1758558702885895,0.7981867753392728,0.9740426456278624,1,1,0.0,0.0,0.0,0,0,0.0,1.0,1.0,1,1,0.017179589259423644,0.9840936087255356,0.966914019466112,1,1,-0.12840075757575792,0.3182295454545453,0.4466303030303032,0.0,0.0,3.4145129870129836,14.815422077922076,11.400909090909092,1.0,1.0,4.293239177489175,15.922451298701295,11.62921212121212,1.0,1.0,1.432286471861472,9.997392532467533,8.56510606060606,1.0,1.0,2.2529094696969683
QID2056_16,Explanation B,0,0,0.0578244397354396,0.7877094972067039,0.7298850574712643,1,1,0.0,0.0,0.0,0,0,0.0,0.0,0.0,0,0,0.0,0.0,0.0,0,0,0.4687906266262437,0.4687906266262437,0.0,0,0,-0.12840075757575792,0.3182295454545453,0.4466303030303032,0.0,0.0,3.4145129870129836,14.815422077922076,11.400909090909092,1.0,1.0,4.293239177489175,15.922451298701295,11.62921212121212,1.0,1.0,1.432286471861472,9.997392532467533,8.56510606060606,1.0,1.0,2.2529094696969683
QID1806_17,Explanation A,1,0,0.021942918557439683,0.9080188679245282,0.8860759493670886,1,1,-0.08553836469275233,0.8670357666736773,0.9525741313664297,1,1,0.0,0.0,0.0,0,0,0.0,1.0,1.0,1,1,-0.03975429719146195,0.9399133477220885,0.9796676449135504,1,1,-0.12840075757575792,0.3182295454545453,0.4466303030303032,0.0,0.0,3.4145129870129836,14.815422077922076,11.400909090909092,1.0,1.0,4.293239177489175,15.922451298701295,11.62921212121212,1.0,1.0,1.432286471861472,9.997392532467533,8.56510606060606,1.0,1.0,2.2529094696969683
QID828_18,Explanation B,0,0,0.026306491504191953,0.9294478527607364,0.9031413612565444,1,1,-1.0,0.0,1.0,0,1,0.0,0.0,0.0,0,0,0.0,1.0,1.0,1,1,-0.0315194788497762,0.0159063926448288,0.047425871494605,0,0,-0.12840075757575792,0.3182295454545453,0.4466303030303032,0.0,0.0,3.4145129870129836,14.815422077922076,11.400909090909092,1.0,1.0,4.293239177489175,15.922451298701295,11.62921212121212,1.0,1.0,1.432286471861472,9.997392532467533,8.56510606060606,1.0,1.0,2.2529094696969683
QID830_19,Explanation B,0,0,-0.012351928723296601,0.9036144578313252,0.9159663865546218,1,1,0.7981867753392728,0.7981867753392728,0.0,1,0,0.0,0.0,0.0,0,0,0.0,0.0,0.0,0,0,-0.3908533728929945,0.2018132270610753,0.5926665999540698,0,1,-0.12840075757575792,0.3182295454545453,0.4466303030303032,0.0,0.0,3.4145129870129836,14.815422077922076,11.400909090909092,1.0,1.0,4.293239177489175,15.922451298701295,11.62921212121212,1.0,1.0,1.432286471861472,9.997392532467533,8.56510606060606,1.0,1.0,2.2529094696969683
QID81_20,Explanation B,0,0,-0.01012677798392092,0.8724489795918366,0.8825757575757576,1,1,0.0,0.0,0.0,0,0,0.0,0.0,0.0,0,0,0.0,0.0,0.0,0,0,0.0042190887948102,0.0042190887948102,0.0,0,0,-0.12840075757575792,0.3182295454545453,0.4466303030303032,0.0,0.0,3.4145129870129836,14.815422077922076,11.400909090909092,1.0,1.0,4.293239177489175,15.922451298701295,11.62921212121212,1.0,1.0,1.432286471861472,9.997392532467533,8.56510606060606,1.0,1.0,2.2529094696969683
QID1003_21,Explanation A,1,0,-0.07330931717700995,0.7870967741935484,0.8604060913705583,1,1,0.0,0.0,0.0,0,0,0.0,0.0,0.0,0,0,-1.0,0.0,1.0,0,1,-0.15630482938609058,0.1645164649447396,0.3208212943308302,0,0,-0.12840075757575792,0.3182295454545453,0.4466303030303032,0.0,0.0,3.4145129870129836,14.815422077922076,11.400909090909092,1.0,1.0,4.293239177489175,15.922451298701295,11.62921212121212,1.0,1.0,1.432286471861472,9.997392532467533,8.56510606060606,1.0,1.0,2.2529094696969683
QID1405_22,Explanation B,0,0,0.025446022863155893,0.8719806763285024,0.8465346534653465,1,1,0.5312093733737562,0.5312093733737562,0.0,1,0,0.0,0.0,0.0,0,0,-0.01009897811116034,0.9525741311981336,0.962673109309294,1,1,-0.5940796453542706,0.0850990473273455,0.6791786926816161,0,1,-0.12840075757575792,0.3182295454545453,0.4466303030303032,0.0,0.0,3.4145129870129836,14.815422077922076,11.400909090909092,1.0,1.0,4.293239177489175,15.922451298701295,11.62921212121212,1.0,1.0,1.432286471861472,9.997392532467533,8.56510606060606,1.0,1.0,2.2529094696969683
QID755_23,Explanation B,0,0,0.010228962236098704,0.8418079096045198,0.8315789473684211,1,1,0.4378234991142017,0.9999999999999998,0.5621765008857981,1,1,0.0,0.0,0.0,0,0,0.0,1.0,1.0,1,1,-0.3311328980675727,0.1066906010466292,0.4378234991142019,0,0,-0.12840075757575792,0.3182295454545453,0.4466303030303032,0.0,0.0,3.4145129870129836,14.815422077922076,11.400909090909092,1.0,1.0,4.293239177489175,15.922451298701295,11.62921212121212,1.0,1.0,1.432286471861472,9.997392532467533,8.56510606060606,1.0,1.0,2.2529094696969683
QID907_24,Explanation B,0,0,0.003542303771661426,0.9174311926605504,0.913888888888889,1,1,-0.11496121788269009,0.8519528038477825,0.9669140217304726,1,1,0.0,0.0,0.0,0,0,-0.9890130593731596,0.0,0.9890130593731596,0,1,0.7844884964520886,0.9669140180359896,0.182425521583901,1,0,-0.12840075757575792,0.3182295454545453,0.4466303030303032,0.0,0.0,3.4145129870129836,14.815422077922076,11.400909090909092,1.0,1.0,4.293239177489175,15.922451298701295,11.62921212121212,1.0,1.0,1.432286471861472,9.997392532467533,8.56510606060606,1.0,1.0,2.2529094696969683
QID2005_25,Explanation A,1,0,-0.03389721074380159,0.8801652892561984,0.9140625,1,1,0.0,0.0,0.0,0,0,0.0,0.0,0.0,0,0,0.0,0.0,0.0,0,0,-0.0203323524151104,0.0,0.0203323524151104,0,0,-0.12840075757575792,0.3182295454545453,0.4466303030303032,0.0,0.0,3.4145129870129836,14.815422077922076,11.400909090909092,1.0,1.0,4.293239177489175,15.922451298701295,11.62921212121212,1.0,1.0,1.432286471861472,9.997392532467533,8.56510606060606,1.0,1.0,2.2529094696969683
QID2007_26,Explanation B,0,0,-0.00189753320683117,0.8529411764705882,0.8548387096774194,1,1,-0.0758581768873632,0.0,0.0758581768873632,0,0,0.0,0.0,0.0,0,0,0.08291781573619694,0.9875683482664004,0.9046505325302034,1,1,-0.08056855921558531,0.1645164649447396,0.2450850241603249,0,0,-0.12840075757575792,0.3182295454545453,0.4466303030303032,0.0,0.0,3.4145129870129836,14.815422077922076,11.400909090909092,1.0,1.0,4.293239177489175,15.922451298701295,11.62921212121212,1.0,1.0,1.432286471861472,9.997392532467533,8.56510606060606,1.0,1.0,2.2529094696969683
QID630_27,Explanation A,1,0,0.0035714285714286698,0.8785714285714287,0.875,1,1,0.03732689015525403,1.0,0.962673109844746,1,1,0.0,0.0,0.0,0,0,-0.01243165281982439,0.9875683471801756,1.0,1,1,-0.4174911477750475,0.0203323513391544,0.4378234991142019,0,0,-0.12840075757575792,0.3182295454545453,0.4466303030303032,0.0,0.0,3.4145129870129836,14.815422077922076,11.400909090909092,1.0,1.0,4.293239177489175,15.922451298701295,11.62921212121212,1.0,1.0,1.432286471861472,9.997392532467533,8.56510606060606,1.0,1.0,2.2529094696969683
QID631_28,Explanation B,0,0,0.0010172026925954203,0.8638743455497383,0.8628571428571429,1,1,1.0,1.0,0.0,1,0,0.0,0.0,0.0,0,0,1.0,1.0,0.0,1,0,0.0,0.0,0.0,0,0,-0.12840075757575792,0.3182295454545453,0.4466303030303032,0.0,0.0,3.4145129870129836,14.815422077922076,11.400909090909092,1.0,1.0,4.293239177489175,15.922451298701295,11.62921212121212,1.0,1.0,1.432286471861472,9.997392532467533,8.56510606060606,1.0,1.0,2.2529094696969683
QID681_29,Explanation B,0,0,-0.01892467262420483,0.914572864321608,0.9334975369458128,1,1,-0.7981867825403177,0.0,0.7981867825403177,0,1,0.0,0.0,0.0,0,0,0.0,1.0,1.0,1,1,-0.24281694124572,0.1645164588002102,0.4073334000459302,0,0,-0.12840075757575792,0.3182295454545453,0.4466303030303032,0.0,0.0,3.4145129870129836,14.815422077922076,11.400909090909092,1.0,1.0,4.293239177489175,15.922451298701295,11.62921212121212,1.0,1.0,1.432286471861472,9.997392532467533,8.56510606060606,1.0,1.0,2.2529094696969683
QID1982_30,Explanation A,1,0,-0.0005778120184900537,0.8977272727272727,0.8983050847457628,1,1,0.5926665999540698,0.5926665999540698,0.0,1,0,0.0,0.0,0.0,0,0,1.0,1.0,0.0,1,0,0.9637612563104252,0.9840936087255356,0.0203323524151104,1,0,-0.12840075757575792,0.3182295454545453,0.4466303030303032,0.0,0.0,3.4145129870129836,14.815422077922076,11.400909090909092,1.0,1.0,4.293239177489175,15.922451298701295,11.62921212121212,1.0,1.0,1.432286471861472,9.997392532467533,8.56510606060606,1.0,1.0,2.2529094696969683
QID1754_31,Explanation B,0,0,-0.0022492127755285862,0.8567251461988303,0.8589743589743589,1,1,-0.9319549131747017,0.0259573554553069,0.9579122686300086,0,1,0.0,0.0,0.0,0,0,0.8683654188999526,0.9875683471801756,0.119202928280223,1,0,-0.11263189630908631,0.0203323541960032,0.1329642505050895,0,0,-0.12840075757575792,0.3182295454545453,0.4466303030303032,0.0,0.0,3.4145129870129836,14.815422077922076,11.400909090909092,1.0,1.0,4.293239177489175,15.922451298701295,11.62921212121212,1.0,1.0,1.432286471861472,9.997392532467533,8.56510606060606,1.0,1.0,2.2529094696969683
QID258_32,Explanation A,1,1,-0.002088554720133584,0.8947368421052632,0.8968253968253967,1,1,-2.220446049250313e-16,1.0,1.0000000000000002,1,1,0.0,0.0,0.0,0,0,0.0,1.0,1.0,1,1,-0.051640301779678995,0.0159063926448288,0.0675466944245078,0,0,-0.12840075757575792,0.3182295454545453,0.4466303030303032,0.0,0.0,3.4145129870129836,14.815422077922076,11.400909090909092,1.0,1.0,4.293239177489175,15.922451298701295,11.62921212121212,1.0,1.0,1.432286471861472,9.997392532467533,8.56510606060606,1.0,1.0,2.2529094696969683
QID264_33,Explanation B,0,1,0.04047374345421617,0.9217687074829932,0.881294964028777,1,1,0.0,0.0,0.0,0,0,0.0,0.0,0.0,0,0,1.0,1.0,0.0,1,0,0.25487779920481046,0.2689414272294874,0.0140636280246769,0,0,-0.12840075757575792,0.3182295454545453,0.4466303030303032,0.0,0.0,3.4145129870129836,14.815422077922076,11.400909090909092,1.0,1.0,4.293239177489175,15.922451298701295,11.62921212121212,1.0,1.0,1.432286471861472,9.997392532467533,8.56510606060606,1.0,1.0,2.2529094696969683
QID1833_34,Explanation A,1,1,0.0020035213405378283,0.8646408839779005,0.8626373626373627,1,1,0.0,0.0,0.0,0,0,0.0,0.0,0.0,0,0,0.0,0.0,0.0,0,0,-0.2227001285074596,0.0,0.2227001285074596,0,0,-0.12840075757575792,0.3182295454545453,0.4466303030303032,0.0,0.0,3.4145129870129836,14.815422077922076,11.400909090909092,1.0,1.0,4.293239177489175,15.922451298701295,11.62921212121212,1.0,1.0,1.432286471861472,9.997392532467533,8.56510606060606,1.0,1.0,2.2529094696969683
QID2460_35,Explanation A,1,1,-0.04867424242424245,0.8664772727272727,0.9151515151515152,1,1,-0.9046505421702796,0.0,0.9046505421702796,0,1,0.0,0.0,0.0,0,0,-0.02595735517274078,0.974042644827259,0.9999999999999998,1,1,-0.8477111007074511,0.0330859819640103,0.8807970826714614,0,1,-0.12840075757575792,0.3182295454545453,0.4466303030303032,0.0,0.0,3.4145129870129836,14.815422077922076,11.400909090909092,1.0,1.0,4.293239177489175,15.922451298701295,11.62921212121212,1.0,1.0,1.432286471861472,9.997392532467533,8.56510606060606,1.0,1.0,2.2529094696969683
QID209_36,Explanation B,0,1,0.02108317214700184,0.9574468085106382,0.9363636363636364,1,1,0.0,0.0,0.0,0,0,0.0,0.0,0.0,0,0,0.0,0.0,0.0,0,0,0.0,0.0,0.0,0,0,0.2229458508158509,0.6695761538461541,0.4466303030303032,1.0,0.0,-2.521524475524476,8.879384615384616,11.400909090909092,1.0,1.0,-2.4379140442890446,9.191298076923076,11.62921212121212,1.0,1.0,-0.6326472144522146,7.932458846153846,8.56510606060606,1.0,1.0,-1.3422849708624711
QID1537_37,Explanation A,1,1,0.010368104118104071,0.9447115384615384,0.9343434343434344,1,1,0.5621765008857982,0.5621765008857982,0.0,1,0,0.0,0.0,0.0,0,0,0.974042644827259,0.974042644827259,0.0,1,0,0.7668537621588525,0.9149009526726544,0.1480471905138019,1,0,-0.12840075757575792,0.3182295454545453,0.4466303030303032,0.0,0.0,3.4145129870129836,14.815422077922076,11.400909090909092,1.0,1.0,4.293239177489175,15.922451298701295,11.62921212121212,1.0,1.0,1.432286471861472,9.997392532467533,8.56510606060606,1.0,1.0,2.2529094696969683
QID1864_38,Explanation B,0,1,-0.028666240204701876,0.9121621621621622,0.940828402366864,1,1,0.5926665999540698,0.5926665999540698,0.0,1,0,0.0,0.0,0.0,0,0,0.0,0.0,0.0,0,0,0.1066905825840871,0.1066905825840871,0.0,0,0,-0.12840075757575792,0.3182295454545453,0.4466303030303032,0.0,0.0,3.4145129870129836,14.815422077922076,11.400909090909092,1.0,1.0,4.293239177489175,15.922451298701295,11.62921212121212,1.0,1.0,1.432286471861472,9.997392532467533,8.56510606060606,1.0,1.0,2.2529094696969683
QID739_39,Explanation B,0,1,-0.00919540229885063,0.8908045977011494,0.9,1,1,0.0,0.0,0.0,0,0,0.0,0.0,0.0,0,0,0.9875683471801756,0.9875683471801756,0.0,1,0,-0.3256677580288306,0.0229773705372549,0.3486451285660855,0,0,-0.12840075757575792,0.3182295454545453,0.4466303030303032,0.0,0.0,3.4145129870129836,14.815422077922076,11.400909090909092,1.0,1.0,4.293239177489175,15.922451298701295,11.62921212121212,1.0,1.0,1.432286471861472,9.997392532467533,8.56510606060606,1.0,1.0,2.2529094696969683
QID233_40,Explanation B,0,1,0.03773815339521258,0.8804347826086957,0.8426966292134831,1,1,0.0,0.0,0.0,0,0,0.0,0.0,0.0,0,0,-1.0,0.0,1.0,0,1,-0.0159063880963856,0.0,0.0159063880963856,0,0,0.0024149011857709235,0.6079921739130438,0.6055772727272729,1.0,1.0,-0.19841501976285159,9.166130434782604,9.364545454545455,1.0,1.0,0.3288653303218467,10.244891304347824,9.916025974025978,1.0,1.0,1.7956382589873883,9.612237826086956,7.816599567099567,1.0,1.0,0.48212586768303856
QID2362_41,Explanation A,1,1,-0.013373477104047016,0.8648648648648649,0.8782383419689119,1,1,-0.833949791839903,0.1329642298905696,0.9669140217304726,0,1,0.0,0.0,0.0,0,0,-2.220446049250313e-16,0.9999999999999998,1.0,1,1,-0.36210002273922337,0.5312093733737562,0.8933093961129795,1,1,-0.054472841447651965,0.5511044312796209,0.6055772727272729,1.0,1.0,1.238809995691513,10.603355450236968,9.364545454545455,1.0,1.0,1.5039266326090939,11.419952606635071,9.916025974025978,1.0,1.0,0.009493608255882968,7.82609317535545,7.816599567099567,1.0,1.0,0.6744393487772095
QID2338_42,Explanation B,0,1,0.02312190571859085,0.9512987012987012,0.9281767955801103,1,1,0.0,0.0,0.0,0,0,0.0,0.0,0.0,0,0,0.0,0.0,0.0,0,0,0.0,0.0,0.0,0,0,-0.054472841447651965,0.5511044312796209,0.6055772727272729,1.0,1.0,1.238809995691513,10.603355450236968,9.364545454545455,1.0,1.0,1.5039266326090939,11.419952606635071,9.916025974025978,1.0,1.0,0.009493608255882968,7.82609317535545,7.816599567099567,1.0,1.0,0.6744393487772095
QID1735_43,Explanation B,0,1,-0.006150741994272457,0.7663043478260869,0.7724550898203594,1,1,-0.9840936086380656,0.0,0.9840936086380656,0,1,0.0,0.0,0.0,0,0,0.0,1.0,1.0,1,1,0.37424742261064115,0.9669140225647108,0.5926665999540697,1,1,-0.054472841447651965,0.5511044312796209,0.6055772727272729,1.0,1.0,1.238809995691513,10.603355450236968,9.364545454545455,1.0,1.0,1.5039266326090939,11.419952606635071,9.916025974025978,1.0,1.0,0.009493608255882968,7.82609317535545,7.816599567099567,1.0,1.0,0.6744393487772095
QID1958_44,Explanation A,1,1,-0.015519425675675769,0.91015625,0.9256756756756758,1,1,0.9324533097989077,1.0,0.0675466902010923,1,0,0.0,0.0,0.0,0,0,1.0,1.0,0.0,1,0,0.0675466869162138,0.0675466869162138,0.0,0,0,0.04477665350184301,0.5511044312796209,0.5063277777777779,1.0,1.0,-0.5742095615833662,10.603355450236968,11.177565011820334,1.0,1.0,-0.9691194973838364,11.419952606635071,12.389072104018908,1.0,1.0,-0.8779850752355669,7.82609317535545,8.704078250591017,1.0,1.0,-0.5941343701752316
QID463_45,Explanation B,0,1,0.025541795665634637,0.9078947368421052,0.8823529411764706,1,1,-0.4687906266262437,0.0,0.4687906266262437,0,0,0.0,0.0,0.0,0,0,-0.5391991312684797,0.4378234991142018,0.9770226303826816,0,1,0.0,0.0,0.0,0,0,0.05320523481258077,0.6587825075398537,0.6055772727272729,1.0,1.0,-0.7204308487720805,8.644114605773375,9.364545454545455,1.0,1.0,-1.5534581153443767,8.3625678586816,9.916025974025978,1.0,1.0,-0.684321195707926,7.132278371391641,7.816599567099567,1.0,1.0,-0.7262512312529507
QID1313_46,Explanation A,1,1,0.005772378736969119,0.8710691823899371,0.865296803652968,1,1,-0.7057850278370112,0.0,0.7057850278370112,0,1,0.0,0.0,0.0,0,0,0.013405834464834343,0.984093604614442,0.9706877701496076,1,1,0.138391972816443,0.7310585727705127,0.5926665999540697,1,1,-0.054472841447651965,0.5511044312796209,0.6055772727272729,1.0,1.0,1.238809995691513,10.603355450236968,9.364545454545455,1.0,1.0,1.5039266326090939,11.419952606635071,9.916025974025978,1.0,1.0,0.009493608255882968,7.82609317535545,7.816599567099567,1.0,1.0,0.6744393487772095
QID2239_47,Explanation A,1,1,-0.010859150431172249,0.8762376237623762,0.8870967741935485,1,1,1.0,1.0,0.0,1,0,0.0,0.0,0.0,0,0,0.0,0.0,0.0,0,0,0.0293122293204134,0.0293122293204134,0.0,0,0,-0.054472841447651965,0.5511044312796209,0.6055772727272729,1.0,1.0,1.238809995691513,10.603355450236968,9.364545454545455,1.0,1.0,1.5039266326090939,11.419952606635071,9.916025974025978,1.0,1.0,0.009493608255882968,7.82609317535545,7.816599567099567,1.0,1.0,0.6744393487772095
QID2064_48,Explanation A,1,1,0.016578831796223104,0.9130434782608696,0.8964646464646465,1,1,-0.9999999999999998,0.0,0.9999999999999998,0,1,0.0,0.0,0.0,0,0,2.220446049250313e-16,1.0,0.9999999999999998,1,1,-0.1859068233570189,0.0159063941026634,0.2018132174596823,0,0,-0.054472841447651965,0.5511044312796209,0.6055772727272729,1.0,1.0,1.238809995691513,10.603355450236968,9.364545454545455,1.0,1.0,1.5039266326090939,11.419952606635071,9.916025974025978,1.0,1.0,0.009493608255882968,7.82609317535545,7.816599567099567,1.0,1.0,0.6744393487772095
QID189_49,Explanation B,0,1,0.03027496566921084,0.8453038674033149,0.815028901734104,1,1,0.0,0.0,0.0,0,0,0.0,0.0,0.0,0,0,0.0,0.0,0.0,0,0,0.946596671895044,0.946596671895044,0.0,1,0,-0.054472841447651965,0.5511044312796209,0.6055772727272729,1.0,1.0,1.238809995691513,10.603355450236968,9.364545454545455,1.0,1.0,1.5039266326090939,11.419952606635071,9.916025974025978,1.0,1.0,0.009493608255882968,7.82609317535545,7.816599567099567,1.0,1.0,0.6744393487772095
QID2258_50,Explanation A,1,1,0.02982901415976491,0.8394736842105263,0.8096446700507614,1,1,0.32082131381216084,1.0,0.6791786861878392,1,1,0.0,0.0,0.0,0,0,0.0,1.0,1.0,1,1,0.1564681643299877,0.1824255193614457,0.025957355031458,0,0,-0.054472841447651965,0.5511044312796209,0.6055772727272729,1.0,1.0,1.238809995691513,10.603355450236968,9.364545454545455,1.0,1.0,1.5039266326090939,11.419952606635071,9.916025974025978,1.0,1.0,0.009493608255882968,7.82609317535545,7.816599567099567,1.0,1.0,0.6744393487772095
QID2262_51,Explanation B,0,1,-0.06282590412111022,0.8103448275862069,0.8731707317073171,1,1,-1.0,0.0,1.0,0,1,0.0,0.0,0.0,0,0,-1.0,0.0,1.0,0,1,0.24496312625251349,0.9241418189341296,0.6791786926816161,1,1,-0.054472841447651965,0.5511044312796209,0.6055772727272729,1.0,1.0,1.238809995691513,10.603355450236968,9.364545454545455,1.0,1.0,1.5039266326090939,11.419952606635071,9.916025974025978,1.0,1.0,0.009493608255882968,7.82609317535545,7.816599567099567,1.0,1.0,0.6744393487772095
QID2263_52,Explanation B,0,1,-0.0168366886341067,0.8396226415094339,0.8564593301435406,1,1,-0.4292122469449549,0.4378234991142019,0.8670357460591568,0,1,0.0,0.0,0.0,0,0,0.0,1.0,1.0,1,1,-0.11072029928764361,0.0373268912261583,0.1480471905138019,0,0,-0.054472841447651965,0.5511044312796209,0.6055772727272729,1.0,1.0,1.238809995691513,10.603355450236968,9.364545454545455,1.0,1.0,1.5039266326090939,11.419952606635071,9.916025974025978,1.0,1.0,0.009493608255882968,7.82609317535545,7.816599567099567,1.0,1.0,0.6744393487772095
QID762_53,Explanation B,0,1,-0.06391096979332267,0.8243243243243243,0.888235294117647,1,1,0.0,0.0,0.0,0,0,0.0,0.0,0.0,0,0,0.0,0.0,0.0,0,0,0.0159063941026634,0.0159063941026634,0.0,0,0,-0.02949922543679695,0.5511044312796209,0.5806036567164179,1.0,1.0,0.6498828134210441,10.603355450236968,9.953472636815924,1.0,1.0,0.5621914126052161,11.419952606635071,10.857761194029855,1.0,1.0,-0.4209986654405702,7.82609317535545,8.24709184079602,1.0,1.0,0.19039408378722328
QID764_54,Explanation A,1,1,-0.01118991874397468,0.8537735849056604,0.864963503649635,1,1,1.0,1.0,0.0,1,0,0.0,0.0,0.0,0,0,1.0,1.0,0.0,1,0,0.0,0.0,0.0,0,0,-0.054472841447651965,0.5511044312796209,0.6055772727272729,1.0,1.0,1.238809995691513,10.603355450236968,9.364545454545455,1.0,1.0,1.5039266326090939,11.419952606635071,9.916025974025978,1.0,1.0,0.009493608255882968,7.82609317535545,7.816599567099567,1.0,1.0,0.6744393487772095
QID310_55,Explanation B,0,1,-0.0031431334622824547,0.9090909090909092,0.9122340425531916,1,1,0.010986940991158822,1.0,0.9890130590088412,1,1,0.0,0.0,0.0,0,0,0.0,1.0,1.0,1,1,-0.4368436126555435,0.2942149659744614,0.7310585786300049,0,1,-0.054472841447651965,0.5511044312796209,0.6055772727272729,1.0,1.0,1.238809995691513,10.603355450236968,9.364545454545455,1.0,1.0,1.5039266326090939,11.419952606635071,9.916025974025978,1.0,1.0,0.009493608255882968,7.82609317535545,7.816599567099567,1.0,1.0,0.6744393487772095
QID909_56,Explanation B,0,1,-0.0028324154209283803,0.848780487804878,0.8516129032258064,1,1,1.0,1.0,0.0,1,0,0.0,0.0,0.0,0,0,1.0,1.0,0.0,1,0,0.12053258661779469,0.1329642367620759,0.0124316501442812,0,0,-0.054472841447651965,0.5511044312796209,0.6055772727272729,1.0,1.0,1.238809995691513,10.603355450236968,9.364545454545455,1.0,1.0,1.5039266326090939,11.419952606635071,9.916025974025978,1.0,1.0,0.009493608255882968,7.82609317535545,7.816599567099567,1.0,1.0,0.6744393487772095
QID914_57,Explanation A,1,1,0.008361478562716962,0.8588516746411483,0.8504901960784313,1,1,0.43409367954924444,0.6791786926816161,0.2450850131323717,1,0,0.0,0.0,0.0,0,0,-1.0000000000000002,0.0,1.0000000000000002,0,1,-0.5560053952286286,0.3486451488696663,0.9046505440982948,0,1,-0.054472841447651965,0.5511044312796209,0.6055772727272729,1.0,1.0,1.238809995691513,10.603355450236968,9.364545454545455,1.0,1.0,1.5039266326090939,11.419952606635071,9.916025974025978,1.0,1.0,0.009493608255882968,7.82609317535545,7.816599567099567,1.0,1.0,0.6744393487772095
QID2483_58,Explanation A,1,1,-0.04262749445676273,0.8659090909090909,0.9085365853658536,1,1,-0.2057850402140659,0.2942149597859341,0.5,0,0,0.0,0.0,0.0,0,0,-2.220446049250313e-16,1.0,1.0000000000000002,1,1,-0.317574471748733,0.182425528251267,0.5,0,0,-0.054472841447651965,0.5511044312796209,0.6055772727272729,1.0,1.0,1.238809995691513,10.603355450236968,9.364545454545455,1.0,1.0,1.5039266326090939,11.419952606635071,9.916025974025978,1.0,1.0,0.009493608255882968,7.82609317535545,7.816599567099567,1.0,1.0,0.6744393487772095
QID2489_59,Explanation B,0,1,0.03546684796684785,0.9405594405594404,0.9050925925925926,1,1,0.0,1.0,1.0,1,1,0.0,0.0,0.0,0,0,-1.0,0.0,1.0,0,1,-0.16125072681152952,0.1329642453514593,0.2942149721629888,0,0,-0.054472841447651965,0.5511044312796209,0.6055772727272729,1.0,1.0,1.238809995691513,10.603355450236968,9.364545454545455,1.0,1.0,1.5039266326090939,11.419952606635071,9.916025974025978,1.0,1.0,0.009493608255882968,7.82609317535545,7.816599567099567,1.0,1.0,0.6744393487772095
QID860_60,Explanation A,1,1,0.015197474309768366,0.9695121951219512,0.9543147208121828,1,1,-0.9579122686300086,0.0,0.9579122686300086,0,1,0.0,0.0,0.0,0,0,0.0,0.0,0.0,0,0,-0.5621765008857981,0.0,0.5621765008857981,0,1,0.14977785778577868,0.7553551305130516,0.6055772727272729,1.0,1.0,-2.2625022502250207,7.1020432043204345,9.364545454545455,1.0,1.0,-2.1816830397325475,7.73434293429343,9.916025974025978,1.0,1.0,-0.2206988470275597,7.595900720072008,7.816599567099567,1.0,1.0,-1.1287765697998373
QID1509_61,Explanation B,0,1,-0.004035308953341699,0.8948717948717949,0.8989071038251366,1,1,0.0,0.0,0.0,0,0,0.0,0.0,0.0,0,0,0.0,0.0,0.0,0,0,0.0,0.0,0.0,0,0,-0.054472841447651965,0.5511044312796209,0.6055772727272729,1.0,1.0,1.238809995691513,10.603355450236968,9.364545454545455,1.0,1.0,1.5039266326090939,11.419952606635071,9.916025974025978,1.0,1.0,0.009493608255882968,7.82609317535545,7.816599567099567,1.0,1.0,0.6744393487772095
QID816_62,Explanation A,1,2,0.04422155688622764,0.8892215568862276,0.845,1,1,0.0,0.0,0.0,0,0,0.0,0.0,0.0,0,0,0.3486451421018059,0.3486451421018059,0.0,0,0,0.7310585669110202,0.7310585669110202,0.0,1,0,-0.054472841447651965,0.5511044312796209,0.6055772727272729,1.0,1.0,1.238809995691513,10.603355450236968,9.364545454545455,1.0,1.0,1.5039266326090939,11.419952606635071,9.916025974025978,1.0,1.0,0.009493608255882968,7.82609317535545,7.816599567099567,1.0,1.0,0.6744393487772095
QID1144_63,Explanation B,0,2,-0.02797879080935073,0.8350785340314136,0.8630573248407644,1,1,0.03732688600549883,1.0,0.9626731139945012,1,1,0.0,0.0,0.0,0,0,0.015906395385558048,1.0,0.984093604614442,1,1,-0.3113182441077875,0.0373268912261583,0.3486451353339458,0,0,-0.054472841447651965,0.5511044312796209,0.6055772727272729,1.0,1.0,1.238809995691513,10.603355450236968,9.364545454545455,1.0,1.0,1.5039266326090939,11.419952606635071,9.916025974025978,1.0,1.0,0.009493608255882968,7.82609317535545,7.816599567099567,1.0,1.0,0.6744393487772095
QID2193_64,Explanation A,1,2,0.016726403823178027,0.8870967741935484,0.8703703703703703,1,1,0.21413071205543377,0.8933093982432728,0.679178686187839,1,1,0.0,0.0,0.0,0,0,0.020332354158901444,1.0,0.9796676458410986,1,1,0.27388262389579954,0.2942149783515162,0.0203323544557167,0,0,-0.054472841447651965,0.5511044312796209,0.6055772727272729,1.0,1.0,1.238809995691513,10.603355450236968,9.364545454545455,1.0,1.0,1.5039266326090939,11.419952606635071,9.916025974025978,1.0,1.0,0.009493608255882968,7.82609317535545,7.816599567099567,1.0,1.0,0.6744393487772095
QID42_65,Explanation B,0,2,-0.11240310077519378,0.8875968992248062,1.0,1,1,0.4378234991142019,0.4378234991142019,0.0,0,0,0.0,0.0,0.0,0,0,0.0,0.0,0.0,0,0,0.1480472017906333,0.1480472017906333,0.0,0,0,0.3456233897081268,0.5511044312796209,0.2054810415714942,1.0,0.0,-4.103300557072307,10.603355450236968,14.706656007309276,1.0,1.0,-3.485099928769225,11.419952606635071,14.905052535404296,1.0,1.0,-3.372841543694345,7.82609317535545,11.198934719049795,1.0,1.0,-2.653904659956938
QID1843_66,Explanation B,0,2,-0.03223203995389934,0.8467153284671532,0.8789473684210526,1,1,0.7057850154599563,0.7057850154599563,0.0,1,0,0.0,0.0,0.0,0,0,1.0,1.0,0.0,1,0,0.23105856691102022,0.7310585669110202,0.5,1,0,-0.054472841447651965,0.5511044312796209,0.6055772727272729,1.0,1.0,1.238809995691513,10.603355450236968,9.364545454545455,1.0,1.0,1.5039266326090939,11.419952606635071,9.916025974025978,1.0,1.0,0.009493608255882968,7.82609317535545,7.816599567099567,1.0,1.0,0.6744393487772095
QID116_67,Explanation B,0,2,0.012113432139106095,0.8829268292682927,0.8708133971291866,1,1,0.32082131381216095,1.0,0.679178686187839,1,1,0.0,0.0,0.0,0,0,-0.9669140198236428,0.0,0.9669140198236428,0,1,-0.6948283259198837,0.2450850186463482,0.939913344566232,0,1,-0.054472841447651965,0.5511044312796209,0.6055772727272729,1.0,1.0,1.238809995691513,10.603355450236968,9.364545454545455,1.0,1.0,1.5039266326090939,11.419952606635071,9.916025974025978,1.0,1.0,0.009493608255882968,7.82609317535545,7.816599567099567,1.0,1.0,0.6744393487772095
QID291_68,Explanation B,0,2,0.04684088061571512,0.9243243243243244,0.8774834437086093,1,1,0.0,0.0,0.0,0,0,0.0,0.0,0.0,0,0,-0.1480471923932738,0.0,0.1480471923932738,0,0,0.710726214978235,0.7310585669110202,0.0203323519327853,1,0,-0.054472841447651965,0.5511044312796209,0.6055772727272729,1.0,1.0,1.238809995691513,10.603355450236968,9.364545454545455,1.0,1.0,1.5039266326090939,11.419952606635071,9.916025974025978,1.0,1.0,0.009493608255882968,7.82609317535545,7.816599567099567,1.0,1.0,0.6744393487772095
QID745_69,Explanation B,0,2,0.018316230828643865,0.9239766081871345,0.9056603773584906,1,1,0.9579122752383734,0.9579122752383734,0.0,1,0,0.0,0.0,0.0,0,0,1.0,1.0,0.0,1,0,0.4669140248290712,0.9669140248290712,0.5,1,0,-0.054472841447651965,0.5511044312796209,0.6055772727272729,1.0,1.0,1.238809995691513,10.603355450236968,9.364545454545455,1.0,1.0,1.5039266326090939,11.419952606635071,9.916025974025978,1.0,1.0,0.009493608255882968,7.82609317535545,7.816599567099567,1.0,1.0,0.6744393487772095
QID1892_70,Explanation B,0,2,-0.027629233511586637,0.9117647058823528,0.9393939393939394,1,1,0.0,0.0,0.0,0,0,0.0,0.0,0.0,0,0,0.0,0.0,0.0,0,0,-0.0124316525339758,0.0,0.0124316525339758,0,0,-0.054472841447651965,0.5511044312796209,0.6055772727272729,1.0,1.0,1.238809995691513,10.603355450236968,9.364545454545455,1.0,1.0,1.5039266326090939,11.419952606635071,9.916025974025978,1.0,1.0,0.009493608255882968,7.82609317535545,7.816599567099567,1.0,1.0,0.6744393487772095
QID993_71,Explanation A,1,2,-0.013364779874213806,0.8333333333333334,0.8466981132075472,1,1,0.0124316513334115,0.0124316513334115,0.0,0,0,0.0,0.0,0.0,0,0,0.0,1.0,1.0,1,1,-0.05818367281799741,0.7772998663336159,0.8354835391516133,1,1,-0.054472841447651965,0.5511044312796209,0.6055772727272729,1.0,1.0,1.238809995691513,10.603355450236968,9.364545454545455,1.0,1.0,1.5039266326090939,11.419952606635071,9.916025974025978,1.0,1.0,0.009493608255882968,7.82609317535545,7.816599567099567,1.0,1.0,0.6744393487772095
QID1018_72,Explanation A,1,2,0.02392510402219139,0.8928571428571428,0.8689320388349514,1,1,-0.3083896510576461,0.012431649766961,0.3208213008246071,0,0,0.0,0.0,0.0,0,0,-0.2018132222603788,0.7981867777396212,1.0,1,1,-0.030967127512041892,0.5312093733737562,0.5621765008857981,1,1,-0.054472841447651965,0.5511044312796209,0.6055772727272729,1.0,1.0,1.238809995691513,10.603355450236968,9.364545454545455,1.0,1.0,1.5039266326090939,11.419952606635071,9.916025974025978,1.0,1.0,0.009493608255882968,7.82609317535545,7.816599567099567,1.0,1.0,0.6744393487772095
QID240_73,Explanation A,1,2,-0.00211992731677757,0.9230769230769232,0.9251968503937008,1,1,-0.8175744784160989,0.0,0.8175744784160989,0,1,0.0,0.0,0.0,0,0,-1.0,0.0,1.0,0,1,-0.30838965022296794,0.6791786991753931,0.987568349398361,1,1,-0.12401477272727263,0.4815625000000003,0.6055772727272729,0.0,1.0,1.5377759740259744,10.90232142857143,9.364545454545455,1.0,1.0,1.9723780438311618,11.88840401785714,9.916025974025978,1.0,1.0,1.5378874864718615,9.354487053571429,7.816599567099567,1.0,1.0,1.2310066829004311
QID1395_74,Explanation B,0,2,-0.04398148148148151,0.8541666666666666,0.8981481481481481,1,1,0.7057850154599563,0.7057850154599563,0.0,1,0,0.0,0.0,0.0,0,0,0.0,0.0,0.0,0,0,-0.0953494681124683,0.0,0.0953494681124683,0,0,,,,,,,,,,,,,,,,,,,,,
QID2369_75,Explanation A,1,2,0.008138903960933197,0.894736842105263,0.8865979381443299,1,1,-0.0330859800571803,0.0,0.0330859800571803,0,0,0.0,0.0,0.0,0,0,-0.8175744806385543,0.0,0.8175744806385543,0,1,-0.0675466873854821,0.0,0.0675466873854821,0,0,-0.02647942298688294,0.4076405248618786,0.4341199478487615,0.0,0.0,1.4385921518628706,11.88910497237569,10.45051282051282,1.0,1.0,1.5358885519387453,12.991546961325971,11.455658409387226,1.0,1.0,-0.26254481678635955,10.204701988950276,10.467246805736636,1.0,1.0,0.6713641160070933
QID1744_76,Explanation B,0,2,-0.019220236020514814,0.8642384105960265,0.8834586466165413,1,1,0.0,0.0,0.0,0,0,0.0,0.0,0.0,0,0,-0.0203323535281684,0.0,0.0203323535281684,0,0,-0.3933093996634686,0.1066906003365314,0.5,0,0,-0.054472841447651965,0.5511044312796209,0.6055772727272729,1.0,1.0,1.238809995691513,10.603355450236968,9.364545454545455,1.0,1.0,1.5039266326090939,11.419952606635071,9.916025974025978,1.0,1.0,0.009493608255882968,7.82609317535545,7.816599567099567,1.0,1.0,0.6744393487772095
QID1316_77,Explanation B,0,2,0.03198702830188682,0.8679245283018868,0.8359375,1,1,0.182425521583901,0.182425521583901,0.0,0,0,0.0,0.0,0.0,0,0,0.0,0.0,0.0,0,0,0.4378234991142019,0.4378234991142019,0.0,0,0,-0.054472841447651965,0.5511044312796209,0.6055772727272729,1.0,1.0,1.238809995691513,10.603355450236968,9.364545454545455,1.0,1.0,1.5039266326090939,11.419952606635071,9.916025974025978,1.0,1.0,0.009493608255882968,7.82609317535545,7.816599567099567,1.0,1.0,0.6744393487772095
QID291_78,Explanation A,1,2,-0.02773897861195984,0.8551724137931034,0.8829113924050632,1,1,0.7074891067012163,0.9525741308615412,0.2450850241603249,1,0,0.0,0.0,0.0,0,0,0.03308598017635722,1.0,0.9669140198236428,1,1,0.3345815088330703,0.3486451353339457,0.0140636265008754,0,0,-0.054472841447651965,0.5511044312796209,0.6055772727272729,1.0,1.0,1.238809995691513,10.603355450236968,9.364545454545455,1.0,1.0,1.5039266326090939,11.419952606635071,9.916025974025978,1.0,1.0,0.009493608255882968,7.82609317535545,7.816599567099567,1.0,1.0,0.6744393487772095
QID2244_79,Explanation A,1,2,-0.006709956709956777,0.9023809523809524,0.9090909090909092,1,1,-0.9796676460637104,0.0,0.9796676460637104,0,1,0.0,0.0,0.0,0,0,0.0,1.0,1.0,1,1,0.8132503984150319,0.880797085800514,0.0675466873854821,1,0,-0.054472841447651965,0.5511044312796209,0.6055772727272729,1.0,1.0,1.238809995691513,10.603355450236968,9.364545454545455,1.0,1.0,1.5039266326090939,11.419952606635071,9.916025974025978,1.0,1.0,0.009493608255882968,7.82609317535545,7.816599567099567,1.0,1.0,0.6744393487772095
QID970_80,Explanation B,0,2,-0.12550875050875054,0.766025641025641,0.8915343915343915,1,1,-1.0,0.0,1.0,0,1,0.0,0.0,0.0,0,0,-1.0,0.0,1.0,0,1,-0.0528808090886318,0.0229773683210448,0.0758581774096766,0,0,0.1345910714285714,0.5821714285714288,0.4475803571428574,1.0,0.0,-2.2945238095238096,10.146190476190476,12.440714285714286,1.0,1.0,-2.771076923076924,11.655571428571427,14.426648351648351,1.0,1.0,-1.4517963369963383,9.039147619047618,10.490943956043957,1.0,1.0,-1.595701499542125
QID1642_81,Explanation A,1,2,0.02659574468085113,0.9042553191489362,0.8776595744680851,1,1,-1.0,0.0,1.0,0,1,0.0,0.0,0.0,0,0,-0.9740426409655245,0.0259573590344755,1.0,0,1,0.9399133437246702,0.9399133437246702,0.0,1,0,0.1345910714285714,0.5821714285714288,0.4475803571428574,1.0,0.0,-2.2945238095238096,10.146190476190476,12.440714285714286,1.0,1.0,-2.771076923076924,11.655571428571427,14.426648351648351,1.0,1.0,-1.4517963369963383,9.039147619047618,10.490943956043957,1.0,1.0,-1.595701499542125
QID1643_82,Explanation B,0,2,0.023675039057805547,0.8821656050955414,0.8584905660377359,1,1,0.24496310990506354,0.92414182206801,0.6791787121629465,1,1,0.0,0.0,0.0,0,0,0.0,1.0,1.0,1,1,0.5462144675669469,0.6791786991753931,0.1329642316084462,1,0,0.1345910714285714,0.5821714285714288,0.4475803571428574,1.0,0.0,-2.2945238095238096,10.146190476190476,12.440714285714286,1.0,1.0,-2.771076923076924,11.655571428571427,14.426648351648351,1.0,1.0,-1.4517963369963383,9.039147619047618,10.490943956043957,1.0,1.0,-1.595701499542125
QID1644_83,Explanation A,1,2,-0.05935169248422267,0.8644578313253013,0.923809523809524,1,1,-0.067546684569872,0.0,0.067546684569872,0,0,0.0,0.0,0.0,0,0,-0.5926665999540697,0.0,0.5926665999540697,0,1,-0.5,0.0,0.5,0,0,0.1345910714285714,0.5821714285714288,0.4475803571428574,1.0,0.0,-2.2945238095238096,10.146190476190476,12.440714285714286,1.0,1.0,-2.771076923076924,11.655571428571427,14.426648351648351,1.0,1.0,-1.4517963369963383,9.039147619047618,10.490943956043957,1.0,1.0,-1.595701499542125
QID1645_84,Explanation B,0,2,0.00920485703094398,0.8695652173913043,0.8603603603603603,1,1,0.0,0.0,0.0,0,0,0.0,0.0,0.0,0,0,-0.9796676476961952,0.0,0.9796676476961952,0,1,0.8910558385400668,0.9669140248290712,0.0758581862890044,1,0,0.04096292115902944,0.4885432783018868,0.4475803571428574,0.0,0.0,-1.256830637915538,11.183883647798748,12.440714285714286,1.0,1.0,-3.1393370308936337,11.287311320754718,14.426648351648351,1.0,1.0,-2.0949332642200567,8.3960106918239,10.490943956043957,1.0,1.0,-1.6125345029675497
QID1018_85,Explanation B,0,2,0.019841269841269882,0.8472222222222222,0.8273809523809523,1,1,0.0,0.0,0.0,0,0,0.0,0.0,0.0,0,0,0.0,0.0,0.0,0,0,0.25303501435292297,0.2689414096510109,0.0159063952980879,0,0,0.20219508649901918,0.5821714285714288,0.3799763420724096,1.0,0.0,-2.528803281612273,10.146190476190476,12.67499375780275,1.0,1.0,-1.3588230782949893,11.655571428571427,13.014394506866417,1.0,1.0,-0.36855487783128105,9.039147619047618,9.4077024968789,1.0,1.0,-1.013496537809881
QID1420_86,Explanation A,1,2,-0.008715285617520774,0.9029126213592232,0.911627906976744,1,1,-0.0474258762068979,0.0,0.0474258762068979,0,0,0.0,0.0,0.0,0,0,-0.2155380821110109,0.7310585903489891,0.94659667246,1,1,0.8410783964842438,0.9740426401178264,0.1329642436335826,1,0,0.1345910714285714,0.5821714285714288,0.4475803571428574,1.0,0.0,-2.2945238095238096,10.146190476190476,12.440714285714286,1.0,1.0,-2.771076923076924,11.655571428571427,14.426648351648351,1.0,1.0,-1.4517963369963383,9.039147619047618,10.490943956043957,1.0,1.0,-1.595701499542125
QID2270_87,Explanation B,0,2,-0.009795134443022047,0.9409090909090908,0.9507042253521129,1,1,0.0,1.0,1.0,1,1,0.0,0.0,0.0,0,0,0.0,1.0,1.0,1,1,0.3616342820490189,0.3775406758018019,0.015906393752783,0,0,0.1345910714285714,0.5821714285714288,0.4475803571428574,1.0,0.0,-2.2945238095238096,10.146190476190476,12.440714285714286,1.0,1.0,-2.771076923076924,11.655571428571427,14.426648351648351,1.0,1.0,-1.4517963369963383,9.039147619047618,10.490943956043957,1.0,1.0,-1.595701499542125
QID2115_88,Explanation A,1,2,0.04844255663430419,0.8713592233009708,0.8229166666666666,1,1,0.0,1.0,1.0,1,1,0.0,0.0,0.0,0,0,0.0,1.0,1.0,1,1,-0.3976600461819407,0.1645164547038574,0.5621765008857981,0,1,0.1345910714285714,0.5821714285714288,0.4475803571428574,1.0,0.0,-2.2945238095238096,10.146190476190476,12.440714285714286,1.0,1.0,-2.771076923076924,11.655571428571427,14.426648351648351,1.0,1.0,-1.4517963369963383,9.039147619047618,10.490943956043957,1.0,1.0,-1.595701499542125
QID765_89,Explanation A,1,2,0.00910900183710972,0.8732394366197184,0.8641304347826086,1,1,0.0,0.0,0.0,0,0,0.0,0.0,0.0,0,0,0.0,0.0,0.0,0,0,-0.0124316503272243,0.0,0.0124316503272243,0,0,,,,,,,,,,,,,,,,,,,,,
QID893_90,Explanation A,1,2,0.035043652148466053,0.9211822660098522,0.8861386138613861,1,1,-0.022977369700949213,0.9770226302990508,1.0,1,1,0.0,0.0,0.0,0,0,2.220446049250313e-16,1.0000000000000002,1.0,1,1,0.0315194750490834,0.0474258688018664,0.015906393752783,0,0,0.1345910714285714,0.5821714285714288,0.4475803571428574,1.0,0.0,-2.2945238095238096,10.146190476190476,12.440714285714286,1.0,1.0,-2.771076923076924,11.655571428571427,14.426648351648351,1.0,1.0,-1.4517963369963383,9.039147619047618,10.490943956043957,1.0,1.0,-1.595701499542125
QID2220_91,Explanation B,0,2,0.032331511839708615,0.888888888888889,0.8565573770491803,1,1,-0.9820137869453688,0.0,0.9820137869453688,0,1,0.0,0.0,0.0,0,0,-0.9999999999999998,0.0,0.9999999999999998,0,1,-0.5,0.0,0.5,0,0,-0.48568962663334236,-0.038109269490485,0.4475803571428574,0.0,0.0,6.145209593966502,18.585923879680788,12.440714285714286,1.0,1.0,4.670785656945876,19.097434008594227,14.426648351648351,1.0,1.0,2.5178737849014095,13.008817740945366,10.490943956043957,1.0,1.0,3.212044852295111
QID1518_92,Explanation A,1,2,0.0039499036608862115,0.8872832369942196,0.8833333333333334,1,1,0.0600866522779117,0.0600866522779117,0.0,0,0,0.0,0.0,0.0,0,0,1.0,1.0,0.0,1,0,0.984093604789382,0.984093604789382,0.0,1,0,0.0473425492610835,0.5821714285714288,0.5348288793103453,1.0,1.0,-0.8391543513957309,10.146190476190476,10.985344827586207,1.0,1.0,-0.040118226600988294,11.655571428571427,11.695689655172416,1.0,1.0,0.2402269293924455,9.039147619047618,8.798920689655173,1.0,1.0,-0.14792577483579755
QID1990_93,Explanation A,1,2,-0.008327925589444174,0.8623188405797101,0.8706467661691543,1,1,0.0,1.0,1.0,1,1,0.0,0.0,0.0,0,0,0.5,1.0,0.5,1,0,-0.0259573583751549,0.0,0.0259573583751549,0,0,0.1345910714285714,0.5821714285714288,0.4475803571428574,1.0,0.0,-2.2945238095238096,10.146190476190476,12.440714285714286,1.0,1.0,-2.771076923076924,11.655571428571427,14.426648351648351,1.0,1.0,-1.4517963369963383,9.039147619047618,10.490943956043957,1.0,1.0,-1.595701499542125
QID449_94,Explanation A,1,3,0.005361519607843146,0.8725490196078431,0.8671875,1,1,0.014063630297465601,1.0,0.9859363697025344,1,1,0.0,0.0,0.0,0,0,0.0,1.0,1.0,1,1,-0.053403330553099,0.0,0.053403330553099,0,0,0.1345910714285714,0.5821714285714288,0.4475803571428574,1.0,0.0,-2.2945238095238096,10.146190476190476,12.440714285714286,1.0,1.0,-2.771076923076924,11.655571428571427,14.426648351648351,1.0,1.0,-1.4517963369963383,9.039147619047618,10.490943956043957,1.0,1.0,-1.595701499542125
QID948_95,Explanation A,1,3,-0.018690490184553932,0.8404255319148936,0.8591160220994475,1,1,-0.5312093733737562,0.0,0.5312093733737562,0,1,0.0,0.0,0.0,0,0,0.0,1.0,1.0,1,1,-0.6562013314397622,0.0229773677356308,0.679178699175393,0,1,-0.0488105584851391,0.3987697986577183,0.4475803571428574,0.0,0.0,0.33168264621285104,12.772396931927137,12.440714285714286,1.0,1.0,-0.2413079873147037,14.185340364333648,14.426648351648351,1.0,1.0,-0.6059879637141385,9.884955992329818,10.490943956043957,1.0,1.0,-0.14110596582528256
QID48_96,Explanation A,1,3,0.002272727272727315,0.8636363636363636,0.8613636363636363,1,1,0.07151484468513203,0.7772998663336158,0.7057850216484838,1,1,0.0,0.0,0.0,0,0,0.0,1.0,1.0,1,1,0.0124316496068858,0.0124316496068858,0.0,0,0,0.1345910714285714,0.5821714285714288,0.4475803571428574,1.0,0.0,-2.2945238095238096,10.146190476190476,12.440714285714286,1.0,1.0,-2.771076923076924,11.655571428571427,14.426648351648351,1.0,1.0,-1.4517963369963383,9.039147619047618,10.490943956043957,1.0,1.0,-1.595701499542125
QID1299_97,Explanation A,1,3,-0.03816607134119476,0.9057591623036648,0.9439252336448596,1,1,0.2227001336663842,0.2227001336663842,0.0,0,0,0.0,0.0,0.0,0,0,0.16451645675203375,1.0,0.8354835432479663,1,1,0.20679374507252582,0.2227001388253088,0.015906393752783,0,0,0.1345910714285714,0.5821714285714288,0.4475803571428574,1.0,0.0,-2.2945238095238096,10.146190476190476,12.440714285714286,1.0,1.0,-2.771076923076924,11.655571428571427,14.426648351648351,1.0,1.0,-1.4517963369963383,9.039147619047618,10.490943956043957,1.0,1.0,-1.595701499542125
QID1501_98,Explanation A,1,3,-0.027675906183368792,0.8208955223880597,0.8485714285714285,1,1,-1.0,0.0,1.0,0,1,0.0,0.0,0.0,0,0,-1.0000000000000002,0.0,1.0000000000000002,0,1,-0.320821300824607,0.0,0.320821300824607,0,0,0.1345910714285714,0.5821714285714288,0.4475803571428574,1.0,0.0,-2.2945238095238096,10.146190476190476,12.440714285714286,1.0,1.0,-2.771076923076924,11.655571428571427,14.426648351648351,1.0,1.0,-1.4517963369963383,9.039147619047618,10.490943956043957,1.0,1.0,-1.595701499542125
QID224_99,Explanation B,0,3,0.04993455497382204,0.8874345549738221,0.8375,1,1,0.0,1.0,1.0,1,1,0.0,0.0,0.0,0,0,0.0,1.0,1.0,1,1,-0.0259573570094195,0.0,0.0259573570094195,0,0,0.1345910714285714,0.5821714285714288,0.4475803571428574,1.0,0.0,-2.2945238095238096,10.146190476190476,12.440714285714286,1.0,1.0,-2.771076923076924,11.655571428571427,14.426648351648351,1.0,1.0,-1.4517963369963383,9.039147619047618,10.490943956043957,1.0,1.0,-1.595701499542125
QID126_100,Explanation A,1,3,0.019736842105263164,0.875,0.8552631578947368,1,1,0.0,0.5621765008857981,0.5621765008857981,1,1,0.0330859798188265,0.0330859798188265,0.0,0,0,-0.053403329799824206,0.9465966702001758,1.0,1,1,-0.04956047954811438,0.9324533097989076,0.982013789347022,1,1,0.1345910714285714,0.5821714285714288,0.4475803571428574,1.0,0.0,-2.2945238095238096,10.146190476190476,12.440714285714286,1.0,1.0,-2.771076923076924,11.655571428571427,14.426648351648351,1.0,1.0,-1.4517963369963383,9.039147619047618,10.490943956043957,1.0,1.0,-1.595701499542125
QID296_101,Explanation B,0,3,0.05110689437065141,0.9607843137254902,0.9096774193548388,1,1,-0.2689414213699951,0.0,0.2689414213699951,0,0,0.0,0.0,0.0,0,0,-0.6513548646660542,0.0,0.6513548646660542,0,1,-0.1597254878892785,0.042087731970752,0.2018132198600305,0,0,0.1345910714285714,0.5821714285714288,0.4475803571428574,1.0,0.0,-2.2945238095238096,10.146190476190476,12.440714285714286,1.0,1.0,-2.771076923076924,11.655571428571427,14.426648351648351,1.0,1.0,-1.4517963369963383,9.039147619047618,10.490943956043957,1.0,1.0,-1.595701499542125
QID297_102,Explanation B,0,3,-0.008580202312138852,0.9132947976878611,0.921875,1,1,0.0,0.0,0.0,0,0,0.0,0.0,0.0,0,0,1.0,1.0,0.0,1,0,0.0293122301683795,0.0293122301683795,0.0,0,0,0.1345910714285714,0.5821714285714288,0.4475803571428574,1.0,0.0,-2.2945238095238096,10.146190476190476,12.440714285714286,1.0,1.0,-2.771076923076924,11.655571428571427,14.426648351648351,1.0,1.0,-1.4517963369963383,9.039147619047618,10.490943956043957,1.0,1.0,-1.595701499542125
QID301_103,Explanation B,0,3,-0.006070318570318589,0.8701923076923077,0.8762626262626263,1,1,0.5147506240057156,0.9525741231199174,0.4378234991142019,1,0,0.0,0.0,0.0,0,0,0.00891374209873197,0.985936373150458,0.977022631051726,1,1,0.20181321745968228,1.0,0.7981867825403177,1,1,0.1345910714285714,0.5821714285714288,0.4475803571428574,1.0,0.0,-2.2945238095238096,10.146190476190476,12.440714285714286,1.0,1.0,-2.771076923076924,11.655571428571427,14.426648351648351,1.0,1.0,-1.4517963369963383,9.039147619047618,10.490943956043957,1.0,1.0,-1.595701499542125
QID1001_104,Explanation B,0,3,0.011023790593847504,0.8765060240963856,0.8654822335025381,1,1,0.020332354492819005,1.0000000000000002,0.9796676455071812,1,1,0.0,0.0,0.0,0,0,0.0,1.0,1.0,1,1,-0.5098299627073035,0.2450850131323717,0.7549149758396752,0,1,0.1345910714285714,0.5821714285714288,0.4475803571428574,1.0,0.0,-2.2945238095238096,10.146190476190476,12.440714285714286,1.0,1.0,-2.771076923076924,11.655571428571427,14.426648351648351,1.0,1.0,-1.4517963369963383,9.039147619047618,10.490943956043957,1.0,1.0,-1.595701499542125
QID1021_105,Explanation A,1,3,-0.007058823529411784,0.89,0.8970588235294118,1,1,-0.0534033247152198,0.9465966752847802,1.0,1,1,0.0,0.0,0.0,0,0,2.220446049250313e-16,1.0,0.9999999999999998,1,1,-0.1383919786759351,0.2689414213699951,0.4073334000459302,0,0,0.1345910714285714,0.5821714285714288,0.4475803571428574,1.0,0.0,-2.2945238095238096,10.146190476190476,12.440714285714286,1.0,1.0,-2.771076923076924,11.655571428571427,14.426648351648351,1.0,1.0,-1.4517963369963383,9.039147619047618,10.490943956043957,1.0,1.0,-1.595701499542125
QID1026_106,Explanation A,1,3,0.08376963350785327,0.9476439790575916,0.8638743455497383,1,1,0.7981867705385762,0.7981867705385762,0.0,1,0,0.0,0.0,0.0,0,0,0.060086651225959575,1.0,0.9399133487740404,1,1,-0.35272445700758837,0.5621765008857981,0.9149009578933864,1,1,0.1345910714285714,0.5821714285714288,0.4475803571428574,1.0,0.0,-2.2945238095238096,10.146190476190476,12.440714285714286,1.0,1.0,-2.771076923076924,11.655571428571427,14.426648351648351,1.0,1.0,-1.4517963369963383,9.039147619047618,10.490943956043957,1.0,1.0,-1.595701499542125
QID1401_107,Explanation B,0,3,-0.022944116310767648,0.8802816901408451,0.9032258064516128,1,1,-0.9796676460637104,0.0,0.9796676460637104,0,1,0.0,0.0,0.0,0,0,0.0,0.0,0.0,0,0,0.0373268894859384,0.0373268894859384,0.0,0,0,-0.07955129870129896,0.5821714285714288,0.6617227272727277,1.0,1.0,1.3480086580086557,10.146190476190476,8.79818181818182,1.0,1.0,2.019025974025972,11.655571428571427,9.636545454545455,1.0,1.0,0.750238528138528,9.039147619047618,8.28890909090909,1.0,1.0,1.0094304653679642
QID376_108,Explanation B,0,3,0.023667779875127026,0.8969072164948454,0.8732394366197184,1,1,0.008311477141767998,0.0758581753204231,0.0675466981786551,0,0,0.0,0.0,0.0,0,0,0.0,1.0,1.0,1,1,0.16225081286496834,0.8933094032139575,0.7310585903489891,1,1,0.1345910714285714,0.5821714285714288,0.4475803571428574,1.0,0.0,-2.2945238095238096,10.146190476190476,12.440714285714286,1.0,1.0,-2.771076923076924,11.655571428571427,14.426648351648351,1.0,1.0,-1.4517963369963383,9.039147619047618,10.490943956043957,1.0,1.0,-1.595701499542125
QID2346_109,Explanation A,1,3,0.09506493506493507,0.91,0.814935064935065,1,1,0.0,0.0,0.0,0,0,0.0,0.0,0.0,0,0,0.0,0.0,0.0,0,0,-0.30283509367156436,0.0179862136468195,0.3208213073183839,0,0,0.1345910714285714,0.5821714285714288,0.4475803571428574,1.0,0.0,-2.2945238095238096,10.146190476190476,12.440714285714286,1.0,1.0,-2.771076923076924,11.655571428571427,14.426648351648351,1.0,1.0,-1.4517963369963383,9.039147619047618,10.490943956043957,1.0,1.0,-1.595701499542125
QID1447_110,Explanation B,0,3,-0.013794663048394273,0.9090909090909092,0.9228855721393034,1,1,-0.7287929402352775,0.1645164608483867,0.8933094010836642,0,1,0.0,0.0,0.0,0,0,0.0,1.0,1.0,1,1,0.5157687372562035,0.8933094060543489,0.3775406687981454,1,0,0.1345910714285714,0.5821714285714288,0.4475803571428574,1.0,0.0,-2.2945238095238096,10.146190476190476,12.440714285714286,1.0,1.0,-2.771076923076924,11.655571428571427,14.426648351648351,1.0,1.0,-1.4517963369963383,9.039147619047618,10.490943956043957,1.0,1.0,-1.595701499542125
QID1972_111,Explanation B,0,3,0.007783882783882867,0.8379120879120879,0.8301282051282051,1,1,0.0,0.5621765008857981,0.5621765008857981,1,1,0.0,0.0,0.0,0,0,-0.04660395400232997,0.8933093954028817,0.9399133494052117,1,1,0.3780211678106331,0.4073334000459302,0.0293122322352971,0,0,0.1345910714285714,0.5821714285714288,0.4475803571428574,1.0,0.0,-2.2945238095238096,10.146190476190476,12.440714285714286,1.0,1.0,-2.771076923076924,11.655571428571427,14.426648351648351,1.0,1.0,-1.4517963369963383,9.039147619047618,10.490943956043957,1.0,1.0,-1.595701499542125
QID476_112,Explanation B,0,3,-0.0441666666666668,0.9025,0.9466666666666668,1,1,1.0,1.0,0.0,1,0,0.0330859798188265,0.0330859798188265,0.0,0,0,1.0,1.0,0.0,1,0,-0.0953494552590334,0.0,0.0953494552590334,0,0,0.1345910714285714,0.5821714285714288,0.4475803571428574,1.0,0.0,-2.2945238095238096,10.146190476190476,12.440714285714286,1.0,1.0,-2.771076923076924,11.655571428571427,14.426648351648351,1.0,1.0,-1.4517963369963383,9.039147619047618,10.490943956043957,1.0,1.0,-1.595701499542125
QID296_113,Explanation A,1,3,-0.004627968716366615,0.7486187845303867,0.7532467532467533,1,1,0.0,0.0,0.0,0,0,0.0,0.0,0.0,0,0,0.0,0.0,0.0,0,0,-0.0179862092054064,0.0,0.0179862092054064,0,0,0.1345910714285714,0.5821714285714288,0.4475803571428574,1.0,0.0,-2.2945238095238096,10.146190476190476,12.440714285714286,1.0,1.0,-2.771076923076924,11.655571428571427,14.426648351648351,1.0,1.0,-1.4517963369963383,9.039147619047618,10.490943956043957,1.0,1.0,-1.595701499542125
QID297_114,Explanation A,1,3,0.008273335859542819,0.8974358974358975,0.8891625615763546,1,1,0.026273650925181302,0.8933094124452288,0.8670357615200475,1,1,0.0,0.0,0.0,0,0,-2.220446049250313e-16,0.9999999999999998,1.0,1,1,-0.08651589837151247,0.1824255171389904,0.2689414155105029,0,0,0.1345910714285714,0.5821714285714288,0.4475803571428574,1.0,0.0,-2.2945238095238096,10.146190476190476,12.440714285714286,1.0,1.0,-2.771076923076924,11.655571428571427,14.426648351648351,1.0,1.0,-1.4517963369963383,9.039147619047618,10.490943956043957,1.0,1.0,-1.595701499542125
QID301_115,Explanation A,1,3,0.009012539184952928,0.8825757575757576,0.8735632183908046,1,1,0.0,0.0,0.0,0,0,0.0,0.0,0.0,0,0,-0.0953494648991095,0.0,0.0953494648991095,0,0,-0.1480472017906333,0.0,0.1480472017906333,0,0,0.1345910714285714,0.5821714285714288,0.4475803571428574,1.0,0.0,-2.2945238095238096,10.146190476190476,12.440714285714286,1.0,1.0,-2.771076923076924,11.655571428571427,14.426648351648351,1.0,1.0,-1.4517963369963383,9.039147619047618,10.490943956043957,1.0,1.0,-1.595701499542125
QID846_116,Explanation A,1,3,0.0026327458153196925,0.8762886597938144,0.8736559139784947,1,1,0.0,0.0,0.0,0,0,0.0,0.0,0.0,0,0,1.0,1.0,0.0,1,0,0.0,0.0,0.0,0,0,0.1345910714285714,0.5821714285714288,0.4475803571428574,1.0,0.0,-2.2945238095238096,10.146190476190476,12.440714285714286,1.0,1.0,-2.771076923076924,11.655571428571427,14.426648351648351,1.0,1.0,-1.4517963369963383,9.039147619047618,10.490943956043957,1.0,1.0,-1.595701499542125
QID849_117,Explanation A,1,3,0.008116104269950464,0.8986486486486487,0.8905325443786982,1,1,0.0,0.0,0.0,0,0,0.0,0.0,0.0,0,0,0.0,0.0,0.0,0,0,0.0,0.0,0.0,0,0,-0.04969800420168069,0.3978823529411767,0.4475803571428574,0.0,0.0,-0.6777731092436952,11.76294117647059,12.440714285714286,1.0,1.0,-4.028295410471879,10.398352941176473,14.426648351648351,1.0,1.0,-1.3671263089851333,9.123817647058823,10.490943956043957,1.0,1.0,-1.530723208225597
QID199_118,Explanation A,1,3,-0.009457933370977,0.8152173913043478,0.8246753246753248,1,1,-0.9796676455071812,0.0,0.9796676455071812,0,1,0.0,0.0,0.0,0,0,0.0,0.0,0.0,0,0,-0.9706877698316205,0.0293122301683795,1.0,0,1,0.1345910714285714,0.5821714285714288,0.4475803571428574,1.0,0.0,-2.2945238095238096,10.146190476190476,12.440714285714286,1.0,1.0,-2.771076923076924,11.655571428571427,14.426648351648351,1.0,1.0,-1.4517963369963383,9.039147619047618,10.490943956043957,1.0,1.0,-1.595701499542125
QID2049_119,Explanation A,1,3,0.00586080586080584,0.8547619047619048,0.848901098901099,1,1,0.17527426183518702,0.9525741281688028,0.7772998663336158,1,1,0.0,0.0,0.0,0,0,0.0,1.0,1.0,1,1,-0.3775406617944891,0.6224593382055109,1.0,1,1,0.1345910714285714,0.5821714285714288,0.4475803571428574,1.0,0.0,-2.2945238095238096,10.146190476190476,12.440714285714286,1.0,1.0,-2.771076923076924,11.655571428571427,14.426648351648351,1.0,1.0,-1.4517963369963383,9.039147619047618,10.490943956043957,1.0,1.0,-1.595701499542125
QID1021_120,Explanation A,1,3,0.018836648583483995,0.9523809523809524,0.9335443037974684,1,1,0.0,0.0,0.0,0,0,0.0,0.0,0.0,0,0,0.0,0.0,0.0,0,0,-0.20161838662512108,0.119202914199486,0.3208213008246071,0,0,-0.029565984071819262,0.4723886541471049,0.5019546382189242,0.0,1.0,-0.07410317605488892,10.432316118935836,10.506419294990724,1.0,1.0,-1.5498908675719427,9.743536776212837,11.29342764378478,1.0,1.0,0.39918328353962274,8.86696510172144,8.467781818181818,1.0,1.0,-0.31359418603975703
QID1024_121,Explanation A,1,3,0.00381455399061037,0.9413145539906104,0.9375,1,1,0.9324533126145178,0.9324533126145178,0.0,1,0,0.0,0.0,0.0,0,0,0.9859363734991244,0.9859363734991244,0.0,1,0,0.2428169330530141,0.4073334000459302,0.1645164669929161,0,0,-0.029565984071819262,0.4723886541471049,0.5019546382189242,0.0,1.0,-0.07410317605488892,10.432316118935836,10.506419294990724,1.0,1.0,-1.5498908675719427,9.743536776212837,11.29342764378478,1.0,1.0,0.39918328353962274,8.86696510172144,8.467781818181818,1.0,1.0,-0.31359418603975703
QID1026_122,Explanation A,1,3,0.060815047021943625,0.9090909090909092,0.8482758620689655,1,1,-0.1329642401978292,0.0,0.1329642401978292,0,0,0.0,0.0,0.0,0,0,-0.014063626500875559,0.9859363734991244,1.0,1,1,-0.27123761396097346,0.7057850154599563,0.9770226294209298,1,1,-0.029565984071819262,0.4723886541471049,0.5019546382189242,0.0,1.0,-0.07410317605488892,10.432316118935836,10.506419294990724,1.0,1.0,-1.5498908675719427,9.743536776212837,11.29342764378478,1.0,1.0,0.39918328353962274,8.86696510172144,8.467781818181818,1.0,1.0,-0.31359418603975703
QID2271_123,Explanation A,1,3,0.014246682279469236,0.907103825136612,0.8928571428571428,1,1,-0.731058584489497,0.0,0.731058584489497,0,1,0.0,0.0,0.0,0,0,-1.0,0.0,1.0,0,1,-0.970687769990614,0.0,0.970687769990614,0,1,-0.029565984071819262,0.4723886541471049,0.5019546382189242,0.0,1.0,-0.07410317605488892,10.432316118935836,10.506419294990724,1.0,1.0,-1.5498908675719427,9.743536776212837,11.29342764378478,1.0,1.0,0.39918328353962274,8.86696510172144,8.467781818181818,1.0,1.0,-0.31359418603975703
QID771_124,Explanation B,0,3,0.021651004238068983,0.9320987654320988,0.9104477611940298,1,1,0.5926665999540697,0.5926665999540697,0.0,1,0,0.0,0.0,0.0,0,0,0.0373268854700467,0.0373268854700467,0.0,0,0,-0.47780604545711897,0.0534033279166373,0.5312093733737563,0,1,-0.029565984071819262,0.4723886541471049,0.5019546382189242,0.0,1.0,-0.07410317605488892,10.432316118935836,10.506419294990724,1.0,1.0,-1.5498908675719427,9.743536776212837,11.29342764378478,1.0,1.0,0.39918328353962274,8.86696510172144,8.467781818181818,1.0,1.0,-0.31359418603975703
QID874_125,Explanation B,0,3,-0.008120911346717774,0.8240469208211144,0.8321678321678322,1,1,0.0,0.0,0.0,0,0,0.0,0.0,0.0,0,0,0.0,0.0,0.0,0,0,0.0,0.0,0.0,0,0,-0.029565984071819262,0.4723886541471049,0.5019546382189242,0.0,1.0,-0.07410317605488892,10.432316118935836,10.506419294990724,1.0,1.0,-1.5498908675719427,9.743536776212837,11.29342764378478,1.0,1.0,0.39918328353962274,8.86696510172144,8.467781818181818,1.0,1.0,-0.31359418603975703
QID2171_126,Explanation A,1,3,-0.010908758957505982,0.834862385321101,0.845771144278607,1,1,0.08509905138791518,1.0,0.9149009486120848,1,1,0.0,0.0,0.0,0,0,-0.01098694086971963,0.9890130591302804,1.0,1,1,0.055786818536911,0.0850990473273455,0.0293122287904345,0,0,-0.029565984071819262,0.4723886541471049,0.5019546382189242,0.0,1.0,-0.07410317605488892,10.432316118935836,10.506419294990724,1.0,1.0,-1.5498908675719427,9.743536776212837,11.29342764378478,1.0,1.0,0.39918328353962274,8.86696510172144,8.467781818181818,1.0,1.0,-0.31359418603975703
QID698_127,Explanation B,0,3,0.04227596550431212,0.8690476190476192,0.8267716535433071,1,1,0.5926665999540697,0.5926665999540697,0.0,1,0,0.0,0.0,0.0,0,0,0.1645164649447396,0.1645164649447396,0.0,0,0,0.6836327071045258,0.731058584489497,0.0474258773849712,1,0,-0.029565984071819262,0.4723886541471049,0.5019546382189242,0.0,1.0,-0.07410317605488892,10.432316118935836,10.506419294990724,1.0,1.0,-1.5498908675719427,9.743536776212837,11.29342764378478,1.0,1.0,0.39918328353962274,8.86696510172144,8.467781818181818,1.0,1.0,-0.31359418603975703
QID1771_128,Explanation B,0,3,-0.009547123623011022,0.8325581395348837,0.8421052631578947,1,1,0.817574478416099,0.817574478416099,0.0,1,0,0.0,0.0,0.0,0,0,0.1415390972509241,0.1645164649447396,0.0229773676938155,0,0,0.7981867729389245,0.7981867729389245,0.0,1,0,-0.029565984071819262,0.4723886541471049,0.5019546382189242,0.0,1.0,-0.07410317605488892,10.432316118935836,10.506419294990724,1.0,1.0,-1.5498908675719427,9.743536776212837,11.29342764378478,1.0,1.0,0.39918328353962274,8.86696510172144,8.467781818181818,1.0,1.0,-0.31359418603975703
QID634_129,Explanation A,1,4,0.060631306118670736,0.9487179487179488,0.888086642599278,1,1,-0.3775406687981454,0.0,0.3775406687981454,0,0,0.0,0.0,0.0,0,0,-0.5,0.0,0.5,0,0,-0.0373268853361836,0.0,0.0373268853361836,0,0,-0.029565984071819262,0.4723886541471049,0.5019546382189242,0.0,1.0,-0.07410317605488892,10.432316118935836,10.506419294990724,1.0,1.0,-1.5498908675719427,9.743536776212837,11.29342764378478,1.0,1.0,0.39918328353962274,8.86696510172144,8.467781818181818,1.0,1.0,-0.31359418603975703
QID1160_130,Explanation A,1,4,-0.0004646480291178312,0.8648648648648649,0.8653295128939827,1,1,0.5000000000000001,0.5000000000000001,0.0,1,0,0.0,0.0,0.0,0,0,1.0,1.0,0.0,1,0,0.027823841277198946,0.679178699175393,0.651354857898194,1,1,-0.029565984071819262,0.4723886541471049,0.5019546382189242,0.0,1.0,-0.07410317605488892,10.432316118935836,10.506419294990724,1.0,1.0,-1.5498908675719427,9.743536776212837,11.29342764378478,1.0,1.0,0.39918328353962274,8.86696510172144,8.467781818181818,1.0,1.0,-0.31359418603975703
QID406_131,Explanation B,0,4,-0.0388202173052391,0.835195530726257,0.8740157480314961,1,1,0.0,0.0,0.0,0,0,0.0,0.0,0.0,0,0,0.0,0.0,0.0,0,0,0.679178699175393,0.679178699175393,0.0,1,0,-0.029565984071819262,0.4723886541471049,0.5019546382189242,0.0,1.0,-0.07410317605488892,10.432316118935836,10.506419294990724,1.0,1.0,-1.5498908675719427,9.743536776212837,11.29342764378478,1.0,1.0,0.39918328353962274,8.86696510172144,8.467781818181818,1.0,1.0,-0.31359418603975703
QID956_132,Explanation A,1,4,0.030699177438307967,0.8513513513513514,0.8206521739130435,1,1,0.0,0.0,0.0,0,0,0.0,0.0,0.0,0,0,0.0,0.0,0.0,0,0,0.42375987097330287,0.4378234991142019,0.014063628140899,0,0,-0.029565984071819262,0.4723886541471049,0.5019546382189242,0.0,1.0,-0.07410317605488892,10.432316118935836,10.506419294990724,1.0,1.0,-1.5498908675719427,9.743536776212837,11.29342764378478,1.0,1.0,0.39918328353962274,8.86696510172144,8.467781818181818,1.0,1.0,-0.31359418603975703
QID6_133,Explanation B,0,4,-0.03638915342589355,0.908450704225352,0.9448398576512456,1,1,1.0,1.0,0.0,1,0,0.0,0.0,0.0,0,0,0.37754067580180184,1.0,0.6224593241981982,1,1,-0.3651090163213393,0.0124316524768061,0.3775406687981454,0,0,-0.029565984071819262,0.4723886541471049,0.5019546382189242,0.0,1.0,-0.07410317605488892,10.432316118935836,10.506419294990724,1.0,1.0,-1.5498908675719427,9.743536776212837,11.29342764378478,1.0,1.0,0.39918328353962274,8.86696510172144,8.467781818181818,1.0,1.0,-0.31359418603975703
QID935_134,Explanation A,1,4,-0.0032388663967609643,0.9230769230769232,0.9263157894736842,1,1,0.1192029314092759,0.1192029314092759,0.0,0,0,0.0,0.0,0.0,0,0,0.1645164649447396,0.1645164649447396,0.0,0,0,0.9859363724143846,0.9859363724143846,0.0,1,0,-0.24085983070138023,0.4723886541471049,0.7132484848484851,0.0,1.0,2.750194906814623,10.432316118935836,7.682121212121213,1.0,1.0,2.0107792004552625,9.743536776212837,7.732757575757574,1.0,1.0,2.3832681320244706,8.86696510172144,6.48369696969697,1.0,1.0,1.725845602148244
QID1209_135,Explanation A,1,4,0.01291866028708133,0.8526315789473684,0.8397129186602871,1,1,-0.939913354454581,0.0,0.939913354454581,0,1,0.0,0.0,0.0,0,0,-1.0,0.0,1.0,0,1,-0.014063627585615412,0.9859363724143846,1.0,1,1,0.08394536178107603,0.5859000000000002,0.5019546382189242,1.0,1.0,-0.6166016658113929,9.889817629179332,10.506419294990724,1.0,1.0,-0.13753098724983026,11.15589665653495,11.29342764378478,1.0,1.0,-0.4726216358109969,7.995160182370821,8.467781818181818,1.0,1.0,-0.285702231772786
QID360_136,Explanation A,1,4,-0.03134079579166282,0.8544973544973544,0.8858381502890172,1,1,0.0,0.0,0.0,0,0,0.0,0.0,0.0,0,0,0.5621765008857981,0.5621765008857981,0.0,1,0,0.2396291984390529,0.2689414272294874,0.0293122287904345,0,0,-0.029565984071819262,0.4723886541471049,0.5019546382189242,0.0,1.0,-0.07410317605488892,10.432316118935836,10.506419294990724,1.0,1.0,-1.5498908675719427,9.743536776212837,11.29342764378478,1.0,1.0,0.39918328353962274,8.86696510172144,8.467781818181818,1.0,1.0,-0.31359418603975703
QID1258_137,Explanation A,1,4,0.057676232933965066,0.90990990990991,0.852233676975945,1,1,0.8933094067644467,0.8933094067644467,0.0,1,0,0.0,0.0,0.0,0,0,0.962673109309294,0.962673109309294,0.0,1,0,0.5271098727294626,0.6224593312018546,0.095349458472392,1,0,-0.029565984071819262,0.4723886541471049,0.5019546382189242,0.0,1.0,-0.07410317605488892,10.432316118935836,10.506419294990724,1.0,1.0,-1.5498908675719427,9.743536776212837,11.29342764378478,1.0,1.0,0.39918328353962274,8.86696510172144,8.467781818181818,1.0,1.0,-0.31359418603975703
QID606_138,Explanation B,0,4,0.0005261018246166538,0.903041825095057,0.9025157232704404,1,1,0.0,0.0,0.0,0,0,0.0,0.0,0.0,0,0,0.962673109309294,0.962673109309294,0.0,1,0,0.763236228430151,0.9859363724143846,0.2227001439842336,1,0,-0.029565984071819262,0.4723886541471049,0.5019546382189242,0.0,1.0,-0.07410317605488892,10.432316118935836,10.506419294990724,1.0,1.0,-1.5498908675719427,9.743536776212837,11.29342764378478,1.0,1.0,0.39918328353962274,8.86696510172144,8.467781818181818,1.0,1.0,-0.31359418603975703
QID608_139,Explanation A,1,4,0.023788223812622133,0.9009433962264152,0.877155172413793,1,1,0.731058578630005,0.731058578630005,0.0,1,0,0.0,0.0,0.0,0,0,0.817574471748733,1.0,0.182425528251267,1,0,0.7028373192672293,0.7981867777396212,0.095349458472392,1,0,-0.029565984071819262,0.4723886541471049,0.5019546382189242,0.0,1.0,-0.07410317605488892,10.432316118935836,10.506419294990724,1.0,1.0,-1.5498908675719427,9.743536776212837,11.29342764378478,1.0,1.0,0.39918328353962274,8.86696510172144,8.467781818181818,1.0,1.0,-0.31359418603975703
QID557_140,Explanation A,1,4,0.033807192619092374,0.8827433628318584,0.848936170212766,1,1,0.0,0.0,0.0,0,0,0.0,0.0,0.0,0,0,-1.0,0.0,1.0,0,1,0.3665537282725048,0.3775406687981454,0.0109869405256406,0,0,-0.029565984071819262,0.4723886541471049,0.5019546382189242,0.0,1.0,-0.07410317605488892,10.432316118935836,10.506419294990724,1.0,1.0,-1.5498908675719427,9.743536776212837,11.29342764378478,1.0,1.0,0.39918328353962274,8.86696510172144,8.467781818181818,1.0,1.0,-0.31359418603975703
QID560_141,Explanation B,0,4,-0.04738216687345864,0.9078014184397164,0.955183585313175,1,1,0.5980943181238074,0.8670357512127872,0.2689414330889797,1,0,-0.047425875365417,0.0,0.047425875365417,0,0,0.0023461443508627777,0.9820137894128208,0.979667645061958,1,1,0.0,0.0,0.0,0,0,-0.029565984071819262,0.4723886541471049,0.5019546382189242,0.0,1.0,-0.07410317605488892,10.432316118935836,10.506419294990724,1.0,1.0,-1.5498908675719427,9.743536776212837,11.29342764378478,1.0,1.0,0.39918328353962274,8.86696510172144,8.467781818181818,1.0,1.0,-0.31359418603975703
QID1633_142,Explanation A,1,4,0.04203612479474561,0.9523809523809524,0.9103448275862068,1,1,-0.914900952092573,0.0,0.914900952092573,0,1,0.0,0.0,0.0,0,0,-1.0,0.0,1.0,0,1,0.0,0.0,0.0,0,0,0.00978536178107614,0.5117400000000003,0.5019546382189242,1.0,1.0,-0.8084192949907241,9.698,10.506419294990724,1.0,1.0,-0.6686276437847791,10.6248,11.29342764378478,1.0,1.0,0.860251515151516,9.328033333333334,8.467781818181818,1.0,1.0,-0.15175251546072777
QID155_143,Explanation B,0,4,-0.005267778753292429,0.8529411764705882,0.8582089552238806,1,1,0.10442982249944921,0.9399133555065332,0.835483533007084,1,1,-0.2018132294614237,0.0,0.2018132294614237,0,0,-0.010986942165074787,0.9890130578349252,1.0,1,1,0.3208213008246071,0.3208213008246071,0.0,0,0,-0.029565984071819262,0.4723886541471049,0.5019546382189242,0.0,1.0,-0.07410317605488892,10.432316118935836,10.506419294990724,1.0,1.0,-1.5498908675719427,9.743536776212837,11.29342764378478,1.0,1.0,0.39918328353962274,8.86696510172144,8.467781818181818,1.0,1.0,-0.31359418603975703
QID157_144,Explanation A,1,4,0.006773949522041134,0.8874045801526718,0.8806306306306306,1,1,-0.4687906266262437,0.0,0.4687906266262437,0,0,0.0,0.0,0.0,0,0,0.0,0.0,0.0,0,0,0.575496691934984,0.9241418205010696,0.3486451285660856,1,0,-0.029565984071819262,0.4723886541471049,0.5019546382189242,0.0,1.0,-0.07410317605488892,10.432316118935836,10.506419294990724,1.0,1.0,-1.5498908675719427,9.743536776212837,11.29342764378478,1.0,1.0,0.39918328353962274,8.86696510172144,8.467781818181818,1.0,1.0,-0.31359418603975703
QID158_145,Explanation B,0,4,0.03881436941103922,0.907608695652174,0.8687943262411347,1,1,0.867035763237924,0.867035763237924,0.0,1,0,0.0,0.0,0.0,0,0,0.04208772746504863,1.0,0.9579122725349514,1,1,0.3666929104771931,0.5312093733737562,0.1645164628965631,1,0,-0.029565984071819262,0.4723886541471049,0.5019546382189242,0.0,1.0,-0.07410317605488892,10.432316118935836,10.506419294990724,1.0,1.0,-1.5498908675719427,9.743536776212837,11.29342764378478,1.0,1.0,0.39918328353962274,8.86696510172144,8.467781818181818,1.0,1.0,-0.31359418603975703
QID160_146,Explanation B,0,4,-0.02765621475298885,0.9129032258064516,0.9405594405594404,1,1,-0.7981867777396212,0.0,0.7981867777396212,0,1,0.0,0.0,0.0,0,0,-1.0,0.0,1.0,0,1,-0.0675466981786551,0.0,0.0675466981786551,0,0,-0.029565984071819262,0.4723886541471049,0.5019546382189242,0.0,1.0,-0.07410317605488892,10.432316118935836,10.506419294990724,1.0,1.0,-1.5498908675719427,9.743536776212837,11.29342764378478,1.0,1.0,0.39918328353962274,8.86696510172144,8.467781818181818,1.0,1.0,-0.31359418603975703
QID782_147,Explanation B,0,4,-0.03481410303791854,0.8915662650602411,0.9263803680981596,1,1,0.0,0.0,0.0,0,0,0.0,0.0,0.0,0,0,0.0,0.0,0.0,0,0,0.7778544266601803,0.7981867777396212,0.0203323510794409,1,0,0.17069577714971562,0.6726504153686398,0.5019546382189242,1.0,1.0,-0.9599291599959159,9.546490134994809,10.506419294990724,1.0,1.0,0.6906014320199958,11.984029075804775,11.29342764378478,1.0,1.0,-1.143212451618993,7.324569366562825,8.467781818181818,1.0,1.0,-0.3104611006112994
QID1382_148,Explanation A,1,4,-0.05561617458279844,0.8315789473684211,0.8871951219512195,1,1,-0.9770226302990508,0.0,0.9770226302990508,0,1,0.0,0.0,0.0,0,0,-1.0,0.0,1.0,0,1,0.02782384804505922,0.679178699175393,0.6513548511303338,1,1,-0.05642975812300055,0.4455248800959236,0.5019546382189242,0.0,1.0,2.062309721795847,12.568729016786572,10.506419294990724,1.0,1.0,3.358682667965816,14.652110311750596,11.29342764378478,1.0,1.0,1.543252474384131,10.011034292565949,8.467781818181818,1.0,1.0,1.7269537765056984
QID1382_149,Explanation A,1,4,0.01857770120053348,0.9104046242774566,0.8918269230769231,1,1,-0.5912682223472258,0.0600866558545488,0.6513548782017745,0,1,0.0,0.0,0.0,0,0,-0.2942149783515162,0.7057850216484838,1.0,1,1,-0.10442981754901492,0.8354835289107309,0.9399133464597458,1,1,-0.029565984071819262,0.4723886541471049,0.5019546382189242,0.0,1.0,-0.07410317605488892,10.432316118935836,10.506419294990724,1.0,1.0,-1.5498908675719427,9.743536776212837,11.29342764378478,1.0,1.0,0.39918328353962274,8.86696510172144,8.467781818181818,1.0,1.0,-0.31359418603975703
QID1306_150,Explanation A,1,4,0.04288219352781775,0.9575163398692812,0.9146341463414634,1,1,-0.0259573542308545,0.0,0.0259573542308545,0,0,0.0,0.0,0.0,0,0,-0.4286547377675302,0.3486451285660856,0.7772998663336158,0,1,-0.02782385453883618,0.6513548511303336,0.6791787056691698,1,1,-0.029565984071819262,0.4723886541471049,0.5019546382189242,0.0,1.0,-0.07410317605488892,10.432316118935836,10.506419294990724,1.0,1.0,-1.5498908675719427,9.743536776212837,11.29342764378478,1.0,1.0,0.39918328353962274,8.86696510172144,8.467781818181818,1.0,1.0,-0.31359418603975703
QID56_151,Explanation A,1,4,-0.011391007627458816,0.8183962264150944,0.8297872340425532,1,1,0.0,0.0,0.0,0,0,0.0,0.0,0.0,0,0,0.0,0.0,0.0,0,0,-0.7162806162757711,0.1192029126349598,0.8354835289107309,0,1,-0.029565984071819262,0.4723886541471049,0.5019546382189242,0.0,1.0,-0.07410317605488892,10.432316118935836,10.506419294990724,1.0,1.0,-1.5498908675719427,9.743536776212837,11.29342764378478,1.0,1.0,0.39918328353962274,8.86696510172144,8.467781818181818,1.0,1.0,-0.31359418603975703
QID58_152,Explanation A,1,4,0.014983351831298508,0.8679245283018868,0.8529411764705883,1,1,0.0,0.0,0.0,0,0,0.0,0.0,0.0,0,0,0.0,0.0,0.0,0,0,-0.043344738881476705,0.0758581737534831,0.1192029126349598,0,0,-0.029565984071819262,0.4723886541471049,0.5019546382189242,0.0,1.0,-0.07410317605488892,10.432316118935836,10.506419294990724,1.0,1.0,-1.5498908675719427,9.743536776212837,11.29342764378478,1.0,1.0,0.39918328353962274,8.86696510172144,8.467781818181818,1.0,1.0,-0.31359418603975703
QID130_153,Explanation B,0,4,0.04294423525192759,0.9393939393939394,0.8964497041420119,1,1,0.2897763048414562,0.8519528057272543,0.5621765008857981,1,1,0.0,0.0,0.0,0,0,-0.017986212791436196,0.9820137872085638,1.0,1,1,-0.0474258691384588,0.0,0.0474258691384588,0,0,-0.13203205757376257,0.3699225806451616,0.5019546382189242,0.0,1.0,2.8727051289724095,13.379124423963134,10.506419294990724,1.0,1.0,3.0830977018373407,14.37652534562212,11.29342764378478,1.0,1.0,1.4624232509426065,9.930205069124424,8.467781818181818,1.0,1.0,1.8215485060446486
QID133_154,Explanation A,1,4,-0.06557595105081138,0.9106145251396648,0.9761904761904762,1,1,0.0,0.0,0.0,0,0,0.0,0.0,0.0,0,0,1.0,1.0,0.0,1,0,0.9324533060447604,0.9324533060447604,0.0,1,0,-0.3503236609416525,0.4723886541471049,0.8227123150887574,0.0,1.0,3.6113841662731136,10.432316118935836,6.820931952662722,1.0,1.0,2.3841728708873955,9.743536776212837,7.359363905325441,1.0,1.0,2.2205940958042802,8.86696510172144,6.64637100591716,1.0,1.0,1.9664568680057841
QID134_155,Explanation B,0,4,0.02246951422669441,0.9340974212034384,0.911627906976744,1,1,0.0,0.0,0.0,0,0,0.0,0.0,0.0,0,0,0.0,1.0,1.0,1,1,0.27278695737974173,0.3486451421018059,0.0758581847220642,0,0,-0.029565984071819262,0.4723886541471049,0.5019546382189242,0.0,1.0,-0.07410317605488892,10.432316118935836,10.506419294990724,1.0,1.0,-1.5498908675719427,9.743536776212837,11.29342764378478,1.0,1.0,0.39918328353962274,8.86696510172144,8.467781818181818,1.0,1.0,-0.31359418603975703
QID31_156,Explanation B,0,4,0.0034856284856283892,0.8908730158730158,0.8873873873873874,1,1,0.1192029095059074,0.1192029095059074,0.0,0,0,0.0,0.0,0.0,0,0,1.0,1.0,0.0,1,0,0.8807970826714613,0.8807970826714613,0.0,1,0,-0.029565984071819262,0.4723886541471049,0.5019546382189242,0.0,1.0,-0.07410317605488892,10.432316118935836,10.506419294990724,1.0,1.0,-1.5498908675719427,9.743536776212837,11.29342764378478,1.0,1.0,0.39918328353962274,8.86696510172144,8.467781818181818,1.0,1.0,-0.31359418603975703
QID106_157,Explanation A,1,4,0.009556093073961769,0.9390862944162436,0.9295302013422818,1,1,-1.0,0.0,1.0,0,1,0.0,0.0,0.0,0,0,-1.0,0.0,1.0,0,1,-0.5,0.0,0.5,0,0,-0.029565984071819262,0.4723886541471049,0.5019546382189242,0.0,1.0,-0.07410317605488892,10.432316118935836,10.506419294990724,1.0,1.0,-1.5498908675719427,9.743536776212837,11.29342764378478,1.0,1.0,0.39918328353962274,8.86696510172144,8.467781818181818,1.0,1.0,-0.31359418603975703
QID109_158,Explanation B,0,4,-0.030599250936329536,0.8233333333333334,0.8539325842696629,1,1,0.0,0.0,0.0,0,0,0.0,0.0,0.0,0,0,0.0,0.0,0.0,0,0,0.1480471999111614,0.1480471999111614,0.0,0,0,0.05229045783837999,0.4723886541471049,0.4200981963087249,0.0,0.0,-1.4082040152923536,10.432316118935836,11.84052013422819,1.0,1.0,-3.301110874793869,9.743536776212837,13.044647651006706,1.0,1.0,-0.9919926163993651,8.86696510172144,9.858957718120806,1.0,1.0,-1.412254262161802
QID2083_159,Explanation A,1,4,-0.03161828111526288,0.8204225352112676,0.8520408163265305,1,1,0.0,0.0,0.0,0,0,0.0,0.0,0.0,0,0,0.1645164649447396,0.1645164649447396,0.0,0,0,-0.1480471923932738,0.0,0.1480471923932738,0,0,-0.029565984071819262,0.4723886541471049,0.5019546382189242,0.0,1.0,-0.07410317605488892,10.432316118935836,10.506419294990724,1.0,1.0,-1.5498908675719427,9.743536776212837,11.29342764378478,1.0,1.0,0.39918328353962274,8.86696510172144,8.467781818181818,1.0,1.0,-0.31359418603975703
QID636_160,Explanation B,0,5,0.023693209574987772,0.8932584269662921,0.8695652173913043,1,1,0.0,0.0,0.0,0,0,0.0,0.0,0.0,0,0,0.0159063900498835,0.0159063900498835,0.0,0,0,-0.0229773681119684,0.0,0.0229773681119684,0,0,-0.05544804830311145,0.4455248800959236,0.5009729283990351,0.0,1.0,1.3983589443810995,12.568729016786572,11.170370072405472,1.0,1.0,2.551152950527749,14.652110311750596,12.100957361222846,1.0,1.0,0.6743735524211374,10.011034292565949,9.336660740144811,1.0,1.0,1.1421093497567187
QID637_161,Explanation A,1,5,-0.07697255574614059,0.8207547169811321,0.8977272727272727,1,1,0.33545293327810954,0.9579122714836206,0.622459338205511,1,1,0.0,0.0,0.0,0,0,-2.220446049250313e-16,0.9999999999999998,1.0,1,1,0.8933094117351308,0.8933094117351308,0.0,1,0,-0.05544804830311145,0.4455248800959236,0.5009729283990351,0.0,1.0,1.3983589443810995,12.568729016786572,11.170370072405472,1.0,1.0,2.551152950527749,14.652110311750596,12.100957361222846,1.0,1.0,0.6743735524211374,10.011034292565949,9.336660740144811,1.0,1.0,1.1421093497567187
QID640_162,Explanation A,1,5,-0.05789473684210522,0.8,0.8578947368421053,1,1,-0.7772998663336158,0.0,0.7772998663336158,0,1,0.0,0.0,0.0,0,0,-1.0,0.0,1.0,0,1,-0.20885477014403553,0.7310585786300049,0.9399133487740404,1,1,-0.05544804830311145,0.4455248800959236,0.5009729283990351,0.0,1.0,1.3983589443810995,12.568729016786572,11.170370072405472,1.0,1.0,2.551152950527749,14.652110311750596,12.100957361222846,1.0,1.0,0.6743735524211374,10.011034292565949,9.336660740144811,1.0,1.0,1.1421093497567187
QID412_163,Explanation A,1,5,-0.02286072183512089,0.8962264150943395,0.9190871369294604,1,1,-0.3486451353339458,0.0,0.3486451353339458,0,0,0.0,0.0,0.0,0,0,-1.0,0.0,1.0,0,1,-0.8378891683886085,0.0140636260618141,0.8519527944504226,0,1,-0.05544804830311145,0.4455248800959236,0.5009729283990351,0.0,1.0,1.3983589443810995,12.568729016786572,11.170370072405472,1.0,1.0,2.551152950527749,14.652110311750596,12.100957361222846,1.0,1.0,0.6743735524211374,10.011034292565949,9.336660740144811,1.0,1.0,1.1421093497567187
QID413_164,Explanation B,0,5,-0.02592698845298702,0.8507853403141362,0.8767123287671232,1,1,0.4073334000459302,0.4073334000459302,0.0,0,0,0.0,0.0,0.0,0,0,0.0,0.0,0.0,0,0,0.1645164628965631,0.1645164628965631,0.0,0,0,-0.12785933043039244,0.4455248800959236,0.573384210526316,0.0,1.0,2.129668866410631,12.568729016786572,10.43906015037594,1.0,1.0,4.463783244081421,14.652110311750596,10.188327067669174,1.0,1.0,1.557768879032114,10.011034292565949,8.453265413533835,1.0,1.0,2.005840414773443
QID963_165,Explanation B,0,5,-0.06296492352269245,0.8426294820717132,0.9055944055944056,1,1,0.2227001336663841,0.2227001336663841,0.0,0,0,0.0,0.0,0.0,0,0,0.9840936069178208,0.9840936069178208,0.0,1,0,0.9465966749081428,0.9465966749081428,0.0,1,0,-0.05544804830311145,0.4455248800959236,0.5009729283990351,0.0,1.0,1.3983589443810995,12.568729016786572,11.170370072405472,1.0,1.0,2.551152950527749,14.652110311750596,12.100957361222846,1.0,1.0,0.6743735524211374,10.011034292565949,9.336660740144811,1.0,1.0,1.1421093497567187
QID263_166,Explanation A,1,5,-0.026873046284158653,0.8404255319148936,0.8672985781990522,1,1,-0.4378234991142019,0.0,0.4378234991142019,0,0,0.0,0.0,0.0,0,0,-0.1329642487872127,0.0,0.1329642487872127,0,0,-0.21353137908757264,0.4378234991142019,0.6513548782017745,0,1,-0.05544804830311145,0.4455248800959236,0.5009729283990351,0.0,1.0,1.3983589443810995,12.568729016786572,11.170370072405472,1.0,1.0,2.551152950527749,14.652110311750596,12.100957361222846,1.0,1.0,0.6743735524211374,10.011034292565949,9.336660740144811,1.0,1.0,1.1421093497567187
QID988_167,Explanation B,0,5,0.050478796938397186,0.92353579175705,0.8730569948186528,1,1,-0.0600866545922063,0.0,0.0600866545922063,0,0,0.0675466841006037,0.0675466841006037,0.0,0,0,-0.9859363702449044,0.0,0.9859363702449044,0,1,-0.9004314491324561,0.0042190885391215,0.9046505376715775,0,1,-0.05544804830311145,0.4455248800959236,0.5009729283990351,0.0,1.0,1.3983589443810995,12.568729016786572,11.170370072405472,1.0,1.0,2.551152950527749,14.652110311750596,12.100957361222846,1.0,1.0,0.6743735524211374,10.011034292565949,9.336660740144811,1.0,1.0,1.1421093497567187
QID1440_168,Explanation A,1,5,-0.028465821812595826,0.8986175115207373,0.9270833333333331,1,1,0.5312093733737563,0.5312093733737563,0.0,1,0,0.0,0.0,0.0,0,0,0.9465966692585824,0.9465966692585824,0.0,1,0,0.2669773995651684,0.7981867729389246,0.5312093733737562,1,1,-0.05544804830311145,0.4455248800959236,0.5009729283990351,0.0,1.0,1.3983589443810995,12.568729016786572,11.170370072405472,1.0,1.0,2.551152950527749,14.652110311750596,12.100957361222846,1.0,1.0,0.6743735524211374,10.011034292565949,9.336660740144811,1.0,1.0,1.1421093497567187
QID238_169,Explanation B,0,5,-0.14227377300613508,0.754601226993865,0.8968750000000001,1,1,0.0373268900213906,0.0373268900213906,0.0,0,0,0.0,0.0,0.0,0,0,0.6157612518887025,0.817574471748733,0.2018132198600305,1,0,-0.8670357546485408,0.0,0.8670357546485408,0,1,-0.05544804830311145,0.4455248800959236,0.5009729283990351,0.0,1.0,1.3983589443810995,12.568729016786572,11.170370072405472,1.0,1.0,2.551152950527749,14.652110311750596,12.100957361222846,1.0,1.0,0.6743735524211374,10.011034292565949,9.336660740144811,1.0,1.0,1.1421093497567187
QID1287_170,Explanation A,1,5,0.014705882352941235,0.8088235294117647,0.7941176470588235,1,1,0.0,0.0,0.0,0,0,0.0,0.0,0.0,0,0,0.0,0.0,0.0,0,0,0.0,0.0,0.0,0,0,0.12965336268077732,0.6306262910798124,0.5009729283990351,1.0,1.0,-1.0642198376636856,10.106150234741786,11.170370072405472,1.0,1.0,-2.4927648729599383,9.608192488262908,12.100957361222846,1.0,1.0,-0.41199829883025707,8.924662441314554,9.336660740144811,1.0,1.0,-0.9598324116932759
QID211_171,Explanation A,1,5,-0.0722411391425476,0.793956043956044,0.8661971830985916,1,1,-0.0953494693978119,0.0,0.0953494693978119,0,0,0.0,0.0,0.0,0,0,-1.0,0.0,1.0,0,1,-0.20139471100308726,0.7310585903489891,0.9324533013520764,1,1,-0.05544804830311145,0.4455248800959236,0.5009729283990351,0.0,1.0,1.3983589443810995,12.568729016786572,11.170370072405472,1.0,1.0,2.551152950527749,14.652110311750596,12.100957361222846,1.0,1.0,0.6743735524211374,10.011034292565949,9.336660740144811,1.0,1.0,1.1421093497567187
QID14_172,Explanation A,1,5,-0.01409711344819864,0.8761467889908258,0.8902439024390244,1,1,-0.8175744761936435,0.0,0.8175744761936435,0,1,0.0,0.0,0.0,0,0,-1.0,0.0,1.0,0,1,-0.6224593241981982,0.0,0.6224593241981982,0,1,-0.05544804830311145,0.4455248800959236,0.5009729283990351,0.0,1.0,1.3983589443810995,12.568729016786572,11.170370072405472,1.0,1.0,2.551152950527749,14.652110311750596,12.100957361222846,1.0,1.0,0.6743735524211374,10.011034292565949,9.336660740144811,1.0,1.0,1.1421093497567187
QID836_173,Explanation B,0,5,0.003219696969696817,0.8895833333333333,0.8863636363636365,1,1,0.7549149813536518,0.7549149813536518,0.0,1,0,0.0,0.0,0.0,0,0,1.0,1.0,0.0,1,0,0.0953494552590334,0.0953494552590334,0.0,0,0,-0.05544804830311145,0.4455248800959236,0.5009729283990351,0.0,1.0,1.3983589443810995,12.568729016786572,11.170370072405472,1.0,1.0,2.551152950527749,14.652110311750596,12.100957361222846,1.0,1.0,0.6743735524211374,10.011034292565949,9.336660740144811,1.0,1.0,1.1421093497567187
QID1740_174,Explanation B,0,5,0.04300646647178663,0.8826291079812206,0.839622641509434,1,1,-0.4458132569252945,0.5312093733737563,0.9770226302990508,1,1,0.0,0.0,0.0,0,0,-1.0,0.0,1.0,0,1,0.5926665999540698,1.0,0.4073334000459302,1,0,-0.05544804830311145,0.4455248800959236,0.5009729283990351,0.0,1.0,1.3983589443810995,12.568729016786572,11.170370072405472,1.0,1.0,2.551152950527749,14.652110311750596,12.100957361222846,1.0,1.0,0.6743735524211374,10.011034292565949,9.336660740144811,1.0,1.0,1.1421093497567187
QID938_175,Explanation A,1,5,0.012395620708851363,0.9006309148264984,0.888235294117647,1,1,0.6224593241981982,0.6224593241981982,0.0,1,0,0.0,0.0,0.0,0,0,0.0,0.0,0.0,0,0,0.8399060633000563,0.9465966671870768,0.1066906038870205,1,0,-0.05544804830311145,0.4455248800959236,0.5009729283990351,0.0,1.0,1.3983589443810995,12.568729016786572,11.170370072405472,1.0,1.0,2.551152950527749,14.652110311750596,12.100957361222846,1.0,1.0,0.6743735524211374,10.011034292565949,9.336660740144811,1.0,1.0,1.1421093497567187
QID1211_176,Explanation B,0,5,-0.008094262295082033,0.860655737704918,0.86875,1,1,1.0,1.0,0.0,1,0,0.0,0.0,0.0,0,0,1.0,1.0,0.0,1,0,0.29486395125085085,0.3208213073183839,0.025957356067533,0,0,-0.05544804830311145,0.4455248800959236,0.5009729283990351,0.0,1.0,1.3983589443810995,12.568729016786572,11.170370072405472,1.0,1.0,2.551152950527749,14.652110311750596,12.100957361222846,1.0,1.0,0.6743735524211374,10.011034292565949,9.336660740144811,1.0,1.0,1.1421093497567187
QID1215_177,Explanation B,0,5,0.039540816326530726,0.9056122448979592,0.8660714285714285,1,1,-0.924141815800249,0.0,0.924141815800249,0,1,0.0,0.0,0.0,0,0,-0.9999999999999998,0.0,0.9999999999999998,0,1,-0.6224593241981982,0.0,0.6224593241981982,0,1,-0.05544804830311145,0.4455248800959236,0.5009729283990351,0.0,1.0,1.3983589443810995,12.568729016786572,11.170370072405472,1.0,1.0,2.551152950527749,14.652110311750596,12.100957361222846,1.0,1.0,0.6743735524211374,10.011034292565949,9.336660740144811,1.0,1.0,1.1421093497567187
QID611_178,Explanation A,1,5,-0.014617648182825738,0.864963503649635,0.8795811518324608,1,1,0.0,0.0,0.0,0,0,0.0,0.0,0.0,0,0,-0.9626731142622272,0.0,0.9626731142622272,0,1,-0.7981867729389247,0.2018132270610753,1.0,0,1,-0.05544804830311145,0.4455248800959236,0.5009729283990351,0.0,1.0,1.3983589443810995,12.568729016786572,11.170370072405472,1.0,1.0,2.551152950527749,14.652110311750596,12.100957361222846,1.0,1.0,0.6743735524211374,10.011034292565949,9.336660740144811,1.0,1.0,1.1421093497567187
QID565_179,Explanation A,1,5,-0.01144322929466679,0.9182692307692308,0.9297124600638976,1,1,-0.0600866470181516,0.0,0.0600866470181516,0,0,0.0,0.0,0.0,0,0,0.0,0.0,0.0,0,0,-0.0124316528655602,0.0,0.0124316528655602,0,0,-0.05544804830311145,0.4455248800959236,0.5009729283990351,0.0,1.0,1.3983589443810995,12.568729016786572,11.170370072405472,1.0,1.0,2.551152950527749,14.652110311750596,12.100957361222846,1.0,1.0,0.6743735524211374,10.011034292565949,9.336660740144811,1.0,1.0,1.1421093497567187
QID790_180,Explanation A,1,5,0.02788227247467201,0.8869426751592357,0.8590604026845637,1,1,0.562176500885798,0.562176500885798,0.0,1,0,0.0,0.0,0.0,0,0,0.9875683499586244,0.9875683499586244,0.0,1,0,0.9333608835720787,0.9626731150654054,0.0293122314933267,1,0,-0.05544804830311145,0.4455248800959236,0.5009729283990351,0.0,1.0,1.3983589443810995,12.568729016786572,11.170370072405472,1.0,1.0,2.551152950527749,14.652110311750596,12.100957361222846,1.0,1.0,0.6743735524211374,10.011034292565949,9.336660740144811,1.0,1.0,1.1421093497567187
QID1390_181,Explanation B,0,5,-0.03333799273133908,0.8673469387755102,0.9006849315068493,1,1,0.0,0.0,0.0,0,0,0.0,0.0,0.0,0,0,0.0,0.0,0.0,0,0,0.0474258778898598,0.0474258778898598,0.0,0,0,-0.05544804830311145,0.4455248800959236,0.5009729283990351,0.0,1.0,1.3983589443810995,12.568729016786572,11.170370072405472,1.0,1.0,2.551152950527749,14.652110311750596,12.100957361222846,1.0,1.0,0.6743735524211374,10.011034292565949,9.336660740144811,1.0,1.0,1.1421093497567187
QID1390_182,Explanation B,0,5,-0.08400483481063659,0.8235294117647058,0.9075342465753424,1,1,-0.9626731162701728,0.0,0.9626731162701728,0,1,0.0,0.0,0.0,0,0,-0.8670357649558007,0.0,0.8670357649558007,0,1,-0.023853447203748504,0.0953494732538427,0.1192029204575912,0,0,0.13266486229863939,0.6336377906976745,0.5009729283990351,1.0,1.0,-3.0874464843656035,8.082923588039868,11.170370072405472,1.0,1.0,-3.5291766303258356,8.57178073089701,12.100957361222846,1.0,1.0,-1.0460278497793638,8.290632890365448,9.336660740144811,1.0,1.0,-1.8824965255430408
QID2114_183,Explanation B,0,5,-0.003597425592310688,0.953416149068323,0.9570135746606336,1,1,0.004240904387708189,0.966914020657881,0.9626731162701728,1,1,0.0,0.0,0.0,0,0,0.0,1.0,1.0,1,1,-0.4830849055180789,0.2942149659744614,0.7772998714925403,0,1,-0.05544804830311145,0.4455248800959236,0.5009729283990351,0.0,1.0,1.3983589443810995,12.568729016786572,11.170370072405472,1.0,1.0,2.551152950527749,14.652110311750596,12.100957361222846,1.0,1.0,0.6743735524211374,10.011034292565949,9.336660740144811,1.0,1.0,1.1421093497567187
QID61_184,Explanation B,0,5,-0.022378035675908237,0.9069148936170212,0.9292929292929294,1,1,0.9399133435142796,0.9399133435142796,0.0,1,0,0.0,0.0,0.0,0,0,0.8175744806385543,1.0,0.1824255193614457,1,0,-0.0420877313699915,0.0,0.0420877313699915,0,0,-0.05544804830311145,0.4455248800959236,0.5009729283990351,0.0,1.0,1.3983589443810995,12.568729016786572,11.170370072405472,1.0,1.0,2.551152950527749,14.652110311750596,12.100957361222846,1.0,1.0,0.6743735524211374,10.011034292565949,9.336660740144811,1.0,1.0,1.1421093497567187
QID2189_185,Explanation A,1,5,-0.01711229946524062,0.8681818181818182,0.8852941176470588,1,1,-0.6224593312018546,0.0,0.6224593312018546,0,1,0.0,0.0,0.0,0,0,-0.7772998663336157,0.0,0.7772998663336157,0,1,-0.33548353095890737,0.1645164690410926,0.5,0,0,-0.05544804830311145,0.4455248800959236,0.5009729283990351,0.0,1.0,1.3983589443810995,12.568729016786572,11.170370072405472,1.0,1.0,2.551152950527749,14.652110311750596,12.100957361222846,1.0,1.0,0.6743735524211374,10.011034292565949,9.336660740144811,1.0,1.0,1.1421093497567187
QID2190_186,Explanation A,1,5,0.0025805551680848637,0.8694029850746269,0.866822429906542,1,1,0.8670357598021707,0.8670357598021707,0.0,1,0,0.0,0.0,0.0,0,0,1.0,1.0,0.0,1,0,0.4087039806600441,0.4687906266262437,0.0600866459661996,0,0,-0.05544804830311145,0.4455248800959236,0.5009729283990351,0.0,1.0,1.3983589443810995,12.568729016786572,11.170370072405472,1.0,1.0,2.551152950527749,14.652110311750596,12.100957361222846,1.0,1.0,0.6743735524211374,10.011034292565949,9.336660740144811,1.0,1.0,1.1421093497567187
QID2164_187,Explanation B,0,5,-0.02743589743589725,0.8700000000000001,0.8974358974358974,1,1,0.0,0.0,0.0,0,0,0.0,0.0,0.0,0,0,-0.932453310268176,0.0,0.932453310268176,0,1,-0.06265949261753662,0.1824255260288116,0.2450850186463482,0,0,-0.05544804830311145,0.4455248800959236,0.5009729283990351,0.0,1.0,1.3983589443810995,12.568729016786572,11.170370072405472,1.0,1.0,2.551152950527749,14.652110311750596,12.100957361222846,1.0,1.0,0.6743735524211374,10.011034292565949,9.336660740144811,1.0,1.0,1.1421093497567187
QID139_188,Explanation B,0,5,-0.04785139198758381,0.8816568047337278,0.9295081967213116,1,1,0.8807970685907239,0.8807970685907239,0.0,1,0,0.0,0.0,0.0,0,0,0.029312228154459996,1.0,0.97068777184554,1,1,0.14033779820259018,0.1824255304737224,0.0420877322711322,0,0,-0.05544804830311145,0.4455248800959236,0.5009729283990351,0.0,1.0,1.3983589443810995,12.568729016786572,11.170370072405472,1.0,1.0,2.551152950527749,14.652110311750596,12.100957361222846,1.0,1.0,0.6743735524211374,10.011034292565949,9.336660740144811,1.0,1.0,1.1421093497567187
QID287_189,Explanation A,1,5,0.013284499348190426,0.8784530386740331,0.8651685393258427,1,1,0.0,1.0,1.0,1,1,0.0,0.0,0.0,0,0,0.9890130594541194,0.9890130594541194,0.0,1,0,-0.09464386748230551,0.053403328669912,0.1480471961522175,0,0,-0.05544804830311145,0.4455248800959236,0.5009729283990351,0.0,1.0,1.3983589443810995,12.568729016786572,11.170370072405472,1.0,1.0,2.551152950527749,14.652110311750596,12.100957361222846,1.0,1.0,0.6743735524211374,10.011034292565949,9.336660740144811,1.0,1.0,1.1421093497567187
QID288_190,Explanation A,1,5,-0.02077277131782962,0.9036458333333331,0.9244186046511628,1,1,-0.9820137888864312,0.0,0.9820137888864312,0,1,0.0,0.0,0.0,0,0,0.0,0.0,0.0,0,0,-0.06712820045116877,0.2018132150593341,0.2689414155105029,0,0,-0.05544804830311145,0.4455248800959236,0.5009729283990351,0.0,1.0,1.3983589443810995,12.568729016786572,11.170370072405472,1.0,1.0,2.551152950527749,14.652110311750596,12.100957361222846,1.0,1.0,0.6743735524211374,10.011034292565949,9.336660740144811,1.0,1.0,1.1421093497567187
QID419_191,Explanation A,1,6,0.06145054540997663,0.9120603015075376,0.850609756097561,1,1,0.1824255193614457,1.0,0.8175744806385543,1,1,0.0,0.0,0.0,0,0,-1.0,0.0,1.0,0,1,-0.8354835371034367,0.1645164628965631,0.9999999999999998,0,1,-0.05544804830311145,0.4455248800959236,0.5009729283990351,0.0,1.0,1.3983589443810995,12.568729016786572,11.170370072405472,1.0,1.0,2.551152950527749,14.652110311750596,12.100957361222846,1.0,1.0,0.6743735524211374,10.011034292565949,9.336660740144811,1.0,1.0,1.1421093497567187
QID968_192,Explanation B,0,6,0.087467700258398,0.8930232558139535,0.8055555555555555,1,1,0.9706877684006776,0.9706877684006776,0.0,1,0,0.0,0.0,0.0,0,0,1.0,1.0,0.0,1,0,0.42375987462784326,0.9859363755136414,0.5621765008857982,1,1,-0.05544804830311145,0.4455248800959236,0.5009729283990351,0.0,1.0,1.3983589443810995,12.568729016786572,11.170370072405472,1.0,1.0,2.551152950527749,14.652110311750596,12.100957361222846,1.0,1.0,0.6743735524211374,10.011034292565949,9.336660740144811,1.0,1.0,1.1421093497567187
QID1442_193,Explanation B,0,6,-0.00766013741305005,0.8644859813084111,0.8721461187214612,1,1,0.0,0.0,0.0,0,0,0.0,0.0,0.0,0,0,0.046545953607388,0.9706877694076372,0.9241418158002492,1,1,0.05187988594838877,0.7310585786300049,0.6791786926816161,1,1,-0.05544804830311145,0.4455248800959236,0.5009729283990351,0.0,1.0,1.3983589443810995,12.568729016786572,11.170370072405472,1.0,1.0,2.551152950527749,14.652110311750596,12.100957361222846,1.0,1.0,0.6743735524211374,10.011034292565949,9.336660740144811,1.0,1.0,1.1421093497567187
QID243_194,Explanation A,1,6,0.0069976922504279004,0.9154135338345863,0.9084158415841584,1,1,-0.0203323551606535,0.0,0.0203323551606535,0,0,0.0,0.0,0.0,0,0,-0.622459324198198,0.0,0.622459324198198,0,1,-0.52008877387132,0.0420877270144781,0.5621765008857981,0,1,-0.05544804830311145,0.4455248800959236,0.5009729283990351,0.0,1.0,1.3983589443810995,12.568729016786572,11.170370072405472,1.0,1.0,2.551152950527749,14.652110311750596,12.100957361222846,1.0,1.0,0.6743735524211374,10.011034292565949,9.336660740144811,1.0,1.0,1.1421093497567187
QID218_195,Explanation B,0,6,-0.06891244870041047,0.8235294117647058,0.8924418604651163,1,1,-0.2942149659744614,0.0,0.2942149659744614,0,0,0.851952807606726,0.851952807606726,0.0,1,0,-0.9875683487809278,0.0,0.9875683487809278,0,1,-0.0534033296115055,0.0,0.0534033296115055,0,0,0.026546247029852643,0.5275191754288877,0.5009729283990351,1.0,1.0,-0.1701874492732074,11.000182623132265,11.170370072405472,1.0,1.0,0.37250141022153116,12.473458771444378,12.100957361222846,1.0,1.0,-1.4019658314563772,7.934694908688434,9.336660740144811,1.0,1.0,-0.29327640586955017
QID17_196,Explanation B,0,6,0.0610396101461953,0.9006622516556292,0.8396226415094339,1,1,0.0,0.0,0.0,0,0,0.0,0.0,0.0,0,0,0.0,0.0,0.0,0,0,0.2689414213699951,0.2689414213699951,0.0,0,0,0.16804394664480443,0.4455248800959236,0.2774809334511192,0.0,0.0,-2.4432203353924624,12.568729016786572,15.011949352179034,1.0,1.0,-1.5063761429019369,14.652110311750596,16.158486454652532,1.0,1.0,-0.8768598181525427,10.011034292565949,10.887894110718491,1.0,1.0,-1.1646030874505344
QID842_197,Explanation A,1,6,0.07342533616418967,0.8789808917197452,0.8055555555555556,1,1,0.0,0.0,0.0,0,0,0.0,0.0,0.0,0,0,0.9324533065140288,0.9324533065140288,0.0,1,0,0.8512472065654634,0.9046505408849363,0.053403334319473,1,0,-0.05544804830311145,0.4455248800959236,0.5009729283990351,0.0,1.0,1.3983589443810995,12.568729016786572,11.170370072405472,1.0,1.0,2.551152950527749,14.652110311750596,12.100957361222846,1.0,1.0,0.6743735524211374,10.011034292565949,9.336660740144811,1.0,1.0,1.1421093497567187
QID843_198,Explanation A,1,6,-0.011103363192619176,0.8203883495145631,0.8314917127071823,1,1,0.0,0.0,0.0,0,0,0.0,0.0,0.0,0,0,0.9324533083911026,0.9324533083911026,0.0,1,0,0.8196098846050498,0.8670357598021706,0.0474258751971208,1,0,-0.05544804830311145,0.4455248800959236,0.5009729283990351,0.0,1.0,1.3983589443810995,12.568729016786572,11.170370072405472,1.0,1.0,2.551152950527749,14.652110311750596,12.100957361222846,1.0,1.0,0.6743735524211374,10.011034292565949,9.336660740144811,1.0,1.0,1.1421093497567187
QID944_199,Explanation B,0,6,-0.038789483883470144,0.8284671532846715,0.8672566371681416,1,1,0.9465966756614176,0.9465966756614176,0.0,1,0,0.0,0.0,0.0,0,0,0.0,1.0,1.0,1,1,-0.04301131236803424,0.914900957313305,0.9579122696813392,1,1,-0.05544804830311145,0.4455248800959236,0.5009729283990351,0.0,1.0,1.3983589443810995,12.568729016786572,11.170370072405472,1.0,1.0,2.551152950527749,14.652110311750596,12.100957361222846,1.0,1.0,0.6743735524211374,10.011034292565949,9.336660740144811,1.0,1.0,1.1421093497567187
QID945_200,Explanation B,0,6,0.027252940631656952,0.9043715846994536,0.8771186440677966,1,1,0.0,0.0,0.0,0,0,0.0,0.0,0.0,0,0,0.0,0.0,0.0,0,0,0.0675466883240188,0.0675466883240188,0.0,0,0,-0.2066288461538458,0.4663250000000002,0.672953846153846,0.0,1.0,4.942755436053308,12.35808510638298,7.415329670329672,1.0,1.0,6.874926934767368,13.343882978723409,6.468956043956041,1.0,1.0,-1.3060176408697686,8.07768510638298,9.383702747252748,1.0,1.0,2.576258970949265
QID946_201,Explanation B,0,6,0.002006677683720648,0.8040201005025126,0.802013422818792,1,1,0.0,0.0,0.0,0,0,0.0,0.0,0.0,0,0,0.0,0.0,0.0,0,0,0.0,0.0,0.0,0,0,-0.2066288461538458,0.4663250000000002,0.672953846153846,0.0,1.0,4.942755436053308,12.35808510638298,7.415329670329672,1.0,1.0,6.874926934767368,13.343882978723409,6.468956043956041,1.0,1.0,-1.3060176408697686,8.07768510638298,9.383702747252748,1.0,1.0,2.576258970949265
QID367_202,Explanation B,0,6,-0.030864197530864224,0.8703703703703703,0.9012345679012346,1,1,0.0,0.0,0.0,0,0,0.0,0.0,0.0,0,0,0.0,0.0,0.0,0,0,0.0,0.0,0.0,0,0,-0.3364665755116441,0.3364872706422019,0.672953846153846,0.0,1.0,7.64783546728501,15.063165137614682,7.415329670329672,1.0,1.0,9.57852102026414,16.047477064220182,6.468956043956041,1.0,1.0,0.38485596834358304,9.768558715596331,9.383702747252748,1.0,1.0,4.3186864700952725
QID370_203,Explanation A,1,6,0.02561754428244345,0.911627906976744,0.8860103626943006,1,1,0.8670357701094303,0.8670357701094303,0.0,1,0,0.0,0.0,0.0,0,0,1.0,1.0,0.0,1,0,0.0794430704112864,0.0953494616857507,0.0159063912744643,0,0,-0.2066288461538458,0.4663250000000002,0.672953846153846,0.0,1.0,4.942755436053308,12.35808510638298,7.415329670329672,1.0,1.0,6.874926934767368,13.343882978723409,6.468956043956041,1.0,1.0,-1.3060176408697686,8.07768510638298,9.383702747252748,1.0,1.0,2.576258970949265
QID1271_204,Explanation A,1,6,0.027252940631656952,0.9043715846994536,0.8771186440677966,1,1,0.0,0.0,0.0,0,0,0.0,0.0,0.0,0,0,0.0,0.0,0.0,0,0,0.0259573577629287,0.0259573577629287,0.0,0,0,-0.2066288461538458,0.4663250000000002,0.672953846153846,0.0,1.0,4.942755436053308,12.35808510638298,7.415329670329672,1.0,1.0,6.874926934767368,13.343882978723409,6.468956043956041,1.0,1.0,-1.3060176408697686,8.07768510638298,9.383702747252748,1.0,1.0,2.576258970949265
QID618_205,Explanation A,1,6,0.009420631182289196,0.8730569948186528,0.8636363636363636,1,1,-0.060086649332446,0.0,0.060086649332446,0,0,0.0,0.0,0.0,0,0,-0.02931223324225718,0.9706877667577428,1.0,1,1,-0.6092671334462529,0.3486451353339457,0.9579122687801986,0,1,-0.2066288461538458,0.4663250000000002,0.672953846153846,0.0,1.0,4.942755436053308,12.35808510638298,7.415329670329672,1.0,1.0,6.874926934767368,13.343882978723409,6.468956043956041,1.0,1.0,-1.3060176408697686,8.07768510638298,9.383702747252748,1.0,1.0,2.576258970949265
QID619_206,Explanation A,1,6,0.011257763975155322,0.8505434782608695,0.8392857142857142,1,1,-0.2227001285074596,0.0,0.2227001285074596,0,0,0.0,0.0,0.0,0,0,-1.0,0.0,1.0,0,1,-0.1066905974961401,0.0,0.1066905974961401,0,0,-0.2066288461538458,0.4663250000000002,0.672953846153846,0.0,1.0,4.942755436053308,12.35808510638298,7.415329670329672,1.0,1.0,6.874926934767368,13.343882978723409,6.468956043956041,1.0,1.0,-1.3060176408697686,8.07768510638298,9.383702747252748,1.0,1.0,2.576258970949265
QID570_207,Explanation B,0,6,-0.03816287878787872,0.9045454545454544,0.9427083333333331,1,1,0.904650528031501,0.904650528031501,0.0,1,0,0.0,0.0,0.0,0,0,1.0,1.0,0.0,1,0,-0.5940796528953277,0.0850990397862884,0.6791786926816161,0,1,-0.01568243243243239,0.4663250000000002,0.4820074324324326,0.0,0.0,1.4108778991757696,12.35808510638298,10.94720720720721,1.0,1.0,2.674018113858539,13.343882978723409,10.66986486486487,1.0,1.0,-3.09114462334675,8.07768510638298,11.16882972972973,1.0,1.0,0.24451723931378133
QID1643_208,Explanation A,1,6,-0.026918960699209182,0.8615702479338844,0.8884892086330936,1,1,0.0,0.0,0.0,0,0,0.0,0.0,0.0,0,0,0.0,0.0,0.0,0,0,-0.33548353095890737,0.1645164690410926,0.5,0,0,-0.2066288461538458,0.4663250000000002,0.672953846153846,0.0,1.0,4.942755436053308,12.35808510638298,7.415329670329672,1.0,1.0,6.874926934767368,13.343882978723409,6.468956043956041,1.0,1.0,-1.3060176408697686,8.07768510638298,9.383702747252748,1.0,1.0,2.576258970949265
QID818_209,Explanation B,0,6,0.02428273142061721,0.8601036269430052,0.835820895522388,1,1,0.8175744695262775,0.8175744695262775,0.0,1,0,0.0,0.0,0.0,0,0,-0.622459324198198,0.0,0.622459324198198,0,1,0.0474258738507514,0.0474258738507514,0.0,0,0,-0.23236873983739836,0.4663250000000002,0.6986937398373986,0.0,1.0,6.2373208787407,12.35808510638298,6.12076422764228,1.0,1.0,10.524655336446985,13.343882978723409,2.819227642276424,1.0,1.0,-2.840742373291816,8.07768510638298,10.918427479674795,1.0,1.0,3.4222162755146175
QID1320_210,Explanation A,1,6,0.08913043478260874,0.9055555555555556,0.8164251207729468,1,1,-1.0,0.0,1.0,0,1,0.0,0.0,0.0,0,0,-1.0,0.0,1.0,0,1,-0.4378234991142019,0.0,0.4378234991142019,0,0,-0.1930102747252745,0.4799435714285715,0.672953846153846,0.0,1.0,3.6560354090354084,11.07136507936508,7.415329670329672,1.0,1.0,4.12913919413919,10.598095238095231,6.468956043956041,1.0,1.0,1.5396552421652405,10.923357989417989,9.383702747252748,1.0,1.0,2.282954892653641
QID2117_211,Explanation A,1,6,0.04454022988505746,0.8649425287356322,0.8204022988505747,1,1,0.0,0.0,0.0,0,0,-0.014063628502479,0.0,0.014063628502479,0,0,0.0,0.0,0.0,0,0,-0.0214685128347391,0.0259573551256466,0.0474258679603857,0,0,-0.2066288461538458,0.4663250000000002,0.672953846153846,0.0,1.0,4.942755436053308,12.35808510638298,7.415329670329672,1.0,1.0,6.874926934767368,13.343882978723409,6.468956043956041,1.0,1.0,-1.3060176408697686,8.07768510638298,9.383702747252748,1.0,1.0,2.576258970949265
QID67_212,Explanation A,1,6,-0.03496217542424862,0.8904109589041096,0.9253731343283582,1,1,-0.6636972908485198,0.2942149845400438,0.9579122753885636,0,1,0.0,0.0,0.0,0,0,-1.0,0.0,1.0,0,1,0.1645164690410926,0.1645164690410926,0.0,0,0,-0.2066288461538458,0.4663250000000002,0.672953846153846,0.0,1.0,4.942755436053308,12.35808510638298,7.415329670329672,1.0,1.0,6.874926934767368,13.343882978723409,6.468956043956041,1.0,1.0,-1.3060176408697686,8.07768510638298,9.383702747252748,1.0,1.0,2.576258970949265
QID2195_213,Explanation B,0,6,-0.007992822771389019,0.855191256830601,0.8631840796019901,1,1,0.08651588503678054,0.8175744695262775,0.731058584489497,1,1,0.0,0.0,0.0,0,0,1.0,1.0,0.0,1,0,-0.5662558242996847,0.3486451353339457,0.9149009596336304,0,1,-0.2066288461538458,0.4663250000000002,0.672953846153846,0.0,1.0,4.942755436053308,12.35808510638298,7.415329670329672,1.0,1.0,6.874926934767368,13.343882978723409,6.468956043956041,1.0,1.0,-1.3060176408697686,8.07768510638298,9.383702747252748,1.0,1.0,2.576258970949265
QID2170_214,Explanation A,1,6,0.025636501818576574,0.9013761467889908,0.8757396449704142,1,1,0.9820137938213336,0.9820137938213336,0.0,1,0,0.0,0.0,0.0,0,0,0.9875683499586244,0.9875683499586244,0.0,1,0,0.0,0.0,0.0,0,0,-0.2066288461538458,0.4663250000000002,0.672953846153846,0.0,1.0,4.942755436053308,12.35808510638298,7.415329670329672,1.0,1.0,6.874926934767368,13.343882978723409,6.468956043956041,1.0,1.0,-1.3060176408697686,8.07768510638298,9.383702747252748,1.0,1.0,2.576258970949265
QID143_215,Explanation A,1,6,0.04395604395604402,0.9285714285714286,0.8846153846153846,1,1,-0.1893815637716583,0.0124316512876757,0.201813215059334,0,0,0.0,0.0,0.0,0,0,-0.0330859808914184,0.0,0.0330859808914184,0,0,-0.2635460820119371,0.0850990397862884,0.3486451217982255,0,0,-0.2066288461538458,0.4663250000000002,0.672953846153846,0.0,1.0,4.942755436053308,12.35808510638298,7.415329670329672,1.0,1.0,6.874926934767368,13.343882978723409,6.468956043956041,1.0,1.0,-1.3060176408697686,8.07768510638298,9.383702747252748,1.0,1.0,2.576258970949265
QID44_216,Explanation B,0,6,-0.0039018952062430667,0.8076923076923077,0.8115942028985508,1,1,0.0,0.0,0.0,0,0,0.0,0.0,0.0,0,0,0.0,0.0,0.0,0,0,-0.2733070300731093,0.1645164690410926,0.4378234991142019,0,0,-0.17298461538461524,0.4999692307692308,0.672953846153846,0.0,1.0,3.4189010989010997,10.834230769230771,7.415329670329672,1.0,1.0,5.569344204182919,12.03830024813896,6.468956043956041,1.0,1.0,-0.08945510457284733,9.2942476426799,9.383702747252748,1.0,1.0,2.181451395781639
QID2093_217,Explanation A,1,6,-0.024525745257452547,0.8699186991869919,0.8944444444444445,1,1,-0.9740426416719392,0.0,0.9740426416719392,0,1,0.0,0.0,0.0,0,0,-0.989013056772329,0.0,0.989013056772329,0,1,-0.7752094004612894,0.0229773700772867,0.7981867705385761,0,1,-0.2066288461538458,0.4663250000000002,0.672953846153846,0.0,1.0,4.942755436053308,12.35808510638298,7.415329670329672,1.0,1.0,6.874926934767368,13.343882978723409,6.468956043956041,1.0,1.0,-1.3060176408697686,8.07768510638298,9.383702747252748,1.0,1.0,2.576258970949265
QID2095_218,Explanation A,1,6,0.03934920634920602,0.9027777777777776,0.8634285714285715,1,1,0.9999999999999998,0.9999999999999998,0.0,1,0,0.0,0.0,0.0,0,0,0.9820137867150732,0.9820137867150732,0.0,1,0,0.1192029314092759,0.1192029314092759,0.0,0,0,-0.2066288461538458,0.4663250000000002,0.672953846153846,0.0,1.0,4.942755436053308,12.35808510638298,7.415329670329672,1.0,1.0,6.874926934767368,13.343882978723409,6.468956043956041,1.0,1.0,-1.3060176408697686,8.07768510638298,9.383702747252748,1.0,1.0,2.576258970949265
QID1117_219,Explanation B,0,6,-0.04196872778962346,0.7985074626865671,0.8404761904761906,1,1,0.27436917015536066,0.8670357701094303,0.5926665999540697,1,1,0.0,0.0,0.0,0,0,-0.8807970842359876,0.0,0.8807970842359876,0,1,-0.3908533752933427,0.2018132246607271,0.5926665999540698,0,1,-0.2066288461538458,0.4663250000000002,0.672953846153846,0.0,1.0,4.942755436053308,12.35808510638298,7.415329670329672,1.0,1.0,6.874926934767368,13.343882978723409,6.468956043956041,1.0,1.0,-1.3060176408697686,8.07768510638298,9.383702747252748,1.0,1.0,2.576258970949265
QID1118_220,Explanation A,1,6,0.025338395510069223,0.9291845493562232,0.903846153846154,1,1,-0.1824255304737224,0.0,0.1824255304737224,0,0,0.0,0.0,0.0,0,0,-0.9820137930646488,0.0,0.9820137930646488,0,1,-0.8628108594657589,0.0179862075604388,0.8807970670261976,0,1,-0.2066288461538458,0.4663250000000002,0.672953846153846,0.0,1.0,4.942755436053308,12.35808510638298,7.415329670329672,1.0,1.0,6.874926934767368,13.343882978723409,6.468956043956041,1.0,1.0,-1.3060176408697686,8.07768510638298,9.383702747252748,1.0,1.0,2.576258970949265
QID1174_221,Explanation A,1,7,-0.04341926729986423,0.8409090909090909,0.8843283582089552,1,1,1.0,1.0,0.0,1,0,0.0,0.0,0.0,0,0,1.0,1.0,0.0,1,0,0.119202914199486,0.119202914199486,0.0,0,0,-0.2066288461538458,0.4663250000000002,0.672953846153846,0.0,1.0,4.942755436053308,12.35808510638298,7.415329670329672,1.0,1.0,6.874926934767368,13.343882978723409,6.468956043956041,1.0,1.0,-1.3060176408697686,8.07768510638298,9.383702747252748,1.0,1.0,2.576258970949265
QID424_222,Explanation B,0,7,-0.025290697674418716,0.8372093023255813,0.8625,1,1,-0.8445638913536004,0.095349458472392,0.9399133498259924,0,1,0.0,0.0,0.0,0,0,-1.0,0.0,1.0,0,1,-0.24281694124571995,0.5926665999540697,0.8354835411997896,1,1,-0.26540654885654863,0.4075472972972974,0.672953846153846,0.0,1.0,5.200577665577662,12.615907335907334,7.415329670329672,1.0,1.0,7.018080635580638,13.48703667953668,6.468956043956041,1.0,1.0,0.6359424264924236,10.019645173745172,9.383702747252748,1.0,1.0,3.147298544698544
QID428_223,Explanation A,1,7,0.01166552485346728,0.8708609271523179,0.8591954022988506,1,1,-0.6039289862713059,0.3486451353339457,0.9525741216052516,0,1,0.0,0.0,0.0,0,0,-0.06754669160889737,0.9324533083911026,1.0,1,1,-0.4073334000459302,0.0,0.4073334000459302,0,0,-0.2066288461538458,0.4663250000000002,0.672953846153846,0.0,1.0,4.942755436053308,12.35808510638298,7.415329670329672,1.0,1.0,6.874926934767368,13.343882978723409,6.468956043956041,1.0,1.0,-1.3060176408697686,8.07768510638298,9.383702747252748,1.0,1.0,2.576258970949265
QID1298_224,Explanation B,0,7,-0.08065652296421544,0.869047619047619,0.9497041420118344,1,1,-0.2942149783515161,0.0,0.2942149783515161,0,0,0.0,0.0,0.0,0,0,-1.0,0.0,1.0,0,1,0.7327498871389331,0.8519527982093666,0.1192029110704336,1,0,-0.2066288461538458,0.4663250000000002,0.672953846153846,0.0,1.0,4.942755436053308,12.35808510638298,7.415329670329672,1.0,1.0,6.874926934767368,13.343882978723409,6.468956043956041,1.0,1.0,-1.3060176408697686,8.07768510638298,9.383702747252748,1.0,1.0,2.576258970949265
QID499_225,Explanation A,1,7,0.020051594746716805,0.8798076923076924,0.8597560975609756,1,1,0.033362254307870765,0.9859363762497148,0.952574121941844,1,1,0.0,0.0,0.0,0,0,0.1066906017567274,1.0000000000000002,0.8933093982432728,1,1,-0.0259573587519095,0.0,0.0259573587519095,0,0,-0.2066288461538458,0.4663250000000002,0.672953846153846,0.0,1.0,4.942755436053308,12.35808510638298,7.415329670329672,1.0,1.0,6.874926934767368,13.343882978723409,6.468956043956041,1.0,1.0,-1.3060176408697686,8.07768510638298,9.383702747252748,1.0,1.0,2.576258970949265
QID324_226,Explanation B,0,7,-0.002818252683336353,0.9220183486238532,0.9248366013071896,1,1,0.7772998560157663,0.7772998560157663,0.0,1,0,0.0,0.0,0.0,0,0,1.0,1.0,0.0,1,0,0.0,0.0,0.0,0,0,-0.2066288461538458,0.4663250000000002,0.672953846153846,0.0,1.0,4.942755436053308,12.35808510638298,7.415329670329672,1.0,1.0,6.874926934767368,13.343882978723409,6.468956043956041,1.0,1.0,-1.3060176408697686,8.07768510638298,9.383702747252748,1.0,1.0,2.576258970949265
QID327_227,Explanation A,1,7,0.0071748639709803275,0.924757281553398,0.9175824175824177,1,1,0.9840936065679406,0.9840936065679406,0.0,1,0,0.0,0.0,0.0,0,0,1.0,1.0,0.0,1,0,0.6243679829067377,0.7310585669110202,0.1066905840042826,1,0,-0.1857456441717793,0.4663250000000002,0.6520706441717795,0.0,1.0,4.307459339511816,12.35808510638298,8.050625766871164,1.0,1.0,4.923208132097644,13.343882978723409,8.420674846625765,1.0,1.0,0.24221430883696637,8.07768510638298,7.835470797546013,1.0,1.0,2.3217840340686617
QID350_228,Explanation B,0,7,0.045278875713658295,0.8816425120772946,0.8363636363636363,1,1,0.5312093733737562,0.5312093733737562,0.0,1,0,0.0,0.0,0.0,0,0,1.0,1.0,0.0,1,0,0.34864514886966624,1.0,0.6513548511303338,1,1,-0.2066288461538458,0.4663250000000002,0.672953846153846,0.0,1.0,4.942755436053308,12.35808510638298,7.415329670329672,1.0,1.0,6.874926934767368,13.343882978723409,6.468956043956041,1.0,1.0,-1.3060176408697686,8.07768510638298,9.383702747252748,1.0,1.0,2.576258970949265
QID1573_229,Explanation A,1,7,-0.07320232528750159,0.8231707317073171,0.8963730569948187,1,1,0.7549149923816048,0.7549149923816048,0.0,1,0,0.0,0.0,0.0,0,0,0.0,0.0,0.0,0,0,0.0,0.0,0.0,0,0,-0.2066288461538458,0.4663250000000002,0.672953846153846,0.0,1.0,4.942755436053308,12.35808510638298,7.415329670329672,1.0,1.0,6.874926934767368,13.343882978723409,6.468956043956041,1.0,1.0,-1.3060176408697686,8.07768510638298,9.383702747252748,1.0,1.0,2.576258970949265
QID1574_230,Explanation B,0,7,0.006689209056159995,0.888268156424581,0.881578947368421,1,1,-0.8807970779778824,0.0,0.8807970779778824,0,1,0.0,0.0,0.0,0,0,-1.0,0.0,1.0,0,1,0.2450850186463482,0.2450850186463482,0.0,0,0,-0.2066288461538458,0.4663250000000002,0.672953846153846,0.0,1.0,4.942755436053308,12.35808510638298,7.415329670329672,1.0,1.0,6.874926934767368,13.343882978723409,6.468956043956041,1.0,1.0,-1.3060176408697686,8.07768510638298,9.383702747252748,1.0,1.0,2.576258970949265
QID1577_231,Explanation A,1,7,0.023440584287406252,0.8455882352941176,0.8221476510067114,1,1,1.0,1.0,0.0,1,0,0.0,0.0,0.0,0,0,1.0,1.0,0.0,1,0,0.0343783112464299,0.1824255149165352,0.1480472036701053,0,0,-0.2066288461538458,0.4663250000000002,0.672953846153846,0.0,1.0,4.942755436053308,12.35808510638298,7.415329670329672,1.0,1.0,6.874926934767368,13.343882978723409,6.468956043956041,1.0,1.0,-1.3060176408697686,8.07768510638298,9.383702747252748,1.0,1.0,2.576258970949265
QID848_232,Explanation A,1,7,-0.02728100678920342,0.8661616161616162,0.8934426229508197,1,1,0.7772998714925404,1.0,0.2227001285074596,1,0,0.0,0.0,0.0,0,0,2.220446049250313e-16,1.0000000000000002,1.0,1,1,-0.0420877240106761,0.0,0.0420877240106761,0,0,-0.2066288461538458,0.4663250000000002,0.672953846153846,0.0,1.0,4.942755436053308,12.35808510638298,7.415329670329672,1.0,1.0,6.874926934767368,13.343882978723409,6.468956043956041,1.0,1.0,-1.3060176408697686,8.07768510638298,9.383702747252748,1.0,1.0,2.576258970949265
QID1749_233,Explanation B,0,7,-0.0065410779696493115,0.8846153846153847,0.891156462585034,1,1,0.0,0.0,0.0,0,0,0.0,0.0,0.0,0,0,0.0,0.0,0.0,0,0,0.1687272465271875,0.966914019466112,0.7981867729389245,1,1,-0.2066288461538458,0.4663250000000002,0.672953846153846,0.0,1.0,4.942755436053308,12.35808510638298,7.415329670329672,1.0,1.0,6.874926934767368,13.343882978723409,6.468956043956041,1.0,1.0,-1.3060176408697686,8.07768510638298,9.383702747252748,1.0,1.0,2.576258970949265
QID1226_234,Explanation B,0,7,0.04604460093896712,0.8685446009389671,0.8225,1,1,0.7772998663336158,0.7772998663336158,0.0,1,0,0.0,0.0,0.0,0,0,0.8933094025038597,0.8933094025038597,0.0,1,0,0.0,0.0,0.0,0,0,-0.2066288461538458,0.4663250000000002,0.672953846153846,0.0,1.0,4.942755436053308,12.35808510638298,7.415329670329672,1.0,1.0,6.874926934767368,13.343882978723409,6.468956043956041,1.0,1.0,-1.3060176408697686,8.07768510638298,9.383702747252748,1.0,1.0,2.576258970949265
QID1227_235,Explanation B,0,7,-0.026410256410256516,0.8435897435897436,0.8700000000000001,1,1,-0.182425528251267,0.0,0.182425528251267,0,0,0.0,0.0,0.0,0,0,-0.7772998560157665,0.2227001439842336,1.0,0,1,-0.9195809884898127,0.0203323552348574,0.9399133437246702,0,1,-0.2066288461538458,0.4663250000000002,0.672953846153846,0.0,1.0,4.942755436053308,12.35808510638298,7.415329670329672,1.0,1.0,6.874926934767368,13.343882978723409,6.468956043956041,1.0,1.0,-1.3060176408697686,8.07768510638298,9.383702747252748,1.0,1.0,2.576258970949265
QID623_236,Explanation A,1,7,0.02517179199766073,0.870242214532872,0.8450704225352113,1,1,1.0,1.0,0.0,1,0,0.0,0.0,0.0,0,0,1.0,1.0,0.0,1,0,0.2689414213699951,0.2689414213699951,0.0,0,0,-0.2066288461538458,0.4663250000000002,0.672953846153846,0.0,1.0,4.942755436053308,12.35808510638298,7.415329670329672,1.0,1.0,6.874926934767368,13.343882978723409,6.468956043956041,1.0,1.0,-1.3060176408697686,8.07768510638298,9.383702747252748,1.0,1.0,2.576258970949265
QID450_237,Explanation A,1,7,0.0031808172253487976,0.8688524590163935,0.8656716417910447,1,1,0.0,0.0,0.0,0,0,0.0,0.0,0.0,0,0,0.6791787121629466,0.6791787121629466,0.0,1,0,-0.020120825674273007,0.0474258725043821,0.0675466981786551,0,0,-0.2066288461538458,0.4663250000000002,0.672953846153846,0.0,1.0,4.942755436053308,12.35808510638298,7.415329670329672,1.0,1.0,6.874926934767368,13.343882978723409,6.468956043956041,1.0,1.0,-1.3060176408697686,8.07768510638298,9.383702747252748,1.0,1.0,2.576258970949265
QID799_238,Explanation B,0,7,-0.07309941520467822,0.8611111111111112,0.9342105263157894,1,1,0.0,0.0,0.0,0,0,0.0,0.0,0.0,0,0,-0.9890130565800496,0.0,0.9890130565800496,0,1,-0.6357120797466449,0.1192029126349598,0.7549149923816048,0,1,,,,,,,,,,,,,,,,,,,,,
QID800_239,Explanation A,1,7,0.02504105090311992,0.882183908045977,0.8571428571428571,1,1,0.0,0.0,0.0,0,0,0.0,0.0,0.0,0,0,0.3486451285660855,0.3486451285660855,0.0,0,0,0.0420877255125771,0.0420877255125771,0.0,0,0,-0.2066288461538458,0.4663250000000002,0.672953846153846,0.0,1.0,4.942755436053308,12.35808510638298,7.415329670329672,1.0,1.0,6.874926934767368,13.343882978723409,6.468956043956041,1.0,1.0,-1.3060176408697686,8.07768510638298,9.383702747252748,1.0,1.0,2.576258970949265
QID801_240,Explanation B,0,7,0.018316230828643865,0.9239766081871345,0.9056603773584906,1,1,0.0,0.0,0.0,0,0,0.0,0.0,0.0,0,0,0.8354835371034369,0.8354835371034369,0.0,1,0,0.7028372980977443,0.798186768138228,0.0953494700404837,1,0,0.15605049812183608,0.6552222929936309,0.4991717948717948,1.0,0.0,-1.9949315228296154,9.4678889899909,11.462820512820516,1.0,1.0,-1.621355311355316,10.124285714285712,11.745641025641028,1.0,1.0,-2.331096343995707,7.96730109190173,10.298397435897437,1.0,1.0,-1.4478331700147007
QID803_241,Explanation A,1,7,0.020753512132822505,0.8448275862068966,0.8240740740740741,1,1,0.0,0.0,0.0,0,0,0.0,0.0,0.0,0,0,0.9046505299595162,0.9046505299595162,0.0,1,0,0.8049388875248538,0.9241418189341296,0.1192029314092759,1,0,0.10356650067642842,0.4465221359223303,0.3429556352459019,0.0,0.0,-1.9869680354395491,11.94285436893204,13.929822404371588,1.0,1.0,-1.5040748846092598,13.288834951456316,14.792909836065576,1.0,1.0,-1.515166913894637,8.95068718446602,10.465854098360657,1.0,1.0,-1.2256608333167545
QID1399_242,Explanation B,0,7,-0.027629233511586637,0.9117647058823528,0.9393939393939394,1,1,0.0,0.0,0.0,0,0,0.0,0.0,0.0,0,0,0.0,0.0,0.0,0,0,0.029312229479407,0.029312229479407,0.0,0,0,-0.008265320319240488,0.2967261270491806,0.3049914473684211,0.0,0.0,-0.45411885245901296,14.574631147540988,15.02875,1.0,1.0,-0.615463168679895,15.539303278688529,16.154766447368424,1.0,1.0,0.36635645312050613,10.55213825136612,10.185781798245614,1.0,1.0,-0.17787272208441057
QID824_243,Explanation B,0,7,0.003937598439960999,0.8582089552238806,0.8542713567839196,1,1,0.0,0.0,0.0,0,0,0.0,0.0,0.0,0,0,0.0,0.0,0.0,0,0,0.0,0.0,0.0,0,0,,,,,,,,,,,,,,,,,,,,,
QID1399_244,Explanation A,1,7,0.020274170274170333,0.8738095238095239,0.8535353535353536,1,1,0.0,0.0,0.0,0,0,0.0,0.0,0.0,0,0,0.0,0.0,0.0,0,0,0.0850990490675896,0.0850990490675896,0.0,0,0,-0.008265320319240488,0.2967261270491806,0.3049914473684211,0.0,0.0,-0.45411885245901296,14.574631147540988,15.02875,1.0,1.0,-0.615463168679895,15.539303278688529,16.154766447368424,1.0,1.0,0.36635645312050613,10.55213825136612,10.185781798245614,1.0,1.0,-0.17787272208441057
QID2124_245,Explanation A,1,7,0.05061668289516397,0.9018987341772152,0.8512820512820513,1,1,0.0,0.0,0.0,0,0,0.0,0.0,0.0,0,0,0.0,0.0,0.0,0,0,0.0850990438468576,0.0850990438468576,0.0,0,0,,,,,,,,,,,,,,,,,,,,,
QID2127_246,Explanation B,0,7,0.03817271589486859,0.8617021276595744,0.8235294117647058,1,1,-1.0,0.0,1.0,0,1,0.0,0.0,0.0,0,0,-1.0,0.0,1.0,0,1,-0.39326977106564903,0.0140636289802812,0.4073334000459302,0,0,,,,,,,,,,,,,,,,,,,,,
QID2128_247,Explanation B,0,7,-0.013364779874213806,0.8333333333333334,0.8466981132075472,1,1,-0.0140636271852947,0.0,0.0140636271852947,0,0,-0.0109869435009102,0.0,0.0109869435009102,0,0,0.0,0.0,0.0,0,0,0.043011316066185794,0.0850990484875082,0.0420877324213224,0,0,-0.3044217552394406,0.3347847457627122,0.6392065010021528,0.0,1.0,5.826328833366919,14.618571428571432,8.792242595204513,1.0,1.0,7.108955314824797,16.04014527845036,8.931189963625563,1.0,1.0,2.141482632090014,11.13530419693301,8.993821564842996,1.0,1.0,3.6930862562605724
QID78_248,Explanation B,0,7,-0.021176675977653603,0.853125,0.8743016759776536,1,1,0.0,0.0,0.0,0,0,0.0,0.0,0.0,0,0,0.0,0.0,0.0,0,0,-0.24496310804182578,0.0758581862890044,0.3208212943308302,0,0,,,,,,,,,,,,,,,,,,,,,
QID2176_249,Explanation A,1,7,0.02392510402219139,0.8928571428571428,0.8689320388349514,1,1,-0.9038094721931488,0.0203323530087413,0.92414182520189,0,1,0.0,0.0,0.0,0,0,-1.0,0.0,1.0,0,1,-0.6580969454106788,0.2227001388253088,0.8807970842359876,0,1,,,,,,,,,,,,,,,,,,,,,
QID1128_250,Explanation A,1,7,0.012310110005238295,0.9036144578313252,0.8913043478260869,1,1,0.0,0.0,0.0,0,0,0.0,0.0,0.0,0,0,0.2942149659744614,0.2942149659744614,0.0,0,0,0.1824255326961778,0.1824255326961778,0.0,0,0,-0.2066288461538458,0.4663250000000002,0.672953846153846,0.0,1.0,4.942755436053308,12.35808510638298,7.415329670329672,1.0,1.0,6.874926934767368,13.343882978723409,6.468956043956041,1.0,1.0,-1.3060176408697686,8.07768510638298,9.383702747252748,1.0,1.0,2.576258970949265
QID130_251,Explanation B,0,0,-0.01561644772851667,0.8784722222222222,0.8940886699507389,1,1,0.0,0.0,0.0,0,0,0.0,0.0,0.0,0,0,-0.8519527963298946,0.0,0.8519527963298946,0,1,-0.0600866476493228,0.0,0.0600866476493228,0,0,0.13540607664233556,0.4927648266423358,0.3573587500000002,0.0,0.0,-3.0211751824817483,10.469324817518253,13.4905,1.0,1.0,-3.075950156412933,9.685492700729927,12.76144285714286,1.0,1.0,-0.33241459854014366,9.441885401459857,9.7743,1.0,1.0,-1.5735334651981223
QID728_252,Explanation B,0,0,-0.0073782587309392245,0.9342105263157896,0.9415887850467288,1,1,0.0,0.0,0.0,0,0,0.0,0.0,0.0,0,0,-0.7057850278370112,0.0,0.7057850278370112,0,1,-0.0193876941870047,0.1824255304737224,0.2018132246607271,0,0,0.006961836124402043,0.5226226315789478,0.5156607954545458,1.0,1.0,-1.3905749601275943,9.593894736842106,10.9844696969697,1.0,1.0,-1.3244772727272789,10.308749999999996,11.633227272727275,1.0,1.0,0.06082271132376427,9.79226210526316,9.731439393939397,1.0,1.0,-0.6618169213516767
QID1406_253,Explanation A,1,0,-0.019736842105263164,0.8684210526315789,0.888157894736842,1,1,-0.2227001336663842,0.0,0.2227001336663842,0,0,0.0,0.0,0.0,0,0,-1.0,0.0,1.0,0,1,-0.2018132174596823,0.0,0.2018132174596823,0,0,0.0737166453332217,0.4846042229729733,0.4108875776397516,0.0,0.0,-0.9983955850260262,12.013716216216212,13.012111801242238,1.0,1.0,-1.4082977169716404,13.147851351351347,14.556149068322988,1.0,1.0,1.0134519724693636,11.184851351351352,10.171399378881988,1.0,1.0,-0.32988117104877035
QID806_254,Explanation A,1,0,-0.00211992731677757,0.9230769230769232,0.9251968503937008,1,1,0.0,0.0,0.0,0,0,0.0,0.0,0.0,0,0,0.0,0.0,0.0,0,0,0.36036328822681224,0.7981867873410141,0.4378234991142019,1,0,-0.08787676599463634,0.5601422906091373,0.6480190566037737,1.0,1.0,2.042319844842453,11.317753807106602,9.275433962264149,1.0,1.0,2.851994301312139,12.639352791878174,9.787358490566035,1.0,1.0,-0.35375638540369714,7.983839086294417,8.337595471698114,1.0,1.0,1.1131702486890647
QID103_255,Explanation B,0,0,0.0014758427839055566,0.89171974522293,0.8902439024390244,1,1,0.182425521583901,0.182425521583901,0.0,0,0,0.0,0.0,0.0,0,0,1.0,1.0,0.0,1,0,0.2227001388253088,0.2227001388253088,0.0,0,0,0.004130014430014706,0.3290228715728719,0.3248928571428572,0.0,0.0,0.6841702741702775,12.749884559884563,12.065714285714286,1.0,1.0,2.236058802308804,14.131594516594518,11.895535714285714,1.0,1.0,-0.5036055555555556,10.124496825396823,10.62810238095238,1.0,1.0,0.6051883838383851
QID1628_256,Explanation B,0,0,0.004125827259780501,0.8265895953757225,0.822463768115942,1,1,0.0,0.0,0.0,0,0,0.0,0.0,0.0,0,0,0.0,0.0,0.0,0,0,-0.125944996508637,0.2227001388253088,0.3486451353339458,0,0,0.2265152580572457,0.61540153256705,0.3888862745098043,1.0,0.0,-4.72245999549245,8.517049808429118,13.239509803921568,1.0,1.0,-6.454161652017127,7.934245210727973,14.3884068627451,1.0,1.0,-2.01385281721884,8.900369731800767,10.914222549019607,1.0,1.0,-3.240989801667793
QID2006_257,Explanation B,0,0,0.008291733649208877,0.8856502242152466,0.8773584905660378,1,1,0.0,0.0,0.0,0,0,0.0,0.0,0.0,0,0,0.0,0.0,0.0,0,0,-0.7822803778937475,0.0159063926448288,0.7981867705385763,0,1,0.2579465237371065,0.5509192211055276,0.2929726973684211,1.0,0.0,-5.305149714739109,8.964192390524051,14.26934210526316,1.0,1.0,-6.049062071006659,10.173876525484566,16.222938596491225,1.0,1.0,-1.183903980218556,10.530573797559224,11.71447777777778,1.0,1.0,-3.070042310556804
QID157_258,Explanation B,0,0,-0.014061478090255153,0.8636363636363636,0.8776978417266188,1,1,-0.0675466850391404,0.0,0.0675466850391404,0,0,0.0,0.0,0.0,0,0,-1.0,0.0,1.0,0,1,0.0293122319173098,0.0293122319173098,0.0,0,0,0.0421931818181821,0.3923227272727274,0.3501295454545453,0.0,0.0,-0.5885101010100993,13.032626262626264,13.621136363636364,1.0,1.0,0.50251893939393,14.2380303030303,13.73551136363637,1.0,1.0,0.5682007575757559,10.230275757575756,9.662075,1.0,1.0,0.1311006944444422
QID829_259,Explanation B,0,0,-0.03409090909090928,0.8749999999999999,0.9090909090909092,1,1,0.0,0.0,0.0,0,0,0.0,0.0,0.0,0,0,0.0,0.0,0.0,0,0,0.0,0.0,0.0,0,0,0.07296984020185021,0.4634086206896555,0.3904387804878053,0.0,0.0,-0.9769092875165164,10.746798029556654,11.72370731707317,1.0,1.0,-0.8135035443950471,12.435886699507392,13.24939024390244,1.0,1.0,-1.4523045440346039,8.678184236453202,10.130488780487806,1.0,1.0,-0.7924368839360794
QID1853_260,Explanation A,1,0,0.03317152103559862,0.866504854368932,0.8333333333333334,1,1,-0.939913349615602,0.0,0.939913349615602,0,1,0.0,0.0,0.0,0,0,-1.0,0.0,1.0,0,1,-0.3486451353339457,0.0,0.3486451353339457,0,0,0.05616167369901548,0.4685000000000002,0.4123383263009847,0.0,0.0,-1.3926582278481021,10.301111111111112,11.693769338959214,1.0,1.0,-1.31520604781997,10.74516666666667,12.06037271448664,1.0,1.0,0.35405105485232014,10.257888888888887,9.903837834036567,1.0,1.0,-0.5744128867791841
QID1305_261,Explanation B,0,0,-0.02119883040935666,0.827485380116959,0.8486842105263157,1,1,0.11700219179581794,0.6791786926816161,0.5621765008857982,1,1,0.0,0.0,0.0,0,0,0.0,1.0,1.0,1,1,-0.04912995284208954,0.7057850340255386,0.7549149868676281,1,1,0.038126425438596345,0.6427833333333334,0.604656907894737,1.0,1.0,-0.11028056251740459,9.81169312169312,9.921973684210524,1.0,1.0,-0.7732936507936543,11.510873015873017,12.284166666666671,1.0,1.0,0.5237318481388655,7.805928924162258,7.282197076023392,1.0,1.0,-0.08042898493339926
QID2204_262,Explanation B,0,0,0.004736398353419657,0.916083916083916,0.9113475177304964,1,1,0.0,0.0,0.0,0,0,0.0,0.0,0.0,0,0,-0.020332353157149,0.0,0.020332353157149,0,0,0.0,0.0,0.0,0,0,0.06464798714674569,0.4471365482233506,0.3824885610766049,0.0,0.0,-0.5894825067524252,13.7327121102248,14.322194616977225,1.0,1.0,-1.6649691542915974,14.398281363306744,16.06325051759834,1.0,1.0,-1.0009236476758012,9.36060906453952,10.361532712215322,1.0,1.0,-0.7976818303932696
QID1507_263,Explanation B,0,0,0.06315922920892492,0.9344827586206896,0.8713235294117647,1,1,0.7175881005944034,0.7549149868676284,0.037326886273225,1,0,0.0,0.0,0.0,0,0,0.1066905832941849,1.0,0.8933094167058151,1,1,0.06711283130993095,0.982013788623236,0.914900957313305,1,1,-0.23015419863320014,0.2978353271983641,0.5279895258315642,0.0,1.0,5.5282375748418495,15.582413087934562,10.054175513092712,1.0,1.0,6.3079209270620265,16.31014314928425,10.002222222222224,1.0,1.0,2.2974768039110973,10.118138445807771,7.820661641896674,1.0,1.0,3.4758702767954435
QID353_264,Explanation B,0,0,-0.04398148148148151,0.8541666666666666,0.8981481481481481,1,1,-0.5,0.0,0.5,0,0,0.0,0.0,0.0,0,0,-1.0,0.0,1.0,0,1,0.4368436247035629,0.731058584489497,0.2942149597859341,1,0,0.09950818766087172,0.474751170117012,0.3752429824561403,0.0,0.0,-3.049709444628677,11.015904590459048,14.065614035087725,1.0,1.0,-3.3912743576989257,11.488352835283528,14.879627192982454,1.0,1.0,0.06057257173085695,9.62827695769577,9.567704385964912,1.0,1.0,-1.5702257607339685
QID305_265,Explanation A,1,0,0.008138903960933197,0.894736842105263,0.8865979381443299,1,1,0.0,0.0,0.0,0,0,0.0,0.0,0.0,0,0,0.0,0.0,0.0,0,0,0.132964247069336,0.132964247069336,0.0,0,0,-0.0942632875457875,0.3588125000000002,0.4530757875457877,0.0,0.0,3.2500231990231967,13.082777777777778,9.832754578754582,1.0,1.0,2.821566951566952,13.000925925925928,10.179358974358976,1.0,1.0,-1.133355539275538,9.611825925925926,10.745181465201464,1.0,1.0,1.2109928309422058
QID2332_266,Explanation A,1,0,-0.019220236020514814,0.8642384105960265,0.8834586466165413,1,1,0.0,0.0,0.0,0,0,0.0,0.0,0.0,0,0,0.0,0.0,0.0,0,0,0.1359771735947971,0.8670357580842941,0.731058584489497,1,1,-0.03859761904761916,0.4872523809523812,0.5258500000000004,0.0,1.0,2.207354497354501,12.900687830687833,10.693333333333332,1.0,1.0,2.7374285714285733,14.124761904761904,11.38733333333333,1.0,1.0,-0.003688888888889963,8.484588888888888,8.488277777777778,1.0,1.0,1.2256241402116412
QID2355_267,Explanation B,0,0,0.03198702830188682,0.8679245283018868,0.8359375,1,1,0.0,0.0,0.0,0,0,0.0,0.0,0.0,0,0,0.0,0.0,0.0,0,0,0.2340980656455998,0.2450850076183952,0.0109869419727954,0,0,0.009155877855729078,0.4868941131498471,0.477738235294118,0.0,0.0,-0.4285793950607726,10.79957186544343,11.228151260504202,1.0,1.0,-0.8381110425821614,10.857645259938842,11.695756302521003,1.0,1.0,-0.5941076105671605,9.4628877675841,10.05699537815126,1.0,1.0,-0.4629105425885914
QID2353_268,Explanation B,0,0,0.012880562060889833,0.8571428571428571,0.8442622950819673,1,1,-0.7057850278370112,0.0,0.7057850278370112,0,1,0.0,0.0,0.0,0,0,-0.3775406687981454,0.6224593312018546,1.0,1,1,-0.4115700432969676,0.2942149721629887,0.7057850154599563,0,1,-0.08384777777777797,0.4913388888888889,0.5751866666666668,0.0,1.0,3.508372134038801,11.924038800705468,8.415666666666667,1.0,1.0,4.430563756613758,12.063280423280425,7.632716666666667,1.0,1.0,0.9855943562610232,9.073027689594356,8.087433333333333,1.0,1.0,2.210170617283951
QID1556_269,Explanation B,0,0,-0.02773897861195984,0.8551724137931034,0.8829113924050632,1,1,0.731058584489497,0.731058584489497,0.0,1,0,0.0,0.0,0.0,0,0,1.0,1.0,0.0,1,0,0.0,0.0,0.0,0,0,-0.07973843100827566,0.4271696335078536,0.5069080645161292,0.0,1.0,1.2824965216621997,13.80684367988033,12.52434715821813,1.0,1.0,1.885115328009272,15.442281226626784,13.557165898617512,1.0,1.0,-0.7548270160285018,9.12337928197457,9.878206298003072,1.0,1.0,0.5832616006586736
QID1182_270,Explanation A,1,0,0.011820996341120105,0.8995215311004784,0.8877005347593583,1,1,0.0,0.0,0.0,0,0,0.0,0.0,0.0,0,0,0.0,0.0,0.0,0,0,0.0179862092712051,0.0179862092712051,0.0,0,0,-0.07718146367521342,0.2157129807692311,0.2928944444444445,0.0,0.0,1.3703035544702242,16.06224358974359,14.691940035273367,1.0,1.0,1.1935272690272711,17.181807692307693,15.988280423280422,1.0,1.0,-0.1038334825668148,10.918576923076923,11.022410405643738,1.0,1.0,0.5957039693138668
QID1531_271,Explanation B,0,0,0.008769175562931775,0.8503184713375797,0.8415492957746479,1,1,0.0,0.0,0.0,0,0,0.0,0.0,0.0,0,0,0.0,0.0,0.0,0,0,-0.0850990403663697,0.0,0.0850990403663697,0,0,,,,,,,,,,,,,,,,,,,,,
QID1303_272,Explanation A,1,0,0.018129100281162103,0.8505154639175257,0.8323863636363636,1,1,0.0,0.0,0.0,0,0,0.0,0.0,0.0,0,0,0.8807970858005139,0.8807970858005139,0.0,1,0,0.2689414213699951,0.2689414213699951,0.0,0,0,0.08069041867041282,0.5781508960573478,0.497460477386935,1.0,0.0,-1.7639261180454238,9.301541218637992,11.065467336683415,1.0,1.0,-1.091974640226212,10.670336917562729,11.76231155778894,1.0,1.0,-0.32120228093874204,9.380528673835126,9.701730954773868,1.0,1.0,-0.7741031551349913
QID2380_273,Explanation A,1,0,-0.006549051055867339,0.896551724137931,0.9031007751937984,1,1,0.0,0.0,0.0,0,0,0.0,0.0,0.0,0,0,0.0,0.0,0.0,0,0,0.0,0.0,0.0,0,0,0.13072210420393587,0.4511610576923081,0.3204389534883722,0.0,0.0,-3.4281138193202114,10.487932692307696,13.916046511627908,1.0,1.0,-5.267412231663684,9.848052884615385,15.115465116279069,1.0,1.0,0.002762373285628783,10.948220512820512,10.945458139534884,1.0,1.0,-2.140510393373583
QID906_274,Explanation A,1,0,-0.03284072249589498,0.8004926108374384,0.8333333333333334,1,1,-0.9240069522656296,0.0159063950356776,0.9399133473013072,0,1,0.0,0.0,0.0,0,0,-0.22917862069163975,0.7549149868676283,0.984093607559268,1,1,-0.9399133559273138,0.0,0.9399133559273138,0,1,0.19888749999999977,0.6630500000000003,0.4641625000000005,1.0,0.0,-4.340892857142858,7.212857142857146,11.553750000000004,1.0,1.0,-5.965779445288746,7.83215805471125,13.797937499999996,1.0,1.0,-0.5716117401215808,9.08995075987842,9.6615625,1.0,1.0,-2.6698491356382963
QID104_275,Explanation A,1,0,0.027986633249791226,0.9022556390977444,0.8742690058479532,1,1,-0.6791787056691698,0.0,0.6791787056691698,0,1,0.0,0.0,0.0,0,0,-1.0,0.0,1.0,0,1,-0.1645164608483867,0.0,0.1645164608483867,0,0,-0.05782821055251358,0.4211852040816328,0.4790134146341464,0.0,0.0,1.0620457939273251,13.226122448979591,12.164076655052266,1.0,1.0,1.2777327028372323,14.394030612244896,13.116297909407663,1.0,1.0,0.8941234444997512,10.410424489795918,9.516301045296167,1.0,1.0,0.7940184326779487
QID1981_276,Explanation B,0,0,-0.019792861363083558,0.9154589371980676,0.9352517985611511,1,1,0.0,0.0,0.0,0,0,0.0,0.0,0.0,0,0,0.4687906266262437,0.4687906266262437,0.0,0,0,0.7189885458248052,0.8670357494949105,0.1480472036701053,1,0,,,,,,,,,,,,,,,,,,,,,
QID1878_277,Explanation B,0,0,-0.01959352801894243,0.8839779005524862,0.9035714285714286,1,1,0.0,0.0,0.0,0,0,0.0,0.0,0.0,0,0,0.0,0.0,0.0,0,0,0.91490095499298,0.91490095499298,0.0,1,0,-0.03215779999346574,0.4958632526381132,0.528021052631579,0.0,1.0,1.9547954616522638,11.085096213531966,9.130300751879702,1.0,1.0,3.1102591208001336,12.511762880198631,9.401503759398498,1.0,1.0,-1.5548974260604957,8.239692799503414,9.79459022556391,1.0,1.0,0.8694998390996089
QID978_278,Explanation B,0,0,0.016924476797088195,0.8312101910828026,0.8142857142857144,1,1,0.0,0.0,0.0,0,0,0.0,0.0,0.0,0,0,0.0,0.0,0.0,0,0,-0.0600866474389324,0.0,0.0600866474389324,0,0,0.0834039452877929,0.1893252688172046,0.1059213235294117,0.0,0.0,-1.3024003795066363,15.546129032258069,16.848529411764705,1.0,1.0,-1.2458810879190452,15.821236559139784,17.06711764705883,1.0,1.0,-0.3175677419354841,10.688932258064517,11.0065,1.0,1.0,-0.6956113160183433
QID1204_279,Explanation B,0,0,-0.03330370609782385,0.8422619047619048,0.8755656108597286,1,1,0.0,0.0,0.0,0,0,0.0,0.0,0.0,0,0,-0.7981867753392728,0.0,0.7981867753392728,0,1,-0.7956980288044357,0.0850990397862884,0.8807970685907242,0,1,0.0015027918523732309,0.7335939795918368,0.7320911877394636,1.0,1.0,-0.35740917976386655,6.532054421768706,6.889463601532572,1.0,1.0,-1.2354443662522527,5.496938775510202,6.732383141762455,1.0,1.0,-0.22777999218078016,7.910313877551021,8.1380938697318,1.0,1.0,-0.4547826865861315
QID682_280,Explanation B,0,0,0.0341478782565815,0.9132947976878611,0.8791469194312796,1,1,-0.8933094096048375,0.0,0.8933094096048375,0,1,0.0,0.0,0.0,0,0,-0.9149009497722476,0.0,0.9149009497722476,0,1,-0.1070068996157999,0.0259573543250432,0.1329642539408431,0,0,,,,,,,,,,,,,,,,,,,,,
QID1004_281,Explanation A,1,0,-0.002468187801667243,0.9244186046511628,0.92688679245283,1,1,0.0,0.0,0.0,0,0,0.0,0.0,0.0,0,0,0.0,0.0,0.0,0,0,0.0,0.0,0.0,0,0,0.35968938758389224,0.4561500000000001,0.0964606124161079,0.0,0.0,-5.3703283796740156,10.984285714285717,16.354614093959732,1.0,1.0,-6.698115052732497,10.455928571428572,17.15404362416107,1.0,1.0,-2.6486619367209983,9.223785714285714,11.872447651006713,1.0,1.0,-3.5893539953859044
QID955_282,Explanation B,0,0,-0.02048525798525802,0.8011363636363636,0.8216216216216217,1,1,0.9465966647389332,0.9465966647389332,0.0,1,0,0.0,0.0,0.0,0,0,0.9706877706265886,0.9999999999999998,0.0293122293734112,1,0,0.08865828279316541,0.1645164669929161,0.0758581841997507,0,0,-0.08115359531772581,0.4319250000000002,0.513078595317726,0.0,1.0,2.2402262833784583,12.13964285714286,9.899416573764402,1.0,1.0,2.4578533604077037,12.994464285714288,10.536610925306585,1.0,1.0,-0.8278294394011816,9.700870634920635,10.528700074321817,1.0,1.0,0.9472741522668136
QID2257_283,Explanation B,0,0,-0.006709956709956777,0.9023809523809524,0.9090909090909092,1,1,0.9465966750964616,0.9465966750964616,0.0,1,0,0.0,0.0,0.0,0,0,0.9796676455071812,0.9796676455071812,0.0,1,0,0.0,0.0,0.0,0,0,-0.07356985294117668,0.3895801470588236,0.4631500000000003,0.0,0.0,-0.03825863678804531,12.892058823529414,12.93031746031746,1.0,1.0,-0.1311134453781566,13.825529411764704,13.95664285714286,1.0,1.0,-2.1874383753501387,8.777323529411767,10.964761904761906,1.0,1.0,-0.6075950776143794
QID456_284,Explanation B,0,0,-0.02060439560439542,0.9120879120879122,0.9326923076923076,1,1,0.0,0.0,0.0,0,0,0.0,0.0,0.0,0,0,0.0,0.0,0.0,0,0,-0.0259573568210422,0.0,0.0259573568210422,0,0,0.3597870759592518,0.3491076057605764,-0.0106794701986754,0.0,0.0,-5.78313388008622,12.768379837983796,18.551513718070016,1.0,1.0,-7.252437183169597,12.14122412241224,19.393661305581837,1.0,1.0,-2.5310748890215393,10.33179180918092,12.86286669820246,1.0,1.0,-3.801714719079526
QID1030_285,Explanation B,0,0,-0.12550875050875054,0.766025641025641,0.8915343915343915,1,1,-0.3208212943308302,0.0,0.3208212943308302,0,0,0.0,0.0,0.0,0,0,-0.0474258755337132,0.0,0.0474258755337132,0,0,-0.3208213073183839,0.0,0.3208213073183839,0,0,0.16991359739609246,0.6519099620493362,0.4819963646532437,1.0,0.0,-5.682230981156266,6.7751739405439615,12.457404921700228,1.0,1.0,-6.662601488311282,6.830910815939276,13.493512304250558,1.0,1.0,-1.2981117439051832,8.338913535736875,9.637025279642058,1.0,1.0,-3.3682576539941596
QID454_286,Explanation A,1,0,-0.01933037365889745,0.8627450980392157,0.8820754716981132,1,1,0.0,0.0,0.0,0,0,0.0,0.0,0.0,0,0,0.0,0.0,0.0,0,0,-0.5187777251732455,0.4687906266262437,0.9875683517994892,0,1,-0.03911632075471716,0.5043586792452831,0.5434750000000003,1.0,1.0,0.831707547169815,11.279207547169817,10.447500000000002,1.0,1.0,-0.6452617924528266,10.120613207547173,10.765875,1.0,1.0,0.4859244811320753,9.752736981132076,9.2668125,1.0,1.0,0.15831347877358665
QID2456_287,Explanation B,0,0,0.02659574468085113,0.9042553191489362,0.8776595744680851,1,1,0.0373268893520753,0.0373268893520753,0.0,0,0,0.0,0.0,0.0,0,0,0.985936373150458,0.985936373150458,0.0,1,0,0.4778060416907451,0.5312093733737562,0.0534033316830111,1,0,-0.0035064500038370916,0.5331680722891567,0.5366745222929938,1.0,1.0,0.3554580834712837,11.476850258175563,11.12139217470428,1.0,1.0,0.7776764199655783,12.671962134251295,11.894285714285717,1.0,1.0,-1.3557654450376564,8.522427366609294,9.87819281164695,1.0,1.0,-0.056534347901157855
QID931_288,Explanation A,1,0,-0.00919540229885063,0.8908045977011494,0.9,1,1,0.09324556592831734,0.9740426407771472,0.8807970748488299,1,1,0.0,0.0,0.0,0,0,0.0,1.0,1.0,1,1,-0.20059793241386803,0.6513548714339145,0.8519528038477825,1,1,0.053829536199095196,0.4853125000000002,0.431482963800905,0.0,0.0,-1.2515124434389122,11.258750000000004,12.510262443438917,1.0,1.0,-1.7726173642533922,11.972812499999996,13.745429864253389,1.0,1.0,0.24057642533936807,9.76025,9.519673574660631,1.0,1.0,-0.6824309615384603
QID1332_289,Explanation A,1,0,0.08114928549711165,0.8608695652173913,0.7797202797202797,1,1,0.0,0.0,0.0,0,0,0.0,0.0,0.0,0,0,0.0,0.0,0.0,0,0,0.0,0.0,0.0,0,0,-0.22404264541387042,0.5785198545861298,0.8025625000000002,1.0,1.0,4.277346196868006,11.111096196868008,6.833750000000002,1.0,1.0,4.402611297539153,12.165861297539152,7.763249999999999,1.0,1.0,0.3596154642058167,8.047427964205816,7.6878125,1.0,1.0,2.203882578299776
QID1431_290,Explanation B,0,0,-0.003440421961160456,0.8651162790697674,0.8685567010309279,1,1,0.7057850154599563,0.7057850154599563,0.0,1,0,0.0,0.0,0.0,0,0,1.0,1.0,0.0,1,0,0.0953494738965146,0.0953494738965146,0.0,0,0,-0.12164878477970259,0.2120285907859082,0.3336773755656108,0.0,0.0,3.3065339857018436,14.646639566395663,11.34010558069382,1.0,1.0,4.187474591963118,14.361537940379408,10.17406334841629,1.0,1.0,-0.10159049896381234,11.472517344173443,11.574107843137256,1.0,1.0,1.8176923234803617
QID854_291,Explanation A,1,0,0.03773815339521258,0.8804347826086957,0.8426966292134831,1,1,0.0,0.0,0.0,0,0,0.0,0.0,0.0,0,0,0.0,0.0,0.0,0,0,0.0113695318913975,0.0373268881473078,0.0259573562559103,0,0,-0.08202588383838383,0.4230088383838384,0.5050347222222222,0.0,1.0,0.9785213243546593,12.021792929292932,11.043271604938273,1.0,1.0,1.5914898989899022,12.004823232323233,10.41333333333333,1.0,1.0,1.0366084455667792,10.258557828282829,9.22194938271605,1.0,1.0,0.8811484462682393
QID2306_292,Explanation A,1,0,-0.013373477104047016,0.8648648648648649,0.8782383419689119,1,1,-0.6513548714339146,0.0,0.6513548714339146,0,1,-0.1066905953658467,0.0,0.1066905953658467,0,0,0.0,0.0,0.0,0,0,0.0,0.0,0.0,0,0,-0.061176271500238966,0.5365323076923079,0.5977085791925468,1.0,1.0,1.6341374157243678,11.354991452991452,9.720854037267085,1.0,1.0,1.1826775760471389,12.048717948717943,10.866040372670804,1.0,1.0,1.57488094070181,8.171071623931624,6.596190683229814,1.0,1.0,1.0826299152432695
QID979_293,Explanation A,1,0,0.07301136363636362,0.8948863636363636,0.821875,1,1,0.9121209545943002,0.9324533060447604,0.0203323514504602,1,0,0.0,0.0,0.0,0,0,0.13296422817269316,1.0,0.8670357718273068,1,1,-0.4429735741701015,0.4378234991142018,0.8807970732843033,0,1,-0.19903891214112746,0.5403101694915258,0.7393490816326532,1.0,1.0,5.300122448979597,11.751904761904765,6.451782312925168,1.0,1.0,6.380615703908681,13.671840193704604,7.291224489795923,1.0,1.0,0.8363727706675892,8.102196852300242,7.265824081632653,1.0,1.0,3.079518002853685
QID1957_294,Explanation A,1,0,0.023675039057805547,0.8821656050955414,0.8584905660377359,1,1,0.0,0.0,0.0,0,0,0.0,0.0,0.0,0,0,0.0,0.0,0.0,0,0,-0.038531290425245196,0.0373268833282379,0.0758581737534831,0,0,0.14909907533131983,0.7057720351758796,0.5566729598445598,1.0,1.0,-3.08699035332101,8.159939698492462,11.246930051813472,1.0,1.0,-3.7532188793709533,9.11145728643216,12.864676165803113,1.0,1.0,-1.0692181352357633,8.590876683417086,9.66009481865285,1.0,1.0,-1.9400820731491017
QID2379_295,Explanation A,1,0,-0.05935169248422267,0.8644578313253013,0.923809523809524,1,1,-0.6224593241981982,0.0,0.6224593241981982,0,1,0.0,0.0,0.0,0,0,-1.0,0.0,1.0,0,1,-0.7057850340255387,0.0,0.7057850340255387,0,1,-0.068628146853147,0.4265045454545455,0.4951326923076925,0.0,0.0,1.5532944832944828,12.555858585858587,11.002564102564104,1.0,1.0,1.4201748251748256,11.478636363636362,10.058461538461536,1.0,1.0,2.775296814296814,11.346740404040403,8.57144358974359,1.0,1.0,1.4200344939782439
QID678_296,Explanation B,0,0,0.020675993561966144,0.8658536585365854,0.8451776649746192,1,1,0.5621765008857982,0.5621765008857982,0.0,1,0,0.0,0.0,0.0,0,0,1.0,1.0,0.0,1,0,0.18533319990813946,0.5926665999540697,0.4073334000459302,1,0,-0.182424975024975,0.437573076923077,0.619998051948052,0.0,1.0,2.612584082584082,12.469597069597068,9.857012987012986,1.0,1.0,3.667907092907093,15.014010989010991,11.346103896103898,1.0,1.0,1.1670044289044252,10.713730402930402,9.546725974025977,1.0,1.0,1.8162676573426562
QID778_297,Explanation B,0,0,0.00920485703094398,0.8695652173913043,0.8603603603603603,1,1,0.6224593312018546,0.6224593312018546,0.0,1,0,0.0,0.0,0.0,0,0,1.0,1.0,0.0,1,0,0.2863650961525213,0.4687906266262437,0.1824255304737224,0,0,0.1706161733615223,0.579461627906977,0.4088454545454547,1.0,0.0,-2.141324876673714,11.035514950166114,13.176839826839828,1.0,1.0,-2.491795983086675,11.585191029900336,14.076987012987011,1.0,1.0,-1.0514715292459478,8.251928903654484,9.303400432900432,1.0,1.0,-1.3784940539112036
QID629_298,Explanation A,1,0,0.027082827301433188,0.8966480446927375,0.8695652173913043,1,1,0.0,0.0,0.0,0,0,0.0,0.0,0.0,0,0,0.0,0.0,0.0,0,0,0.09338587425955436,0.5621765008857981,0.4687906266262437,1,0,0.16131789269185765,0.5597422372611465,0.3984243445692888,1.0,0.0,-4.644273897278081,10.131194267515928,14.77546816479401,1.0,1.0,-6.6286985018726625,9.7425,16.371198501872662,1.0,1.0,-1.0054530547007303,7.828243949044587,8.833697003745318,1.0,1.0,-3.0292768902899043
QID1278_299,Explanation B,0,0,0.014703525641025617,0.9557291666666666,0.941025641025641,1,1,0.0,0.0,0.0,0,0,0.0,0.0,0.0,0,0,0.0,0.0,0.0,0,0,-0.0179862096001986,0.0,0.0179862096001986,0,0,-0.30884398336093183,0.3220887886597938,0.6309327720207256,0.0,1.0,6.802730585209886,14.548711340206186,7.7459807549963,1.0,1.0,7.543869527726693,15.531752577319589,7.987883049592895,1.0,1.0,1.796836914999961,10.86228969072165,9.065452775721688,1.0,1.0,3.9586482611439022
QID256_300,Explanation B,0,0,-0.03647969577617827,0.8391959798994975,0.8756756756756757,1,1,0.0,0.0,0.0,0,0,0.0,0.0,0.0,0,0,-0.705785040214066,0.0,0.705785040214066,0,1,0.0,0.0,0.0,0,0,-0.11505153708133975,0.2775547129186606,0.3926062500000003,0.0,0.0,1.6703054226475214,14.371138755980862,12.70083333333334,1.0,1.0,0.47103110047846997,13.246076555023926,12.775045454545456,1.0,1.0,0.6583353748006378,10.86825961722488,10.209924242424242,1.0,1.0,0.6711550902113224
QID205_301,Explanation B,0,0,-0.044065804935370156,0.8478260869565217,0.8918918918918919,1,1,0.0,0.0,0.0,0,0,0.0,0.0,0.0,0,0,0.0,0.0,0.0,0,0,0.0330859769585817,0.0330859769585817,0.0,0,0,-0.0004880952380952319,0.3646285714285716,0.3651166666666668,0.0,0.0,-0.5495238095238122,13.180476190476192,13.730000000000004,1.0,1.0,-1.3685238095238077,12.552714285714288,13.921238095238095,1.0,1.0,0.26021904761904757,9.565480952380952,9.305261904761904,1.0,1.0,-0.4145791666666669
QID2429_302,Explanation A,1,0,-0.03194802405498276,0.8170103092783505,0.8489583333333333,1,1,0.0,0.0,0.0,0,0,0.0,0.0,0.0,0,0,0.0,0.0,0.0,0,0,-0.5912682102488712,0.0600866476493228,0.651354857898194,0,1,-0.06969041501976281,0.3186391304347827,0.3883295454545455,0.0,0.0,2.5218225735617086,14.298792270531404,11.776969696969696,1.0,1.0,2.188440052700919,13.528985507246375,11.340545454545456,1.0,1.0,0.0339221783047865,10.422034299516907,10.38811212121212,1.0,1.0,1.1686235973869128
QID804_303,Explanation B,0,0,0.019841269841269882,0.8472222222222222,0.8273809523809523,1,1,-0.7057850340255387,0.0,0.7057850340255387,0,1,0.0,0.0,0.0,0,0,-1.0,0.0,1.0,0,1,0.5033076771611689,0.8519528057272543,0.3486451285660855,1,0,-0.11906019001656754,0.4875693358455018,0.6066295258620693,0.0,1.0,1.5224706011337226,10.642039566650965,9.119568965517242,1.0,1.0,0.45009362970422906,11.405214319359397,10.955120689655168,1.0,1.0,1.3699827927298731,10.479137965143664,9.109155172413791,1.0,1.0,0.8058717083878143
QID204_304,Explanation A,1,0,-0.020655765012909777,0.8743718592964824,0.8950276243093922,1,1,0.0,0.0,0.0,0,0,0.0,0.0,0.0,0,0,0.0,0.0,0.0,0,0,-0.2227001388253088,0.0,0.2227001388253088,0,0,0.13431687164579614,0.5565558139534886,0.4222389423076925,1.0,0.0,-2.5163542465286675,9.890376522702102,12.40673076923077,1.0,1.0,-2.0823356562936226,10.823122923588038,12.90545857988166,1.0,1.0,-0.630598047271751,7.977843964562569,8.60844201183432,1.0,1.0,-1.2737427696120613
QID206_305,Explanation A,1,0,-0.015733522324592575,0.9029411764705882,0.9186746987951808,1,1,0.0,0.0,0.0,0,0,0.0,0.0,0.0,0,0,0.0,0.0,0.0,0,0,0.09338587425955447,0.5621765008857982,0.4687906266262437,1,0,0.098066408337524,0.267869491525424,0.1698030831879,0.0,0.0,-0.39897947311560245,15.551904761904762,15.950884235020364,1.0,1.0,0.8937781552707449,16.732009685230025,15.83823152995928,1.0,1.0,-0.34351335465886734,12.11660363196126,12.460116986620127,1.0,1.0,0.062337933958449776
QID879_306,Explanation A,1,0,-0.008715285617520774,0.9029126213592232,0.911627906976744,1,1,-0.622459324198198,0.0,0.622459324198198,0,1,0.0,0.0,0.0,0,0,-0.9241418210233832,0.0,0.9241418210233832,0,1,-0.15484310083986785,0.4073334000459302,0.5621765008857981,0,1,-0.07000049668874164,0.4480932533112585,0.5180937500000001,0.0,1.0,0.8571523178807929,11.509652317880796,10.652500000000003,1.0,1.0,0.405838068788718,12.243725165562914,11.837887096774196,1.0,1.0,-0.3243411236915179,8.755481456953643,9.07982258064516,1.0,1.0,0.21716219157231287
QID855_307,Explanation B,0,0,-0.009795134443022047,0.9409090909090908,0.9507042253521129,1,1,-1.0,0.0,1.0,0,1,0.0,0.0,0.0,0,0,-1.0,0.0,1.0,0,1,-0.6219507363625387,0.2450850131323717,0.8670357494949105,0,1,-0.035607836919791885,0.2104743746186699,0.2460822115384618,0.0,0.0,-2.0854079645187014,13.553245881635146,15.638653846153847,1.0,1.0,-4.495791828976394,12.6860158633313,17.181807692307693,1.0,1.0,0.22205709234837023,11.30258273337401,11.08052564102564,1.0,1.0,-1.5986876345166292
QID455_308,Explanation B,0,0,0.04844255663430419,0.8713592233009708,0.8229166666666666,1,1,0.0,0.0,0.0,0,0,0.0,0.0,0.0,0,0,-1.0,0.0,1.0,0,1,-0.6776552622440332,0.053403328104956,0.7310585903489891,0,1,,,,,,,,,,,,,,,,,,,,,
QID1179_309,Explanation B,0,0,-0.022549019607843168,0.85,0.8725490196078431,1,1,0.0,0.0,0.0,0,0,0.0,0.0,0.0,0,0,0.0,0.0,0.0,0,0,0.0,0.0,0.0,0,0,0.3087417321488536,0.5907909124767227,0.2820491803278691,1.0,0.0,-7.694273625266572,7.864219739292366,15.558493364558938,1.0,1.0,-9.273630848804395,7.770912476722536,17.04454332552693,1.0,1.0,0.2872343614232946,10.138616797020484,9.85138243559719,1.0,1.0,-4.092982095124705
QID1480_310,Explanation B,0,0,-0.05885275519421862,0.8240740740740741,0.8829268292682927,1,1,0.0,0.0,0.0,0,0,0.0,0.0,0.0,0,0,0.0,0.0,0.0,0,0,-0.4148461307513418,0.0229773683628601,0.4378234991142019,0,0,0.08432491823851568,0.5199210526315793,0.4355961343930636,1.0,0.0,-1.8020363891424171,10.537602339181287,12.339638728323704,1.0,1.0,-2.4187123516884697,10.132631578947368,12.551343930635838,1.0,1.0,-0.9980815535949699,8.457145614035088,9.455227167630058,1.0,1.0,-1.2836263440468352
QID1755_311,Explanation A,1,0,0.00910900183710972,0.8732394366197184,0.8641304347826086,1,1,0.0229773681955989,0.0229773681955989,0.0,0,0,0.0,0.0,0.0,0,0,0.9324533093296392,0.9324533093296392,0.0,1,0,0.0179989310929222,0.0600866558545488,0.0420877247616266,0,0,-0.02640394751158448,0.4496297574626865,0.476033704974271,0.0,0.0,1.7636270832799958,12.97839552238806,11.214768439108065,1.0,1.0,1.8058920662553444,14.073246268656716,12.267354202401371,1.0,1.0,-0.2844548142648673,9.596132835820896,9.880587650085763,1.0,1.0,0.8146650969397221
QID1403_312,Explanation B,0,0,0.035043652148466053,0.9211822660098522,0.8861386138613861,1,1,0.0,0.0,0.0,0,0,0.0,0.0,0.0,0,0,-0.201813224660727,0.0,0.201813224660727,0,0,0.182425528251267,1.0,0.817574471748733,1,1,-0.10360149133117796,0.4567222891566269,0.5603237804878048,0.0,1.0,2.211408001343349,12.543115318416522,10.331707317073173,1.0,1.0,3.263878090760258,14.71485370051635,11.450975609756092,1.0,1.0,0.24387699928634277,10.519957487091222,10.27608048780488,1.0,1.0,1.403890400014693
QID1281_313,Explanation A,1,0,-0.016826923076923128,0.8653846153846154,0.8822115384615385,1,1,0.7679368406307524,0.932453305575492,0.1645164649447396,1,0,0.0,0.0,0.0,0,0,0.06226347365255358,0.9669140183935202,0.9046505447409666,1,1,0.5020898481871057,0.5621765008857982,0.0600866526986925,1,0,-0.06965181928034381,0.3572884868421053,0.4269403061224491,0.0,0.0,0.22641574173529477,13.372266081871349,13.145850340136054,1.0,1.0,0.6522511636233475,14.15714912280702,13.504897959183673,1.0,1.0,0.9040738751640998,10.052372514619885,9.148298639455785,1.0,1.0,0.4282722403105995
QID2279_314,Explanation B,0,0,0.032331511839708615,0.888888888888889,0.8565573770491803,1,1,0.9875683485065132,0.9875683485065132,0.0,1,0,0.0,0.0,0.0,0,0,1.0,1.0,0.0,1,0,0.1480471923932738,0.1480471923932738,0.0,0,0,-0.03443988070752768,0.5031451871657754,0.5375850678733031,1.0,1.0,1.4302536679007254,9.926256684491978,8.496003016591253,1.0,1.0,0.749476347182231,9.764155080213904,9.014678733031673,1.0,1.0,-0.9741423282599762,9.79022192513369,10.764364253393666,1.0,1.0,0.29278695152886314
QID754_315,Explanation B,0,0,0.0048041389504804854,0.7926829268292683,0.7878787878787878,1,1,0.8933094025038597,0.8933094025038597,0.0,1,0,0.0,0.0,0.0,0,0,1.0,1.0,0.0,1,0,0.2450850076183952,0.2450850076183952,0.0,0,0,-0.10819300860675757,0.3934040816326532,0.5015970902394108,0.0,1.0,3.639030931709698,12.779115646258504,9.140084714548806,1.0,1.0,6.142879317472849,14.478367346938777,8.335488029465928,1.0,1.0,-0.3260215612432802,10.80075306122449,11.12677462246777,1.0,1.0,2.336923919833127
QID1956_316,Explanation A,1,0,0.0472472860566755,0.861271676300578,0.8140243902439025,1,1,0.0,0.0,0.0,0,0,0.0,0.0,0.0,0,0,0.0,0.0,0.0,0,0,0.0,0.0,0.0,0,0,0.019675526315789726,0.3423202631578951,0.3226447368421054,0.0,0.0,0.1785789473684236,13.467789473684212,13.289210526315788,1.0,1.0,0.5528050239234457,14.620765550239234,14.067960526315789,1.0,1.0,-0.00019779904306105323,11.01936009569378,11.019557894736842,1.0,1.0,0.1877154246411495
QID1307_317,Explanation A,1,0,-0.022260273972602773,0.8527397260273972,0.875,1,1,0.0,0.0,0.0,0,0,0.0,0.0,0.0,0,0,0.0,0.0,0.0,0,0,0.1775383137804,0.2450850021044188,0.0675466883240188,0,0,-0.10235262239865284,0.4254601226993867,0.5278127450980395,0.0,1.0,1.5752116306645316,12.876976336546887,11.301764705882356,1.0,1.0,2.099357804471479,14.167397020157756,12.068039215686277,1.0,1.0,0.32749142135381604,10.119385539000875,9.79189411764706,1.0,1.0,0.9749270585227935
QID257_318,Explanation B,0,0,0.0039499036608862115,0.8872832369942196,0.8833333333333334,1,1,0.0,0.0,0.0,0,0,0.0,0.0,0.0,0,0,0.0,0.0,0.0,0,0,0.1645164567520338,0.1645164567520338,0.0,0,0,-0.2050014423076926,0.2406499999999999,0.4456514423076925,0.0,0.0,1.339380341880343,14.194444444444446,12.855064102564103,1.0,1.0,0.5810032051282121,14.81604166666667,14.235038461538458,1.0,1.0,2.2952230769230795,11.108466666666668,8.813243589743589,1.0,1.0,1.0026512954059854
QID137_319,Explanation B,0,1,0.00044563279857401383,0.9015151515151516,0.9010695187165776,1,1,1.0,1.0,0.0,1,0,0.0,0.0,0.0,0,0,0.07585818263281063,1.0,0.9241418173671894,1,1,-0.18256423127195032,0.4687906266262437,0.651354857898194,0,1,0.10560170940170943,0.7047628205128207,0.5991611111111113,1.0,1.0,-1.049059829059832,7.562051282051282,8.611111111111114,1.0,1.0,-1.0132264957264958,7.707051282051282,8.720277777777778,1.0,1.0,-1.0158208485958493,7.0013775641025635,8.017198412698413,1.0,1.0,-0.7431263659951169
QID2458_320,Explanation B,0,1,-0.008327925589444174,0.8623188405797101,0.8706467661691543,1,1,0.047425869643347385,1.0,0.9525741303566526,1,1,0.0,0.0,0.0,0,0,2.220446049250313e-16,1.0000000000000002,1.0,1,1,-0.9248262951731973,0.0420877294175199,0.9669140245907172,0,1,-0.1660738368582486,0.3597759759759762,0.5258498128342248,0.0,1.0,2.758812513047806,13.142192192192194,10.383379679144388,1.0,1.0,2.3409819980408244,12.652372372372376,10.311390374331552,1.0,1.0,1.0865841897512531,10.801352852852856,9.714768663101603,1.0,1.0,1.5050762159954088
QID1563_321,Explanation B,0,1,0.005361519607843146,0.8725490196078431,0.8671875,1,1,0.0953494559017051,0.0953494559017051,0.0,0,0,0.0,0.0,0.0,0,0,0.033085980295534,1.0,0.966914019704466,1,1,-0.36210004404215657,0.5312093733737563,0.8933094174159129,1,1,0.032198898467432735,0.567027777777778,0.5348288793103453,1.0,1.0,-0.17756704980842386,10.807777777777783,10.985344827586207,1.0,1.0,-0.1059656660342938,11.643861920172604,11.749827586206898,1.0,1.0,0.26529538369973515,9.064216073354908,8.798920689655173,1.0,1.0,0.0034903915811125563
QID85_322,Explanation A,1,1,-0.018690490184553932,0.8404255319148936,0.8591160220994475,1,1,-0.32082131381216084,0.6791786861878392,1.0,1,1,0.0,0.0,0.0,0,0,2.220446049250313e-16,1.0000000000000002,1.0,1,1,0.3085092242305979,0.7772998508568416,0.4687906266262437,1,0,0.0996474546158177,0.7137679425837322,0.6141204879679145,1.0,1.0,-2.4330037996059684,7.833827751196171,10.26683155080214,1.0,1.0,-2.2153384463833383,7.7888995215311,10.004237967914438,1.0,1.0,-0.6569690402476764,7.600909569377991,8.257878609625667,1.0,1.0,-1.3014159579052913
QID983_323,Explanation A,1,1,-0.027194231796332513,0.8231707317073171,0.8503649635036497,1,1,-0.03732688747799218,0.9626731125220076,0.9999999999999998,1,1,0.0,0.0,0.0,0,0,0.017986213186228395,1.0,0.9820137868137716,1,1,0.11920291107043357,1.0,0.8807970889295664,1,1,-0.07355171011058437,0.6174933333333337,0.691045043443918,1.0,1.0,0.807339652448654,8.620333333333331,7.812993680884677,1.0,1.0,1.147084676145333,9.13453333333333,7.987448657187997,1.0,1.0,0.7137255134281197,7.542216666666667,6.828491153238547,1.0,1.0,0.6486495329778806
QID1984_324,Explanation B,0,1,0.002272727272727315,0.8636363636363636,0.8613636363636363,1,1,0.020332354270207187,1.0,0.9796676457297928,1,1,0.0,0.0,0.0,0,0,0.0,1.0,1.0,1,1,-0.1383944115424507,0.1066905960759445,0.2450850076183952,0,0,0.20779742559565462,0.6696169443122325,0.4618195187165779,1.0,0.0,-3.1801349497438203,8.05949071870538,11.2396256684492,1.0,1.0,-4.167772349301451,8.656425511661112,12.824197860962563,1.0,1.0,-1.4733315069388073,7.804542646358877,9.277874153297685,1.0,1.0,-2.153360345097106
QID2013_325,Explanation A,1,1,0.08620807510025519,0.8966346153846154,0.8104265402843602,1,1,-0.30485926922363227,0.1329642298905696,0.4378234991142019,0,0,0.0,0.0,0.0,0,0,-0.22917862509766185,0.7549149813536518,0.9840936064513136,1,1,0.1480472017906333,0.1480472017906333,0.0,0,0,0.02215748836319198,0.7406832923832926,0.7185258040201006,1.0,1.0,-1.0438438630498972,6.938206388206389,7.982050251256286,1.0,1.0,-1.1092497129381584,7.244820638820634,8.354070351758793,1.0,1.0,-0.5401560223723028,6.860519656019656,7.400675678391959,1.0,1.0,-0.6677730274992916
QID2462_326,Explanation A,1,1,0.037799972256901015,0.8580246913580246,0.8202247191011236,1,1,0.12089421184039759,0.2689414155105029,0.1480472036701053,0,0,0.0,0.0,0.0,0,0,-0.659565504513848,0.2450850241603248,0.9046505286741728,0,1,-0.4206461089414758,0.2018132222603788,0.6224593312018546,0,1,0.019400306836020786,0.7326457613814756,0.7132454545454548,1.0,1.0,-0.6857599543313775,6.635149136577713,7.32090909090909,1.0,1.0,0.12787504194647425,7.423614599686033,7.295739557739559,1.0,1.0,0.2580872343872347,7.203958241758242,6.945871007371007,1.0,1.0,-0.07009934279041194
QID1283_327,Explanation A,1,1,-0.03816607134119476,0.9057591623036648,0.9439252336448596,1,1,3.550488791859152e-09,0.8933094145755218,0.893309411025033,1,1,0.0,0.0,0.0,0,0,-0.017986211212267178,0.9820137887877328,1.0,1,1,-0.6513548646660543,0.3486451353339457,1.0,0,1,-0.06621085043988284,0.568593695014663,0.6348045454545458,1.0,1.0,0.18654936461387805,9.360185728250244,9.173636363636366,1.0,1.0,1.2450938416422304,10.06809384164223,8.823,1.0,1.0,0.48955845552297106,8.634922091886608,8.145363636363637,1.0,1.0,0.46374770283479916
QID38_328,Explanation A,1,1,0.01544540229885083,0.942528735632184,0.9270833333333331,1,1,-0.0477721564134942,0.0373268880134447,0.0850990444269389,0,0,0.0,0.0,0.0,0,0,0.0,1.0,1.0,1,1,0.46267311560085755,0.9626731156008576,0.5,1,0,0.07245222433586995,0.7040227272727276,0.6315705029368577,1.0,1.0,-0.7522660525964504,8.208181818181817,8.960447870778268,1.0,1.0,-0.5703799893205215,9.700772727272728,10.27115271659325,1.0,1.0,-0.4859849285809643,7.427636363636363,7.913621292217328,1.0,1.0,-0.43404468654051653
QID835_329,Explanation A,1,1,0.03396739130434778,0.8152173913043478,0.78125,1,1,0.0,1.0,1.0,1,1,0.0,0.0,0.0,0,0,0.0,1.0,1.0,1,1,-0.05868826471198452,0.3486451353339457,0.4073334000459302,0,0,0.09919042207792217,0.4806915584415586,0.3815011363636364,0.0,0.0,-2.732792207792208,11.106450216450217,13.839242424242425,1.0,1.0,-3.21083116883117,12.854168831168828,16.064999999999998,1.0,1.0,-1.4313330447330443,9.094837662337662,10.526170707070706,1.0,1.0,-1.8189414998196252
QID484_330,Explanation B,0,1,-0.027675906183368792,0.8208955223880597,0.8485714285714285,1,1,0.12387597332782596,0.5312093733737562,0.4073334000459302,1,0,0.0,0.0,0.0,0,0,-0.020332352081192995,0.979667647918807,1.0,1,1,-0.5312093733737563,0.4687906266262437,1.0,0,1,0.0017324816487860328,0.4162678571428574,0.4145353754940714,0.0,0.0,1.157137210615467,11.625714285714285,10.468577075098818,1.0,1.0,2.745830491247883,11.650514285714287,8.904683794466404,1.0,1.0,0.10124897421419199,9.737757142857143,9.636508168642951,1.0,1.0,1.001487289431582
QID1387_331,Explanation A,1,1,0.04993455497382204,0.8874345549738221,0.8375,1,1,-0.2316145257568386,0.731058584489497,0.9626731102463356,1,1,0.0,0.0,0.0,0,0,0.0,1.0,1.0,1,1,-0.05818367691435039,0.1645164567520338,0.2227001336663842,0,0,-0.050554974424552146,0.6102117647058827,0.6607667391304348,1.0,1.0,-0.17704290991758853,8.80137254901961,8.9784154589372,1.0,1.0,-0.33086104006819994,8.680588235294117,9.011449275362317,1.0,1.0,0.41550387041773185,8.969013725490196,8.553509855072464,1.0,1.0,-0.03573876349815219
QID435_332,Explanation A,1,1,0.019736842105263164,0.875,0.8552631578947368,1,1,-0.6513548646660542,0.0,0.6513548646660542,0,1,0.0,0.0,0.0,0,0,0.0,1.0000000000000002,1.0000000000000002,1,1,0.3535179215508437,0.7310585903489891,0.3775406687981454,1,0,-0.04880370722936156,0.5551538685282142,0.6039575757575758,1.0,1.0,1.0588265728841648,10.576015125072718,9.517188552188554,1.0,1.0,0.5684804854831,10.980273414776027,10.411792929292927,1.0,1.0,0.3473365963297912,8.905300232693428,8.557963636363636,1.0,1.0,0.4814599868669236
QID1837_333,Explanation A,1,1,0.012439118399383275,0.9039735099337748,0.8915343915343915,1,1,0.4073334000459302,0.4073334000459302,0.0,0,0,0.0,0.0,0.0,0,0,0.25795447777800506,0.98901305640801,0.7310585786300049,1,1,0.0,0.0,0.0,0,0,0.01766255952380963,0.2740388095238097,0.2563762500000001,0.0,0.0,-0.31788558201058237,13.94332275132275,14.261208333333332,1.0,1.0,-1.0455853174603238,13.91253968253968,14.958125000000004,1.0,1.0,-0.49526359788359997,10.672723068783068,11.167986666666668,1.0,1.0,-0.46026798445767414
QID2059_334,Explanation B,0,1,0.05110689437065141,0.9607843137254902,0.9096774193548388,1,1,0.941375536324374,0.9706877675527112,0.0293122312283373,1,0,0.0,0.0,0.0,0,0,-0.02979273124778481,0.5926665999540697,0.6224593312018545,1,1,0.0,0.0,0.0,0,0,0.12035063290912973,0.6144254568527922,0.4940748239436624,1.0,0.0,-1.213715092585975,9.38635532994924,10.600070422535214,1.0,1.0,-0.8086062057624854,10.009492385786809,10.818098591549294,1.0,1.0,-0.7823210142751584,8.701386497461929,9.483707511737087,1.0,1.0,-0.6710729199286223
QID887_335,Explanation A,1,1,0.035807467386414715,0.8282051282051281,0.7923976608187134,1,1,0.016076450564693978,0.9626731158685836,0.9465966653038896,1,1,0.0,0.0,0.0,0,0,0.0,1.0,1.0,1,1,0.0924017475022616,0.7981867753392728,0.7057850278370112,1,1,-0.005914166190203796,0.4342044444444448,0.4401186106346486,0.0,0.0,0.7857326091099708,12.501444444444449,11.715711835334478,1.0,1.0,1.4978531351248296,12.854311111111109,11.35645797598628,1.0,1.0,-0.06821071088240949,8.844122222222222,8.912332933104631,1.0,1.0,0.5523652167905468
QID2388_336,Explanation B,0,1,-0.008580202312138852,0.9132947976878611,0.921875,1,1,0.0,1.0,1.0,1,1,0.0,0.0,0.0,0,0,0.0,1.0,1.0,1,1,-0.20885476305364004,0.731058590348989,0.939913353402629,1,1,0.0725702627070246,0.6669370588235296,0.594366796116505,1.0,1.0,-1.0598949171901797,8.820823529411765,9.880718446601945,1.0,1.0,-1.0143389491719041,9.988088235294118,11.002427184466022,1.0,1.0,-0.8921520578716944,8.518438039215686,9.41059009708738,1.0,1.0,-0.7234539153816884
QID187_337,Explanation A,1,1,-0.03346924906557924,0.8646788990825689,0.8981481481481481,1,1,-0.3208213073183839,0.6791786926816161,1.0,1,1,0.0,0.0,0.0,0,0,2.220446049250313e-16,1.0,0.9999999999999998,1,1,-0.9502414614941931,0.0373268905568429,0.987568352051036,0,1,-0.3066491803051125,0.3105638418079098,0.6172130221130223,0.0,1.0,4.956298116298115,13.616666666666667,8.660368550368553,1.0,1.0,5.568956120990016,14.188587570621465,8.619631449631449,1.0,1.0,1.7460831383000865,10.142927118644067,8.39684398034398,1.0,1.0,2.9911720488207765
QID1759_338,Explanation A,1,1,0.0037756349314138626,0.9108108108108108,0.907035175879397,1,1,0.0,1.0,1.0,1,1,0.0,0.0,0.0,0,0,0.0,1.0,1.0,1,1,0.1645164649447396,0.1645164649447396,0.0,0,0,0.07715387306242139,0.6581981818181819,0.5810443087557605,1.0,1.0,-1.5291544942512711,8.79965656565657,10.32881105990784,1.0,1.0,-1.596219103477166,10.09318181818182,11.689400921658986,1.0,1.0,-0.0850525029092779,8.047721414141414,8.132773917050692,1.0,1.0,-0.7833180568938234
QID2112_339,Explanation B,0,1,0.0369135940201929,0.9187817258883249,0.881868131868132,1,1,-0.6317528270076033,0.0474258721677897,0.679178699175393,0,1,0.0,0.0,0.0,0,0,0.12506983258925175,0.9770226289191464,0.8519527963298946,1,1,0.2863651050423427,0.4687906266262437,0.182425521583901,0,0,-0.02298474358974323,0.6736434615384619,0.6966282051282051,1.0,1.0,1.147141025641023,8.822653846153845,7.675512820512822,1.0,1.0,1.4842467948717921,10.21028846153846,8.726041666666667,1.0,1.0,0.6274274358974363,8.539766538461539,7.912339102564102,1.0,1.0,0.8089576282051271
QID964_340,Explanation A,1,1,-0.0044459644322845104,0.8676470588235294,0.872093023255814,1,1,0.9626731139945012,0.9626731139945012,0.0,1,0,0.0,0.0,0.0,0,0,0.0,1.0,1.0,1,1,-0.1665191243192215,0.0159063928197689,0.1824255171389904,0,0,0.011505884669961386,0.6608514921465971,0.6493456074766357,1.0,1.0,-0.7088681313304281,8.595748691099477,9.304616822429905,1.0,1.0,-0.664872535107893,9.425968586387436,10.090841121495329,1.0,1.0,-0.04493066301316073,7.973336439790576,8.018267102803737,1.0,1.0,-0.3517913611953801
QID1938_341,Explanation A,1,1,-0.006070318570318589,0.8701923076923077,0.8762626262626263,1,1,0.770148591804714,0.8175744695262775,0.0474258777215636,1,0,0.0,0.0,0.0,0,0,0.28015133767859923,0.985936371704138,0.7057850340255387,1,1,0.1824255238063563,0.1824255238063563,0.0,0,0,0.031657729212071994,0.6058711956521742,0.5742134664401022,1.0,1.0,-0.9671868420080543,8.921521739130437,9.888708581138491,1.0,1.0,-1.7781829263787792,10.26717391304348,12.04535683942226,1.0,1.0,-0.9612597621891403,7.772148309178744,8.733408071367885,1.0,1.0,-0.9187429503409754
QID2210_342,Explanation B,0,1,0.011023790593847504,0.8765060240963856,0.8654822335025381,1,1,0.1824255193614457,0.1824255193614457,0.0,0,0,0.0,0.0,0.0,0,0,0.26490275627958804,0.9706877717395443,0.7057850154599563,1,1,-0.18785705337754066,0.6791786926816161,0.8670357460591568,1,1,0.0374061776367961,0.7855946391752577,0.7481884615384616,1.0,1.0,0.2522326196140625,6.927360824742269,6.675128205128207,1.0,1.0,1.600185906876625,7.692680412371132,6.092494505494507,1.0,1.0,-0.11649788754201129,6.877709072164948,6.994206959706959,1.0,1.0,0.44333170414636813
QID985_343,Explanation A,1,1,0.02350427350427342,0.8888888888888888,0.8653846153846154,1,1,-0.029312228154459996,0.97068777184554,1.0,1,1,0.0,0.0,0.0,0,0,0.0,1.0,1.0,1,1,0.7478328309085466,0.8807970779778825,0.132964247069336,1,0,-0.025858627242323018,0.5368237154150199,0.562682342657343,1.0,1.0,0.3390006249788797,10.258493631971891,9.919493006993012,1.0,1.0,-0.9080137706496476,11.096772068511193,12.00478583916084,1.0,1.0,-0.668293464747812,8.612732059727712,9.281025524475524,1.0,1.0,-0.3157913094152257
QID837_344,Explanation B,0,1,-0.014661654135338376,0.8710526315789473,0.8857142857142857,1,1,0.24496313199796083,0.924141824679577,0.6791786926816161,1,1,0.0,0.0,0.0,0,0,0.0,1.0,1.0,1,1,-0.2942149783515162,0.0,0.2942149783515162,0,0,0.04593844532152502,0.7154096698113211,0.6694712244897961,1.0,1.0,-2.154766140418431,6.439968553459121,8.594734693877552,1.0,1.0,-4.06821332306507,7.32311320754717,11.39132653061224,1.0,1.0,-0.16093099217045292,7.670177987421384,7.8311089795918365,1.0,1.0,-1.5844930025831072
QID488_345,Explanation B,0,1,-0.024074455663163796,0.8550724637681159,0.8791469194312796,1,1,0.0,1.0,1.0,1,1,0.0,0.0,0.0,0,0,0.0,1.0,1.0,1,1,-0.046545942608145,0.0293122327122781,0.0758581753204231,0,0,0.012887083515150555,0.5597269730941707,0.5468398895790202,1.0,1.0,0.8719830221553728,10.769201793721972,9.8972187715666,1.0,1.0,1.401773977414452,11.179013452914797,9.777239475500345,1.0,1.0,0.00505019809548557,8.353745919282511,8.348695721187026,1.0,1.0,0.5729235702951152
QID1412_346,Explanation A,1,1,0.04291267942583732,0.8323863636363636,0.7894736842105263,1,1,0.05511503562567821,0.9875683515250746,0.9324533158993964,1,1,0.0,0.0,0.0,0,0,0.03732688600549883,1.0,0.9626731139945012,1,1,0.0,0.0,0.0,0,0,0.031123117705447734,0.5464131118881121,0.5152899941826644,1.0,1.0,-0.9856199835650123,10.146416083916083,11.132036067481096,1.0,1.0,-1.5479196134726294,9.876228146853144,11.424147760325774,1.0,1.0,0.4937687372110151,9.812419755244756,9.31865101803374,1.0,1.0,-0.5021619355302948
QID464_347,Explanation A,1,1,-0.0008496176720474979,0.8636363636363636,0.8644859813084111,1,1,0.014143360320864051,0.9465966743431868,0.9324533140223228,1,1,0.0,0.0,0.0,0,0,0.0,1.0,1.0,1,1,-0.32831278076692333,0.0203323545670225,0.3486451353339458,0,0,-0.093702625772286,0.4498568181818183,0.5435594439541043,0.0,1.0,0.7759193880553052,10.918787878787878,10.142868490732573,1.0,1.0,1.0226999117387496,11.568909090909097,10.546209179170347,1.0,1.0,0.6304819652839058,9.718233333333332,9.087751368049426,1.0,1.0,0.5838496598264187
QID1510_348,Explanation A,1,1,0.004912019699379155,0.8391089108910891,0.8341968911917099,1,1,0.4859760060084187,0.8933094060543489,0.4073334000459302,1,0,0.0,0.0,0.0,0,0,0.6937316794330278,0.9626731125220076,0.2689414330889798,1,0,-0.39330941741591263,0.5,0.8933094174159126,0,1,-0.07897941736481323,0.4944718646864689,0.5734512820512822,0.0,1.0,1.6487656201517567,10.375973597359735,8.727207977207978,1.0,1.0,1.9062815677172118,10.373448844884493,8.467167277167281,1.0,1.0,0.5915209105525934,8.458017491749175,7.866496581196581,1.0,1.0,1.0168971702641871
QID1034_349,Explanation A,1,1,-0.011494252873563204,0.9051724137931034,0.9166666666666666,1,1,0.026606335155395122,0.7057850278370112,0.6791786926816161,1,1,0.0,0.0,0.0,0,0,-0.012431651493486795,0.9875683485065132,1.0,1,1,0.2810984278429858,0.9324533060447604,0.6513548782017746,1,1,0.17334233990613285,0.504073284823285,0.3307309449171521,1.0,0.0,-2.746240922792646,10.300131670131671,13.046372592924318,1.0,1.0,-3.042870568387812,10.276569646569648,13.31944021495746,1.0,1.0,-0.7343929554757125,9.106713582813583,9.841106538289296,1.0,1.0,-1.5875405266875093
QID1408_350,Explanation B,0,1,-0.0333571556190817,0.8137931034482758,0.8471502590673575,1,1,-0.7880576611758866,0.0474258718311974,0.835483533007084,0,1,0.0,0.0,0.0,0,0,-2.220446049250313e-16,0.9999999999999998,1.0,1,1,0.006999267564939182,0.989013055234094,0.9820137876691548,1,1,0.07849637754300942,0.7724916156382479,0.6939952380952384,1.0,1.0,-0.805863221407261,6.667946302402264,7.473809523809525,1.0,1.0,-0.24945409204661217,8.379100329722093,8.628554421768705,1.0,1.0,-0.315135476046283,6.30665091851154,6.621786394557823,1.0,1.0,-0.3229891029892867
QID1138_351,Explanation B,0,1,0.00593770545693606,0.9201388888888888,0.9142011834319528,1,1,0.012431649801262767,1.0,0.9875683501987372,1,1,0.0,0.0,0.0,0,0,0.0,1.0,1.0,1,1,-0.02627362458335336,0.8670357701094303,0.8933093946927837,1,1,0.11626256684492009,0.644290106951872,0.528027540106952,1.0,1.0,-0.8846702317290571,8.694527629233512,9.57919786096257,1.0,1.0,0.3033074866310166,9.984344919786096,9.68103743315508,1.0,1.0,-0.6207105169340466,7.497629055258468,8.118339572192514,1.0,1.0,-0.2714526737967917
QID1884_352,Explanation A,1,1,-0.007058823529411784,0.89,0.8970588235294118,1,1,0.41024108281507926,0.5926665999540697,0.1824255171389904,1,0,0.0,0.0,0.0,0,0,0.948927810307056,0.9820137865505766,0.0330859762435206,1,0,-0.0337704605544941,0.0420877252121969,0.075858185766691,0,0,0.14658423103844154,0.75386719895288,0.6072829679144385,1.0,1.0,-1.949184309992443,7.298366492146599,9.247550802139042,1.0,1.0,-1.6742679956323308,6.269528795811521,7.943796791443852,1.0,1.0,-0.6154381588599263,6.6506139267015705,7.266052085561497,1.0,1.0,-1.0230765583615646
QID789_353,Explanation B,0,1,0.02794202898550724,0.912,0.8840579710144928,1,1,0.0,1.0,1.0,1,1,0.0,0.0,0.0,0,0,0.020332354938041974,1.0,0.979667645061958,1,1,0.3283127771156254,0.3486451285660856,0.0203323514504602,0,0,0.0013197165374825293,0.6845102284527519,0.6831905119152694,1.0,1.0,1.1857738990485558,9.381069574247146,8.19529567519859,1.0,1.0,2.441702484421384,10.861552440290758,8.419849955869374,1.0,1.0,-0.3892041410383671,7.472139460020768,7.861343601059135,1.0,1.0,0.8098979897422638
QID733_354,Explanation B,0,1,0.006361323155216314,0.8396946564885496,0.8333333333333333,1,1,-0.042087725212196836,0.9579122747878032,1.0,1,1,0.0,0.0,0.0,0,0,-0.03732688841503384,0.9626731115849662,1.0,1,1,-0.03823445340896729,0.0293122335072465,0.0675466869162138,0,0,0.08696962771025829,0.5543254275427546,0.4673557998324963,1.0,0.0,-0.7885776391709474,9.90600360036004,10.694581239530986,1.0,1.0,-1.9116177270993404,10.322511251125114,12.234128978224454,1.0,1.0,-0.4514118808865799,8.768425472547255,9.219837353433835,1.0,1.0,-0.7661594048616523
QID858_355,Explanation A,1,1,0.08376963350785327,0.9476439790575916,0.8638743455497383,1,1,0.15352952841425238,0.9890130593731596,0.8354835309589073,1,1,0.0,0.0,0.0,0,0,0.08509904268669499,1.0,0.914900957313305,1,1,0.080568556380338,0.8354835432479663,0.7549149868676283,1,1,-0.08945599547511329,0.701575,0.7910309954751132,1.0,1.0,1.9446744595273984,7.288611111111113,5.343936651583714,1.0,1.0,1.7078129713423813,8.28833333333333,6.580520361990949,1.0,1.0,1.0531676219205632,7.938988888888889,6.885821266968326,1.0,1.0,1.1540497643288075
QID834_356,Explanation A,1,1,-0.028370006408886983,0.9006622516556292,0.9290322580645162,1,1,-0.9324533060447604,0.0,0.9324533060447604,0,1,0.0,0.0,0.0,0,0,0.0,1.0,1.0,1,1,0.8354835411997897,1.0,0.1645164588002103,1,0,0.059346638927336826,0.5823146540027139,0.522968015075377,1.0,1.0,-1.2157535711120016,9.493934871099054,10.709688442211055,1.0,1.0,-1.4369026952946555,9.686363636363636,11.123266331658291,1.0,1.0,-0.20269352679271613,8.784916824966079,8.987610351758795,1.0,1.0,-0.6990007885680091
QID1009_357,Explanation A,1,1,0.0021910500369144437,0.8718592964824121,0.8696682464454977,1,1,2.220446049250313e-16,1.0,0.9999999999999998,1,1,0.0,0.0,0.0,0,0,0.0,1.0,1.0,1,1,-0.047865213574473486,0.8670357460591569,0.9149009596336304,1,1,-0.10740826063970388,0.5448333333333335,0.6522415939730374,1.0,1.0,1.618653395096688,9.33859788359788,7.719944488501191,1.0,1.0,0.9453546410634068,9.507202380952382,8.561847739888975,1.0,1.0,1.3100071399200255,8.860970105820105,7.550962965900079,1.0,1.0,0.9416517288601041
QID2014_358,Explanation A,1,1,-0.01227450980392153,0.924,0.9362745098039216,1,1,-0.10669060175672718,0.8933093982432728,1.0,1,1,0.0,0.0,0.0,0,0,-2.220446049250313e-16,1.0,1.0000000000000002,1,1,0.9579122735862822,0.9579122735862822,0.0,1,0,-0.12442587019579432,0.4297655583756347,0.554191428571429,0.0,1.0,2.0931327048585953,11.961989847715738,9.868857142857143,1.0,1.0,1.9586994477603579,12.376446700507614,10.417747252747256,1.0,1.0,0.8464162324984663,9.98382304568528,9.137406813186814,1.0,1.0,1.1934556287304063
QID284_359,Explanation B,0,1,0.05596162631338519,0.9195979899497488,0.8636363636363636,1,1,0.8473542720005057,0.9324533112067128,0.0850990392062071,1,0,0.0,0.0,0.0,0,0,0.11920293453832898,1.0000000000000002,0.8807970654616712,1,1,0.1927384859818302,0.4378234991142019,0.2450850131323717,0,0,0.07778777356532834,0.5258872388059703,0.448099465240642,1.0,0.0,-0.34585665256604337,10.716656716417912,11.062513368983955,1.0,1.0,-0.9367627105116103,10.061044776119402,10.997807486631013,1.0,1.0,-1.0750092553276378,8.639877910447762,9.7148871657754,1.0,1.0,-0.5699602112099909
QID2010_360,Explanation B,0,1,-0.022944116310767648,0.8802816901408451,0.9032258064516128,1,1,0.0474258694750511,0.0474258694750511,0.0,0,0,0.0,0.0,0.0,0,0,0.6791787056691698,0.6791787056691698,0.0,1,0,0.15998596319145642,0.9149009555730612,0.7549149923816048,1,1,0.01933714901306638,0.5606280581039758,0.5412909090909094,1.0,1.0,-0.6201311277916748,9.771131498470954,10.391262626262629,1.0,1.0,-0.32854496802891653,9.712553516819568,10.041098484848485,1.0,1.0,0.09946244246748925,9.6077501529052,9.508287710437711,1.0,1.0,-0.20746912608500892
QID1287_361,Explanation A,1,1,0.03342139548349743,0.8885350318471338,0.8551136363636364,1,1,-0.10669058684467347,0.8933094131553265,1.0,1,1,0.0,0.0,0.0,0,0,0.0,1.0,1.0,1,1,0.49388248803757256,0.5312093733737562,0.0373268853361836,1,0,0.1249229141141881,0.5929754870129874,0.4680525728987993,1.0,0.0,-1.7478424405782889,9.578246753246756,11.326089193825045,1.0,1.0,-1.3743898554275944,9.848766233766234,11.223156089193829,1.0,1.0,-0.3870749571183545,8.897663636363635,9.28473859348199,1.0,1.0,-0.8460960847525124
QID2183_362,Explanation B,0,1,0.023667779875127026,0.8969072164948454,0.8732394366197184,1,1,-0.5903985239710652,0.2450850131323717,0.8354835371034369,0,1,0.0,0.0,0.0,0,0,0.0,1.0,1.0,1,1,-0.002979985825486975,0.9740426416719394,0.9770226274974264,1,1,0.04097007389162555,0.6473129310344828,0.6063428571428573,1.0,1.0,-2.121231527093599,7.687816091954023,9.809047619047622,1.0,1.0,-3.939098522167491,6.527758620689653,10.466857142857144,1.0,1.0,0.8495343185550084,9.437539080459771,8.588004761904763,1.0,1.0,-1.2924564142036141
QID1013_363,Explanation A,1,1,0.09506493506493507,0.91,0.814935064935065,1,1,0.029312233719237968,1.0,0.970687766280762,1,1,0.0,0.0,0.0,0,0,0.04742587704837875,0.9999999999999998,0.952574122951621,1,1,0.17585585950837632,0.2018132174596823,0.025957357951306,0,0,0.11736893825422245,0.5932702555509007,0.4759013172966783,1.0,0.0,-2.0729744689039684,9.687930456640135,11.760904925544104,1.0,1.0,-2.084089392667707,9.76971931294512,11.853808705612828,1.0,1.0,-0.7020586656147696,8.398751529116044,9.100810194730814,1.0,1.0,-1.1854383972330556
QID2184_364,Explanation B,0,1,0.017254800207576526,0.926829268292683,0.9095744680851064,1,1,-0.02033235122784882,0.9796676487721512,1.0,1,1,0.0,0.0,0.0,0,0,0.0,1.0,1.0,1,1,0.6709719382814676,0.9399133479324784,0.2689414096510108,1,0,0.022130467515364405,0.6019792910447765,0.5798488235294121,1.0,1.0,-1.178937371963709,8.856592039800997,10.035529411764706,1.0,1.0,-2.1775263388937667,8.50320895522388,10.680735294117646,1.0,1.0,-0.9100047351477905,7.531031343283582,8.441036078431372,1.0,1.0,-1.0610844946224756
QID1183_365,Explanation A,1,1,-0.013794663048394273,0.9090909090909092,0.9228855721393034,1,1,-0.2553979686404795,0.5621765008857981,0.8175744695262775,1,1,0.0,0.0,0.0,0,0,-0.28109842361957016,0.6513548782017746,0.9324533018213448,1,1,-0.5926665999540698,0.0,0.5926665999540698,0,1,-0.03994009493670858,0.5292799050632914,0.56922,1.0,1.0,0.6882194092826985,10.585886075949368,9.89766666666667,1.0,1.0,-0.09576344936708381,10.593924050632914,10.689687499999998,1.0,1.0,-0.175716439873419,8.113884810126581,8.28960125,1.0,1.0,0.09419985627637179
QID1888_366,Explanation B,0,1,0.0745044429254954,0.9186602870813396,0.8441558441558442,1,1,0.0,1.0,1.0,1,1,0.0,0.0,0.0,0,0,2.220446049250313e-16,1.0,0.9999999999999998,1,1,0.0600866556441584,0.0600866556441584,0.0,0,0,-0.04907291934103569,0.4505639227642277,0.4996368421052634,0.0,0.0,0.22748181429183134,11.048008130081303,10.820526315789472,1.0,1.0,-0.1396760804450139,11.282008130081302,11.421684210526315,1.0,1.0,-0.2653311082584491,9.798516260162604,10.063847368421053,1.0,1.0,-0.05664957343816683
QID1533_367,Explanation B,0,1,-0.014314414866901104,0.8038674033149171,0.8181818181818182,1,1,0.06754669020109239,1.0,0.9324533097989076,1,1,0.0,0.0,0.0,0,0,0.04742586812868177,1.0,0.9525741318713182,1,1,0.0232632635576407,0.0373268881473078,0.0140636245896671,0,0,-0.10542148251810407,0.4390042005420057,0.5444256830601097,0.0,1.0,0.9670700608645433,11.48078590785908,10.513715846994536,1.0,1.0,0.28500222133369135,11.748062330623306,11.463060109289614,1.0,1.0,0.13257030965391614,8.487822222222222,8.355251912568306,1.0,1.0,0.31980527733351166
QID284_368,Explanation A,1,1,0.04645096283027306,0.9159090909090908,0.8694581280788177,1,1,0.7596253632267227,0.9241418199787564,0.1645164567520338,1,0,0.0,0.0,0.0,0,0,0.106690591815358,1.0000000000000002,0.8933094081846422,1,1,0.14796931930785984,0.4687906266262437,0.3208213073183839,0,0,0.07778777356532834,0.5258872388059703,0.448099465240642,1.0,0.0,-0.34585665256604337,10.716656716417912,11.062513368983955,1.0,1.0,-0.9367627105116103,10.061044776119402,10.997807486631013,1.0,1.0,-1.0750092553276378,8.639877910447762,9.7148871657754,1.0,1.0,-0.5699602112099909
QID234_369,Explanation A,1,1,-0.016091789854555172,0.9043062200956936,0.9203980099502488,1,1,-0.02033235141335843,0.9796676485866416,1.0,1,1,0.0,0.0,0.0,0,0,0.0,1.0,1.0,1,1,0.01755235094096763,0.9324533065140288,0.9149009555730612,1,1,0.022747093183407396,0.6374253353204175,0.6146782421370101,1.0,1.0,-0.9241836122078482,8.335096870342777,9.259280482550626,1.0,1.0,-1.2300343972708205,8.404903129657228,9.634937526928049,1.0,1.0,-0.4570786202480086,8.17188221559861,8.628960835846618,1.0,1.0,-0.6471373841358175
QID758_370,Explanation B,0,1,-0.013790386130811516,0.8936170212765957,0.9074074074074072,1,1,0.0,1.0,1.0,1,1,0.0,0.0,0.0,0,0,0.0,1.0,1.0,1,1,-0.6513548511303338,0.3486451488696663,1.0,0,1,0.17836540404040402,0.738693181818182,0.560327777777778,1.0,1.0,-3.534272512357621,6.890101010101009,10.42437352245863,1.0,1.0,-3.711554373522457,8.276666666666667,11.988221040189124,1.0,1.0,-0.8285206103589076,8.043536363636363,8.87205697399527,1.0,1.0,-1.9739955230496453
QID1760_371,Explanation A,1,1,-0.04015280135823418,0.867741935483871,0.9078947368421052,1,1,-0.1450986388991916,0.817574471748733,0.9626731106479246,1,1,0.0,0.0,0.0,0,0,0.0,1.0,1.0,1,1,-0.48949510131128493,0.3775406687981454,0.8670357701094303,0,1,-0.1751252345215759,0.6230500000000001,0.798175234521576,1.0,1.0,3.928234313112359,9.814444444444444,5.886210131332085,1.0,1.0,4.51678077207346,11.098030303030306,6.581249530956846,1.0,1.0,0.48137850171508756,7.518861616161616,7.037483114446529,1.0,1.0,2.1878170880948327
QID163_372,Explanation B,0,1,0.007783882783882867,0.8379120879120879,0.8301282051282051,1,1,-0.017179587902575788,0.9669140229222414,0.9840936108248172,1,1,0.0,0.0,0.0,0,0,-2.220446049250313e-16,0.9999999999999998,1.0,1,1,0.1465302482046145,0.1645164567520338,0.0179862085474193,0,0,0.026865268301350498,0.5343051492537316,0.5074398809523811,1.0,1.0,0.6624448392955866,10.599243781094527,9.93679894179894,1.0,1.0,1.6096363420990318,11.6544776119403,10.044841269841267,1.0,1.0,-0.12714847350548908,8.718435124378109,8.845583597883598,1.0,1.0,0.5429494940476199
QID1889_373,Explanation A,1,1,-0.00191387559808609,0.8526315789473684,0.8545454545454545,1,1,0.631022519538231,0.6513548714339144,0.0203323518956834,1,0,0.0,0.0,0.0,0,0,-0.189381563645885,0.7981867849406659,0.9875683485865508,1,1,-0.01790906090979319,0.1645164628965631,0.1824255238063563,0,0,0.06910612309309272,0.7009785087719301,0.6318723856788374,1.0,1.0,-1.1686950005286185,7.257192982456139,8.425887982984758,1.0,1.0,-1.417410536266221,8.202245614035089,9.61965615030131,1.0,1.0,-0.3355799038539278,7.330517543859649,7.666097447713577,1.0,1.0,-0.7131448293889187
QID159_374,Explanation A,1,1,-0.0441666666666668,0.9025,0.9466666666666668,1,1,0.0,1.0,1.0,1,1,0.0,0.0,0.0,0,0,0.0,1.0,1.0,1,1,0.3327387469168366,0.9840936115828908,0.6513548646660542,1,1,0.013567867401846068,0.4652299319727893,0.4516620645709432,0.0,0.0,-0.9334285251908749,10.664625850340135,11.59805437553101,1.0,1.0,-1.4698736554944816,11.103707482993194,12.573581138487675,1.0,1.0,-0.8346886232147916,9.521990476190476,10.356679099405268,1.0,1.0,-0.8061057341245755
QID2333_375,Explanation A,1,1,-0.02428355957767725,0.8384615384615385,0.8627450980392157,1,1,-0.09534946232842245,0.9046505376715775,1.0,1,1,0.0,0.0,0.0,0,0,0.01798620904090964,1.0,0.9820137909590904,1,1,0.07585817375348325,1.0,0.9241418262465168,1,1,0.14972401418969372,0.6085665384615386,0.4588425242718449,1.0,0.0,-2.040663554891708,9.730346153846156,11.771009708737864,1.0,1.0,-2.550254387602692,9.96120192307692,12.511456310679613,1.0,1.0,-0.9467370201643046,8.463853076923076,9.41059009708738,1.0,1.0,-1.3469827371172527
QID259_376,Explanation A,1,1,0.09044630850995716,0.9072164948453608,0.8167701863354037,1,1,0.34864514210180597,1.0,0.651354857898194,1,1,0.0,0.0,0.0,0,0,0.0,1.0,1.0,1,1,-0.4281501370575066,0.1645164628965631,0.5926665999540697,0,1,-0.0329808978328171,0.6254664705882357,0.6584473684210528,1.0,1.0,0.7938163054695551,9.399254901960784,8.60543859649123,1.0,1.0,1.7053508771929806,9.965,8.25964912280702,1.0,1.0,0.21338048847609148,8.20883019607843,7.995449707602339,1.0,1.0,0.6698916933264525
QID935_377,Explanation A,1,1,-0.027211654589372136,0.9244791666666666,0.9516908212560388,1,1,-0.5838292309288058,0.0953494552590334,0.6791786861878392,0,1,0.0,0.0,0.0,0,0,2.220446049250313e-16,1.0000000000000002,1.0,1,1,0.5087731757939409,0.562176500885798,0.0534033250918571,1,0,0.04562575757575782,0.5734783549783552,0.5278525974025974,1.0,1.0,-0.7881144781144709,9.357080327080332,10.145194805194803,1.0,1.0,-1.1094119769119715,8.06932178932179,9.178733766233762,1.0,1.0,0.43091746718889556,8.415331938431938,7.984414471243043,1.0,1.0,-0.3552458075654472
QID1039_378,Explanation B,0,1,0.014213499851323252,0.8615819209039548,0.8473684210526315,1,1,2.220446049250313e-16,1.0,0.9999999999999998,1,1,0.0,0.0,0.0,0,0,-2.220446049250313e-16,1.0,1.0000000000000002,1,1,0.12435300177159625,0.5621765008857981,0.4378234991142018,1,0,-0.11023039671771029,0.5141738095238096,0.6244042062415199,1.0,1.0,2.744082186470246,11.650952380952385,8.906870194482138,1.0,1.0,3.010006655036504,13.53995238095238,10.529945725915876,1.0,1.0,1.2890835303999513,9.681214285714288,8.392130755314337,1.0,1.0,1.7332354937972476
QID1684_379,Explanation A,1,1,-0.004627968716366615,0.7486187845303867,0.7532467532467533,1,1,0.11920293140927585,1.0,0.8807970685907242,1,1,0.0,0.0,0.0,0,0,0.0,1.0,1.0,1,1,-0.0229773687391976,0.0,0.0229773687391976,0,0,-0.07881367330782407,0.4854034965034967,0.5642171698113208,0.0,1.0,0.5530757355851676,10.997377622377623,10.444301886792456,1.0,1.0,1.1894647215991583,11.687766608391613,10.498301886792454,1.0,1.0,0.5595657566961361,8.673717832167833,8.114152075471697,1.0,1.0,0.5558231351431595
QID1934_380,Explanation B,0,1,0.01404215404987863,0.8781725888324873,0.8641304347826086,1,1,-0.29421497216298875,0.7057850278370112,1.0,1,1,0.0,0.0,0.0,0,0,2.220446049250313e-16,1.0,0.9999999999999998,1,1,0.5980943205475463,0.7310585727705126,0.1329642522229663,1,0,0.021459474545775015,0.6714161013400338,0.6499566267942588,1.0,1.0,-1.3285302990230257,7.848350083752095,9.17688038277512,1.0,1.0,-1.5143052984219345,8.32885259631491,9.843157894736844,1.0,1.0,0.4552153020284839,7.394862479061977,6.939647177033493,1.0,1.0,-0.5915402052176753
QID1808_381,Explanation B,0,1,-0.034953694658278356,0.8312883435582822,0.8662420382165605,1,1,0.8670357735451835,1.0,0.1329642264548166,1,0,0.0,0.0,0.0,0,0,0.9672359961875453,0.9875683515708104,0.0203323553832651,1,0,-0.0420877274650485,0.0,0.0420877274650485,0,0,0.16406046711066957,0.6735315298507465,0.5094710627400769,1.0,1.0,-2.9114776629018806,7.85858208955224,10.77005975245412,1.0,1.0,-3.6332697269096244,8.057985074626863,11.691254801536488,1.0,1.0,-0.4748455290767666,8.866503980099502,9.341349509176268,1.0,1.0,-1.7138831129444005
QID938_382,Explanation B,0,1,0.008273335859542819,0.8974358974358975,0.8891625615763546,1,1,0.7057850216484836,0.9999999999999998,0.2942149783515163,1,0,0.0,0.0,0.0,0,0,0.0,1.0,1.0,1,1,0.05187987359511953,0.3208213008246069,0.2689414272294874,0,0,-0.05636765734265742,0.4528650349650351,0.5092326923076925,0.0,1.0,0.6453263403263385,11.45122377622378,10.80589743589744,1.0,1.0,0.41406468531468477,11.891564685314684,11.4775,1.0,1.0,0.5020851398601405,9.660592832167833,9.158507692307692,1.0,1.0,0.37627712703962657
QID1614_383,Explanation A,1,1,-3.948511411189237e-05,0.8756218905472637,0.8756613756613756,1,1,0.21512336544781763,0.7772998663336158,0.5621765008857982,1,1,0.0,0.0,0.0,0,0,0.0,1.0,1.0,1,1,0.5662558268138597,0.6513548782017746,0.085099051387915,1,0,-0.1025702734049394,0.5631328672985783,0.6657031407035177,1.0,1.0,3.0723955729902066,10.435582938388627,7.363187365398421,1.0,1.0,3.930245506476181,12.044976303317531,8.11473079684135,1.0,1.0,1.4990160078660066,9.17310739336493,7.674091385498923,1.0,1.0,2.0997717034818635
QID2034_384,Explanation B,0,1,0.009012539184952928,0.8825757575757576,0.8735632183908046,1,1,0.8519527963298948,0.8519527963298948,0.0,1,0,0.0,0.0,0.0,0,0,0.9706877665987492,0.9706877665987492,0.0,1,0,-0.13296423847995276,0.8670357615200472,1.0,1,1,0.015965380042951338,0.6280175813008131,0.6120522012578617,1.0,1.0,-0.3617679091885293,8.57288617886179,8.93465408805032,1.0,1.0,-0.38465286086822914,9.191227642276424,9.575880503144653,1.0,1.0,-0.5408548703788929,7.025638211382114,7.566493081761007,1.0,1.0,-0.317827565098175
QID1333_385,Explanation A,1,1,0.03074727555786194,0.9148936170212766,0.8841463414634146,1,1,-0.03761477078776154,0.8670357649558007,0.9046505357435622,1,1,0.0,0.0,0.0,0,0,-0.017986208251325353,0.9820137917486746,1.0,1,1,-3.3821760982155613e-09,0.0159063903414503,0.0159063937236264,0,0,0.007625090947696311,0.4540704929577467,0.4464454020100504,0.0,0.0,0.22744435793993922,12.00446948356808,11.77702512562814,1.0,1.0,0.27863684620283635,12.703661971830982,12.425025125628146,1.0,1.0,-0.16934524075778157,9.214998779342723,9.384344020100505,1.0,1.0,0.08609026358317257
QID1812_386,Explanation B,0,1,-0.021943983945554413,0.8821656050955414,0.9041095890410958,1,1,0.11705785719202466,0.984093608404812,0.8670357512127873,1,1,0.0,0.0,0.0,0,0,0.0,1.0,1.0,1,1,0.02031735722989292,0.9669140219688264,0.9465966647389334,1,1,0.06631176485525658,0.6816136363636366,0.61530187150838,1.0,1.0,-0.7710214999153528,8.173939393939396,8.944960893854748,1.0,1.0,-0.9378387805096633,8.737580213903744,9.675418994413407,1.0,1.0,-0.5210419229428673,7.884638859180036,8.405680782122904,1.0,1.0,-0.5408976096281567
QID1784_387,Explanation A,1,1,0.0026327458153196925,0.8762886597938144,0.8736559139784947,1,1,0.39293244660500026,0.9241418199787564,0.5312093733737562,1,1,0.0,0.0,0.0,0,0,0.09534946040040737,1.0000000000000002,0.9046505395995929,1,1,-0.028895526460543275,0.622459338205511,0.6513548646660543,1,1,-0.047575434106409076,0.5957470066518848,0.6433224407582939,1.0,1.0,0.07618207038597902,9.39328159645233,9.31709952606635,1.0,1.0,0.16141843822573598,10.978669623059863,10.817251184834127,1.0,1.0,-0.021444080663295395,8.10398558758315,8.125429668246445,1.0,1.0,0.04214524846050263
QID2438_388,Explanation B,0,1,0.07107843137254899,0.8823529411764706,0.8112745098039216,1,1,0.3929324533950739,0.9241418267688302,0.5312093733737563,1,1,0.0,0.0,0.0,0,0,0.0,1.0,1.0,1,1,0.11700220478337175,0.6791787056691698,0.5621765008857981,1,1,0.090468356643357,0.5168250000000003,0.4263566433566433,1.0,0.0,-0.8391841491841436,10.700000000000005,11.539184149184148,1.0,1.0,-0.07979020979021101,11.942461538461536,12.022251748251747,1.0,1.0,-0.5598675990675996,8.409494871794871,8.969362470862471,1.0,1.0,-0.3470934003496493
QID645_389,Explanation B,0,2,0.008116104269950464,0.8986486486486487,0.8905325443786982,1,1,0.0,0.0,0.0,0,0,0.0,0.0,0.0,0,0,0.0,0.0,0.0,0,0,-0.0646028608959367,0.0420877309194211,0.1066905918153578,0,0,,,,,,,,,,,,,,,,,,,,,
QID870_390,Explanation A,1,2,-0.01594202898550723,0.8840579710144928,0.9,1,1,0.8670357718273068,0.8670357718273068,0.0,1,0,0.0,0.0,0.0,0,0,1.0,1.0,0.0,1,0,0.2689414330889797,0.2689414330889797,0.0,0,0,,,,,,,,,,,,,,,,,,,,,
QID370_391,Explanation B,0,2,0.04558990357345449,0.9176829268292684,0.872093023255814,1,1,-0.2689414213699951,0.0,0.2689414213699951,0,0,0.0,0.0,0.0,0,0,-1.0,0.0,1.0,0,1,-0.5312093733737563,0.0,0.5312093733737563,0,1,,,,,,,,,,,,,,,,,,,,,
QID119_392,Explanation B,0,2,-0.009457933370977,0.8152173913043478,0.8246753246753248,1,1,0.0,0.0,0.0,0,0,0.0,0.0,0.0,0,0,0.0,0.0,0.0,0,0,0.3208212943308303,0.3208212943308303,0.0,0,0,,,,,,,,,,,,,,,,,,,,,
QID1944_393,Explanation B,0,2,0.003334206577913279,0.8919597989949749,0.8886255924170616,1,1,0.7772998508568416,0.7772998508568416,0.0,1,0,0.0,0.0,0.0,0,0,0.5926665999540698,0.5926665999540698,0.0,1,0,-0.04912996589369556,0.7057850154599562,0.7549149813536518,1,1,0.14134961300309606,0.5298157894736846,0.3884661764705885,1.0,0.0,-3.5213243894048887,10.399590643274852,13.92091503267974,1.0,1.0,-4.418183694530448,10.821228070175437,15.239411764705885,1.0,1.0,-0.458192913656692,10.119250877192982,10.577443790849674,1.0,1.0,-2.064087846147233
QID142_394,Explanation B,0,2,0.012958190148911752,0.922680412371134,0.9097222222222222,1,1,0.0,0.0,0.0,0,0,0.0,0.0,0.0,0,0,0.0953494668271248,0.0953494668271248,0.0,0,0,0.3486451421018059,0.3486451421018059,0.0,0,0,-0.010145876933576103,0.3334237659235671,0.3435696428571432,0.0,0.0,-1.4380702153472864,13.287882165605096,14.725952380952382,1.0,1.0,-1.8127857142857238,13.342499999999994,15.155285714285718,1.0,1.0,0.24131507430998234,10.443148407643314,10.201833333333331,1.0,1.0,-0.754921683064151
QID90_395,Explanation A,1,2,0.038227098571925966,0.952020202020202,0.913793103448276,1,1,0.0,0.0,0.0,0,0,0.0,0.0,0.0,0,0,0.0,0.0,0.0,0,0,0.0,0.0,0.0,0,0,0.019898310810811004,0.3188375000000002,0.2989391891891892,0.0,0.0,0.131192084942084,14.261964285714289,14.130772200772205,1.0,1.0,-0.14373214285714653,14.902696428571424,15.04642857142857,1.0,1.0,-0.8805085907335872,10.099339285714288,10.979847876447876,1.0,1.0,-0.21828758445945967
QID945_396,Explanation B,0,2,0.00586080586080584,0.8547619047619048,0.848901098901099,1,1,-0.2689414330889797,0.0,0.2689414330889797,0,0,0.0,0.0,0.0,0,0,-0.9840936104749368,0.0,0.9840936104749368,0,1,0.0330859762435206,0.0330859762435206,0.0,0,0,-0.044476553905390626,0.5563791666666669,0.6008557205720575,1.0,1.0,0.3554386688668849,10.585416666666667,10.229977997799782,1.0,1.0,-0.15006127956544724,11.793151041666668,11.943212321232116,1.0,1.0,-1.0566426705170517,8.148695833333333,9.205338503850385,1.0,1.0,-0.22393545878025117
QID492_397,Explanation B,0,2,0.020168548519064022,0.8376288659793815,0.8174603174603174,1,1,0.0,0.0,0.0,0,0,0.0,0.0,0.0,0,0,0.0,0.0,0.0,0,0,-0.713087735292995,0.201813215059334,0.914900950352329,0,1,,,,,,,,,,,,,,,,,,,,,
QID2016_398,Explanation B,0,2,0.021237689339399957,0.9413407821229052,0.9201030927835052,1,1,-0.8670357718273067,0.0,0.8670357718273067,0,1,0.0,0.0,0.0,0,0,-0.1645164710892692,0.0,0.1645164710892692,0,0,0.0,0.0,0.0,0,0,,,,,,,,,,,,,,,,,,,,,
QID1445_399,Explanation A,1,2,0.032251479893855906,0.8873239436619719,0.855072463768116,1,1,0.0,0.0,0.0,0,0,0.0,0.0,0.0,0,0,0.0,0.0,0.0,0,0,-0.0203323546041245,0.0,0.0203323546041245,0,0,-0.006946515353805305,0.4516820560747663,0.4586285714285716,0.0,0.0,0.19226108885922244,12.061626168224304,11.869365079365082,1.0,1.0,1.4043420857439486,13.7003738317757,12.296031746031751,1.0,1.0,0.5898197260544897,9.862893271028035,9.273073544973546,1.0,1.0,0.5448690963259639
QID2440_400,Explanation A,1,2,0.018836648583483995,0.9523809523809524,0.9335443037974684,1,1,0.0,0.0,0.0,0,0,0.0,0.0,0.0,0,0,0.0,0.0,0.0,0,0,0.8023975643603847,0.8354835411997896,0.0330859768394049,1,0,,,,,,,,,,,,,,,,,,,,,
QID1817_401,Explanation A,1,2,0.00381455399061037,0.9413145539906104,0.9375,1,1,-0.9046505331728752,0.0,0.9046505331728752,0,1,0.0,0.0,0.0,0,0,-1.0,0.0,1.0,0,1,-0.1824255149165352,0.0,0.1824255149165352,0,0,,,,,,,,,,,,,,,,,,,,,
QID817_402,Explanation B,0,2,0.060815047021943625,0.9090909090909092,0.8482758620689655,1,1,0.0600866558545488,0.0600866558545488,0.0,0,0,0.0,0.0,0.0,0,0,0.9859363697929292,0.9859363697929292,0.0,1,0,0.8639971838667858,0.8933094124452288,0.029312228578443,1,0,0.06498365850302662,0.4336306521739132,0.3686469936708866,0.0,0.0,-1.776653274628508,11.049739130434784,12.826392405063292,1.0,1.0,-2.102734098592663,10.667329192546582,12.770063291139245,1.0,1.0,0.12746027517886738,9.240712173913044,9.113251898734177,1.0,1.0,-0.9217358598848192
QID969_403,Explanation B,0,2,-0.04148222669349422,0.8880952380952382,0.9295774647887324,1,1,0.0,0.0,0.0,0,0,0.0,0.0,0.0,0,0,0.0,0.0,0.0,0,0,0.1597254964420344,0.2018132270610753,0.0420877306190409,0,0,0.23103339953657726,0.5561842767295598,0.3251508771929826,1.0,0.0,-5.050398874544854,9.713899371069186,14.76429824561404,1.0,1.0,-5.24528095001655,9.820267295597482,15.065548245614032,1.0,1.0,-0.5899898543528632,7.938898742138365,8.528888596491228,1.0,1.0,-2.6636590698444222
QID95_404,Explanation A,1,2,0.014246682279469236,0.907103825136612,0.8928571428571428,1,1,-0.1645164628965632,0.0,0.1645164628965632,0,0,0.0,0.0,0.0,0,0,-0.8807970904940927,0.0,0.8807970904940927,0,1,-0.1329642264548166,0.0,0.1329642264548166,0,0,,,,,,,,,,,,,,,,,,,,,
QID819_405,Explanation A,1,2,-0.008620689655172487,0.8247126436781609,0.8333333333333334,1,1,0.0,0.0,0.0,0,0,0.0,0.0,0.0,0,0,0.0,0.0,0.0,0,0,0.0,0.0,0.0,0,0,0.11124573345492472,0.549605263157895,0.4383595297029703,1.0,0.0,-3.041828788141977,10.123567251461989,13.165396039603966,1.0,1.0,-4.408652944241794,9.636842105263156,14.04549504950495,1.0,1.0,-1.7042302124949318,7.718432163742691,9.422662376237623,1.0,1.0,-2.2608665528559446
QID1568_406,Explanation A,1,2,0.03441460295314491,0.8404255319148936,0.8060109289617486,1,1,-0.8670357512127872,0.0,0.8670357512127872,0,1,0.0,0.0,0.0,0,0,-0.9740426438382784,0.0,0.9740426438382784,0,1,0.055115040585632304,0.0675466930167026,0.0124316524310703,0,0,-0.2669523351648351,0.3739678571428573,0.6409201923076924,0.0,1.0,4.021483516483517,12.215714285714288,8.19423076923077,1.0,1.0,2.578873626373621,11.374642857142852,8.795769230769231,1.0,1.0,2.066115384615385,10.031,7.964884615384616,1.0,1.0,2.0998800480769217
QID1444_407,Explanation A,1,2,0.006493506493506551,0.8636363636363636,0.8571428571428571,1,1,0.0,0.0,0.0,0,0,0.0,0.0,0.0,0,0,-0.8354835350552603,0.0,0.8354835350552603,0,1,0.0,0.0,0.0,0,0,-0.2050282068062831,0.0880965909090909,0.293124797715374,0.0,0.0,1.998139774710456,15.308939393939394,13.310799619228938,1.0,1.0,2.0837329842931975,15.474818181818186,13.391085197524989,1.0,1.0,1.7542432492463877,14.270984848484847,12.51674159923846,1.0,1.0,1.4077719503609396
QID466_408,Explanation B,0,2,0.009147677475898175,0.9017857142857142,0.892638036809816,1,1,0.5926665999540698,0.5926665999540698,0.0,1,0,0.0,0.0,0.0,0,0,0.9859363729438412,0.9859363729438412,0.0,1,0,-0.16621960940562822,0.1824255326961778,0.348645142101806,0,0,0.21418547222662676,0.6333352201257864,0.4191497478991596,1.0,0.0,-4.449814703239786,8.637798742138365,13.087613445378151,1.0,1.0,-4.339444532529994,9.20559748427673,13.545042016806724,1.0,1.0,-0.9751694138787599,8.087861006289309,9.063030420168069,1.0,1.0,-2.3875607943554784
QID2492_409,Explanation B,0,2,0.03083916083916083,0.87,0.8391608391608392,1,1,0.0,0.0,0.0,0,0,0.0,0.0,0.0,0,0,-0.8175744695262775,0.0,0.8175744695262775,0,1,-0.5,0.0,0.5,0,0,-0.15522629431222446,0.4098377220812185,0.565064016393443,0.0,1.0,3.6731513272863463,13.414200507614217,9.74104918032787,1.0,1.0,3.651385745194311,14.09777918781726,10.446393442622949,1.0,1.0,1.7025882699509012,10.388407614213197,8.685819344262296,1.0,1.0,2.217974762029834
QID940_410,Explanation A,1,2,0.021651004238068983,0.9320987654320988,0.9104477611940298,1,1,-0.9241418163225626,0.0,0.9241418163225626,0,1,0.0,0.0,0.0,0,0,-0.1480472017906333,0.0,0.1480472017906333,0,0,-0.593147105440235,0.029312232765276,0.6224593382055109,0,1,,,,,,,,,,,,,,,,,,,,,
QID1967_411,Explanation A,1,2,-0.04488056403241103,0.9302325581395348,0.9751131221719458,1,1,0.0,0.0,0.0,0,0,0.0,0.0,0.0,0,0,0.9820137906300968,0.9820137906300968,0.0,1,0,0.4378234991142019,0.4378234991142019,0.0,0,0,-0.0735825085068737,0.3659040506329114,0.4394865591397851,0.0,0.0,-0.13402096093643578,11.922860759493672,12.056881720430107,1.0,1.0,0.5255621342044332,11.003734177215192,10.478172043010758,1.0,1.0,0.5984040642439119,9.716825569620257,9.118421505376345,1.0,1.0,0.2290906822512589
QID2118_412,Explanation B,0,2,-0.06313761467889922,0.852,0.9151376146788992,1,1,0.5,0.5,0.0,0,0,0.0,0.0,0.0,0,0,1.0,1.0,0.0,1,0,0.9626731146638164,0.9626731146638164,0.0,1,0,,,,,,,,,,,,,,,,,,,,,
QID2441_413,Explanation A,1,2,-0.03473244968090328,0.7628865979381443,0.7976190476190476,1,1,0.0,0.0,0.0,0,0,0.0,0.0,0.0,0,0,0.0,0.0,0.0,0,0,0.0675466845698721,0.0675466845698721,0.0,0,0,0.18873183301797497,0.6059160714285713,0.4171842384105963,1.0,0.0,-6.077712919163247,8.56325396825397,14.640966887417218,1.0,1.0,-7.54088142541784,8.275476190476194,15.816357615894034,1.0,1.0,-0.6807569319177258,8.845583597883598,9.526340529801324,1.0,1.0,-3.5276548608702094
QID1045_414,Explanation B,0,2,-0.010234846080609317,0.8375912408759124,0.8478260869565217,1,1,-0.0474258735141591,0.0,0.0474258735141591,0,0,0.0,0.0,0.0,0,0,0.0,0.0,0.0,0,0,0.0,0.0,0.0,0,0,,,,,,,,,,,,,,,,,,,,,
QID1890_415,Explanation B,0,2,0.10769230769230775,0.925,0.8173076923076923,1,1,0.0,0.0,0.0,0,0,0.0,0.0,0.0,0,0,0.0,0.0,0.0,0,0,0.4687906266262437,0.4687906266262437,0.0,0,0,-0.038322221260230604,0.4719421286031044,0.510264349863335,0.0,1.0,1.3648472958266176,11.120110864745012,9.755263568918394,1.0,1.0,2.713698508499057,12.219352549889138,9.50565404139008,1.0,1.0,0.16100326455765313,8.797205099778271,8.636201835220618,1.0,1.0,1.0503067119057743
QID1792_416,Explanation B,0,2,-0.008120911346717774,0.8240469208211144,0.8321678321678322,1,1,0.0,0.0,0.0,0,0,0.0,0.0,0.0,0,0,0.0,0.0,0.0,0,0,0.3742474251133553,0.4073334000459304,0.0330859749325751,0,0,0.08805906213123993,0.4665901123595506,0.3785310502283107,0.0,0.0,-2.7859758863065043,10.99534831460674,13.781324200913245,1.0,1.0,-3.951381919860445,10.464325842696631,14.415707762557076,1.0,1.0,-0.616910806013033,9.309604719101124,9.926515525114157,1.0,1.0,-1.8165523875121856
QID369_417,Explanation B,0,2,0.030027354857286803,0.9104938271604938,0.880466472303207,1,1,-0.957912269230769,0.0,0.957912269230769,0,1,0.0,0.0,0.0,0,0,-0.9241418121440552,0.0,0.9241418121440552,0,1,-0.3208213138121609,0.0,0.3208213138121609,0,0,,,,,,,,,,,,,,,,,,,,,
QID891_418,Explanation A,1,2,-0.0204872646733113,0.8604651162790697,0.880952380952381,1,1,-0.0420877309194211,0.0,0.0420877309194211,0,0,0.0,0.0,0.0,0,0,-0.2450850186463482,0.0,0.2450850186463482,0,0,-0.3539300666680507,0.5926665999540697,0.9465966666221204,1,1,-0.012321148867314058,0.5963600000000002,0.6086811488673143,1.0,1.0,2.039540453074432,10.902,8.862459546925567,1.0,1.0,3.678880258899671,12.735999999999995,9.057119741100324,1.0,1.0,-0.6336775404530748,7.150259999999999,7.783937540453074,1.0,1.0,1.2681055056634285
QID1318_419,Explanation A,1,2,-0.010908758957505982,0.834862385321101,0.845771144278607,1,1,0.0,0.0,0.0,0,0,0.0,0.0,0.0,0,0,0.0,0.0,0.0,0,0,0.0675466887932872,0.0675466887932872,0.0,0,0,-0.03575164045816337,0.5614767909143858,0.5972284313725492,1.0,1.0,0.6295651329838812,8.260937682003494,7.631372549019613,1.0,1.0,0.6084891283245977,9.157067559697149,8.548578431372551,1.0,1.0,-0.2471240924092415,7.821607280139779,8.06873137254902,1.0,1.0,0.23879463211026852
QID1870_420,Explanation A,1,2,0.015873015873015928,0.8975155279503105,0.8816425120772946,1,1,0.5926665999540697,0.5926665999540697,0.0,1,0,0.0,0.0,0.0,0,0,0.9840936086380656,1.0,0.0159063913619344,1,0,0.2450850186463482,0.2450850186463482,0.0,0,0,0.2696164271710301,0.6519124137931037,0.3822959866220736,1.0,0.0,-3.408467714860521,8.31510344827586,11.72357116313638,1.0,1.0,-2.6969432591396583,8.681551724137933,11.37849498327759,1.0,1.0,-2.5952362029241804,7.85718367816092,10.4524198810851,1.0,1.0,-2.1077576874383324
QID2215_421,Explanation A,1,2,-0.006545926049857598,0.9215116279069768,0.9280575539568344,1,1,0.0,0.0,0.0,0,0,0.0,0.0,0.0,0,0,0.0,0.0,0.0,0,0,0.9579122687801986,0.9579122687801986,0.0,1,0,,,,,,,,,,,,,,,,,,,,,
QID1418_422,Explanation A,1,2,-0.048879922666330455,0.8883495145631067,0.9372294372294372,1,1,0.0,0.0,0.0,0,0,0.0,0.0,0.0,0,0,0.0,0.0,0.0,0,0,-0.0293122325532845,0.0,0.0293122325532845,0,0,-0.12926219221105534,0.3826765577889449,0.5119387500000002,0.0,1.0,1.9698473618090464,12.666472361809046,10.696625,1.0,1.0,1.7210380025125556,13.49010050251256,11.769062500000004,1.0,1.0,1.1220182097989948,10.891931959798995,9.76991375,1.0,1.0,1.1709103454773855
QID243_423,Explanation A,1,2,-0.05392156862745101,0.7352941176470588,0.7892156862745098,1,1,-0.9626731158685836,0.0,0.9626731158685836,0,1,0.0,0.0,0.0,0,0,-0.9669140199428196,0.0,0.9669140199428196,0,1,0.0,0.0,0.0,0,0,-0.3077645967741935,0.2921729032258065,0.5999375,0.0,1.0,4.912610215053768,13.618860215053768,8.70625,1.0,1.0,4.9410705645161315,14.737258064516134,9.796187500000002,1.0,1.0,2.60357559139785,10.58642559139785,7.98285,1.0,1.0,3.037372943548389
QID2066_424,Explanation B,0,2,0.04227596550431212,0.8690476190476192,0.8267716535433071,1,1,0.0,0.0,0.0,0,0,0.0,0.0,0.0,0,0,-0.817574478416099,0.0,0.817574478416099,0,1,-0.0373268884150339,0.0,0.0373268884150339,0,0,0.023936764705882213,0.1746382352941177,0.1507014705882355,0.0,0.0,-0.6233893557422974,16.613865546218488,17.237254901960785,1.0,1.0,0.39026890756302635,16.229974789915964,15.839705882352938,1.0,1.0,-0.2769540616246502,11.435718487394958,11.712672549019608,1.0,1.0,-0.12153443627450974
QID241_425,Explanation A,1,2,-0.009547123623011022,0.8325581395348837,0.8421052631578947,1,1,0.0,0.0,0.0,0,0,0.0,0.0,0.0,0,0,0.0,0.0,0.0,0,0,-0.0159063919159115,0.0,0.0159063919159115,0,0,,,,,,,,,,,,,,,,,,,,,
QID2345_426,Explanation B,0,2,-0.014864107593163589,0.927906976744186,0.9427710843373496,1,1,0.0,0.0,0.0,0,0,0.0,0.0,0.0,0,0,0.0,0.0,0.0,0,0,0.0179862069024518,0.0179862069024518,0.0,0,0,-0.05676812825483668,0.4230471870604785,0.4798153153153152,0.0,0.0,2.0369247728741406,11.54440225035162,9.50747747747748,1.0,1.0,2.5776754285931496,12.805625879043603,10.227950450450454,1.0,1.0,-1.186008568061732,10.103711251758089,11.28971981981982,1.0,1.0,0.8429558762876803
QID1691_427,Explanation B,0,2,-0.03325490196078429,0.8627450980392157,0.896,1,1,-0.7057850340255386,0.0,0.7057850340255386,0,1,0.0,0.0,0.0,0,0,-1.0,0.0,1.0,0,1,-0.0474258721677897,0.0,0.0474258721677897,0,0,,,,,,,,,,,,,,,,,,,,,
QID2190_428,Explanation A,1,2,0.060631306118670736,0.9487179487179488,0.888086642599278,1,1,0.0,0.0,0.0,0,0,0.0,0.0,0.0,0,0,0.0,0.0,0.0,0,0,0.7014416733187465,0.7772998611746912,0.0758581878559447,1,0,-0.04307940771349883,0.4222318181818181,0.4653112258953169,0.0,0.0,1.0379889807162552,12.615454545454549,11.577465564738294,1.0,1.0,2.295745769382137,13.915194805194808,11.619449035812671,1.0,1.0,0.1841446674537579,11.084712987012988,10.90056831955923,1.0,1.0,0.8687000024596627
QID1618_429,Explanation A,1,2,-0.03191343275383807,0.7955974842767296,0.8275109170305677,1,1,0.106690601756727,0.106690601756727,0.0,0,0,0.0,0.0,0.0,0,0,0.0259573593641358,0.0259573593641358,0.0,0,0,0.9465966758497364,0.9465966758497364,0.0,1,0,0.1501614134975119,0.6151504485852313,0.4649890350877194,1.0,0.0,-1.604348189313864,8.944423740510697,10.54877192982456,1.0,1.0,-1.129522320293482,9.923512767425812,11.053035087719294,1.0,1.0,-2.0417472885111323,8.446770255348516,10.488517543859649,1.0,1.0,-1.1563640961552415
QID892_430,Explanation A,1,2,0.08618821936357479,0.9004739336492892,0.8142857142857144,1,1,0.0,0.0,0.0,0,0,0.0,0.0,0.0,0,0,0.0,0.0,0.0,0,0,-0.0124316502814885,0.0,0.0124316502814885,0,0,,,,,,,,,,,,,,,,,,,,,
QID1315_431,Explanation B,0,2,-0.0004646480291178312,0.8648648648648649,0.8653295128939827,1,1,0.0,0.0,0.0,0,0,0.0,0.0,0.0,0,0,-0.3775406617944891,0.0,0.3775406617944891,0,0,-0.1066906010466292,0.0,0.1066906010466292,0,0,,,,,,,,,,,,,,,,,,,,,
QID1619_432,Explanation B,0,2,-0.11005855594270231,0.7629573170731707,0.873015873015873,1,1,0.0,0.0,0.0,0,0,0.0,0.0,0.0,0,0,0.0,0.0,0.0,0,0,0.0179862095015006,0.0179862095015006,0.0,0,0,0.036852008068953,0.514157142857143,0.47730513478819,1.0,0.0,0.4898954703832761,9.664285714285716,9.17439024390244,1.0,1.0,1.2912701265358493,10.965714285714284,9.674444159178435,1.0,1.0,-0.5302252582676221,9.418261904761904,9.948487163029526,1.0,1.0,0.32194808668011404
QID2265_433,Explanation B,0,2,-0.0388202173052391,0.835195530726257,0.8740157480314961,1,1,0.9796676457297928,0.9796676457297928,0.0,1,0,0.0,0.0,0.0,0,0,0.9796676481414184,0.9796676481414184,0.0,1,0,0.3700065102922657,0.4073334000459302,0.0373268897536645,0,0,0.03947838235294121,0.4990625000000003,0.4595841176470591,0.0,0.0,-0.3479803921568614,11.365000000000002,11.712980392156863,1.0,1.0,-1.7545294117647092,11.44282352941176,13.197352941176469,1.0,1.0,0.47561098039215466,10.077676470588235,9.60206549019608,1.0,1.0,-0.3968551102941187
QID194_434,Explanation A,1,2,0.030699177438307967,0.8513513513513514,0.8206521739130435,1,1,-0.0229773725025734,0.0,0.0229773725025734,0,0,0.0,0.0,0.0,0,0,0.0,0.0,0.0,0,0,-0.3208213073183839,0.0,0.3208213073183839,0,0,,,,,,,,,,,,,,,,,,,,,
QID769_435,Explanation A,1,2,-0.006349206349206327,0.8666666666666667,0.873015873015873,1,1,0.0,0.0,0.0,0,0,0.0,0.0,0.0,0,0,0.0,0.0,0.0,0,0,-0.0159063901956669,0.0,0.0159063901956669,0,0,-0.11067165413031893,0.4067939024390244,0.5174655565693433,0.0,1.0,3.046594458150002,13.171393728222998,10.124799270072996,1.0,1.0,4.622560149037366,15.442578397212545,10.82001824817518,1.0,1.0,1.3422258628144164,9.516301045296167,8.17407518248175,1.0,1.0,2.225177203967866
QID1215_436,Explanation B,0,2,-0.03638915342589355,0.908450704225352,0.9448398576512456,1,1,0.0,0.0,0.0,0,0,0.0,0.0,0.0,0,0,0.0,0.0,0.0,0,0,-0.7981867777396212,0.0,0.7981867777396212,0,1,-0.10757998415665693,0.4441930520304572,0.5517730361871142,0.0,1.0,2.9067073064188804,12.935012690355332,10.028305383936452,1.0,1.0,3.202225471660075,13.428337563451777,10.226112091791702,1.0,1.0,0.5582748948257414,9.186123350253808,8.627848455428067,1.0,1.0,1.63990692218701
QID1417_437,Explanation B,0,2,0.006736353077816393,0.8972125435540069,0.8904761904761905,1,1,-0.8354835391516133,0.0,0.8354835391516133,0,1,0.0,0.0,0.0,0,0,-1.0,0.0,1.0,0,1,-0.017986211212267,0.0,0.017986211212267,0,0,,,,,,,,,,,,,,,,,,,,,
QID866_438,Explanation A,1,2,-0.018765356265356248,0.8920454545454546,0.9108108108108108,1,1,0.0259573591286642,0.0259573591286642,0.0,0,0,0.0,0.0,0.0,0,0,1.0,1.0,0.0,1,0,-2.174394775344979e-09,0.9770226279155796,0.9770226300899744,1,1,,,,,,,,,,,,,,,,,,,,,
QID1317_439,Explanation A,1,2,0.05795428307550221,0.8114754098360656,0.7535211267605634,1,1,0.8519528019683106,0.8519528019683106,0.0,1,0,0.0,0.0,0.0,0,0,1.0,1.0,0.0,1,0,0.7772998611746912,0.7772998611746912,0.0,1,0,0.29003901793851383,0.7609393046357615,0.4709002866972477,1.0,0.0,-3.69378033294854,6.246013245033115,9.939793577981655,1.0,1.0,-3.030442766875268,7.673708609271522,10.70415137614679,1.0,1.0,-3.1070970022480093,6.999698410596027,10.106795412844036,1.0,1.0,-2.3853202710333257
QID1294_440,Explanation A,1,2,-0.0032388663967609643,0.9230769230769232,0.9263157894736842,1,1,-0.2450850186463483,0.0,0.2450850186463483,0,0,0.0,0.0,0.0,0,0,-1.0,0.0,1.0,0,1,-0.524849617022108,0.0373268838636901,0.5621765008857981,0,1,,,,,,,,,,,,,,,,,,,,,
QID1690_441,Explanation A,1,2,0.0172397506140185,0.8829113924050632,0.8656716417910447,1,1,0.0,0.0,0.0,0,0,0.0,0.0,0.0,0,0,1.0,1.0,0.0,1,0,0.0850990455871015,0.0850990455871015,0.0,0,0,0.24969488209159232,0.3903318181818181,0.1406369360902258,0.0,0.0,-5.415710868079286,13.809740259740265,19.22545112781955,1.0,1.0,-6.152426948051948,14.611144480519483,20.76357142857143,1.0,1.0,-1.9974385338345861,9.817960714285714,11.8153992481203,1.0,1.0,-3.328970366968557
QID91_442,Explanation A,1,2,-0.021925249891351584,0.8961538461538462,0.9180790960451978,1,1,0.9740426411539016,0.9740426411539016,0.0,1,0,0.0,0.0,0.0,0,0,1.0,1.0,0.0,1,0,0.2689414272294873,0.2689414272294873,0.0,0,0,0.17852118556701052,0.4236461855670106,0.2451250000000001,0.0,0.0,-0.9470427098674534,11.97581443298969,12.922857142857143,1.0,1.0,0.04304412566416538,13.519484536082471,13.476440410418306,1.0,1.0,-1.559571337765158,10.133379175257732,11.69295051302289,1.0,1.0,-0.5712621841003589
QID2470_443,Explanation A,1,2,-0.03445145544377637,0.866822429906542,0.9012738853503184,1,1,-0.952574123793102,0.0,0.952574123793102,0,1,0.0,0.0,0.0,0,0,-1.0,0.0,1.0,0,1,0.198865505335864,0.9046505331728752,0.7057850278370112,1,1,-0.05150667135412357,0.4308576143601621,0.4823642857142857,0.0,0.0,-0.17027122912473303,10.652744643891143,10.823015873015876,1.0,1.0,-0.4117316017315975,9.736363636363638,10.148095238095236,1.0,1.0,1.6861089732631127,9.47366294151708,7.787553968253968,1.0,1.0,0.2631498677631646
QID844_444,Explanation B,0,2,-0.003095975232198067,0.8705882352941177,0.8736842105263157,1,1,0.0,0.0,0.0,0,0,0.0,0.0,0.0,0,0,0.0,0.0,0.0,0,0,0.0,0.0,0.0,0,0,,,,,,,,,,,,,,,,,,,,,
QID2267_445,Explanation B,0,2,0.041265879581592335,0.8696682464454977,0.8284023668639053,1,1,0.0,0.0,0.0,0,0,0.0,0.0,0.0,0,0,-0.7981867753392728,0.0,0.7981867753392728,0,1,-0.5926665999540697,0.0,0.5926665999540697,0,1,-0.2921320572227129,0.2021458333333333,0.4942778905560462,0.0,0.0,4.437715831453696,15.267962962962963,10.830247131509267,1.0,1.0,5.540520414500996,16.315370370370367,10.77484995586937,1.0,1.0,2.7100328462619707,11.951085185185184,9.241052338923213,1.0,1.0,3.099034258748487
QID1016_446,Explanation B,0,2,-0.006920544865790634,0.8279631760644419,0.8348837209302326,1,1,0.0,0.0,0.0,0,0,0.0,0.0,0.0,0,0,0.0293122305393647,0.0293122305393647,0.0,0,0,0.4938824879037096,0.5312093733737563,0.0373268854700467,1,0,,,,,,,,,,,,,,,,,,,,,
QID1519_447,Explanation B,0,2,0.01291866028708133,0.8526315789473684,0.8397129186602871,1,1,0.9820137868137716,0.9820137868137716,0.0,1,0,0.0,0.0,0.0,0,0,1.0,1.0,0.0,1,0,0.010986941800756,0.010986941800756,0.0,0,0,,,,,,,,,,,,,,,,,,,,,
QID265_448,Explanation B,0,2,-0.00492029928432014,0.8679245283018867,0.8728448275862069,1,1,0.0,0.0,0.0,0,0,0.0,0.0,0.0,0,0,0.9875683513878674,0.9875683513878674,0.0,1,0,0.2018132198600305,0.2018132198600305,0.0,0,0,,,,,,,,,,,,,,,,,,,,,
QID140_449,Explanation B,0,2,-0.030393436509416283,0.8728323699421965,0.9032258064516128,1,1,0.0,0.0,0.0,0,0,0.0,0.0,0.0,0,0,0.0,0.0,0.0,0,0,0.5312093733737563,0.5312093733737563,0.0,1,0,0.37926194093659543,0.6345690837937386,0.2553071428571431,1.0,0.0,-8.369635622204683,8.004650092081032,16.374285714285715,1.0,1.0,-9.183218889765847,8.282495395948438,17.465714285714284,1.0,1.0,-2.5031887661141816,8.048611233885818,10.5518,1.0,1.0,-4.919195334287029
QID1019_450,Explanation B,0,2,-0.027327935222672184,0.8842105263157894,0.9115384615384616,1,1,0.0,0.0,0.0,0,0,0.0,0.0,0.0,0,0,0.0,0.0,0.0,0,0,0.093245566163789,0.1192029251511702,0.0259573589873812,0,0,0.04211398929366622,0.3700481998199822,0.327934210526316,0.0,0.0,-2.6806166631700705,12.476300630063012,15.156917293233082,1.0,1.0,-2.8784342562075764,12.88736273627363,15.765796992481206,1.0,1.0,0.12324840860025787,10.175455175517552,10.052206766917294,1.0,1.0,-1.3484221303709307
QID1490_451,Explanation A,1,2,0.05804318714429191,0.8640776699029126,0.8060344827586207,1,1,0.0,0.0,0.0,0,0,0.0,0.0,0.0,0,0,0.0,0.0,0.0,0,0,0.0,0.0,0.0,0,0,-0.1387246148459383,0.3049801470588238,0.4437047619047621,0.0,0.0,2.550868347338934,14.07205882352941,11.521190476190476,1.0,1.0,2.6467811624649897,15.487882352941178,12.841101190476188,1.0,1.0,1.0005640056022411,10.356323529411766,9.355759523809525,1.0,1.0,1.5148722251400566
QID2490_452,Explanation A,1,2,0.00450762829403617,0.8928571428571429,0.8883495145631067,1,1,0.0,0.0,0.0,0,0,0.0,0.0,0.0,0,0,0.0,0.0,0.0,0,0,-0.1192029126349598,0.0,0.1192029126349598,0,0,-0.11665603782182732,0.5608073593073594,0.6774633971291867,1.0,1.0,3.6284666210981964,11.556839826839829,7.928373205741632,1.0,1.0,4.534042150831619,12.414826839826835,7.880784688995217,1.0,1.0,1.0218205969469096,9.420995238095236,8.399174641148326,1.0,1.0,2.2669183327637246
QID992_453,Explanation B,0,2,0.01849999999999996,0.8685,0.8500000000000001,1,1,0.0,0.0,0.0,0,0,0.0,0.0,0.0,0,0,0.0,0.0,0.0,0,0,-0.0898906984828287,0.0293122297973943,0.119202928280223,0,0,-0.14883536096256678,0.2540294117647061,0.4028647727272729,0.0,0.0,1.3862163653340165,14.92747899159664,13.541262626262624,1.0,1.0,0.6077247262541405,13.818179271708686,13.210454545454546,1.0,1.0,0.5648595025889165,10.293555462184877,9.72869595959596,1.0,1.0,0.6024913083036267
QID1491_454,Explanation B,0,2,0.011540526033279597,0.9806763285024154,0.9691358024691358,1,1,-1.0,0.0,1.0,0,1,0.0,0.0,0.0,0,0,-0.939913344987013,0.0,0.939913344987013,0,1,0.0,0.0,0.0,0,0,,,,,,,,,,,,,,,,,,,,,
QID2119_455,Explanation A,1,2,0.01717408274785326,0.8743169398907104,0.8571428571428571,1,1,0.2689414272294873,0.2689414272294873,0.0,0,0,0.0,0.0,0.0,0,0,1.0,1.0,0.0,1,0,0.798186768138228,0.798186768138228,0.0,1,0,0.1734804412018107,0.2643773924213232,0.0908969512195125,0.0,0.0,-2.7243614204928193,14.154906872190107,16.879268292682926,1.0,1.0,-2.7125040728731022,14.453654463712262,17.166158536585364,1.0,1.0,-1.2454572927925849,10.340037829158636,11.58549512195122,1.0,1.0,-1.627210586239174
QID43_456,Explanation A,1,2,-0.09613684094174846,0.8373493975903615,0.93348623853211,1,1,-0.9770226318044012,0.0,0.9770226318044012,0,1,0.0,0.0,0.0,0,0,-0.9890130590796806,0.0,0.9890130590796806,0,1,-0.9465966658688456,0.0,0.9465966658688456,0,1,,,,,,,,,,,,,,,,,,,,,
QID746_457,Explanation A,1,3,0.005859484253510128,0.8985148514851485,0.8926553672316384,1,1,-0.5,0.5,1.0,0,1,0.0,0.0,0.0,0,0,-0.14804720554957762,0.8519527944504226,1.0000000000000002,1,1,0.6836327039377726,0.7310585786300049,0.0474258746922323,1,0,0.016993738431434813,0.5500010101010104,0.5330072716695756,1.0,1.0,-0.34299645671373113,10.541919191919195,10.884915648632926,1.0,1.0,-1.140037268278725,11.073220439691028,12.213257707969753,1.0,1.0,-0.014528975620075713,8.973441414141414,8.98797038976149,1.0,1.0,-0.3701422405452742
QID1797_458,Explanation B,0,3,-0.012714075620285592,0.794392523364486,0.8071065989847716,1,1,-0.9149009526726544,0.0,0.9149009526726544,0,1,0.0,0.0,0.0,0,0,-0.9999999999999998,0.0,0.9999999999999998,0,1,-0.4706877702556036,0.0293122297443964,0.5,0,0,-0.186288729763387,0.2921294520547948,0.4784181818181818,0.0,0.0,3.344601790903157,14.157632093933463,10.813030303030306,1.0,1.0,4.56514054438712,15.548776908023484,10.983636363636364,1.0,1.0,1.622763160127544,10.511151272015656,8.888388111888112,1.0,1.0,2.3365541914136085
QID699_459,Explanation B,0,3,-0.03134079579166282,0.8544973544973544,0.8858381502890172,1,1,-0.06754669207816599,0.932453307921834,1.0,1,1,0.0,0.0,0.0,0,0,-0.04742587435564016,0.9525741256443598,1.0,1,1,0.0,0.5621765008857981,0.5621765008857981,1,1,-0.0009580976621417769,0.4688025641025641,0.4697606617647059,0.0,0.0,0.6193677727501274,11.886410256410258,11.26704248366013,1.0,1.0,0.15454675716441102,12.421948717948723,12.267401960784312,1.0,1.0,0.9739158371040713,9.89352564102564,8.919609803921569,1.0,1.0,0.436718067339117
QID1497_460,Explanation A,1,3,0.05807648401826482,0.9018264840182648,0.84375,1,1,0.2227001336663842,0.2227001336663842,0.0,0,0,0.0,0.0,0.0,0,0,0.8519527982093666,0.8519527982093666,0.0,1,0,0.16929680657734153,0.2227001388253088,0.0534033322479673,0,0,0.17145190247801756,0.7075300000000001,0.5360780975219825,1.0,1.0,-1.591351463510044,7.873148936170214,9.464500399680258,1.0,1.0,-2.685262555912715,9.190053191489362,11.875315747402077,1.0,1.0,-1.6203021606544556,8.348501276595744,9.9688034372502,1.0,1.0,-1.4313660693997994
QID798_461,Explanation A,1,3,-0.0157073234984193,0.8918269230769231,0.9075342465753424,1,1,-0.8514848350834776,0.0293122335072465,0.8807970685907242,0,1,0.0,0.0,0.0,0,0,-0.42539184903852434,0.5621765008857981,0.9875683499243224,1,1,-0.20059792489598027,0.6513548714339144,0.8519527963298946,1,1,-0.18357382818133766,0.4954580645161291,0.6790318926974668,0.0,1.0,3.8733876805373395,11.628156682027653,7.754769001490313,1.0,1.0,4.453761824637546,13.708009216589858,9.254247391952312,1.0,1.0,1.484996923682698,8.707753456221198,7.2227565325385,1.0,1.0,2.4071431501690617
QID1899_462,Explanation A,1,3,0.013954486904250607,0.9117647058823528,0.8978102189781022,1,1,-0.5621765008857981,0.0,0.5621765008857981,0,1,0.0,0.0,0.0,0,0,-1.0,0.0,1.0,0,1,-0.10349721570401049,0.119202928280223,0.2227001439842335,0,0,-0.13214424019607834,0.3591724264705883,0.4913166666666666,0.0,0.0,2.1113779956427017,12.809526143790851,10.69814814814815,1.0,1.0,1.3962418300653567,11.77485294117647,10.378611111111113,1.0,1.0,1.8704459694989115,10.054838562091504,8.184392592592593,1.0,1.0,1.3114803887527229
QID1948_463,Explanation A,1,3,-0.03300180831826405,0.8214285714285714,0.8544303797468354,1,1,-0.1192029267156966,0.0,0.1192029267156966,0,0,0.0,0.0,0.0,0,0,0.0,1.0,1.0,1,1,-0.1205325844512093,0.0124316488751134,0.1329642333263227,0,0,-0.07835684931506853,0.4891431506849318,0.5675000000000003,0.0,1.0,0.3435757773428989,11.409686888454011,11.066111111111113,1.0,1.0,-2.0038058545335886,10.709735812133076,12.713541666666664,1.0,1.0,-0.11833339312894076,9.862247162426614,9.980580555555555,1.0,1.0,-0.46423007990867476
QID2173_464,Explanation B,0,3,0.020988748929925416,0.909502262443439,0.8885135135135136,1,1,0.391427004776999,0.9840936047310688,0.5926665999540698,1,1,0.0,0.0,0.0,0,0,0.0,1.0,1.0,1,1,0.2440214781558443,0.5926665999540698,0.3486451217982255,1,0,0.3079791492709319,0.7422715059588302,0.4342923566878983,1.0,0.0,-5.73673798466119,6.812679667750093,12.549417652411282,1.0,1.0,-7.502682247330137,6.64160346695558,14.144285714285717,1.0,1.0,-3.2895915292506306,7.192040772842182,10.481632302092812,1.0,1.0,-4.0552581529927565
QID2321_465,Explanation A,1,3,-0.037263268646247516,0.8803191489361701,0.9175824175824177,1,1,0.012512329086781904,0.8933093961129795,0.8807970670261976,1,1,0.0,0.0,0.0,0,0,0.0,1.0,1.0,1,1,-0.5020898448208588,0.4378234991142019,0.9399133439350608,0,1,-0.11421986851574761,0.516570189701897,0.6307900582176447,1.0,1.0,2.623916832630041,11.485067750677512,8.861150918047471,1.0,1.0,2.695940563874961,13.439962059620598,10.744021495745637,1.0,1.0,1.416468127629777,9.079643631436316,7.663175503806539,1.0,1.0,1.6555264139047579
QID1323_466,Explanation B,0,3,0.057676232933965066,0.90990990990991,0.852233676975945,1,1,-0.5926665999540697,0.0,0.5926665999540697,0,1,0.0,0.0,0.0,0,0,-0.13296422817269316,0.8670357718273068,1.0,1,1,-0.7186269310065037,0.0124316534829934,0.731058584489497,0,1,-0.33208494991685045,0.2741676470588237,0.6062525969756741,0.0,1.0,5.945163453941733,15.22563025210084,9.280466798159107,1.0,1.0,7.252485483345211,17.033445378151264,9.780959894806053,1.0,1.0,3.0431762473825827,10.414012605042018,7.370836357659435,1.0,1.0,3.9771850586881694
QID951_467,Explanation B,0,3,0.0005261018246166538,0.903041825095057,0.9025157232704404,1,1,-0.019110358959671614,0.9579122723847612,0.9770226313444328,1,1,0.0,0.0,0.0,0,0,-2.220446049250313e-16,1.0,1.0000000000000002,1,1,-0.6389232225244992,0.0124316489094153,0.6513548714339145,0,1,0.32085164222873913,0.6469470967741938,0.3260954545454547,1.0,0.0,-5.285890518084061,8.670473118279574,13.956363636363635,1.0,1.0,-5.38098240469208,9.166290322580648,14.547272727272729,1.0,1.0,-1.901218201368522,8.209436344086022,10.110654545454544,1.0,1.0,-3.061809870478981
QID946_468,Explanation A,1,3,-0.020572573561703944,0.8948863636363636,0.9154589371980676,1,1,0.7981867777396212,0.7981867777396212,0.0,1,0,0.0,0.0,0.0,0,0,1.0,1.0,0.0,1,0,0.1551534378340712,0.2227001336663842,0.067546695832313,0,0,0.1875767151767152,0.6249307692307695,0.4373540540540543,1.0,0.0,-2.7185016335016385,10.741923076923076,13.460424710424714,1.0,1.0,-1.941244913869923,12.832932692307686,14.77417760617761,1.0,1.0,-2.0581999702999685,8.266292307692307,10.324492277992276,1.0,1.0,-1.6325924506237037
QID821_469,Explanation B,0,3,0.038348416289592846,0.8692307692307693,0.8308823529411764,1,1,0.26741798316812027,0.9465966758497364,0.6791786926816161,1,1,0.0,0.0,0.0,0,0,0.05340332735168141,1.0,0.9465966726483186,1,1,-0.15944814982775768,0.8175744806385543,0.977022630466312,1,1,0.09246426517224249,0.5753868921775901,0.4829226270053476,1.0,0.0,-2.202761161547075,9.894016913319238,12.096778074866313,1.0,1.0,-4.044084006964303,9.964913319238905,14.008997326203207,1.0,1.0,-1.110521502300708,8.498373150105708,9.608894652406416,1.0,1.0,-1.8162256014099607
QID1649_470,Explanation B,0,3,-0.1274774774774775,0.7833333333333333,0.9108108108108108,1,1,0.8519528076067262,0.8519528076067262,0.0,1,0,0.0,0.0,0.0,0,0,1.0,1.0,0.0,1,0,0.5312093733737563,0.5312093733737563,0.0,1,0,0.27306268749303014,0.685362585034014,0.4122998975409839,1.0,0.0,-5.368391602542655,7.594217687074831,12.962609289617486,1.0,1.0,-4.618517341362768,8.244064625850342,12.86258196721311,1.0,1.0,-1.9744309802609576,7.024592517006803,8.99902349726776,1.0,1.0,-2.9220693091683376
QID776_471,Explanation B,0,3,-0.010072886957309013,0.8592964824120604,0.8693693693693694,1,1,-0.8519528000888386,0.0,0.8519528000888386,0,1,0.0,0.0,0.0,0,0,-0.5621765008857982,0.4378234991142019,1.0,0,1,0.5087731750406663,0.5621765008857982,0.0534033258451318,1,0,-0.04074814735028004,0.4977500000000002,0.5384981473502802,0.0,1.0,3.079588847171788,13.401428571428577,10.321839724256789,1.0,1.0,3.5235938646661484,15.301469780219785,11.777875915553636,1.0,1.0,-0.7792716191391555,8.298693956043955,9.07796557518311,1.0,1.0,1.4457907363371252
QID973_472,Explanation A,1,3,0.023788223812622133,0.9009433962264152,0.877155172413793,1,1,-0.3775406687981454,0.6224593312018546,1.0,1,1,0.0,0.0,0.0,0,0,0.0,1.0,1.0,1,1,0.8477111139969913,0.8807970889295664,0.0330859749325751,1,0,-0.05826269553100116,0.5920734474522295,0.6503361429832306,1.0,1.0,1.0266907511201318,9.680238853503187,8.653548102383056,1.0,1.0,1.694154898499562,9.8625,8.168345101500439,1.0,1.0,0.26373789668373604,8.431683439490445,8.16794554280671,1.0,1.0,0.7315802126931071
QID1223_473,Explanation B,0,3,-0.056946864111498297,0.84375,0.9006968641114983,1,1,0.0,1.0,1.0,1,1,0.0,0.0,0.0,0,0,-2.220446049250313e-16,1.0,1.0000000000000002,1,1,0.4946298163159259,0.9324533154301278,0.4378234991142019,1,0,-0.16923500986193296,0.5517970414201185,0.7210320512820515,1.0,1.0,3.984068751761061,11.319196956889268,7.335128205128207,1.0,1.0,4.723352881093264,13.856990701606088,9.133637820512824,1.0,1.0,1.9260955762186533,8.851559678782756,6.925464102564103,1.0,1.0,2.616070549802761
QID1774_474,Explanation A,1,3,0.033807192619092374,0.8827433628318584,0.848936170212766,1,1,-0.18785706883843112,0.6791786926816161,0.8670357615200472,1,1,0.0,0.0,0.0,0,0,-0.055525832655302865,0.9241418126663687,0.9796676453216716,1,1,0.5462144603177106,0.6791787056691698,0.1329642453514593,1,0,0.11918808659839614,0.6081718781218786,0.4889837915234824,1.0,0.0,-2.8569821472914274,8.721448551448553,11.57843069873998,1.0,1.0,-3.223796398332478,8.193001998002,11.416798396334478,1.0,1.0,-1.0427414088774896,7.406934765234766,8.449676174112255,1.0,1.0,-1.7510829669757497
QID1022_475,Explanation B,0,3,-0.003884711779448713,0.8984962406015037,0.9023809523809524,1,1,1.0,1.0,0.0,1,0,0.085099051387915,0.085099051387915,0.0,0,0,1.0,1.0,0.0,1,0,0.0,0.0,0.0,0,0,0.27292802746566786,0.6366280274656682,0.3637000000000003,1.0,0.0,-3.8597815230961317,9.09521847690387,12.955000000000002,1.0,1.0,-3.999837936953803,9.680349563046192,13.680187499999995,1.0,1.0,-2.7088501716604245,7.544837328339575,10.2536875,1.0,1.0,-2.573885401061173
QID1196_476,Explanation B,0,3,0.06380952380952376,0.8571428571428571,0.7933333333333333,1,1,0.9999999999999998,0.9999999999999998,0.0,1,0,0.0,0.0,0.0,0,0,1.0,1.0,0.0,1,0,-0.20911592947629393,0.0850990426866949,0.2942149721629888,0,0,0.11065602973275931,0.3508221166892812,0.2401660869565219,0.0,0.0,-1.5737746248992206,12.722790592492087,14.296565217391308,1.0,1.0,-1.0339340599374722,12.615468113975574,13.649402173913046,1.0,1.0,-1.0074902635046108,9.806160606060605,10.813650869565215,1.0,1.0,-0.8761357296521362
QID372_477,Explanation A,1,3,0.016418466120625697,0.9088235294117648,0.8924050632911391,1,1,-0.404737516911838,0.562176500885798,0.966914017797636,1,1,0.0,0.0,0.0,0,0,-0.07585818785594478,0.9241418121440552,1.0,1,1,-0.09262696022757588,0.8933094131553265,0.9859363733829024,1,1,-0.033489433073509045,0.502886031746032,0.536375464819541,1.0,1.0,1.233340115387513,10.881174603174609,9.647834487787096,1.0,1.0,1.2471300916040278,11.303936507936506,10.056806416332478,1.0,1.0,1.4264469026497473,9.834201587301589,8.407754684651842,1.0,1.0,0.9683569191419448
QID1551_478,Explanation A,1,3,0.03510366619053795,0.8496732026143791,0.8145695364238411,1,1,-0.3067576640333646,0.6791787056691698,0.9859363697025344,1,1,0.0,0.0,0.0,0,0,-0.18242551713899058,0.8175744828610094,1.0,1,1,0.4378234991142019,0.4378234991142019,0.0,0,0,-0.10534972350230398,0.3899250000000003,0.4952747235023043,0.0,0.0,0.9448755760368641,12.470000000000002,11.525124423963138,1.0,1.0,0.6137265154200691,12.020961538461542,11.407235023041473,1.0,1.0,0.3326007255110426,10.575558974358971,10.242958248847929,1.0,1.0,0.44646327336641795
QID921_479,Explanation A,1,3,0.01479746486635436,0.8263157894736842,0.8115183246073299,1,1,-0.13296422989056966,0.8670357701094303,1.0,1,1,0.0,0.0,0.0,0,0,0.0,1.0,1.0,1,1,-0.17457564208620002,0.5312093733737563,0.7057850154599563,1,1,-0.06874376021329692,0.4823536423841059,0.5510974025974028,0.0,1.0,2.005442886767389,11.674692526017031,9.669249639249642,1.0,1.0,2.6869464751584005,12.874522232734158,10.187575757575758,1.0,1.0,1.2468217004481907,8.99379385052034,7.74697215007215,1.0,1.0,1.4676168255401707
QID1449_480,Explanation B,0,3,0.03585942203491865,0.9034090909090908,0.8675496688741722,1,1,0.2294422242635121,0.3486451353339457,0.1192029110704336,0,0,0.0,0.0,0.0,0,0,0.0,1.0,1.0,1,1,-0.1201454845244378,0.3486451421018059,0.4687906266262437,0,0,0.06099130434782585,0.7366538043478262,0.6756625000000004,1.0,1.0,-1.5063828502415468,7.097367149758455,8.603750000000002,1.0,1.0,-2.0384103260869537,6.990652173913045,9.029062499999998,1.0,1.0,0.4566785024154587,7.848428502415459,7.39175,1.0,1.0,-0.756780842391304
QID1151_481,Explanation B,0,3,-0.04738216687345864,0.9078014184397164,0.955183585313175,1,1,0.7424833288768456,0.7549149813536518,0.0124316524768061,1,0,0.0,0.0,0.0,0,0,0.8175744828610094,0.9999999999999998,0.1824255171389904,1,0,0.0330859816064796,0.0330859816064796,0.0,0,0,0.19576549788881042,0.6090426530612245,0.4132771551724141,1.0,0.0,-3.2431552897020897,9.437591836734695,12.680747126436785,1.0,1.0,-3.970550668543275,8.916173469387758,12.886724137931033,1.0,1.0,-2.3901340182969726,8.314476326530613,10.704610344827586,1.0,1.0,-2.3520186196633817
QID1201_482,Explanation A,1,3,0.001493710691823802,0.8958333333333333,0.8943396226415095,1,1,-1.0,0.0,1.0,0,1,0.0,0.0,0.0,0,0,-1.0,0.0,1.0,0,1,-0.5980943325726835,0.1329642401978292,0.7310585727705127,0,1,-0.014829093798555348,0.5357692010309278,0.5505982948294832,1.0,1.0,0.6373308722624866,11.568298969072169,10.930968096809682,1.0,1.0,0.8813839837591999,11.938556701030926,11.057172717271726,1.0,1.0,0.8921910562190245,9.315846391752578,8.423655335533553,1.0,1.0,0.5990192046105389
QID151_483,Explanation A,1,3,0.04203612479474561,0.9523809523809524,0.9103448275862068,1,1,-1.0,0.0,1.0,0,1,0.0,0.0,0.0,0,0,-0.9999999999999998,0.0,0.9999999999999998,0,1,-0.7287929401531605,0.1645164588002102,0.8933093989533708,0,1,-0.07912436973951886,0.5565319767441863,0.6356563464837052,1.0,1.0,1.634669911045517,10.623023255813958,8.988353344768441,1.0,1.0,2.1382008656109157,12.294941860465116,10.1567409948542,1.0,1.0,0.9470863736088395,8.742202325581395,7.795115951972556,1.0,1.0,1.1602081951314385
QID1976_484,Explanation A,1,3,0.07069520039584365,0.9244186046511628,0.8537234042553191,1,1,-0.705785040214066,0.2942149597859341,1.0,0,1,0.0,0.0,0.0,0,0,0.0,1.0,1.0,1,1,0.2607346688979133,0.9399133550857524,0.679178686187839,1,1,-0.13241471174832548,0.4269848837209304,0.5593995954692559,0.0,1.0,3.6124209485103584,13.162259136212626,9.549838187702267,1.0,1.0,4.182792444817165,14.268795681063123,10.086003236245958,1.0,1.0,1.1863668429936869,9.353556810631227,8.16718996763754,1.0,1.0,2.2122913811432214
QID1226_485,Explanation A,1,3,0.0002372325741890613,0.8509316770186335,0.8506944444444444,1,1,0.022977372377127603,1.0,0.9770226276228724,1,1,0.0,0.0,0.0,0,0,0.0,1.0,1.0,1,1,-0.3301147882803298,0.622459338205511,0.9525741264858408,1,1,0.03659761407175183,0.387856704980843,0.3512590909090912,0.0,0.0,-0.5706722396377604,11.690842911877391,12.261515151515152,1.0,1.0,-0.4925959595959597,12.059555555555557,12.552151515151516,1.0,1.0,0.07822187391153079,10.316024904214562,10.23780303030303,1.0,1.0,-0.23711217781260935
QID1798_486,Explanation B,0,3,0.004565746753246613,0.9006696428571428,0.8961038961038962,1,1,0.957912273285902,0.957912273285902,0.0,1,0,0.0,0.0,0.0,0,0,0.9999999999999998,0.9999999999999998,0.0,1,0,0.1417265738172654,0.9399133443558416,0.7981867705385762,1,1,0.10815244890329012,0.4033235294117648,0.2951710805084747,0.0,0.0,-1.5723739495798341,12.845126050420166,14.4175,1.0,1.0,-1.7143639320134838,13.756610644257703,15.470974576271187,1.0,1.0,-0.5205528019117267,10.190352847805787,10.710905649717514,1.0,1.0,-0.9247845586504386
QID1971_487,Explanation A,1,3,0.03223097416888676,0.922680412371134,0.8904494382022472,1,1,-0.014063625584012,0.0,0.014063625584012,0,0,0.0,0.0,0.0,0,0,-0.9706877695136332,0.0,0.9706877695136332,0,1,0.33113291226952835,0.4378234991142018,0.1066905868446735,0,0,-0.17396443582667162,0.196506925675676,0.3704713615023476,0.0,0.0,2.2973058622002256,16.032094594594593,13.734788732394367,1.0,1.0,2.1490105951021423,17.119527027027026,14.970516431924883,1.0,1.0,1.2257545742926013,10.928797297297296,9.703042723004694,1.0,1.0,1.3745266489420744
QID299_488,Explanation A,1,3,0.023176291793313042,0.8803191489361701,0.8571428571428571,1,1,-0.8175744828610096,0.0,0.8175744828610096,0,1,0.0,0.0,0.0,0,0,0.40473751977208294,0.966914020657881,0.5621765008857981,1,1,0.09696977802852602,0.9324533130837862,0.8354835350552602,1,1,-0.11958040988274837,0.4786409448818901,0.5982213547646384,0.0,1.0,2.30720759790216,10.909010123734536,8.601802525832376,1.0,1.0,2.324838445136958,11.191428571428574,8.866590126291616,1.0,1.0,0.9426894147416416,9.509614060742408,8.566924646000766,1.0,1.0,1.3637887619745028
QID2076_489,Explanation B,0,3,0.0012954540881011667,0.9101382488479264,0.9088427947598252,1,1,0.010986940991158822,1.0,0.9890130590088412,1,1,0.0,0.0,0.0,0,0,0.0,1.0,1.0,1,1,-0.6257753645766602,0.053403328104956,0.6791786926816161,0,1,0.09204921745413397,0.5667667391304348,0.4747175216763009,1.0,0.0,-1.504447418390999,10.28952657004831,11.793973988439308,1.0,1.0,-0.5161617240512655,12.743043478260873,13.259205202312138,1.0,1.0,-0.5502993125017461,9.087471207729468,9.637770520231214,1.0,1.0,-0.6197148093724691
QID149_490,Explanation A,1,3,0.009424603174603141,0.8888888888888888,0.8794642857142857,1,1,-0.8354835391516133,0.0,0.8354835391516133,0,1,0.0,0.0,0.0,0,0,0.0,1.0,1.0,1,1,-0.012753620873744199,0.0203323550122458,0.03308597588599,0,0,0.05175946835418305,0.5350477011494255,0.4832882327952424,1.0,0.0,-0.750840926180917,10.40609195402299,11.156932880203907,1.0,1.0,-0.6793975527104763,10.595632183908045,11.27502973661852,1.0,1.0,0.01434237443725106,7.862329885057472,7.847987510620221,1.0,1.0,-0.3410341590249898
QID248_491,Explanation B,0,3,0.012107144590201013,0.8651877133105802,0.8530805687203792,1,1,0.3354835371034367,0.8354835371034367,0.5,1,0,0.0,0.0,0.0,0,0,-2.220446049250313e-16,0.9999999999999998,1.0,1,1,0.07585817636504999,1.0,0.92414182363495,1,1,0.020146033696033516,0.5917857142857145,0.571639680589681,1.0,1.0,-1.7549145899145948,8.343095238095238,10.098009828009832,1.0,1.0,-2.9317874692874675,8.727500000000003,11.65928746928747,1.0,1.0,0.7907563355563347,8.84232857142857,8.051572235872236,1.0,1.0,-0.9689499224874236
QID1776_492,Explanation B,0,3,0.01285885167464118,0.8977272727272727,0.8848684210526315,1,1,0.9770226281664712,0.9770226281664712,0.0,1,0,0.0,0.0,0.0,0,0,1.0,1.0,0.0,1,0,0.0,0.0,0.0,0,0,0.2189819274341705,0.6132297535211271,0.3942478260869566,1.0,0.0,-4.30610430700143,8.938098591549299,13.244202898550729,1.0,1.0,-5.98660747091243,8.827957746478873,14.814565217391303,1.0,1.0,-1.3449754235558284,9.038918779342724,10.383894202898553,1.0,1.0,-2.8546763185088797
QID2374_493,Explanation B,0,3,-0.005267778753292429,0.8529411764705882,0.8582089552238806,1,1,-0.04208772325972565,0.9579122767402743,1.0,1,1,0.0,0.0,0.0,0,0,0.0,1.0,1.0,1,1,0.47346367480289947,0.5926665999540697,0.1192029251511702,1,0,-0.03892698630136976,0.4038600000000002,0.44278698630137,0.0,0.0,0.7200711024135682,12.776333333333335,12.056262230919767,1.0,1.0,1.628384431398132,14.40277777777778,12.774393346379648,1.0,1.0,-0.6160639762267159,9.678785925925926,10.294849902152642,1.0,1.0,0.4233661428209037
QID171_494,Explanation B,0,3,-0.0007190795781399917,0.8214285714285714,0.8221476510067114,1,1,0.9669140210154116,0.9669140210154116,0.0,1,0,0.0,0.0,0.0,0,0,1.0,1.0,0.0,1,0,0.2733954328642214,0.9525741320396144,0.679178699175393,1,1,0.2610551282051283,0.7223634615384618,0.4613083333333335,1.0,0.0,-5.1909757834757855,6.998653846153847,12.189629629629632,1.0,1.0,-6.6577051282051265,7.130961538461538,13.788666666666664,1.0,1.0,-1.9047739316239305,6.7075038461538465,8.612277777777777,1.0,1.0,-3.3730999287749284
QID1996_495,Explanation A,1,3,-0.03525641025641024,0.8974358974358974,0.9326923076923076,1,1,-1.0,0.0,1.0,0,1,0.0,0.0,0.0,0,0,-1.0,0.0,1.0,0,1,-0.5560054061936621,0.3486451353339457,0.9046505415276078,0,1,-0.2298980819320931,0.421467391304348,0.6513654732364411,0.0,1.0,3.9271401342930083,12.081138716356108,8.1539985820631,1.0,1.0,3.529717722670039,12.216055900621122,8.686338177951082,1.0,1.0,2.388204075027356,9.763241614906832,7.375037539879476,1.0,1.0,2.4037909625145772
QID1847_496,Explanation A,1,3,-0.015864950316169857,0.8475609756097561,0.8634259259259259,1,1,-1.0000000000000002,0.0,1.0000000000000002,0,1,0.0,0.0,0.0,0,0,-1.0,0.0,1.0,0,1,-0.4378234991142019,0.0,0.4378234991142019,0,0,-0.03376363156666051,0.5867969465648855,0.620560578131546,1.0,1.0,0.2294104516512796,9.536695747001094,9.307285295349814,1.0,1.0,-0.2793358746646124,11.009738276990184,11.289074151654797,1.0,1.0,1.7922094973728573,8.66289651035987,6.870687012987013,1.0,1.0,0.427130110698216
QID2401_497,Explanation B,0,3,0.006773949522041134,0.8874045801526718,0.8806306306306306,1,1,0.18242551713899058,1.0,0.8175744828610094,1,1,0.0,0.0,0.0,0,0,0.0,1.0,1.0,1,1,-0.17883585254255252,0.7981867801399695,0.977022632682522,1,1,0.10668565747977543,0.5945254010695191,0.4878397435897437,1.0,0.0,-1.1990470313999726,9.388645276292335,10.587692307692308,1.0,1.0,-1.090036679007266,10.330668449197862,11.420705128205128,1.0,1.0,-0.3685665706842185,7.265423172905526,7.633989743589744,1.0,1.0,-0.6377411559029205
QID122_498,Explanation B,0,3,-0.029894478024792615,0.8511627906976744,0.881057268722467,1,1,-0.6513548714339145,0.0,0.6513548714339145,0,1,0.0,0.0,0.0,0,0,-0.8703320336772212,0.0229773723771275,0.8933094060543487,0,1,0.2834943971463475,0.962673109309294,0.6791787121629465,1,1,-0.18096279644268787,0.539343181818182,0.7203059782608698,1.0,1.0,4.405944695401212,11.731331168831163,7.325386473429951,1.0,1.0,4.7928374976472785,12.898417207792209,8.10557971014493,1.0,1.0,1.1620890300520728,9.010517532467532,7.848428502415459,1.0,1.0,2.5449771066644686
QID1696_499,Explanation B,0,3,0.11984517945109074,0.9014778325123152,0.7816326530612244,1,1,0.7310585786300049,0.7310585786300049,0.0,1,0,0.0,0.0,0.0,0,0,1.0,1.0,0.0,1,0,0.15646816244621478,0.1824255193614457,0.0259573569152309,0,0,0.3430265250132527,0.4525906765676569,0.1095641515544042,0.0,0.0,-6.523067468663967,10.96013201320132,17.483199481865288,1.0,1.0,-8.08364254689718,10.97968646864686,19.06332901554404,1.0,1.0,-2.5475444176542013,9.239700660066006,11.787245077720208,1.0,1.0,-4.202806977050524
QID2246_500,Explanation A,1,3,0.03881436941103922,0.907608695652174,0.8687943262411347,1,1,-0.5,0.0,0.5,0,0,0.0,0.0,0.0,0,0,-0.9465966653038896,0.0,0.9465966653038896,0,1,-0.6854526686768441,0.2942149783515163,0.9796676470283604,0,1,-0.17998597147950107,0.4324303921568628,0.6124163636363639,0.0,1.0,3.0378740344622717,12.6321568627451,9.594282828282829,1.0,1.0,3.1627606060606066,13.060833333333337,9.89807272727273,1.0,1.0,2.053026440879382,9.79189411764706,7.738867676767677,1.0,1.0,2.0184187774806897
QID1823_501,Explanation B,0,3,0.02968200365836482,0.9441747572815532,0.9144927536231884,1,1,0.2942149721629887,0.2942149721629887,0.0,0,0,0.0,0.0,0.0,0,0,1.0,1.0,0.0,1,0,0.1066906038870205,0.1066906038870205,0.0,0,0,0.14409401746409767,0.6147346774193551,0.4706406599552574,1.0,0.0,-4.235149022154868,8.380645161290325,12.615794183445193,1.0,1.0,-4.42890632893123,8.021451612903224,12.450357941834454,1.0,1.0,-0.5404190806090803,9.838418279569892,10.378837360178972,1.0,1.0,-2.26509510355777
QID1549_502,Explanation B,0,3,-0.043006993006992844,0.8954545454545455,0.9384615384615383,1,1,0.1066905896850644,1.0,0.8933094103149356,1,1,0.0,0.0,0.0,0,0,0.017986209040909418,0.9999999999999998,0.9820137909590904,1,1,0.49675316460393804,0.679178686187839,0.182425521583901,1,0,-0.012317491489918897,0.5792894736842107,0.5916069651741296,1.0,1.0,-0.6229553984463667,9.70953216374269,10.332487562189057,1.0,1.0,-0.9055106048703898,10.518245614035084,11.423756218905474,1.0,1.0,0.582338395740595,8.272467251461988,7.690128855721393,1.0,1.0,-0.2396112747665201
QID847_503,Explanation A,1,3,-0.015151515151515138,0.8181818181818182,0.8333333333333334,1,1,0.0,1.0,1.0,1,1,0.0758581826328105,0.0758581826328105,0.0,0,0,0.0,1.0,1.0,1,1,-0.23585545553451348,0.7310585669110203,0.9669140224455338,1,1,-0.07669785635686455,0.5551208333333335,0.631818689690198,1.0,1.0,3.547986075842223,11.874583333333335,8.326597257491112,1.0,1.0,3.95648331428813,13.18664583333333,9.2301625190452,1.0,1.0,0.6489604833248688,8.709291666666667,8.060331183341798,1.0,1.0,2.0191830042745895
QID851_504,Explanation A,1,3,0.020860389610389607,0.8812500000000001,0.8603896103896105,1,1,0.27330704236216785,0.835483543247966,0.5621765008857982,1,1,0.0,0.0,0.0,0,0,0.047425876880082374,0.9999999999999998,0.9525741231199174,1,1,0.06603723467773201,0.0953494648991094,0.0293122302213774,0,0,0.05173985189770941,0.4414331325301208,0.3896932806324114,0.0,0.0,0.4457007854493469,12.75636833046472,12.310667545015374,1.0,1.0,1.1095632104930147,14.686480206540445,13.57691699604743,1.0,1.0,-0.15233979002779563,10.519957487091222,10.672297277119018,1.0,1.0,0.36366601445306884
QID1198_505,Explanation B,0,3,0.037309281627463386,0.9567307692307692,0.9194214876033058,1,1,1.0,1.0,0.0,1,0,0.0,0.0,0.0,0,0,1.0,1.0,0.0,1,0,0.8559825154389721,0.9626731150654056,0.1066905996264336,1,0,0.17740302466896424,0.5818506756756758,0.4044476510067116,1.0,0.0,-3.1386077064600553,9.554594594594596,12.69320230105465,1.0,1.0,-4.251834831955634,11.166324324324329,15.418159156279962,1.0,1.0,-1.5725323935632662,8.736316216216217,10.308848609779483,1.0,1.0,-2.196392976827498
QID96_506,Explanation B,0,3,0.03546286031042134,0.9403409090909092,0.9048780487804878,1,1,0.7186269374719949,0.9875683471230058,0.2689414096510108,1,0,0.0,0.0,0.0,0,0,0.9820137940516293,1.0,0.0179862059483708,1,0,0.2413552000611911,0.679178699175393,0.4378234991142019,1,0,0.013537248825752968,0.3536744581280788,0.3401372093023258,0.0,0.0,0.2573833581548133,13.16636453201971,12.908981173864897,1.0,1.0,1.2037060373467767,15.239852216748773,14.036146179401996,1.0,1.0,0.6288640226066349,11.177173103448276,10.54830908084164,1.0,1.0,0.5258726667334945
QID1898_507,Explanation B,0,3,0.003641491959248788,0.9135514018691588,0.90990990990991,1,1,0.774106481059065,0.8807970842359877,0.1066906031769227,1,0,0.0,0.0,0.0,0,0,0.08509904094645082,1.0,0.9149009590535492,1,1,0.024101515348803497,0.0420877252121969,0.0179862098633934,0,0,0.0521816057792433,0.4201670708955226,0.3679854651162793,0.0,0.0,0.13647257896563225,13.3893407960199,13.252868217054267,1.0,1.0,1.4065124956612305,15.736977611940295,14.330465116279065,1.0,1.0,1.1846015735277131,10.538819402985077,9.354217829457363,1.0,1.0,0.6949420634834548
QID1824_508,Explanation A,1,3,0.045831955619236586,0.9218009478672986,0.875968992248062,1,1,1.0,1.0,0.0,1,0,0.0,0.0,0.0,0,0,0.029312229479407148,1.0,0.9706877705205929,1,1,-0.46892935651737916,0.1824255149165352,0.6513548714339144,0,1,0.06062139409235523,0.596111619127517,0.5354902250351617,1.0,1.0,-0.590561242790665,9.385486577181211,9.976047819971877,1.0,1.0,-0.34477654593680995,9.599077181208056,9.943853727144866,1.0,1.0,-1.525150696155336,6.679763087248322,8.204913783403658,1.0,1.0,-0.5999667726976139
QID148_509,Explanation A,1,3,-0.04157565166739485,0.8253968253968254,0.8669724770642202,1,1,0.022977369491873012,1.0000000000000002,0.9770226305081272,1,1,0.0,0.0,0.0,0,0,0.0,1.0,1.0,1,1,0.7679368433193001,0.9324533041676868,0.1645164608483867,1,0,-0.05532337229763695,0.5628395424836603,0.6181629147812973,1.0,1.0,0.8842408245349418,9.912483660130722,9.02824283559578,1.0,1.0,1.606486676721973,10.206856209150333,8.60036953242836,1.0,1.0,0.9236665661136225,9.403271241830064,8.479604675716441,1.0,1.0,0.8397676737682251
QID1901_510,Explanation A,1,3,-0.018075639599554938,0.8870967741935485,0.9051724137931034,1,1,-1.0,0.0,1.0,0,1,0.0,0.0,0.0,0,0,-0.9859363755136414,0.0,0.9859363755136414,0,1,0.72222500556428,0.817574471748733,0.095349466184453,1,0,-0.08435248624862485,0.4722744444444447,0.5566269306930696,0.0,1.0,1.6587018701870235,11.97044444444445,10.311742574257426,1.0,1.0,0.9120145764576435,12.642361111111107,11.730346534653464,1.0,1.0,-0.6462052035203527,8.291472222222222,8.937677425742574,1.0,1.0,0.46003968921892235
QID298_511,Explanation B,0,3,-0.02318007662835253,0.8601532567049808,0.8833333333333333,1,1,-0.7772998560157665,0.0,0.7772998560157665,0,1,0.0,0.0,0.0,0,0,-0.8807970779778824,0.0,0.8807970779778824,0,1,-0.0850990455871015,0.0,0.0850990455871015,0,0,-0.07922346920427914,0.3319101910828027,0.4111336602870818,0.0,0.0,1.469462268874274,13.977443130118292,12.507980861244018,1.0,1.0,1.3022761449077223,15.13428571428571,13.832009569377988,1.0,1.0,0.1932328012852036,10.079339308462238,9.886106507177034,1.0,1.0,0.7214369364657301
QID1746_512,Explanation A,1,3,-0.02765621475298885,0.9129032258064516,0.9405594405594404,1,1,-0.22270014398423366,0.7772998560157663,1.0,1,1,0.0,0.0,0.0,0,0,0.0,1.0,1.0,1,1,0.2689414096510109,0.2689414096510109,0.0,0,0,-0.06175266752027331,0.4318454545454546,0.4935981220657279,0.0,0.0,0.463945795988046,12.481363636363636,12.01741784037559,1.0,1.0,0.8090354246692311,12.263636363636364,11.454600938967133,1.0,1.0,0.7277249253094329,9.392927272727274,8.665202347417841,1.0,1.0,0.48473836961160915
QID2001_513,Explanation A,1,3,-0.03481410303791854,0.8915662650602411,0.9263803680981596,1,1,-0.32082128783705355,0.6791787121629465,1.0,1,1,0.0,0.0,0.0,0,0,0.0,1.0,1.0,1,1,-0.41157006805107715,0.2942149597859341,0.7057850278370112,0,1,-0.06220987845749848,0.6480189024390245,0.710228780896523,1.0,1.0,1.051942534255673,9.108536585365854,8.056594051110181,1.0,1.0,0.8249648502559594,9.90012195121951,9.075157100963551,1.0,1.0,0.7349188204399857,8.697080487804879,7.962161667364893,1.0,1.0,0.6374040816235299
QID324_514,Explanation B,0,3,0.022873865265169546,0.9184782608695652,0.8956043956043956,1,1,0.47736548820948743,0.7981867825403177,0.3208212943308303,1,0,0.0,0.0,0.0,0,0,0.0,1.0,1.0,1,1,-0.1220898418142714,0.8519527982093666,0.974042640023638,1,1,-0.060213180659142274,0.6691320181564246,0.7293451988155669,1.0,1.0,2.2604857546625823,9.26110335195531,7.000617597292727,1.0,1.0,3.5086292762007343,10.7288407821229,7.220211505922165,1.0,1.0,0.19299214285039046,8.010154748603352,7.817162605752961,1.0,1.0,1.4754734982636413
QID1023_515,Explanation A,1,3,0.010741590214067287,0.8899082568807339,0.8791666666666667,1,1,-0.9796676477703992,0.0,0.9796676477703992,0,1,0.0,0.0,0.0,0,0,-0.7549149978955811,0.2450850021044189,1.0,0,1,-0.5412685649404478,0.2942149721629888,0.8354835371034367,0,1,-0.21949762909345144,0.3486893113772455,0.568186940470697,0.0,1.0,2.7732698534633524,12.377556886227543,9.60428703276419,1.0,1.0,3.035436003857532,13.17754491017964,10.142108906322107,1.0,1.0,0.8634601982375809,9.47601760479042,8.612557406552838,1.0,1.0,1.6131671066162534
QID1876_516,Explanation B,0,3,0.028721521155713026,0.9457831325301206,0.9170616113744076,1,1,0.9890130591302804,0.9890130591302804,0.0,1,0,0.0,0.0,0.0,0,0,0.1853732650117419,0.9626731158685836,0.7772998508568417,1,1,-0.09703781322121019,0.7549149868676284,0.8519528000888386,1,1,-0.007381385688246533,0.5922119816586923,0.5995933673469388,1.0,1.0,-1.5859087654200437,9.151778309409888,10.737687074829932,1.0,1.0,-2.8401414249910477,8.10149122807018,10.941632653061228,1.0,1.0,-1.0605804771669431,6.69132360446571,7.751904081632653,1.0,1.0,-1.3735030133165702
QID1346_517,Explanation B,0,3,0.050094816687736965,0.9107142857142856,0.8606194690265486,1,1,0.04742587435564016,1.0,0.9525741256443598,1,1,0.0,0.0,0.0,0,0,0.09534947068315558,1.0,0.9046505293168444,1,1,-0.09622554906666991,0.022977369826395,0.1192029188930649,0,0,0.27956932397182865,0.5264636635944703,0.2468943396226416,1.0,0.0,-4.141264295858331,11.09010138248848,15.231365678346812,1.0,1.0,-4.397674115294322,13.078525345622118,17.47619946091644,1.0,1.0,-2.033268603889516,8.78765870967742,10.820927313566935,1.0,1.0,-2.5731594227675854
QID1772_518,Explanation B,0,3,0.03704016010073741,0.93348623853211,0.8964460784313726,1,1,0.0,1.0,1.0,1,1,0.0,0.0,0.0,0,0,0.0,1.0,1.0,1,1,-0.6552004087608055,0.0758581815881837,0.7310585903489892,0,1,0.161353495001562,0.5767326616682289,0.4153791666666669,1.0,0.0,-3.1320177288347395,9.420065604498596,12.552083333333336,1.0,1.0,-3.716906240237428,8.971635426429238,12.688541666666666,1.0,1.0,-0.6445896282411745,9.313377038425491,9.957966666666666,1.0,1.0,-1.833040025577945
QID1422_519,Explanation B,0,3,-0.00946340481224206,0.8217054263565892,0.8311688311688312,1,1,0.0,0.0,0.0,0,0,0.0,0.0,0.0,0,0,0.0,0.0,0.0,0,0,0.4446194056813242,0.5926665999540698,0.1480471942727456,1,0,-0.19197707207207193,0.4356033333333337,0.6275804054054056,0.0,1.0,2.2405765765765775,11.157333333333336,8.916756756756758,1.0,1.0,2.0493603603603585,11.86633333333333,9.816972972972971,1.0,1.0,1.421919369369368,8.963316666666666,7.541397297297298,1.0,1.0,1.3799698085585579
QID2222_520,Explanation A,1,3,0.028107904169024533,0.915204678362573,0.8870967741935485,1,1,0.05995179544938356,0.9840936086380656,0.924141813188682,1,1,0.0,0.0,0.0,0,0,0.0,1.0,1.0,1,1,0.0376731768818892,0.952574126654137,0.9149009497722478,1,1,0.005230501235404916,0.6221041571493836,0.6168736559139787,1.0,1.0,-0.6870874411156471,8.895600730927363,9.58268817204301,1.0,1.0,-0.8824629992582675,8.987967108268613,9.87043010752688,1.0,1.0,-0.21307664421815886,8.18375883965281,8.39683548387097,1.0,1.0,-0.4443491458391672
QID1576_521,Explanation A,1,3,-0.05561617458279844,0.8315789473684211,0.8871951219512195,1,1,0.6118556734190634,0.731058584489497,0.1192029110704336,1,0,0.0,0.0,0.0,0,0,-0.0179862087448156,0.9820137912551844,1.0,1,1,0.10356010440576069,0.7549149758396752,0.6513548714339145,1,1,0.05048191317196726,0.7137679425837322,0.663286029411765,1.0,1.0,-1.2405840135097108,7.833827751196171,9.074411764705882,1.0,1.0,-1.2999845201238358,8.397368421052633,9.697352941176469,1.0,1.0,-0.28225465803546435,7.752010047846889,8.034264705882354,1.0,1.0,-0.6930853196242609
QID559_522,Explanation A,1,4,-0.06289254795450683,0.8604651162790697,0.9233576642335766,1,1,0.017986213284926778,1.0,0.9820137867150732,1,1,0.0,0.0,0.0,0,0,2.220446049250313e-16,1.0,0.9999999999999998,1,1,-0.0850990531281591,0.0,0.0850990531281591,0,0,-0.01169752051983608,0.5438507352941179,0.555548255813954,1.0,1.0,0.1035499316005506,10.74029411764706,10.63674418604651,1.0,1.0,-0.5096607387140892,11.22117647058824,11.73083720930233,1.0,1.0,1.2145110807113548,9.148852941176472,7.934341860465117,1.0,1.0,0.19917568826949503
QID231_523,Explanation B,0,4,-0.014341085271318055,0.9023255813953488,0.9166666666666669,1,1,0.7679368539854106,0.9324533107374444,0.1645164567520338,1,0,0.0,0.0,0.0,0,0,0.08989068477525419,0.9706877674467156,0.8807970826714614,1,1,-0.4368436061379809,0.2689414155105029,0.7057850216484838,0,1,-0.33614245495495493,0.2861500000000003,0.6222924549549552,0.0,1.0,5.7813063063063,14.036666666666664,8.255360360360363,1.0,1.0,6.507328828828829,14.5535,8.04617117117117,1.0,1.0,3.353326576576576,11.33925,7.985923423423424,1.0,1.0,3.8264548141891876
QID1155_524,Explanation B,0,4,0.01857770120053348,0.9104046242774566,0.8918269230769231,1,1,0.0,0.0,0.0,0,0,0.0,0.0,0.0,0,0,-0.9626731121204182,0.0,0.9626731121204182,0,1,-0.474412122407565,0.1480472017906333,0.6224593241981983,0,1,-0.15313079777365501,0.5165181818181819,0.6696489795918369,1.0,1.0,2.74896722325294,11.675021645021648,8.926054421768708,1.0,1.0,2.0657625231911005,10.936987012987018,8.871224489795917,1.0,1.0,0.5435317254174379,9.303400432900432,8.759868707482994,1.0,1.0,1.3012826685219558
QID2183_525,Explanation B,0,4,0.09854910714285725,0.9071428571428573,0.80859375,1,1,-0.9999999999999998,0.0,0.9999999999999998,0,1,0.0,0.0,0.0,0,0,-0.9706877669697345,0.0293122330302655,1.0,0,1,0.04327178704508472,0.7981867849406659,0.7549149978955811,1,1,-0.09691730369384421,0.5399260080645163,0.6368433117583605,1.0,1.0,0.5139925009569541,10.347983870967743,9.83399137001079,1.0,1.0,-0.14598578487663616,10.926274193548387,11.072259978425024,1.0,1.0,1.2652566795420555,9.79291935483871,8.527662675296655,1.0,1.0,0.3840865229821323
QID960_526,Explanation A,1,4,0.015325107716411934,0.9184782608695652,0.9031531531531533,1,1,0.014063623750285248,1.0,0.9859363762497148,1,1,0.0,0.0,0.0,0,0,0.0,1.0,1.0,1,1,-0.3241373421997389,0.0534033265984065,0.3775406687981454,0,0,-0.1429932463369965,0.3111591346153847,0.4541523809523812,0.0,0.0,2.7991625966625993,14.73096153846154,11.931798941798942,1.0,1.0,3.6378272283272324,16.45719230769231,12.819365079365078,1.0,1.0,1.407721530321533,10.513705128205128,9.105983597883595,1.0,1.0,1.925429527243592
QID8_527,Explanation B,0,4,-0.015841584158415967,0.9,0.915841584158416,1,1,0.5312093733737563,1.0,0.4687906266262437,1,0,0.0,0.0,0.0,0,0,0.0,1.0,1.0,1,1,-0.40626983925184584,0.3486451421018059,0.7549149813536518,0,1,-0.1267383292383295,0.5325500000000001,0.6592883292383296,1.0,1.0,3.2230841230841207,12.098571428571429,8.875487305487308,1.0,1.0,4.288945701771786,13.31742236024845,9.028476658476665,1.0,1.0,-0.5809115593572116,7.257282298136646,7.838193857493858,1.0,1.0,1.7010949840650913
QID430_528,Explanation A,1,4,0.04288219352781775,0.9575163398692812,0.9146341463414634,1,1,0.3486451285660856,0.3486451285660856,0.0,0,0,0.0,0.0,0.0,0,0,0.914900946871841,0.914900946871841,0.0,1,0,0.610435556511184,0.7057850278370112,0.0953494713258273,1,0,0.2747645348837209,0.5017500000000001,0.2269854651162793,1.0,0.0,-5.280011074197127,9.93952380952381,15.219534883720936,1.0,1.0,-4.695472037652266,9.899702380952384,14.59517441860465,1.0,1.0,-1.6951781715270098,8.056849735449735,9.752027906976744,1.0,1.0,-2.8489741871231704
QID607_529,Explanation B,0,4,-0.011391007627458816,0.8183962264150944,0.8297872340425532,1,1,0.06754669817865522,1.0,0.9324533018213448,1,1,0.0,0.0,0.0,0,0,0.010986942286514423,1.0,0.9890130577134856,1,1,0.2682576007985529,0.9740426410126188,0.705785040214066,1,1,0.044400373471557786,0.6904350956937801,0.6460347222222224,1.0,1.0,-0.46431785693188843,8.612287081339716,9.076604938271604,1.0,1.0,0.41389154704944175,9.257224880382775,8.843333333333334,1.0,1.0,0.33490731643924665,7.997350526315789,7.6624432098765425,1.0,1.0,0.08222034500708944
QID555_530,Explanation A,1,4,-0.00387981759340994,0.8616504854368932,0.8655303030303031,1,1,0.5087731658130501,0.946596664927252,0.4378234991142019,1,0,0.0,0.0,0.0,0,0,0.7500277953516408,0.932453310268176,0.1824255149165352,1,0,0.0175523524335693,0.0850990473273455,0.0675466948937762,0,0,0.26045630952380944,0.5141738095238096,0.2537175000000002,1.0,0.0,-2.5400476190476162,11.650952380952385,14.191,1.0,1.0,-2.534961904761909,12.508238095238092,15.0432,1.0,1.0,-1.2614380952380966,9.305261904761904,10.5667,1.0,1.0,-1.5189978273809532
QID605_531,Explanation A,1,4,0.001726643141547024,0.8494423791821561,0.8477157360406091,1,1,-0.932453315430128,0.0,0.932453315430128,0,1,0.0,0.0,0.0,0,0,-1.0,0.0,1.0,0,1,-0.2270988110727945,0.0179862130875304,0.2450850241603249,0,0,-0.2719507104612595,0.2223271800947867,0.4942778905560462,0.0,0.0,4.3588903092490305,15.189137440758298,10.830247131509267,1.0,1.0,4.8230523125703275,14.50042654028436,9.677374227714033,1.0,1.0,1.6623216996356618,10.520121611374408,8.857799911738747,1.0,1.0,2.64307840274844
QID809_532,Explanation A,1,4,-0.05218515037593985,0.8759398496240601,0.928125,1,1,-0.5312093733737562,0.0,0.5312093733737562,0,1,0.0,0.0,0.0,0,0,-0.9875683485065132,0.0,0.9875683485065132,0,1,-0.2942149721629887,0.0,0.2942149721629887,0,0,-0.09398645702306085,0.6218722222222223,0.7158586792452831,1.0,1.0,0.5479529466573503,8.877160493827162,8.329207547169812,1.0,1.0,0.525424528301885,10.334999999999996,9.80957547169811,1.0,1.0,0.6568943722338689,7.355904938271605,6.699010566037736,1.0,1.0,0.40907134754251084
QID1733_533,Explanation A,1,4,-0.0797557196244646,0.7850241545893719,0.8647798742138365,1,1,1.0,1.0,0.0,1,0,0.0,0.0,0.0,0,0,1.0,1.0,0.0,1,0,0.3982451331759271,0.5312093733737563,0.1329642401978292,1,0,0.35254883760107847,0.468639285714286,0.1160904481132075,0.0,0.0,-5.483614106019772,10.895238095238096,16.378852201257867,1.0,1.0,-5.355405660377359,12.597,17.95240566037736,1.0,1.0,-2.922546630727762,9.84302380952381,12.765570440251572,1.0,1.0,-3.3522543898809536
QID1159_534,Explanation A,1,4,-0.043845315904139426,0.7453703703703703,0.7892156862745098,1,1,0.437823499114202,0.437823499114202,0.0,0,0,0.0,0.0,0.0,0,0,0.9241418184118164,0.9241418184118164,0.0,1,0,0.02780278035960171,0.0953494719684991,0.0675466916088974,0,0,0.3108628530919672,0.6024303099885191,0.2915674568965519,1.0,0.0,-4.970955665967246,8.543096058170686,13.514051724137932,1.0,1.0,-5.212693198463912,9.218082663605053,14.430775862068964,1.0,1.0,-2.416768182957888,7.781352506697283,10.198120689655171,1.0,1.0,-3.0723885485742697
QID1381_535,Explanation B,0,4,-0.003489367305286817,0.9036144578313252,0.907103825136612,1,1,2.220446049250313e-16,1.0000000000000002,1.0,1,1,0.0,0.0,0.0,0,0,-0.4378234991142017,0.5621765008857981,0.9999999999999998,1,1,-0.8175744828610096,0.1824255171389904,1.0,0,1,-0.09032212739500128,0.4806091711229948,0.5709312985179961,0.0,1.0,1.720161424112856,11.014395721925135,9.29423429781228,1.0,1.0,1.6352707950441374,11.318877005347597,9.68360621030346,1.0,1.0,0.719371609372816,9.968084171122994,9.248712561750178,1.0,1.0,0.996120425283702
QID981_536,Explanation B,0,4,0.0011344449134655932,0.9223300970873786,0.921195652173913,1,1,0.532151944208463,0.6513548646660542,0.1192029204575912,1,0,0.0,0.0,0.0,0,0,-0.02595735823387202,0.974042641766128,1.0,1,1,0.8640551692824356,0.9241418194564432,0.0600866501740076,1,0,0.1977073696911198,0.6275804054054056,0.4298730357142858,1.0,0.0,-3.562314671814672,8.916756756756758,12.47907142857143,1.0,1.0,-3.7577177606177568,9.918810810810813,13.67652857142857,1.0,1.0,-0.7185258687258678,7.882802702702703,8.60132857142857,1.0,1.0,-1.9602127328667942
QID485_537,Explanation A,1,4,0.09258719163932438,0.9028436018957346,0.8102564102564103,1,1,0.0,1.0,1.0,1,1,-0.0203323527490278,0.0,0.0203323527490278,0,0,0.0,1.0,1.0,1,1,-0.318620588043768,0.5621765008857982,0.8807970889295662,1,1,-0.00942581632653089,0.4888959523809524,0.4983217687074833,0.0,0.0,0.7434361300075558,10.946497354497351,10.203061224489796,1.0,1.0,0.9736054421768774,12.317619047619049,11.344013605442171,1.0,1.0,-0.3023531972789115,9.085368571428573,9.387721768707484,1.0,1.0,0.3513156396447477
QID59_538,Explanation A,1,4,0.03694231315714691,0.8823529411764706,0.8454106280193237,1,1,-0.0534033262217691,0.0,0.0534033262217691,0,0,0.0,0.0,0.0,0,0,-0.5,0.0,0.5,0,0,-0.026606335460644726,0.679178686187839,0.7057850216484838,1,1,-0.05833217976497451,0.4256826572847683,0.4840148370497428,0.0,0.0,0.718787414946668,11.82223509933775,11.103447684391082,1.0,1.0,-0.5338839412493073,10.93365894039735,11.467542881646658,1.0,1.0,0.8000584326332216,10.010315894039737,9.210257461406515,1.0,1.0,0.23165743164140196
QID409_539,Explanation A,1,4,0.014983351831298508,0.8679245283018868,0.8529411764705883,1,1,-0.1066905946557489,0.0,0.1066905946557489,0,0,0.0,0.0,0.0,0,0,-0.9875683473974204,0.0,0.9875683473974204,0,1,0.24281694329389625,0.835483543247966,0.5926665999540698,1,1,-0.0764642307692307,0.6370376923076926,0.7135019230769233,1.0,1.0,1.3764786324786344,9.33323076923077,7.956752136752136,1.0,1.0,1.7495032051282102,9.915913461538466,8.166410256410256,1.0,1.0,0.8489191025641034,8.08428576923077,7.235366666666666,1.0,1.0,0.9746091773504293
QID1256_540,Explanation B,0,4,0.04294423525192759,0.9393939393939394,0.8964497041420119,1,1,-0.23265335474140103,0.7549149923816048,0.9875683471230058,1,1,0.0,0.0,0.0,0,0,0.0,1.0,1.0,1,1,-0.19984921697523284,0.2689414096510109,0.4687906266262437,0,0,-0.1696161757830762,0.3944048387096777,0.5640210144927539,0.0,1.0,2.9334902825085134,11.981751152073734,9.04826086956522,1.0,1.0,3.514098210111536,12.686417050691247,9.172318840579711,1.0,1.0,2.2496345087824743,9.736015668202764,7.48638115942029,1.0,1.0,2.1319017064048618
QID610_541,Explanation A,1,4,0.029166666666666785,0.8833333333333334,0.8541666666666666,1,1,0.1480471961522175,1.0,0.8519528038477825,1,1,0.0,0.0,0.0,0,0,-0.07266738930203875,0.9149009607937928,0.9875683500958315,1,1,0.0,0.0,0.0,0,0,-0.23132604820846125,0.3471350798403193,0.5784611280487806,0.0,1.0,3.7530618032228293,15.053732534930145,11.300670731707315,1.0,1.0,3.580442115768472,16.628942115768467,13.048499999999995,1.0,1.0,2.358461038897815,10.500985429141718,8.142524390243903,1.0,1.0,2.3651597274201634
QID2157_542,Explanation A,1,4,-0.06557595105081138,0.9106145251396648,0.9761904761904762,1,1,0.8490495636675697,0.9820137935581392,0.1329642298905696,1,0,0.0,0.0,0.0,0,0,0.08509905196799639,1.0,0.9149009480320036,1,1,-0.4206460947367745,0.2018132294614237,0.6224593241981982,0,1,-0.259766431778855,0.3704979038854807,0.6302643356643357,0.0,1.0,5.8738345703376424,14.568916155419227,8.695081585081585,1.0,1.0,7.762488852660635,17.46597137014315,9.703482517482517,1.0,1.0,3.363896629342028,11.280592433537832,7.916695804195804,1.0,1.0,4.1851134051403625
QID933_543,Explanation B,0,4,0.019360135600402617,0.9216589861751152,0.9022988505747126,1,1,0.7772998611746911,0.7772998611746911,0.0,1,0,0.0,0.0,0.0,0,0,0.974042641483562,0.974042641483562,0.0,1,0,0.6033205128863885,0.679178699175393,0.0758581862890044,1,0,0.26636475157158745,0.5414203807106602,0.2750556291390728,1.0,0.0,-4.161453812869487,10.404629441624364,14.56608325449385,1.0,1.0,-2.8715215940142826,11.157106598984775,14.028628192999058,1.0,1.0,-2.1083077799922236,8.140320507614213,10.248628287606437,1.0,1.0,-2.2187296088261013
QID1735_544,Explanation A,1,4,-0.011772348448838565,0.8439490445859873,0.8557213930348259,1,1,0.817574471748733,0.817574471748733,0.0,1,0,0.0,0.0,0.0,0,0,0.9859363728017916,0.9859363728017916,0.0,1,0,0.4378234991142019,0.4378234991142019,0.0,0,0,0.19204627515341804,0.5992881118881122,0.4072418367346941,1.0,0.0,-4.846185956900241,9.408916083916086,14.255102040816327,1.0,1.0,-6.063080134151562,9.672430069930066,15.735510204081628,1.0,1.0,-1.3944049700299708,8.142323601398601,9.536728571428572,1.0,1.0,-3.027906196482089
QID310_545,Explanation A,1,4,-0.015129740518962098,0.8982035928143713,0.9133333333333334,1,1,0.2689414272294874,0.2689414272294874,0.0,0,0,0.0,0.0,0.0,0,0,0.962673116537899,0.962673116537899,0.0,1,0,0.920639316486128,0.9740426423312598,0.0534033258451318,1,0,0.3205368506493505,0.5999375,0.2794006493506495,1.0,0.0,-5.9014123376623395,8.70625,14.60766233766234,1.0,1.0,-6.448775162337663,9.1485625,15.597337662337663,1.0,1.0,-1.1537461038961032,7.98285,9.136596103896103,1.0,1.0,-3.2958491883116885
QID1558_546,Explanation B,0,4,0.02246951422669441,0.9340974212034384,0.911627906976744,1,1,-0.010108610000834302,0.0229773712481147,0.033085981248949,0,0,0.0,0.0,0.0,0,0,-0.18242552380635624,0.8175744761936438,1.0,1,1,0.22490786734975254,0.8175744673038222,0.5926665999540697,1,1,0.2125568529003311,0.7779541501976287,0.5653972972972976,1.0,1.0,-4.779270156661463,6.895208607817306,11.674478764478769,1.0,1.0,-5.017901424857946,8.025032938076414,13.04293436293436,1.0,1.0,-1.713821845108801,6.476886649099693,8.190708494208494,1.0,1.0,-2.82460914343197
QID807_547,Explanation B,0,4,-0.043353254724600165,0.8804878048780488,0.923841059602649,1,1,0.6224593241981982,0.6224593241981982,0.0,1,0,0.0,0.0,0.0,0,0,0.98901305640801,0.98901305640801,0.0,1,0,0.1493395443869656,0.182425521583901,0.0330859771969354,0,0,0.21854691109633084,0.8032622336769762,0.5847153225806454,1.0,1.0,-3.6602551823522873,5.139099656357391,8.799354838709679,1.0,1.0,-4.894855448398188,5.066305841924397,9.961161290322584,1.0,1.0,-1.781397122270258,7.208096426116839,8.989493548387097,1.0,1.0,-2.5294902104811006
QID982_548,Explanation B,0,4,0.0034856284856283892,0.8908730158730158,0.8873873873873874,1,1,-0.3775406617944891,0.0,0.3775406617944891,0,0,0.0,0.0,0.0,0,0,-1.0,0.0,1.0,0,1,-0.08553838156984217,0.8670357477770338,0.952574129346876,1,1,-0.36846889734914356,0.2116049698795183,0.5800738672286618,0.0,1.0,6.070186520581805,15.255240963855424,9.18505444327362,1.0,1.0,5.786879340332883,15.899819277108437,10.112939936775554,1.0,1.0,2.3648969297633116,10.658290361445784,8.293393431682473,1.0,1.0,3.463373473332214
QID1156_549,Explanation B,0,4,0.009556093073961769,0.9390862944162436,0.9295302013422818,1,1,0.966914022445534,0.966914022445534,0.0,1,0,0.0,0.0,0.0,0,0,0.7651007940903236,0.9669140187510508,0.2018132246607271,1,0,-0.27339542384600213,0.6791787056691698,0.952574129515172,1,1,0.1565122315950917,0.5803750000000001,0.4238627684049084,1.0,0.0,-1.676371847307431,10.52888888888889,12.20526073619632,1.0,1.0,-1.2478721881390609,11.69533333333333,12.943205521472391,1.0,1.0,-1.6167540558963882,8.261388888888888,9.878142944785276,1.0,1.0,-1.096121464936947
QID1107_550,Explanation B,0,4,0.03314319433516921,0.8597560975609756,0.8266129032258064,1,1,0.0124316519851464,0.0124316519851464,0.0,0,0,0.0,0.0,0.0,0,0,1.0,1.0,0.0,1,0,0.9527015576123938,0.9706877688246608,0.017986211212267,1,0,0.28621994863013683,0.6701261986301371,0.3839062500000003,1.0,0.0,-5.363153538812789,8.263721461187213,13.626875000000002,1.0,1.0,-6.549646832191783,7.545821917808219,14.095468750000002,1.0,1.0,-2.662261929223744,8.579325570776255,11.2415875,1.0,1.0,-3.5722105878995447
QID205_551,Explanation B,0,4,-0.030599250936329536,0.8233333333333334,0.8539325842696629,1,1,0.0,1.0,1.0,1,1,0.0,0.0,0.0,0,0,0.0,1.0,1.0,1,1,-0.13426653482089013,0.0675466850391404,0.2018132198600305,0,0,-0.08671991869918716,0.4790134146341464,0.5657333333333335,0.0,1.0,2.5038914698670816,12.164076655052266,9.660185185185185,1.0,1.0,2.654187475803324,13.403493031358884,10.74930555555556,1.0,1.0,0.5670134662537105,10.286544947735193,9.719531481481482,1.0,1.0,1.4095931233062322
QID980_552,Explanation A,1,4,0.02651316282907068,0.914572864321608,0.8880597014925373,1,1,0.239629192367569,0.2689414213699951,0.0293122290024261,0,0,0.0,0.0,0.0,0,0,0.16451646084838645,0.9999999999999998,0.8354835391516133,1,1,0.5328642722543573,0.9706877713685592,0.437823499114202,1,0,0.13982312326227997,0.8265371794871796,0.6867140562248997,1.0,1.0,-4.58518552843854,5.6923646723646755,10.277550200803216,1.0,1.0,-5.793875630728039,5.477831196581199,11.271706827309238,1.0,1.0,-0.13331259911440618,6.872984188034188,7.006296787148594,1.0,1.0,-2.593137658754676
QID2110_553,Explanation B,0,4,0.06563342318059306,0.8738095238095239,0.8081761006289309,1,1,0.8933094067644467,0.8933094067644467,0.0,1,0,0.0,0.0,0.0,0,0,1.0,1.0,0.0,1,0,0.6501395855503809,0.7981867873410141,0.1480472017906333,1,0,0.26002038064416705,0.596611650485437,0.3365912698412699,1.0,0.0,-5.310895361380796,8.446088765603331,13.756984126984127,1.0,1.0,-6.640327367192837,7.762337031900138,14.402664399092975,1.0,1.0,-2.168842865948969,8.428804299583911,10.59764716553288,1.0,1.0,-3.4650113034696086
QID356_554,Explanation B,0,4,-0.022223312401883688,0.8629807692307693,0.885204081632653,1,1,0.5893733594592762,0.9669140212537652,0.3775406617944891,1,0,0.0,0.0,0.0,0,0,0.04742587115801278,1.0,0.9525741288419872,1,1,-0.5157687245717646,0.1066905996264336,0.6224593241981982,0,1,0.3013430488560122,0.6331220600500419,0.3317790111940297,1.0,0.0,-5.4684234893090835,9.15375312760634,14.622176616915423,1.0,1.0,-6.138667204013299,9.738907422852373,15.877574626865671,1.0,1.0,-2.507864445910565,7.009711175979984,9.517575621890549,1.0,1.0,-3.453403022594234
QID1559_555,Explanation B,0,4,0.08623813093453292,0.9367816091954024,0.8505434782608695,1,1,0.014063630207070577,0.9999999999999998,0.9859363697929292,1,1,0.0,0.0,0.0,0,0,-4.440892098500626e-16,0.9999999999999998,1.0000000000000002,1,1,1.978072039499068e-09,0.9875683516622816,0.9875683496842096,1,1,0.1803497396466715,0.6231165763813654,0.4427668367346939,1.0,0.0,-4.450450542080322,8.474651498736009,12.92510204081633,1.0,1.0,-5.847916510049309,8.233716143011918,14.081632653061227,1.0,1.0,-1.900281053353087,7.785092416034669,9.685373469387756,1.0,1.0,-3.0045745914590114
QID1730_556,Explanation A,1,4,-0.01687109356642713,0.8815028901734103,0.8983739837398375,1,1,0.2018132294614237,0.2018132294614237,0.0,0,0,0.0,0.0,0.0,0,0,-2.220446049250313e-16,0.9999999999999998,1.0,1,1,0.33113291084933294,0.893309411735131,0.5621765008857981,1,1,0.19236731627425296,0.7396301894085816,0.5472628731343286,1.0,1.0,-3.027023896751267,6.592752222651722,9.619776119402989,1.0,1.0,-2.483208897530128,6.957313490529572,9.4405223880597,1.0,1.0,-0.7069044706886896,7.648977618863549,8.355882089552239,1.0,1.0,-1.5061924871739578
QID2156_557,Explanation B,0,4,-0.03161828111526288,0.8204225352112676,0.8520408163265305,1,1,0.05671936797353827,0.679178699175393,0.6224593312018547,1,1,0.0,0.0,0.0,0,0,0.0,1.0,1.0,1,1,0.33273873822463507,0.9840936096585496,0.6513548714339146,1,1,0.10076830508474555,0.5025933050847459,0.4018250000000003,1.0,0.0,-2.7883971631205657,10.469333333333337,13.257730496453902,1.0,1.0,-3.426541651640825,10.677288135593216,14.10382978723404,1.0,1.0,-0.6824774516167809,7.815154463276836,8.497631914893617,1.0,1.0,-1.6991619903233566
QID1282_558,Explanation B,0,4,-0.08271865121180189,0.8076923076923077,0.8904109589041096,1,1,0.9840936087546922,0.9840936087546922,0.0,1,0,0.0,0.0,0.0,0,0,1.0,1.0,0.0,1,0,0.4859760166598849,0.8933094167058151,0.4073334000459302,1,0,0.25040991149171077,0.561951214574899,0.3115413030831883,1.0,0.0,-5.06796946723097,8.90595141700405,13.97392088423502,1.0,1.0,-5.777823598128091,7.816376518218622,13.594200116346713,1.0,1.0,-2.20387660465434,9.181528340080972,11.385404944735312,1.0,1.0,-3.1998149396304223
QID983_559,Explanation B,0,4,0.023693209574987772,0.8932584269662921,0.8695652173913043,1,1,1.0,1.0,0.0,1,0,0.0,0.0,0.0,0,0,0.9999999999999998,0.9999999999999998,0.0,1,0,0.001631979331424999,0.0140636292127255,0.0124316498813005,0,0,0.09617784374150296,0.5074371657754014,0.4112593220338985,1.0,0.0,-2.9485536032594837,10.603351158645278,13.551904761904762,1.0,1.0,-4.700638344706135,11.392727272727278,16.093365617433413,1.0,1.0,-0.514046859853341,8.658658467023173,9.172705326876514,1.0,1.0,-2.0167652410193644
QID407_560,Explanation A,1,4,-0.007113302227308771,0.8550488599348535,0.8621621621621622,1,1,-0.041589328490614585,0.9324533121452496,0.9740426406358642,1,1,0.0,0.0,0.0,0,0,0.0,1.0,1.0,1,1,-0.012753626683037145,0.9669140204195272,0.9796676471025644,1,1,0.03380598290598269,0.689761111111111,0.6559551282051284,1.0,1.0,-0.3125735992402632,7.930246913580248,8.242820512820511,1.0,1.0,0.21256410256410518,9.55,9.337435897435896,1.0,1.0,0.5700841168091166,8.330596296296296,7.760512179487179,1.0,1.0,0.12597015075973533
QID934_561,Explanation B,0,4,-0.009739339849836992,0.9294871794871794,0.9392265193370164,1,1,-0.6370909604104837,0.3208213073183839,0.9579122677288676,0,1,0.0,0.0,0.0,0,0,-2.220446049250313e-16,1.0,1.0000000000000002,1,1,0.0420877300182804,0.0420877300182804,0.0,0,0,-0.26909743106955836,0.3086715231788079,0.5777689542483663,0.0,1.0,4.392960716295349,14.09720908230842,9.704248366013072,1.0,1.0,4.088922743490336,14.683661305581836,10.5947385620915,1.0,1.0,2.3437769912379967,11.189754115421003,8.845977124183007,1.0,1.0,2.639140754988531
QID135_562,Explanation A,1,4,0.033230842005676275,0.9107142857142856,0.8774834437086093,1,1,-1.0,0.0,1.0,0,1,0.0,0.0,0.0,0,0,-1.0,0.0,1.0,0,1,-0.4830849003591544,0.2942149659744614,0.7772998663336158,0,1,-0.2934400487540628,0.1963769230769233,0.4898169718309861,0.0,0.0,4.770715472321108,16.27659340659341,11.505877934272302,1.0,1.0,5.309857607181549,17.814505494505497,12.504647887323948,1.0,1.0,2.2333550767325843,11.37422240067625,9.140867323943665,1.0,1.0,3.0051220268702945
QID2105_563,Explanation A,1,4,-0.10786910790806381,0.7980132450331126,0.9058823529411764,1,1,-0.48378350103767026,0.0474258723360859,0.5312093733737562,0,1,0.0,0.0,0.0,0,0,0.14804720179063335,1.0,0.8519527982093666,1,1,0.9770226305081272,0.9770226305081272,0.0,1,0,0.078294625022294,0.3523801587301591,0.2740855337078651,0.0,0.0,-1.57553147850901,13.165873015873018,14.741404494382028,1.0,1.0,-2.046727510940997,13.447429792429794,15.494157303370791,1.0,1.0,-0.5665377728388954,9.584742002442002,10.151279775280898,1.0,1.0,-1.027625534316652
QID1206_564,Explanation A,1,4,-0.07697255574614059,0.8207547169811321,0.8977272727272727,1,1,-0.9579122753885636,0.0,0.9579122753885636,0,1,0.0,0.0,0.0,0,0,-0.9820137916170774,0.0,0.9820137916170774,0,1,0.14616776849288352,0.2942149721629888,0.1480472036701053,0,0,-0.062011253309797176,0.5677909090909091,0.6298021624007063,1.0,1.0,2.0199142604967832,10.95987012987013,8.939955869373346,1.0,1.0,3.161765477241204,11.99316883116883,8.831403353927627,1.0,1.0,1.00212950027319,8.633521645021645,7.631392144748455,1.0,1.0,1.530449496175345
QID1108_565,Explanation A,1,4,-0.001837822671155842,0.9197530864197532,0.921590909090909,1,1,-2.220446049250313e-16,0.9999999999999998,1.0,1,1,0.0,0.0,0.0,0,0,-2.220446049250313e-16,0.9999999999999998,1.0,1,1,0.25539797308539025,0.4378234991142018,0.1824255260288116,0,0,-0.2027510583524027,0.4358157894736845,0.6385668478260872,0.0,1.0,3.245218662598525,11.710701754385966,8.46548309178744,1.0,1.0,4.279660564454616,13.795964912280702,9.516304347826086,1.0,1.0,2.00986381896771,9.934572514619884,7.924708695652174,1.0,1.0,2.332997996917112
QID834_566,Explanation B,0,4,-0.05789473684210522,0.8,0.8578947368421053,1,1,-0.242984061817482,0.0259573595525131,0.2689414213699951,0,0,0.0,0.0,0.0,0,0,-0.6224593312018547,0.0,0.6224593312018547,0,1,-0.1824255238063563,0.0,0.1824255238063563,0,0,-0.29529044077338285,0.3873669535928147,0.6826573943661975,0.0,1.0,5.468380472455496,12.83351796407186,7.365137491616363,1.0,1.0,6.0883355522355735,13.206182634730546,7.117847082494972,1.0,1.0,1.6897129820841208,11.195911976047904,9.506198993963784,1.0,1.0,3.237784641500452
QID131_567,Explanation B,0,4,-0.03464416091372402,0.8835616438356164,0.9182058047493404,1,1,0.11600953777867962,0.2227001388253088,0.1066906010466292,0,0,0.0,0.0,0.0,0,0,0.4378234991142018,0.4378234991142018,0.0,0,0,-0.0140636268882826,0.0,0.0140636268882826,0,0,0.1124181778133761,0.4799481778133762,0.3675300000000001,0.0,0.0,-1.75689211816084,11.485298358029636,13.242190476190476,1.0,1.0,-2.415940019451911,11.234745694833803,13.650685714285714,1.0,1.0,-1.518127867726987,9.181429275130156,10.699557142857143,1.0,1.0,-1.3946354568815904
QID105_568,Explanation A,1,4,-0.02286072183512089,0.8962264150943395,0.9190871369294604,1,1,-1.0,0.0,1.0,0,1,0.0,0.0,0.0,0,0,-1.0,0.0,1.0,0,1,-0.03914389619909349,0.067546693485971,0.1066905896850645,0,0,-0.24899424223042677,0.3347847457627122,0.583778987993139,0.0,1.0,4.906633178142611,14.618571428571432,9.71193825042882,1.0,1.0,5.261328811898041,16.04014527845036,10.77881646655232,1.0,1.0,2.29745239590385,11.13530419693301,8.83785180102916,1.0,1.0,3.0541050359285187
QID235_569,Explanation A,1,4,-0.02592698845298702,0.8507853403141362,0.8767123287671232,1,1,-1.0,0.0,1.0,0,1,0.0,0.0,0.0,0,0,0.0,1.0,1.0,1,1,-0.019491285763535537,0.904650541527608,0.9241418272911436,1,1,-0.17214392697452413,0.3797825491091828,0.5519264760837069,0.0,1.0,2.283654189550825,12.275500228414804,9.99184603886398,1.0,1.0,1.1051122134657518,11.94650982183645,10.841397608370698,1.0,1.0,0.3232069629298806,8.421799040657834,8.098592077727954,1.0,1.0,0.8849573597429834
QID785_570,Explanation A,1,4,-0.06296492352269245,0.8426294820717132,0.9055944055944056,1,1,0.4073334000459302,0.4073334000459302,0.0,0,0,0.0,0.0,0.0,0,0,1.0,1.0,0.0,1,0,0.09534947068315558,1.0,0.9046505293168444,1,1,0.10417548076923089,0.7667500000000003,0.6625745192307694,1.0,1.0,-3.517994505494503,6.311428571428575,9.829423076923078,1.0,1.0,-3.9164480519480467,7.8790519480519485,11.795499999999995,1.0,1.0,-0.742426906426906,6.856201298701299,7.598628205128205,1.0,1.0,-2.0181734957750566
QID1307_571,Explanation B,0,4,0.09883996212121215,0.88671875,0.7878787878787878,1,1,0.9399133479324784,0.9399133479324784,0.0,1,0,0.0,0.0,0.0,0,0,1.0,1.0,0.0,1,0,-0.04777214945254282,0.9149009607937928,0.9626731102463356,1,1,0.12095400571439391,0.5239204974271012,0.4029664917127073,1.0,0.0,-1.4074544317352604,10.546843910806178,11.954298342541438,1.0,1.0,-1.3984351752698458,10.734382504288163,12.13281767955801,1.0,1.0,-0.7327318203614404,9.210257461406515,9.942989281767955,1.0,1.0,-0.8544168554130382
QID2109_572,Explanation A,1,4,0.01606060606060611,0.8600000000000001,0.843939393939394,1,1,2.5706874406949964e-09,0.9046505312448598,0.9046505286741724,1,1,0.0,0.0,0.0,0,0,0.0,1.0,1.0,1,1,0.0826103079537748,0.2018132174596822,0.1192029095059074,0,0,-0.20280338741037812,0.2854583333333335,0.4882617207437116,0.0,0.0,5.316908798152873,15.635833333333334,10.31892453518046,1.0,1.0,6.510687462024553,15.629958333333336,9.119270871308784,1.0,1.0,0.5573761407825977,10.386979166666666,9.829603025884069,1.0,1.0,3.0455422533874117
QID7_573,Explanation B,0,4,0.046600458365164354,0.8701298701298702,0.8235294117647058,1,1,0.0,0.0,0.0,0,0,0.0,0.0,0.0,0,0,0.0,0.0,0.0,0,0,-0.16346659132334249,0.0189589347054691,0.1824255260288116,0,0,0.37301201966982817,0.6530915068493154,0.2800794871794872,1.0,0.0,-6.887658587987361,7.631059360730592,14.518717948717953,1.0,1.0,-9.07614471373375,7.355342465753427,16.431487179487178,1.0,1.0,-2.2644964805057946,8.398285570776256,10.66278205128205,1.0,1.0,-4.463821940639269
QID1631_574,Explanation A,1,4,0.01288614298323043,0.8818181818181818,0.8689320388349514,1,1,-0.5926665999540697,0.0,0.5926665999540697,0,1,0.0,0.0,0.0,0,0,-1.0,0.0,1.0,0,1,-0.7327498693094537,0.1192029345383288,0.8519528038477825,0,1,-0.23934902015682508,0.489187354651163,0.728536374807988,0.0,1.0,6.296930679098349,12.843895348837211,6.546964669738863,1.0,1.0,6.900445093416206,13.38870930232558,6.488264208909374,1.0,1.0,1.7495716486264454,9.596337209302328,7.846765560675883,1.0,1.0,3.6768996002460437
QID332_575,Explanation B,0,4,-0.026873046284158653,0.8404255319148936,0.8672985781990522,1,1,0.9706877664927535,1.0,0.0293122335072465,1,0,0.0,0.0,0.0,0,0,0.9241418262465171,1.0000000000000002,0.0758581737534831,1,0,0.13398356579609372,0.985936371523348,0.8519528057272543,1,1,0.2963279692082111,0.6641098240469211,0.36778185483871,1.0,0.0,-5.645029325513196,8.027927663734118,13.672956989247314,1.0,1.0,-5.044325513196483,7.383900293255131,12.428225806451614,1.0,1.0,-2.43682091886608,6.597502737047898,9.034323655913978,1.0,1.0,-3.207461947091887
QID1556_576,Explanation A,1,4,0.050478796938397186,0.92353579175705,0.8730569948186528,1,1,-1.0000000000000002,0.0,1.0000000000000002,0,1,0.0,0.0,0.0,0,0,-0.9465966762263736,0.0,0.9465966762263736,0,1,-0.1082159690733298,0.01098694356163,0.1192029126349598,0,0,-0.2861579151388162,0.2528668674698798,0.539024782608696,0.0,1.0,5.258401855870694,15.386488812392432,10.128086956521738,1.0,1.0,5.76157318715857,16.927986230636833,11.166413043478263,1.0,1.0,2.081216910873307,10.23459604130809,8.153379130434782,1.0,1.0,3.2037585096909384
QID558_577,Explanation B,0,4,-0.028465821812595826,0.8986175115207373,0.9270833333333331,1,1,-0.1824255304737224,0.0,0.1824255304737224,0,0,0.0,0.0,0.0,0,0,-0.8807970858005139,0.0,0.8807970858005139,0,1,-0.5312093733737562,0.0,0.5312093733737562,0,1,-0.5811147012578617,0.2424375,0.8235522012578617,0.0,1.0,8.36367924528302,14.348333333333336,5.984654088050316,1.0,1.0,8.280581761006289,14.634999999999998,6.354418238993709,1.0,1.0,4.841380503144653,11.5141,6.672719496855346,1.0,1.0,5.226131702044024
QID1283_578,Explanation B,0,4,0.04392342178601716,0.8931297709923663,0.8492063492063492,1,1,1.0,1.0,0.0,1,0,0.0,0.0,0.0,0,0,1.0,1.0,0.0,1,0,0.1612507391885844,0.2942149845400437,0.1329642453514593,0,0,0.2009237089437424,0.5768270202020205,0.3759033112582781,1.0,0.0,-3.2831223540991754,9.876338383838384,13.15946073793756,1.0,1.0,-3.9759666855403726,11.549880050505044,15.525846736045416,1.0,1.0,-1.889552322658945,7.836228282828284,9.725780605487229,1.0,1.0,-2.2369294133386877
QID408_579,Explanation B,0,4,-0.024198427102238185,0.8793103448275862,0.9035087719298244,1,1,-0.3700065153790618,0.5926665999540698,0.9626731153331316,1,1,0.0,0.0,0.0,0,0,0.020332352600620163,1.0,0.9796676473993798,1,1,0.31745401162048137,0.9399133498259924,0.622459338205511,1,1,0.16618303571428583,0.6096392857142859,0.4434562500000001,1.0,0.0,-2.347722897669705,8.928571428571427,11.276294326241132,1.0,1.0,-1.8313984802431627,9.201314285714286,11.032712765957449,1.0,1.0,-2.357262208713273,7.752728571428571,10.109990780141844,1.0,1.0,-1.5925501377279636
QID1555_580,Explanation B,0,4,0.035618279569892386,0.8689516129032258,0.8333333333333334,1,1,-0.7057850216484838,0.0,0.7057850216484838,0,1,0.0,0.0,0.0,0,0,-0.924141813188682,0.0,0.924141813188682,0,1,-0.9740426440737499,0.0259573559262501,1.0,0,1,-0.48098190045248895,0.07615,0.557131900452489,0.0,1.0,7.258949220713927,16.48888888888889,9.229939668174964,1.0,1.0,7.3517546505781795,16.440555555555555,9.088800904977376,1.0,1.0,3.442745852187029,12.4243,8.981554147812972,1.0,1.0,4.393116955756661
QID482_581,Explanation B,0,4,-0.14227377300613508,0.754601226993865,0.8968750000000001,1,1,1.0,1.0,0.0,1,0,0.0,0.0,0.0,0,0,0.9999999999999998,0.9999999999999998,0.0,1,0,-0.2018132174596823,0.0,0.2018132174596823,0,0,0.12642045454545436,0.5845954545454546,0.4581750000000002,1.0,0.0,-1.8825252525252552,10.35080808080808,12.233333333333334,1.0,1.0,-1.6130454545454516,11.05045454545455,12.6635,1.0,1.0,-0.9578454545454544,7.917598989898989,8.875444444444444,1.0,1.0,-1.0817489267676768
QID1281_582,Explanation A,1,4,0.014705882352941235,0.8088235294117647,0.7941176470588235,1,1,0.0,0.0,0.0,0,0,0.0,0.0,0.0,0,0,0.0,0.0,0.0,0,0,-0.7574878298333755,0.0600866508051788,0.8175744806385543,0,1,-0.13514233296823658,0.4193000000000003,0.5544423329682369,0.0,1.0,3.7366507588796747,12.860714285714288,9.124063526834613,1.0,1.0,4.911656039743388,12.95982142857143,8.048165388828043,1.0,1.0,-0.0630500762791435,10.790151785714286,10.85320186199343,1.0,1.0,2.1125285973439207
QID930_583,Explanation A,1,4,0.01234652425943683,0.9128440366972478,0.900497512437811,1,1,0.021755375989963244,0.9796676474735838,0.9579122714836206,1,1,0.0,0.0,0.0,0,0,0.0,1.0,1.0,1,1,0.4597023700635001,0.8670357701094303,0.4073334000459302,1,0,-0.07194756228096733,0.3900647151898738,0.4620122774708411,0.0,0.0,0.9174249559021206,12.5276582278481,11.61023327194598,1.0,1.0,1.3089625925666866,13.068164556962024,11.759201964395338,1.0,1.0,0.7661227374097646,9.413062025316457,8.646939287906692,1.0,1.0,0.7301406808994011
QID1260_584,Explanation A,1,4,-0.0722411391425476,0.793956043956044,0.8661971830985916,1,1,-0.2942149659744614,0.0,0.2942149659744614,0,0,0.0,0.0,0.0,0,0,-0.9840936085214388,0.0,0.9840936085214388,0,1,0.1480471999111614,0.1480471999111614,0.0,0,0,-0.2048354615628637,0.321909693877551,0.5267451554404147,0.0,1.0,4.096868140002115,14.610816326530614,10.513948186528498,1.0,1.0,5.777892830707415,15.5955612244898,9.817668393782384,1.0,1.0,0.4987688421275269,10.410424489795918,9.911655647668391,1.0,1.0,2.5421735878185485
QID432_585,Explanation A,1,4,0.03213162768660904,0.9311926605504588,0.8990610328638498,1,1,-0.2532956607947595,0.6513548646660541,0.9046505254608136,1,1,0.0,0.0,0.0,0,0,0.2712375898759085,0.9770226300899744,0.7057850402140659,1,1,0.8951264278799704,0.9324533121452496,0.0373268842652792,1,0,0.1864169498036392,0.5789936523125999,0.3925767025089607,1.0,0.0,-3.384304710946477,8.505623604465711,11.889928315412188,1.0,1.0,-4.126008883401077,8.185231259968099,12.311240143369176,1.0,1.0,-1.3509736180137555,8.02955505582137,9.380528673835126,1.0,1.0,-2.1687175656394175
QID835_586,Explanation A,1,4,-0.01409711344819864,0.8761467889908258,0.8902439024390244,1,1,0.0,0.0,0.0,0,0,0.0,0.0,0.0,0,0,-0.2018132270610753,0.0,0.2018132270610753,0,0,-0.7074891039686804,0.2450850186463482,0.9525741226150286,0,1,-0.24074303405572778,0.4383911764705883,0.6791342105263161,0.0,1.0,3.9709818664307797,12.935042016806722,8.964060150375943,1.0,1.0,4.592921716054841,14.595327731092432,10.002406015037591,1.0,1.0,2.163621804511278,9.578071428571429,7.4144496240601505,1.0,1.0,2.621695588235293
QID60_587,Explanation A,1,4,0.003219696969696817,0.8895833333333333,0.8863636363636365,1,1,1.0,1.0,0.0,1,0,0.0,0.0,0.0,0,0,1.0,1.0,0.0,1,0,-0.8016680909808014,0.1824255149165352,0.9840936058973366,0,1,0.27434483695652173,0.5620285714285717,0.2876837344720499,1.0,0.0,-3.617934782608696,10.427142857142858,14.045077639751554,1.0,1.0,-4.2520217391304325,10.534142857142855,14.786164596273288,1.0,1.0,-3.0132563146997917,9.565480952380952,12.578737267080744,1.0,1.0,-2.6522169998706
QID2081_588,Explanation B,0,4,-0.020546941407509456,0.8165137614678899,0.8370607028753994,1,1,0.572820790391956,0.7057850340255386,0.1329642436335826,1,0,0.0,0.0,0.0,0,0,-0.017998924122734183,0.9399133464597458,0.95791227058248,1,1,-0.0373268838636901,0.0,0.0373268838636901,0,0,-0.10836817542513766,0.5033636427566808,0.6117318181818184,1.0,1.0,0.9286945403401141,10.42414908579466,9.495454545454546,1.0,1.0,-0.08049437412095628,10.391005625879046,10.471500000000002,1.0,1.0,1.7048717811021596,9.204280872011251,7.499409090909092,1.0,1.0,0.611175942974045
QID833_589,Explanation A,1,4,-0.05467302763468418,0.8306772908366534,0.8853503184713376,1,1,-0.2942149721629887,0.0,0.2942149721629887,0,0,0.0,0.0,0.0,0,0,-0.022977368530121223,0.9770226314698788,1.0,1,1,0.175855868167883,0.9740426411068076,0.7981867729389246,1,1,0.11634922649976376,0.6585371575342467,0.5421879310344829,1.0,1.0,-3.198165080864653,8.425365296803658,11.623530377668311,1.0,1.0,-3.806757540994667,9.631986301369864,13.43874384236453,1.0,1.0,-0.5850383291720078,7.642019634703196,8.227057963875204,1.0,1.0,-1.868402931132891
QID1110_590,Explanation A,1,4,-0.019601677148846974,0.8081761006289309,0.8277777777777778,1,1,0.0,0.0,0.0,0,0,0.0,0.0,0.0,0,0,-1.0,0.0,1.0,0,1,-0.1066906024668248,0.0,0.1066906024668248,0,0,-0.23747921046362738,0.1925552325581398,0.4300344430217672,0.0,0.0,3.821726468749066,15.699767441860462,11.878040973111396,1.0,1.0,4.019452699282368,16.48465116279069,12.465198463508322,1.0,1.0,2.37731695004417,11.496272093023256,9.118955142979086,1.0,1.0,2.4952542269029943
QID964_591,Explanation A,1,5,-0.023492286115006977,0.9112903225806452,0.9347826086956522,1,1,-0.9840936047310688,0.0,0.9840936047310688,0,1,0.0,0.0,0.0,0,0,-1.0,0.0,1.0,0,1,0.6651150735784674,0.679178699175393,0.0140636255969255,1,0,-0.06626928571428575,0.4869700000000003,0.553239285714286,0.0,1.0,1.3296507936507922,11.044888888888888,9.715238095238096,1.0,1.0,1.708827380952382,11.883541666666666,10.174714285714284,1.0,1.0,0.7547684126984127,10.07145888888889,9.316690476190477,1.0,1.0,0.9317443253968253
QID638_592,Explanation A,1,5,0.04300646647178663,0.8826291079812206,0.839622641509434,1,1,0.8933094032139577,0.8933094032139577,0.0,1,0,0.0,0.0,0.0,0,0,1.0,1.0,0.0,1,0,0.3174540216303764,0.3775406758018018,0.0600866541714254,0,0,-0.07619489157165193,0.5987571428571431,0.674952034428795,1.0,1.0,0.8773217080259315,8.484285714285715,7.606964006259783,1.0,1.0,1.690334451151351,8.87985714285714,7.18952269170579,1.0,1.0,2.2065463000223575,8.515976190476191,6.309429890453834,1.0,1.0,1.174501891906997
QID12_593,Explanation A,1,5,-0.058864376902943216,0.8608247422680412,0.9196891191709844,1,1,-0.8807970795424087,0.0,0.8807970795424087,0,1,0.0,0.0,0.0,0,0,-0.9999999999999998,0.0,0.9999999999999998,0,1,-0.24281694329389647,0.5926665999540698,0.8354835432479663,1,1,,,,,,,,,,,,,,,,,,,,,
QID411_594,Explanation A,1,5,-0.07327127659574484,0.84375,0.9170212765957448,1,1,-0.5,0.0,0.5,0,0,0.0,0.0,0.0,0,0,-0.9324533130837862,0.0,0.9324533130837862,0,1,-0.9046505248181418,0.0953494751818582,1.0,0,1,-0.19404590592694154,0.3630859945255474,0.557131900452489,0.0,1.0,3.0481442734308803,12.278083941605844,9.229939668174964,1.0,1.0,2.418808584073725,11.5076094890511,9.088800904977376,1.0,1.0,1.7281414726249835,10.709695620437955,8.981554147812972,1.0,1.0,1.7502621060506618
QID265_595,Explanation A,1,5,0.14180537772087087,0.9031690140845072,0.7613636363636364,1,1,-1.0,0.0,1.0,0,1,0.0,0.0,0.0,0,0,-1.0,0.0,1.0,0,1,-0.2532956713790371,0.0953494571870485,0.3486451285660856,0,0,-0.16323447808743374,0.4257531149646757,0.5889875930521095,0.0,1.0,2.8799951551545817,11.90403982016699,9.024044665012408,1.0,1.0,2.5661322469769203,11.40440590879897,8.83827366182205,1.0,1.0,2.2705784571489582,9.427321066152858,7.1567426090039,1.0,1.0,1.8883678452982566
QID313_596,Explanation A,1,5,0.012395620708851363,0.9006309148264984,0.888235294117647,1,1,1.0,1.0,0.0,1,0,0.0,0.0,0.0,0,0,1.0,1.0,0.0,1,0,0.12208983721193056,0.974042641059713,0.8519528038477825,1,1,-0.0221883724846339,0.5550893302180688,0.5772777027027027,1.0,1.0,0.15053127894249663,9.768909657320876,9.61837837837838,1.0,1.0,-0.28495242906458174,10.024236760124609,10.30918918918919,1.0,1.0,-0.7011204681316823,7.693790342679128,8.39491081081081,1.0,1.0,-0.21443249768460032
QID939_597,Explanation A,1,5,-0.031006531832848072,0.7628865979381443,0.7938931297709924,1,1,0.9149009480320036,0.9149009480320036,0.0,1,0,0.0,0.0,0.0,0,0,1.0,1.0,0.0,1,0,0.0259573569152309,0.0259573569152309,0.0,0,0,-0.0787112145072778,0.4709848484848487,0.5496960629921265,0.0,1.0,1.1432781129631522,11.061212121212122,9.91793400824897,1.0,1.0,1.6378164774857709,11.54357575757576,9.905759280089988,1.0,1.0,0.582875917783003,9.13928787878788,8.556411961004876,1.0,1.0,0.821314823431162
QID65_598,Explanation B,0,5,-0.04739114114114129,0.8715277777777777,0.918918918918919,1,1,-0.1329642453514593,0.0,0.1329642453514593,0,0,0.0,0.0,0.0,0,0,-1.0,0.0,1.0,0,1,-0.25795448836355367,0.0109869447254261,0.2689414330889798,0,0,-0.08502071532451816,0.7248934432515339,0.8099141585760521,1.0,1.0,1.950824299640633,8.006487730061348,6.055663430420715,1.0,1.0,0.9722484464033947,7.308542944785277,6.336294498381882,1.0,1.0,1.2543418031647704,8.425075460122699,7.170733656957928,1.0,1.0,1.02309845847107
QID1737_599,Explanation B,0,5,-0.00018585633305456817,0.8625592417061612,0.8627450980392157,1,1,0.0,0.0,0.0,0,0,0.0,0.0,0.0,0,0,-1.0,0.0,1.0,0,1,-1.0,0.0,1.0,0,1,,,,,,,,,,,,,,,,,,,,,
QID989_600,Explanation A,1,5,-0.008094262295082033,0.860655737704918,0.86875,1,1,-0.9890130590796806,0.0,0.9890130590796806,0,1,0.0,0.0,0.0,0,0,-1.0,0.0,1.0,0,1,-0.5980943504573117,0.1329642281726931,0.7310585786300049,0,1,0.033627796588265646,0.6656845890410961,0.6320567924528304,1.0,1.0,-1.7940180679146778,7.704057403783434,9.498075471698112,1.0,1.0,-3.3554013587859526,7.898277886497063,11.253679245283015,1.0,1.0,-0.6735471831037909,7.440604892367906,8.114152075471697,1.0,1.0,-1.447334703304039
QID2115_601,Explanation B,0,5,-0.001454178537511619,0.9399038461538464,0.941358024691358,1,1,-0.1329642264548166,0.0,0.1329642264548166,0,0,0.0,0.0,0.0,0,0,-0.989013056731849,0.0,0.989013056731849,0,1,-0.8868149284142284,0.0758581878559447,0.962673116270173,0,1,-0.08176985351671717,0.7006968131499498,0.782466666666667,1.0,1.0,2.6433433970703355,9.360010063737004,6.716666666666669,1.0,1.0,0.8748044839539304,8.928698423347868,8.053893939393937,1.0,1.0,0.1987473778374147,6.897762529352566,6.699015151515152,1.0,1.0,0.9087813513362408
QID1164_602,Explanation A,1,5,0.039540816326530726,0.9056122448979592,0.8660714285714285,1,1,-0.7549149868676284,0.2450850131323717,1.0,0,1,0.0,0.0,0.0,0,0,-0.4073334000459302,0.5926665999540698,1.0,1,1,-0.679178686187839,0.0,0.679178686187839,0,1,-0.05997875229357774,0.6384040000000002,0.6983827522935779,1.0,1.0,-0.10350406290957181,8.612514285714287,8.716018348623859,1.0,1.0,-1.3064975622542647,9.315291428571427,10.621788990825692,1.0,1.0,1.2113377719528167,8.753934285714285,7.542596513761469,1.0,1.0,-0.0646606513761494
QID215_603,Explanation A,1,5,-0.026422764227642226,0.8902439024390244,0.9166666666666666,1,1,1.0,1.0,0.0,1,0,0.0,0.0,0.0,0,0,1.0000000000000002,1.0000000000000002,0.0,1,0,0.932453310268176,0.932453310268176,0.0,1,0,0.10303463840708682,0.5120389901477833,0.4090043517406965,1.0,0.0,-1.751289978060191,10.957497536945812,12.708787515006003,1.0,1.0,0.26616169226311825,11.75955665024631,11.493394957983192,1.0,1.0,-0.12684110223399614,8.92145881773399,9.048299919967986,1.0,1.0,-0.3772336874059955
QID339_604,Explanation B,0,5,-0.014617648182825738,0.864963503649635,0.8795811518324608,1,1,0.8670357632379238,0.8670357632379238,0.0,1,0,0.0,0.0,0.0,0,0,1.0,1.0,0.0,1,0,0.24678909763905255,0.9525741254760638,0.7057850278370112,1,1,0.09611268928220273,0.6518150000000001,0.5557023107177974,1.0,1.0,-1.9631406096361879,9.532444444444444,11.495585054080632,1.0,1.0,-0.836685939036375,11.004533333333336,11.841219272369711,1.0,1.0,-0.3254499508357904,7.840322222222222,8.165772173058013,1.0,1.0,-0.7572909525565377
QID814_605,Explanation B,0,5,0.053499021252796264,0.9192708333333331,0.8657718120805369,1,1,1.0,1.0,0.0,1,0,0.0,0.0,0.0,0,0,0.9999999999999998,0.9999999999999998,0.0,1,0,0.029312231811314,0.029312231811314,0.0,0,0,0.07762340508806242,0.6107932752179327,0.5331698701298703,1.0,1.0,-0.007597461898830815,9.486870070568704,9.494467532467535,1.0,1.0,1.845356698096424,10.87016189290162,9.024805194805197,1.0,1.0,0.012499571843682666,7.796411000415111,7.783911428571428,1.0,1.0,0.48197055328233457
QID1387_606,Explanation B,0,5,0.032765642354683266,0.9246575342465752,0.8918918918918919,1,1,1.0,1.0,0.0,1,0,0.0,0.0,0.0,0,0,0.11920292045759118,1.0,0.8807970795424088,1,1,-0.4292122589700923,0.1329642419157059,0.5621765008857982,0,1,-0.03188675548589348,0.6226750000000001,0.6545617554858936,1.0,1.0,0.7807227446882656,9.93888888888889,9.158166144200624,1.0,1.0,2.1825109717868347,11.7215,9.538989028213166,1.0,1.0,0.2831466562173457,8.436833333333333,8.153686677115987,1.0,1.0,0.8036234043016381
QID362_607,Explanation B,0,5,0.02533783783783805,0.945945945945946,0.920608108108108,1,1,-0.5926665999540698,0.0,0.5926665999540698,0,1,0.0,0.0,0.0,0,0,-1.0,0.0,1.0,0,1,-0.5750334491693734,0.0474258750288247,0.622459324198198,0,1,0.1056548023497369,0.6374192660550458,0.5317644637053089,1.0,1.0,-1.6675586049820463,8.08127129750983,9.748829902491876,1.0,1.0,-2.305849124386402,7.918007863695937,10.22385698808234,1.0,1.0,-1.0686529701852603,7.161228178243775,8.229881148429035,1.0,1.0,-1.234101474300993
QID1162_608,Explanation A,1,5,-0.01144322929466679,0.9182692307692308,0.9297124600638976,1,1,-1.0,0.0,1.0,0,1,0.0,0.0,0.0,0,0,-1.0,0.0,1.0,0,1,-0.04721434052532009,0.0203323538991877,0.0675466944245078,0,0,-0.2660441839206546,0.4237909090909093,0.6898350930115639,0.0,1.0,2.5379091823209485,12.030151515151516,9.492242332830568,1.0,1.0,1.8211009986745292,12.744987373737374,10.923886375062844,1.0,1.0,4.397810284595579,10.824121043771044,6.426310759175465,1.0,1.0,2.1226940704176007
QID40_609,Explanation B,0,5,0.02788227247467201,0.8869426751592357,0.8590604026845637,1,1,0.7549149868676283,0.7549149868676283,0.0,1,0,0.0,0.0,0.0,0,0,0.9626731134590488,0.9626731134590488,0.0,1,0,0.15484310083986774,0.562176500885798,0.4073334000459302,1,0,0.17364341793134985,0.661527140672783,0.4878837227414331,1.0,0.0,-2.342500785961306,8.363792048929664,10.70629283489097,1.0,1.0,-1.4656594929835123,9.042782874617735,10.508442367601248,1.0,1.0,-2.2376336905884715,6.71050244648318,8.948136137071652,1.0,1.0,-1.4680376379004851
QID2090_610,Explanation A,1,5,0.03277591973244143,0.8173913043478261,0.7846153846153847,1,1,0.6791786926816161,0.6791786926816161,0.0,1,0,0.0,0.0,0.0,0,0,0.9399133439350608,0.9399133439350608,0.0,1,0,0.0140636265654433,0.0140636265654433,0.0,0,0,-0.08981194155806027,0.4836184505988026,0.5734303921568629,0.0,1.0,0.8255127979335448,11.491002994011978,10.665490196078434,1.0,1.0,-0.2562753903956789,11.119116766467066,11.375392156862745,1.0,1.0,0.3551517670541262,10.534055688622754,10.178903921568628,1.0,1.0,0.20864430825848296
QID163_611,Explanation B,0,5,-0.03333799273133908,0.8673469387755102,0.9006849315068493,1,1,-0.6791786926816161,0.0,0.6791786926816161,0,1,0.0,0.0,0.0,0,0,-1.0,0.0,1.0,0,1,-0.0373268850684575,0.0,0.0373268850684575,0,0,-0.0013277660542867498,0.5947621710526316,0.5960899371069184,1.0,1.0,0.9026897826326774,10.05998538011696,9.157295597484282,1.0,1.0,0.4025273088381329,10.356096491228072,9.95356918238994,1.0,1.0,1.1007917135606293,8.667284795321637,7.566493081761007,1.0,1.0,0.6011702597442883
QID286_612,Explanation A,1,5,0.05917133457810975,0.9057971014492754,0.8466257668711656,1,1,0.622459338205511,0.622459338205511,0.0,1,0,0.0,0.0,0.0,0,0,1.0,1.0,0.0,1,0,-0.0591416809895307,0.0259573570565138,0.0850990380460445,0,0,-0.1582959748981333,0.4231529820627804,0.5814489569609137,0.0,1.0,4.173616303412366,12.674134529147985,8.500518225735618,1.0,1.0,5.295068072024595,13.270000000000003,7.974931927975408,1.0,1.0,1.3590839651732747,10.12392529147982,8.764841326306545,1.0,1.0,2.6673680914280253
QID337_613,Explanation A,1,5,0.0159821774506006,0.9297752808988764,0.9137931034482758,1,1,1.0,1.0,0.0,1,0,0.1480471923932738,0.1480471923932738,0.0,0,0,1.0,1.0,0.0,1,0,0.4894950824146418,0.8670357512127872,0.3775406687981454,1,0,0.09093863796753687,0.6097386379675374,0.5188000000000005,1.0,1.0,-2.0387167725241113,8.752949894142557,10.791666666666668,1.0,1.0,-1.8660084685956235,8.840991531404377,10.707,1.0,1.0,-0.8290274994119038,7.220639167254763,8.049666666666667,1.0,1.0,-1.1607035256410254
QID1564_614,Explanation A,1,5,0.06029285099052539,0.912037037037037,0.8517441860465116,1,1,-0.24508500761839525,0.7549149923816048,1.0,1,1,0.0,0.0,0.0,0,0,-0.09534945654437676,0.9046505434556232,1.0,1,1,-0.0850990519679964,0.0,0.0850990519679964,0,0,-0.12698312324929972,0.6229240196078433,0.749907142857143,1.0,1.0,3.1619887955182087,9.299607843137256,6.137619047619047,1.0,1.0,1.6633053221288492,8.316162464985993,6.652857142857144,1.0,1.0,0.9527787114845943,7.539392997198879,6.586614285714285,1.0,1.0,1.412772426470588
QID2187_615,Explanation A,1,5,0.042671294993276376,0.8923444976076554,0.8496732026143791,1,1,1.0,1.0,0.0,1,0,0.0,0.0,0.0,0,0,0.893309398243273,0.893309398243273,0.0,1,0,0.28999587097562757,0.2942149597859341,0.0042190888103065,0,0,-0.011053788566210532,0.6117773405698782,0.6228311291360887,1.0,1.0,-0.06161114928185896,9.082989597467211,9.14460074674907,1.0,1.0,-0.23429848370423656,9.498900949796472,9.733199433500708,1.0,1.0,0.027931941234870195,7.213772546359114,7.185840605124244,1.0,1.0,-0.06975787007935896
QID965_616,Explanation B,0,5,0.043207295924687195,0.8865740740740741,0.8433667781493869,1,1,0.0,0.0,0.0,0,0,0.0,0.0,0.0,0,0,0.0,0.0,0.0,0,0,0.5623726719202865,0.6224593241981982,0.0600866522779117,1,0,-0.05400161122661162,0.530025,0.5840266112266116,1.0,1.0,0.37461142461142316,8.880952380952383,8.50634095634096,1.0,1.0,-0.03606964908659194,8.893801452784508,8.9298711018711,1.0,1.0,0.22262145080450324,9.259291928974982,9.036670478170478,1.0,1.0,0.1267904037756807
QID1387_617,Explanation B,0,5,-0.012231538978760503,0.8530534351145038,0.8652849740932643,1,1,1.0,1.0,0.0,1,0,0.0,0.0,0.0,0,0,0.09534946939781197,1.0,0.904650530602188,1,1,-0.24135520655496767,0.3208212943308303,0.562176500885798,0,1,-0.03188675548589348,0.6226750000000001,0.6545617554858936,1.0,1.0,0.7807227446882656,9.93888888888889,9.158166144200624,1.0,1.0,2.1825109717868347,11.7215,9.538989028213166,1.0,1.0,0.2831466562173457,8.436833333333333,8.153686677115987,1.0,1.0,0.8036234043016381
QID786_618,Explanation A,1,5,0.030982053838484624,0.9191176470588236,0.888135593220339,1,1,0.02545895560292244,0.9579122710330504,0.932453315430128,1,1,0.0,0.0,0.0,0,0,0.037326886407088034,1.0,0.962673113592912,1,1,0.7608598852023926,0.9626731146638162,0.2018132294614237,1,0,,,,,,,,,,,,,,,,,,,,,
QID2163_619,Explanation B,0,5,-0.00694444444444442,0.8531746031746031,0.8601190476190476,1,1,0.8519528000888388,0.8519528000888388,0.0,1,0,0.0,0.0,0.0,0,0,1.0,1.0,0.0,1,0,0.572334244422397,0.9796676444683272,0.4073334000459302,1,0,0.0653481474654376,0.7001900000000001,0.6348418525345625,1.0,1.0,-1.6172219150025597,6.926444444444446,8.543666359447005,1.0,1.0,-1.3489656938044021,7.139444444444443,8.488410138248845,1.0,1.0,0.41778632121522463,8.444443703703705,8.02665738248848,1.0,1.0,-0.620763285031575
QID813_620,Explanation A,1,5,0.00020964360587005793,0.888888888888889,0.8886792452830189,1,1,0.2450850186463482,0.2450850186463482,0.0,0,0,0.0,0.0,0.0,0,0,1.0,1.0,0.0,1,0,0.9082354285710434,0.984093611203854,0.0758581826328105,1,0,-0.03104131627945783,0.4083634615384616,0.4394047778179194,0.0,0.0,-1.3626961056765943,12.212820512820514,13.575516618497108,1.0,1.0,-2.719470264562027,11.82169230769231,14.541162572254336,1.0,1.0,0.30700906328738675,9.30021282051282,8.993203757225434,1.0,1.0,-0.951549655807673
QID811_621,Explanation B,0,5,-0.08400483481063659,0.8235294117647058,0.9075342465753424,1,1,-0.7549149813536518,0.0,0.7549149813536518,0,1,0.622459338205511,0.622459338205511,0.0,1,0,-0.9820137935581392,0.0,0.9820137935581392,0,1,-0.0124316490809244,0.0,0.0124316490809244,0,0,-0.1809568936171403,0.3292573526140157,0.510214246231156,0.0,1.0,3.903460724886145,14.791038614333385,10.88757788944724,1.0,1.0,1.941305558461302,14.176983950421103,12.235678391959802,1.0,1.0,0.7839697125385401,8.581379059272209,7.7974093467336685,1.0,1.0,1.6119447755672116
QID39_622,Explanation B,0,5,-0.09762860967680254,0.7698412698412698,0.8674698795180723,1,1,-0.9324533093296392,0.0,0.9324533093296392,0,1,0.0,0.0,0.0,0,0,-1.0,0.0,1.0,0,1,-0.8931933464265494,0.053403323961945,0.9465966703884944,0,1,-0.20981304023845,0.4553500000000002,0.6651630402384502,0.0,1.0,3.7284550422255336,11.676666666666666,7.948211624441132,1.0,1.0,4.615273099850967,12.865749999999998,8.250476900149032,1.0,1.0,2.899886910084451,10.812916666666666,7.913029756582215,1.0,1.0,2.7584505029806254
QID1386_623,Explanation B,0,5,0.05543901708121057,0.8723404255319148,0.8169014084507042,1,1,0.1329642505050895,0.1329642505050895,0.0,0,0,0.0,0.0,0.0,0,0,0.9324533060447604,0.9324533060447604,0.0,1,0,-0.5168084204551397,0.4073334000459302,0.92414182050107,0,1,-0.06425508145034148,0.4752145454545456,0.5394696269048871,0.0,1.0,1.4814613767735167,10.966090909090912,9.484629532317395,1.0,1.0,2.285525328428797,12.10580909090909,9.820283762480294,1.0,1.0,0.009024934314238564,9.35426818181818,9.34524324750394,1.0,1.0,0.9279391395165526
QID64_624,Explanation A,1,5,0.023465346534653597,0.9034653465346536,0.88,1,1,-0.5312093733737562,0.0,0.5312093733737562,0,1,0.0,0.0,0.0,0,0,-1.0,0.0,1.0,0,1,-0.9139559970776112,0.0600866468077612,0.9740426438853724,0,1,-0.08083741923641696,0.4948300000000003,0.5756674192364173,0.0,1.0,1.38581644640235,11.126,9.74018355359765,1.0,1.0,1.9677384728340641,12.072899999999995,10.105161527165931,1.0,1.0,0.3465787077826734,8.260200000000001,7.913621292217328,1.0,1.0,0.9048240519456676
QID240_625,Explanation A,1,5,-0.003597425592310688,0.953416149068323,0.9570135746606336,1,1,0.9740426432731464,0.9740426432731464,0.0,1,0,0.1645164588002102,0.1645164588002102,0.0,0,0,1.0,1.0,0.0,1,0,0.1626134992803765,0.9399133552961428,0.7772998560157663,1,1,-0.03154713292446454,0.6450846153846155,0.67663174830908,1.0,1.0,0.22964155643496298,8.076538461538465,7.8468969051035025,1.0,1.0,1.8664836741450799,8.308461538461536,6.441977864316456,1.0,1.0,1.063725410708372,8.45351346153846,7.389788050830088,1.0,1.0,0.7820758770909876
QID340_626,Explanation A,1,5,-0.10883096366508693,0.8366666666666667,0.9454976303317536,1,1,0.893309405344251,0.893309405344251,0.0,1,0,0.0,0.0,0.0,0,0,1.0,1.0,0.0,1,0,0.0109869404649208,0.0109869404649208,0.0,0,0,0.25235038522802444,0.7654985247629084,0.5131481395348839,1.0,1.0,-7.7051073917056705,6.5987530734106095,14.30386046511628,1.0,1.0,-8.723481057171558,6.19869336143309,14.922174418604648,1.0,1.0,-0.9386631765791806,7.1397861257464,8.07844930232558,1.0,1.0,-4.278725310057096
QID290_627,Explanation A,1,5,-0.012364901996702815,0.9245283018867924,0.9368932038834952,1,1,0.0179862109819715,0.0179862109819715,0.0,0,0,0.0,0.0,0.0,0,0,0.1645164669929161,0.1645164669929161,0.0,0,0,0.0534033279166373,0.0534033279166373,0.0,0,0,-0.18969003509923865,0.5845982515337426,0.7742882866329812,1.0,1.0,1.9923077457996783,8.991730061349696,6.999422315550017,1.0,1.0,3.256559268135476,10.212208588957054,6.955649320821578,1.0,1.0,-0.041565186933588905,8.804182453987732,8.84574764092132,1.0,1.0,1.2544029479755816
QID1115_628,Explanation B,0,5,-0.022378035675908237,0.9069148936170212,0.9292929292929294,1,1,0.5312093733737563,1.0,0.4687906266262437,1,0,0.0,0.0,0.0,0,0,-2.220446049250313e-16,1.0,1.0000000000000002,1,1,0.42414182415726365,0.9241418241572636,0.5,1,0,0.04043822642874351,0.7311747648902822,0.6907365384615387,1.0,1.0,-4.541442810063501,6.832403343782655,11.373846153846156,1.0,1.0,-5.007678321678318,7.674090909090911,12.681769230769229,1.0,1.0,-1.3244332127642489,7.324989864158829,8.649423076923078,1.0,1.0,-2.708279029519331
QID1638_629,Explanation A,1,5,-0.01711229946524062,0.8681818181818182,0.8852941176470588,1,1,-0.38316217534206687,0.4687906266262437,0.8519528019683106,0,1,0.0,0.0,0.0,0,0,-0.3486451353339458,0.6513548646660542,1.0,1,1,-0.0479235914607574,0.047425868296978,0.0953494597577354,0,0,0.22845027210015323,0.7422114563106799,0.5137611842105266,1.0,1.0,-3.937470107307103,7.8185825242718465,11.75605263157895,1.0,1.0,-3.9117087378640747,8.670291262135926,12.582,1.0,1.0,-2.191108676545735,7.111075533980582,9.302184210526317,1.0,1.0,-2.45295931240419
QID264_630,Explanation A,1,5,0.010294834307992273,0.8667763157894737,0.8564814814814814,1,1,0.9796676453216716,0.9796676453216716,0.0,1,0,0.0,0.0,0.0,0,0,1.0,1.0,0.0,1,0,-0.2727869511564089,0.0758581774096766,0.3486451285660855,0,0,-0.048335492050781914,0.5881088050314466,0.6364442970822285,1.0,1.0,0.6313882354903839,9.26861635220126,8.637228116710876,1.0,1.0,1.478085785663044,8.887154088050316,7.409068302387272,1.0,1.0,0.6909632459169552,8.683710062893082,7.992746816976127,1.0,1.0,0.6880254437549003
QID164_631,Explanation B,0,5,0.04006044207049231,0.8566433566433567,0.8165829145728644,1,1,-0.0373268904229798,0.0,0.0373268904229798,0,0,0.0,0.0,0.0,0,0,-0.3306589154879618,0.6513548782017746,0.9820137936897364,1,1,-0.5,0.0,0.5,0,0,0.15651610889509388,0.5598045871559634,0.4032884782608695,1.0,0.0,-3.40587970191401,9.163840104849278,12.569719806763288,1.0,1.0,-5.54146162174483,7.269842726081258,12.811304347826088,1.0,1.0,-1.408377497419922,8.899576802096986,10.307954299516908,1.0,1.0,-2.549800678045917
QID312_632,Explanation A,1,5,-0.04121034910508603,0.8342105263157894,0.8754208754208754,1,1,-0.9999999999999998,0.0,0.9999999999999998,0,1,0.0,0.0,0.0,0,0,-1.0,0.0,1.0,0,1,0.14840989396710408,0.2018132222603788,0.0534033282932747,0,0,0.10896498964815071,0.6833107891061455,0.5743457994579948,1.0,1.0,-1.6158761033141094,9.063337988826811,10.67921409214092,1.0,1.0,-1.436039113715152,9.91314245810056,11.349181571815713,1.0,1.0,-0.42102097167340524,7.657305586592178,8.078326558265584,1.0,1.0,-0.840992799763629
QID439_633,Explanation A,1,5,0.0025805551680848637,0.8694029850746269,0.866822429906542,1,1,0.9399133498259924,0.9399133498259924,0.0,1,0,0.0,0.0,0.0,0,0,1.0,1.0,0.0,1,0,0.9579122714836206,0.9579122714836206,0.0,1,0,0.10026787795391823,0.6283578131545873,0.528089935200669,1.0,1.0,-1.150624589879497,9.198529534981152,10.349154124860648,1.0,1.0,0.5445677131423956,9.661193967322998,9.116626254180602,1.0,1.0,-2.5287853017949793,8.107691621281944,10.636476923076923,1.0,1.0,-0.7586435751445406
QID1439_634,Explanation A,1,5,0.019735798159314588,0.921195652173913,0.9014598540145984,1,1,0.8807970685907242,0.8807970685907242,0.0,1,0,0.0,0.0,0.0,0,0,1.0,1.0,0.0,1,0,-0.0526977268514926,0.0953494655417812,0.1480471923932738,0,0,-0.04072317857056418,0.6134345767888308,0.654157755359395,1.0,1.0,1.0066527028603254,8.498123909249564,7.491471206389239,1.0,1.0,1.2815471875419497,8.870008726003487,7.588461538461537,1.0,1.0,0.2593020931404606,8.476804363001746,8.217502269861285,1.0,1.0,0.6266947012430428
QID936_635,Explanation A,1,5,0.00878069984785912,0.8878504672897196,0.8790697674418605,1,1,0.5595806225187805,0.5926665999540697,0.0330859774352892,1,0,0.0,0.0,0.0,0,0,0.9324533093296392,0.9324533093296392,0.0,1,0,0.3208213008246069,0.3208213008246069,0.0,0,0,-0.1326621345029242,0.689761111111111,0.8224232456140352,1.0,1.0,2.4610802469135784,7.930246913580248,5.46916666666667,1.0,1.0,4.386011097820312,9.11388888888889,4.727877791068579,1.0,1.0,1.718450776773584,7.8432506172839505,6.1247998405103665,1.0,1.0,2.1082199967511377
QID487_636,Explanation B,0,5,-0.02743589743589725,0.8700000000000001,0.8974358974358974,1,1,0.9046505434556232,0.9046505434556232,0.0,1,0,0.0,0.0,0.0,0,0,1.0,1.0,0.0,1,0,0.06008665311947359,1.0,0.9399133468805264,1,1,0.012007976190475889,0.6372494047619048,0.625241428571429,1.0,1.0,0.9173597883597857,8.12621693121693,7.208857142857145,1.0,1.0,1.8544642857142861,6.630714285714284,4.776249999999997,1.0,1.0,0.048146931216931144,7.341774074074074,7.293627142857143,1.0,1.0,0.7079947453703697
QID612_637,Explanation A,1,5,0.05067550213181271,0.966019417475728,0.9153439153439152,1,1,-0.8933094138654243,0.0,0.8933094138654243,0,1,0.0,0.0,0.0,0,0,-1.0,0.0,1.0,0,1,-0.0373268857377728,0.0,0.0373268857377728,0,0,-0.0546223270159214,0.4279322451317299,0.4825545721476513,0.0,0.0,1.4605978958616799,12.429977090492557,10.969379194630877,1.0,1.0,1.6119255325691721,12.4122107674685,10.800285234899327,1.0,1.0,1.0909201442222667,9.996119473081327,8.90519932885906,1.0,1.0,1.0272053114092994
QID1112_638,Explanation B,0,5,-0.04785139198758381,0.8816568047337278,0.9295081967213116,1,1,-0.9820137887877328,0.0,0.9820137887877328,0,1,0.0,0.0,0.0,0,0,-0.9999999999999998,0.0,0.9999999999999998,0,1,-0.19308324511899028,0.0758581821104971,0.2689414272294874,0,0,-0.11595884520884531,0.3794184275184276,0.4953772727272729,0.0,0.0,1.5523670866224055,11.97712530712531,10.424758220502904,1.0,1.0,0.9039532124000171,12.922280098280098,12.01832688588008,1.0,1.0,0.8254583511945235,9.677114250614252,8.851655899419729,1.0,1.0,0.7914549512520253
QID314_639,Explanation A,1,5,-0.04036447763617168,0.8041237113402062,0.8444881889763779,1,1,0.9046505434556232,0.9046505434556232,0.0,1,0,0.0,0.0,0.0,0,0,0.7981867705385762,0.7981867705385762,0.0,1,0,0.7615941606493435,0.8807970889295664,0.119202928280223,1,0,-0.0029968869418057764,0.6410325704225356,0.6440294573643414,1.0,1.0,0.8564291953270038,8.550305164319251,7.693875968992248,1.0,1.0,1.1858570804672972,8.208802816901407,7.02294573643411,1.0,1.0,-1.7131275030025108,7.408026760563381,9.121154263565892,1.0,1.0,0.0815404714624961
QID839_640,Explanation A,1,5,0.022727272727272707,0.8863636363636364,0.8636363636363636,1,1,0.0259573568210422,0.0259573568210422,0.0,0,0,0.0,0.0,0.0,0,0,0.04654594444007443,0.9706877675527112,0.9241418231126368,1,1,-0.4340936740352678,0.320821307318384,0.7549149813536518,0,1,-0.2550008862551373,0.5124433604336045,0.7674442466887418,1.0,1.0,4.487281044168057,11.542628726287266,7.0553476821192085,1.0,1.0,3.6590396722841376,12.658791327913278,8.99975165562914,1.0,1.0,2.3548515623037023,9.541789972899728,7.186938410596026,1.0,1.0,2.56154284812519
QID115_641,Explanation B,0,5,0.013284499348190426,0.8784530386740331,0.8651685393258427,1,1,0.9875683474545902,0.9875683474545902,0.0,1,0,0.0124316500756775,0.0124316500756775,0.0,0,0,0.9669140189894044,0.9669140189894044,0.0,1,0,-0.5441902935227555,0.0179862073630427,0.5621765008857982,0,1,0.02116241758241777,0.684345274725275,0.6631828571428572,1.0,1.0,0.3724249084249074,8.053472527472529,7.681047619047622,1.0,1.0,0.09035964035963673,8.218021978021973,8.127662337662336,1.0,1.0,-0.6945249284049293,7.05520901098901,7.7497339393939395,1.0,1.0,-0.052644490509491854
QID38_642,Explanation B,0,5,-0.02077277131782962,0.9036458333333331,0.9244186046511628,1,1,0.893309411735131,0.893309411735131,0.0,1,0,0.0,0.0,0.0,0,0,0.9241418121440552,0.9241418121440552,0.0,1,0,0.9770226285009935,1.0,0.0229773714990065,1,0,0.1916990196078433,0.7221823529411767,0.5304833333333334,1.0,1.0,-2.9122440087145947,7.239607843137257,10.151851851851852,1.0,1.0,-1.8878594771241808,5.263529411764708,7.151388888888889,1.0,1.0,-2.320057516339869,8.349798039215687,10.669855555555555,1.0,1.0,-1.7321154956427003
QID987_643,Explanation A,1,5,0.06145054540997663,0.9120603015075376,0.850609756097561,1,1,-0.9046505325302034,0.0,0.9046505325302034,0,1,0.0,0.0,0.0,0,0,-0.9999999999999998,0.0,0.9999999999999998,0,1,-0.9082354281669363,0.0758581774096766,0.9840936055766129,0,1,-0.2038193670768943,0.4742093457943929,0.6780287128712872,0.0,1.0,3.0472373726024156,10.289599465954607,7.242362093352192,1.0,1.0,2.5713228859601553,9.41070761014686,6.839384724186704,1.0,1.0,1.0557802244576937,9.707194793057411,8.651414568599717,1.0,1.0,1.6176302789858426
QID338_644,Explanation B,0,5,0.087467700258398,0.8930232558139535,0.8055555555555555,1,1,-1.0,0.0,1.0,0,1,0.0,0.0,0.0,0,0,-1.0,0.0,1.0,0,1,-0.8519528057272543,0.0,0.8519528057272543,0,1,,,,,,,,,,,,,,,,,,,,,
QID111_645,Explanation A,1,5,-0.04808625038108727,0.871345029239766,0.9194312796208532,1,1,-0.34864512856608565,0.6513548714339144,1.0,1,1,0.0,0.0,0.0,0,0,-2.220446049250313e-16,1.0,1.0000000000000002,1,1,0.3208212943308302,0.3208212943308302,0.0,0,0,-0.0022791661131038032,0.4786785261945885,0.4809576923076923,0.0,0.0,-0.1687924108131309,11.695676453655732,11.864468864468863,1.0,1.0,-1.707014952520126,11.646419113413934,13.35343406593406,1.0,1.0,-0.05798478936147333,9.03625843408175,9.094243223443224,1.0,1.0,-0.4840178297019585
QID789_646,Explanation B,0,5,-0.022381775473119703,0.8302752293577982,0.8526570048309179,1,1,-0.817574471748733,0.0,0.817574471748733,0,1,0.0,0.0,0.0,0,0,-1.0,0.0,1.0,0,1,-0.1536687115792671,0.4687906266262437,0.6224593382055108,0,1,-0.127189327118231,0.4853824432166974,0.6125717703349284,0.0,1.0,2.0389554163325627,11.284266421117252,9.24531100478469,1.0,1.0,1.3714542047400453,11.36887047268263,9.997416267942585,1.0,1.0,0.7672034212435488,8.821414426028237,8.054211004784689,1.0,1.0,1.0126059287994815
QID2089_647,Explanation B,0,5,-0.012859554965928943,0.8737864077669902,0.8866459627329192,1,1,0.2450850076183952,0.2450850076183952,0.0,0,0,0.0,0.0,0.0,0,0,0.9890130577134856,0.9890130577134856,0.0,1,0,0.5082320057635713,0.977022632389815,0.4687906266262437,1,0,0.03681828106852525,0.5348778048780491,0.4980595238095239,1.0,0.0,-2.1666411149825784,9.70907317073171,11.875714285714288,1.0,1.0,-1.9765342624854778,10.26256097560976,12.239095238095238,1.0,1.0,0.18152304297328925,9.937927804878049,9.75640476190476,1.0,1.0,-0.9812085133565605
QID311_648,Explanation A,1,5,-0.0011980500702304386,0.8967611336032388,0.8979591836734693,1,1,0.3402137777058502,0.3775406687981454,0.0373268910922952,0,0,0.0,0.0,0.0,0,0,0.0,1.0,1.0,1,1,-0.2408116540129338,0.7057850216484838,0.9465966756614176,1,1,0.06147386578544378,0.6998446540880504,0.6383707883026066,1.0,1.0,-1.0836377230545367,7.710125786163523,8.79376350921806,1.0,1.0,-1.5214948701955606,7.687437106918239,9.2089319771138,1.0,1.0,-0.7315441694954554,7.938898742138365,8.67044291163382,1.0,1.0,-0.8188007242400273
QID262_649,Explanation B,0,5,0.034419381787802794,0.8391812865497076,0.8047619047619048,1,1,-1.0,0.0,1.0,0,1,0.8175744828610096,0.8175744828610096,0.0,1,0,-0.9999999999999998,0.0,0.9999999999999998,0,1,-0.8175744695262777,0.0,0.8175744695262777,0,1,-0.008088034618335072,0.5248077987149985,0.5328958333333336,1.0,1.0,4.474055427694667,14.572388761028003,10.098333333333336,1.0,1.0,7.716611078402517,17.064293248945148,9.347682170542631,1.0,1.0,-0.08398716692982333,8.921132988108937,9.00512015503876,1.0,1.0,3.0246478261372562
QID1437_650,Explanation A,1,5,0.02603822446419657,0.8869653767820773,0.8609271523178808,1,1,0.9740426440737496,0.9740426440737496,0.0,1,0,0.0,0.0,0.0,0,0,1.0,1.0,0.0,1,0,-0.19273849149580669,0.2450850076183952,0.4378234991142019,0,0,0.10161254329004321,0.5964358766233769,0.4948233333333337,1.0,0.0,-0.5358300865800931,9.795503246753244,10.331333333333337,1.0,1.0,-0.1608347943722972,10.00989853896104,10.170733333333338,1.0,1.0,-0.8542588744588748,8.030107792207792,8.884366666666667,1.0,1.0,-0.3623278030303055
QID1738_651,Explanation A,1,5,0.01705137751303054,0.8588235294117647,0.8417721518987341,1,1,1.0,1.0,0.0,1,0,0.0,0.0,0.0,0,0,1.0,1.0,0.0,1,0,0.7549149923816046,0.7549149923816046,0.0,1,0,-0.02948576617826626,0.6102377380952382,0.6397235042735044,1.0,1.0,0.4443821733821771,8.224809523809526,7.780427350427349,1.0,1.0,2.5621213675213674,8.281266666666667,5.7191452991453,1.0,1.0,-0.49283858363858357,8.961490476190477,9.45432905982906,1.0,1.0,0.6210447977716737
QID137_652,Explanation B,0,5,-0.07163485685585125,0.8068181818181819,0.8784530386740331,1,1,0.9420058785977518,0.957912269230769,0.0159063906330172,1,0,0.0,0.0,0.0,0,0,0.04208773227113216,1.0,0.9579122677288678,1,1,0.4875683465284404,0.9875683465284404,0.5,1,0,0.015294390371533129,0.5601891156462588,0.5448947252747257,1.0,1.0,-0.6583914181057047,9.34013605442177,9.998527472527474,1.0,1.0,-0.08055468341183492,9.51768707482993,9.598241758241764,1.0,1.0,0.3618612663526948,8.313572108843537,7.951710842490843,1.0,1.0,-0.09044761119832792
QID486_653,Explanation A,1,5,-0.00766013741305005,0.8644859813084111,0.8721461187214612,1,1,0.4687906266262437,0.4687906266262437,0.0,0,0,0.0,0.0,0.0,0,0,0.9820137914854798,0.9820137914854798,0.0,1,0,0.095349458472392,0.095349458472392,0.0,0,0,0.04870016720847814,0.5815744030163384,0.5328742358078603,1.0,1.0,-3.7757356532747437,9.851064097193133,13.626799750467876,1.0,1.0,-4.25975631742536,10.16041055718475,14.42016687461011,1.0,1.0,-0.9592059518168838,8.47151650607457,9.430722457891454,1.0,1.0,-2.2364994388271273
QID214_654,Explanation B,0,5,-0.01924502139663886,0.8812785388127853,0.9005235602094241,1,1,-0.9064959500663916,0.0675466925474342,0.9740426426138258,0,1,0.0,0.0,0.0,0,0,-2.220446049250313e-16,0.9999999999999998,1.0,1,1,-0.4458132576779697,0.022977368948274,0.4687906266262437,0,0,-0.003945470429303599,0.6811366438356166,0.6850821142649202,1.0,1.0,-0.7652741150297535,7.488532289628179,8.253806404657933,1.0,1.0,-2.956928889040812,6.113209393346381,9.070138282387193,1.0,1.0,0.4505497648530019,7.584805805609916,7.134256040756914,1.0,1.0,-0.8188996774117168
QID489_655,Explanation B,0,5,-0.011689345686160868,0.89171974522293,0.9034090909090908,1,1,-0.754914981353652,0.2450850186463482,1.0000000000000002,0,1,0.0,0.0,0.0,0,0,-1.0,0.0,1.0,0,1,0.0,0.0,0.0,0,0,0.024195730522284298,0.5297093455457588,0.5055136150234745,1.0,1.0,-1.1195975702191223,10.73162308705787,11.851220657276992,1.0,1.0,-2.9087091485774934,9.850539677713591,12.759248826291085,1.0,1.0,-0.5628641306845843,9.06604713692105,9.628911267605634,1.0,1.0,-1.141743779739729
QID614_656,Explanation B,0,5,0.0035150089545857854,0.9078212290502794,0.9043062200956936,1,1,-0.8354835432479661,0.1645164567520338,1.0,0,1,0.0,0.0,0.0,0,0,-0.11920291107043357,0.8807970889295664,1.0,1,1,-0.9376017895091773,0.0330859795804728,0.97068776908965,0,1,,,,,,,,,,,,,,,,,,,,,
QID37_657,Explanation B,0,5,0.0069976922504279004,0.9154135338345863,0.9084158415841584,1,1,-0.9890130551227744,0.0,0.9890130551227744,0,1,0.0,0.0,0.0,0,0,-1.0,0.0,1.0,0,1,0.1383957922282598,0.3208213138121608,0.182425521583901,0,0,0.18220641901359103,0.6168247950819673,0.4346183760683763,1.0,0.0,-4.415721591705193,8.291885245901643,12.707606837606836,1.0,1.0,-5.992665423146978,7.660245901639346,13.652911324786324,1.0,1.0,-1.0395312246041737,8.146260655737706,9.18579188034188,1.0,1.0,-2.8164279551106883
QID62_658,Explanation A,1,5,0.01926336375488924,0.8730769230769231,0.8538135593220338,1,1,0.5621765008857981,0.5621765008857981,0.0,1,0,0.0,0.0,0.0,0,0,0.6206859750935866,0.9149009596336304,0.2942149845400438,1,0,2.6115668932957803e-09,0.07585817793199,0.0758581753204231,0,0,,,,,,,,,,,,,,,,,,,,,
QID261_659,Explanation A,1,5,-0.007192667862124136,0.8451882845188283,0.8523809523809525,1,1,0.9859363750100124,0.9859363750100124,0.0,1,0,0.0,0.0,0.0,0,0,1.0,1.0,0.0,1,0,-0.2669773995651683,0.2018132270610754,0.4687906266262437,0,0,0.008588626955638334,0.5948175552922592,0.5862289283366209,1.0,1.0,-0.40458296331610555,9.155173775671404,9.55975673898751,1.0,1.0,0.26528934568490214,9.683941548183256,9.418652202498354,1.0,1.0,-0.40950356556393785,8.54967598736177,8.959179552925708,1.0,1.0,-0.13505213905987573
QID794_660,Explanation B,0,6,-0.047268220939100214,0.8613138686131386,0.9085820895522388,1,1,0.0,0.0,0.0,0,0,0.0,0.0,0.0,0,0,0.022977367902892,0.022977367902892,0.0,0,0,0.2712375957717288,0.2942149659744614,0.0229773702027326,0,0,-0.030001313497822923,0.3546403846153848,0.3846416981132077,0.0,0.0,-0.23446758587325078,12.714551282051282,12.949018867924533,1.0,1.0,-0.23246190130624278,12.332019230769228,12.564481132075471,1.0,1.0,0.4922965215287842,9.947108974358974,9.45481245283019,1.0,1.0,-0.0011585697871330652
QID993_661,Explanation A,1,6,-0.06891244870041047,0.8235294117647058,0.8924418604651163,1,1,-0.4073334000459302,0.0,0.4073334000459302,0,0,0.0,0.0,0.0,0,0,-0.932453310268176,0.0,0.932453310268176,0,1,-0.679178699175393,0.0,0.679178699175393,0,1,-0.06222499960330058,0.476853695652174,0.5390786952554746,0.0,1.0,1.7202934341831533,11.543632850241549,9.823339416058396,1.0,1.0,1.6413453401036708,12.083188405797102,10.441843065693432,1.0,1.0,0.5083314954688092,9.316311787439613,8.807980291970804,1.0,1.0,0.9519363175380832
QID617_662,Explanation A,1,6,0.0610396101461953,0.9006622516556292,0.8396226415094339,1,1,-0.022977372502573368,0.9770226274974266,1.0,1,1,0.0,0.0,0.0,0,0,0.0,1.0,1.0,1,1,0.3042741596333278,0.835483533007084,0.5312093733737562,1,1,0.03091851072927232,0.5244030030030032,0.4934844922737309,1.0,0.0,-1.5306686156355056,10.845975975975978,12.376644591611484,1.0,1.0,-2.455614621243761,11.124804804804803,13.580419426048564,1.0,1.0,-0.10237980629636212,9.435731231231232,9.538111037527594,1.0,1.0,-1.0144361331115892
QID18_663,Explanation B,0,6,0.07342533616418967,0.8789808917197452,0.8055555555555556,1,1,0.0,0.0,0.0,0,0,0.0,0.0,0.0,0,0,0.0,0.0,0.0,0,0,0.3486451353339458,0.3486451353339458,0.0,0,0,-0.10723211974110025,0.3992345469255665,0.5064666666666667,0.0,1.0,0.9904325268402925,11.78381877022654,10.793386243386248,1.0,1.0,1.0993532131299126,10.611877022653722,9.51252380952381,1.0,1.0,0.592130764884164,10.390054045307444,9.79792328042328,1.0,1.0,0.6436710962783172
QID1392_664,Explanation B,0,6,-0.0561458063401572,0.8458149779735684,0.9019607843137256,1,1,0.2942149659744614,0.2942149659744614,0.0,0,0,0.0,0.0,0.0,0,0,0.5926665999540697,0.5926665999540697,0.0,1,0,0.0,0.0,0.0,0,0,0.04132767569605822,0.6832398378582204,0.6419121621621622,1.0,1.0,-1.2264378890849486,8.120550527903472,9.34698841698842,1.0,1.0,-1.5564892089891984,8.4298717948718,9.986361003861,1.0,1.0,0.06126285283344224,8.693948567119156,8.632685714285714,1.0,1.0,-0.6700841423861617
QID567_665,Explanation B,0,6,-0.011103363192619176,0.8203883495145631,0.8314917127071823,1,1,0.0,0.0,0.0,0,0,0.0,0.0,0.0,0,0,0.5,0.5,0.0,0,0,0.3603632738247228,0.7981867729389246,0.4378234991142018,1,0,-0.09006659125188515,0.2899705882352944,0.3800371794871796,0.0,0.0,2.5060293519117014,14.426171802054151,11.92014245014245,1.0,1.0,2.3797353300294386,14.464649859943975,12.084914529914537,1.0,1.0,0.307292407048287,11.27398029878618,10.966687891737893,1.0,1.0,1.2757476244343855
QID1317_666,Explanation B,0,6,-0.010609331305499792,0.8770053475935828,0.8876146788990826,1,1,-0.2018132294614237,0.0,0.2018132294614237,0,0,0.0,0.0,0.0,0,0,0.0,0.0,0.0,0,0,-0.2952418053458028,0.0534033299881429,0.3486451353339457,0,0,-0.06647104407220705,0.4515779069767444,0.5180489510489514,0.0,1.0,1.914910206072996,12.819235880398672,10.904325674325676,1.0,1.0,1.4339432079548402,12.351935215946844,10.917992007992003,1.0,1.0,0.5630654020398183,9.353556810631227,8.790491408591409,1.0,1.0,0.9613619429988618
QID992_667,Explanation A,1,6,-0.038789483883470144,0.8284671532846715,0.8672566371681416,1,1,-0.3208213073183839,0.0,0.3208213073183839,0,0,0.0,0.0,0.0,0,0,-1.0,0.0,1.0,0,1,-0.8843181727488878,0.0203323527119258,0.9046505254608136,0,1,-0.253729813285149,0.1963493589743589,0.4500791722595079,0.0,0.0,2.935003699879543,14.65339743589744,11.718393736017898,1.0,1.0,2.461424776286348,14.024791666666664,11.563366890380316,1.0,1.0,1.374783876269145,10.341569871794873,8.966785995525727,1.0,1.0,1.6293706347874717
QID317_668,Explanation B,0,6,-0.027895975170204368,0.9346590909090908,0.9625550660792952,1,1,0.1006213306608347,0.1480472036701053,0.0474258730092706,0,0,0.0,0.0,0.0,0,0,0.5098299847632094,0.7549149868676283,0.2450850021044189,1,0,-0.8175744695262775,0.0,0.8175744695262775,0,1,-0.013080134897154205,0.5976038690476192,0.6106840039447734,1.0,1.0,0.4427253843023067,10.55681216931217,10.114086785009864,1.0,1.0,1.2949269747346648,12.31265873015873,11.017731755424066,1.0,1.0,0.24620123602892896,8.31718888888889,8.07098765285996,1.0,1.0,0.4926933650421865
QID319_669,Explanation B,0,6,0.02561754428244345,0.911627906976744,0.8860103626943006,1,1,0.0,0.0,0.0,0,0,0.0,0.0,0.0,0,0,0.0,0.0,0.0,0,0,-0.6403679212461038,0.3486451353339458,0.9890130565800496,0,1,0.055759090909090814,0.5621590909090912,0.5064000000000004,1.0,1.0,-0.7777272727272724,11.140606060606064,11.918333333333337,1.0,1.0,0.7885681818181869,12.514318181818185,11.725749999999998,1.0,1.0,0.5861439393939403,8.834210606060607,8.248066666666666,1.0,1.0,0.1631859848484864
QID2171_670,Explanation A,1,6,0.00694444444444442,0.8888888888888888,0.8819444444444444,1,1,0.0,0.0,0.0,0,0,0.0,0.0,0.0,0,0,0.0,0.0,0.0,0,0,-0.4073334000459302,0.0,0.4073334000459302,0,0,-0.002463585041860228,0.3711218820861677,0.3735854671280279,0.0,0.0,1.1735175638883,13.275351473922903,12.101833910034603,1.0,1.0,1.7004825263438708,13.70577664399093,12.00529411764706,1.0,1.0,-0.1281959387676661,10.033718594104307,10.161914532871974,1.0,1.0,0.6858351416056612
QID1321_671,Explanation B,0,6,0.023974867724867677,0.9004629629629629,0.8764880952380952,1,1,-0.0953494546163617,0.0,0.0953494546163617,0,0,0.0,0.0,0.0,0,0,-0.9579122758391336,0.0,0.9579122758391336,0,1,-0.4153873020993427,0.5312093733737563,0.946596675473099,1,1,-0.14452200494329737,0.4918250000000003,0.6363470049432977,0.0,1.0,3.0761682535950783,12.002411347517732,8.926243093922654,1.0,1.0,4.075498010925987,13.53595744680851,9.460459435882523,1.0,1.0,0.9064252559811417,8.497631914893617,7.591206658912475,1.0,1.0,1.9783923788897273
QID967_672,Explanation B,0,6,0.06056218386810308,0.8801498127340824,0.8195876288659794,1,1,0.8670357546485408,0.8670357546485408,0.0,1,0,0.0,0.0,0.0,0,0,0.0203323548267361,0.0203323548267361,0.0,0,0,0.0600866465973708,0.0600866465973708,0.0,0,0,,,,,,,,,,,,,,,,,,,,,
QID444_673,Explanation A,1,6,-0.025046881369751306,0.8381818181818181,0.8632286995515694,1,1,-0.2018132246607271,0.0,0.2018132246607271,0,0,0.0,0.0,0.0,0,0,-1.0,0.0,1.0,0,1,-0.3775406758018018,0.0,0.3775406758018018,0,0,-0.0778381076770549,0.2754051355661883,0.3532432432432432,0.0,0.0,-0.6332664031085127,12.74007336523126,13.373339768339772,1.0,1.0,-1.301000589619015,12.106475279106853,13.407475868725868,1.0,1.0,1.0273251801493917,11.580416299840511,10.55309111969112,1.0,1.0,-0.2461949800637977
QID145_674,Explanation A,1,6,0.027252940631656952,0.9043715846994536,0.8771186440677966,1,1,0.0,0.0,0.0,0,0,0.0,0.0,0.0,0,0,0.0,0.0,0.0,0,0,-0.0259573588460982,0.0,0.0259573588460982,0,0,-0.0018738355806180995,0.3808689698492463,0.3827428054298644,0.0,0.0,-1.1429618876541703,11.336051687006464,12.479013574660634,1.0,1.0,-0.7737044836334217,11.499303661162957,12.273008144796378,1.0,1.0,0.6225271775815067,11.086000933237615,10.463473755656109,1.0,1.0,-0.32400325732167584
QID221_675,Explanation A,1,6,0.05905936257664579,0.9381443298969072,0.8790849673202614,1,1,0.0,0.0,0.0,0,0,0.0,0.0,0.0,0,0,0.0,0.0,0.0,0,0,0.13398357665268698,0.1480472036701053,0.0140636270174183,0,0,,,,,,,,,,,,,,,,,,,,,
QID2096_676,Explanation A,1,6,-0.020346966239541353,0.8919753086419753,0.9123222748815166,1,1,-0.3775406687981454,0.0,0.3775406687981454,0,0,0.0,0.0,0.0,0,0,-0.3775406617944891,0.0,0.3775406617944891,0,0,-0.1192029251511702,0.0,0.1192029251511702,0,0,0.10087943881000688,0.5617805882352943,0.4609011494252874,1.0,0.0,-2.7740520622041966,8.666235294117648,11.440287356321845,1.0,1.0,-3.404065246788363,8.504411764705885,11.908477011494249,1.0,1.0,-0.026811636240701375,9.26478549019608,9.291597126436782,1.0,1.0,-1.5260123766058136
QID1167_677,Explanation B,0,6,-0.019358218069164157,0.8901895206243032,0.9095477386934674,1,1,0.0,0.0,0.0,0,0,0.0,0.0,0.0,0,0,0.9241418257242036,0.9241418257242036,0.0,1,0,-0.32824437223104963,0.2942149659744614,0.622459338205511,0,1,0.22879489795918373,0.7626181818181821,0.5338232838589984,1.0,1.0,-6.191704803133376,5.994386724386725,12.186091527520102,1.0,1.0,-7.213623995052563,6.860216450216448,14.073840445269012,1.0,1.0,-1.2328718202432505,8.724096825396826,9.956968645640076,1.0,1.0,-3.6023514301175013
QID2194_678,Explanation A,1,6,0.012312446147903944,0.9051282051282052,0.8928157589803013,1,1,0.0,0.0,0.0,0,0,0.0,0.0,0.0,0,0,0.0,0.0,0.0,0,0,0.19082627932427,0.2018132198600306,0.0109869405357606,0,0,-0.00750296328169775,0.5306310843373498,0.5381340476190476,1.0,1.0,-0.4437328998533836,9.815991967871486,10.25972486772487,1.0,1.0,-1.2586899980875899,9.663373493975904,10.922063492063494,1.0,1.0,0.10333824440619654,6.932992530120482,6.829654285714286,1.0,1.0,-0.40164690420411864
QID1644_679,Explanation A,1,6,-0.04074824258310483,0.9105504587155964,0.9512987012987012,1,1,-0.07585817793199,0.0,0.07585817793199,0,0,0.0,0.0,0.0,0,0,-0.0109869442801476,0.0,0.0109869442801476,0,0,-0.2942149783515162,0.0,0.2942149783515162,0,0,,,,,,,,,,,,,,,,,,,,,
QID1294_680,Explanation A,1,6,0.023675790970494104,0.8896551724137931,0.865979381443299,1,1,0.0,0.0,0.0,0,0,0.0,0.0,0.0,0,0,-0.5,0.0,0.5,0,0,-0.1329642487872127,0.0,0.1329642487872127,0,0,-0.09247306748023787,0.3374744954128439,0.4299475628930818,0.0,0.0,1.2222589002365716,13.749963302752295,12.527704402515724,1.0,1.0,1.9199876521839467,14.121880733944955,12.201893081761009,1.0,1.0,0.566216183717037,10.005257064220183,9.439040880503146,1.0,1.0,0.9039974171643294
QID70_681,Explanation A,1,6,0.002006677683720648,0.8040201005025126,0.802013422818792,1,1,-0.9579122737364724,0.0,0.9579122737364724,0,1,0.0,0.0,0.0,0,0,-1.0,0.0,1.0,0,1,-0.011341128233180203,0.0953494706831555,0.1066905989163357,0,0,-0.11956499640804602,0.3674157327586209,0.4869807291666669,0.0,0.0,0.9027352729885045,12.456120689655172,11.553385416666668,1.0,1.0,0.24849254669540244,13.163948275862069,12.915455729166666,1.0,1.0,1.3130970007183915,10.633706896551724,9.320609895833332,1.0,1.0,0.586189955998563
QID845_682,Explanation B,0,6,-0.006253560195160657,0.8929712460063898,0.8992248062015504,1,1,-0.22151555503082376,0.047425878058156,0.2689414330889798,0,0,0.0,0.0,0.0,0,0,-0.3042741575851512,0.5312093733737562,0.8354835309589074,1,1,-0.1329642281726931,0.0,0.1329642281726931,0,0,,,,,,,,,,,,,,,,,,,,,
QID46_683,Explanation B,0,6,0.006574899354816033,0.9129353233830846,0.9063604240282686,1,1,0.1480471905138019,0.1480471905138019,0.0,0,0,0.0,0.0,0.0,0,0,0.0,0.0,0.0,0,0,0.3208213138121608,0.3208213138121608,0.0,0,0,-0.09017549420406934,0.4210438709677422,0.5112193651718115,0.0,1.0,2.859441394613846,11.821369175627243,8.961927781013397,1.0,1.0,4.3549286076615275,11.926451612903229,7.571523005241701,1.0,1.0,-0.5625183578927171,9.369633476702507,9.932151834595224,1.0,1.0,1.6404190375446468
QID1269_684,Explanation A,1,6,-0.030864197530864224,0.8703703703703703,0.9012345679012346,1,1,-0.9999999999999998,0.0,0.9999999999999998,0,1,0.0,0.0,0.0,0,0,-1.0,0.0,1.0,0,1,-0.484093607005291,0.015906392994709,0.5,0,0,-0.15342923553719007,0.4774625000000003,0.6308917355371904,0.0,1.0,3.468413518299883,12.049464285714286,8.581050767414403,1.0,1.0,4.643926062573787,12.312196428571426,7.668270365997639,1.0,1.0,2.0722922373081465,8.915089285714286,6.84279704840614,1.0,1.0,2.507800645661156
QID417_685,Explanation B,0,6,-0.038789483883470144,0.8284671532846715,0.8672566371681416,1,1,-0.1066905889749667,0.0,0.1066905889749667,0,0,0.0,0.0,0.0,0,0,-0.4073334000459302,0.5926665999540698,1.0,1,1,-0.9611162368224767,0.0229773693664269,0.9840936061889036,0,1,-0.12527765227984677,0.6649942760180997,0.7902719282979465,1.0,1.0,2.2761204316045927,9.253248868778282,6.97712843717369,1.0,1.0,1.799011486251306,9.93054298642534,8.131531500174034,1.0,1.0,0.8821829028889638,8.447954117647058,7.565771214758094,1.0,1.0,1.208009292116254
QID219_686,Explanation B,0,6,-0.0013095238095237605,0.835,0.8363095238095237,1,1,0.0,0.0,0.0,0,0,0.0,0.0,0.0,0,0,-0.9626731089077044,0.0,0.9626731089077044,0,1,-0.3301147918145495,0.6224593382055109,0.9525741300200604,1,1,-0.03457064006138577,0.5988270339652451,0.6333976740266308,1.0,1.0,-0.22023632112033376,9.099249605055295,9.319485926175629,1.0,1.0,-0.427793897308792,9.527685624012634,9.955479521321426,1.0,1.0,1.2204013502009943,9.223183096366508,8.002781746165514,1.0,1.0,0.13445012292762068
QID2192_687,Explanation B,0,6,-0.027895975170204368,0.9346590909090908,0.9625550660792952,1,1,-0.7772998714925403,0.0,0.7772998714925403,0,1,0.0,0.0,0.0,0,0,-1.0,0.0,1.0,0,1,-0.1436085207626857,0.2942149783515161,0.4378234991142018,0,0,-0.039854861093372884,0.510656907894737,0.5505117689881099,1.0,1.0,-0.16168103821390822,11.23308479532164,11.394765833535548,1.0,1.0,0.10524820453219519,12.173991228070172,12.068743023537976,1.0,1.0,-0.5122252507836773,8.667284795321637,9.179510046105314,1.0,1.0,-0.1521282363896908
QID1395_688,Explanation B,0,6,0.02561754428244345,0.911627906976744,0.8860103626943006,1,1,0.3208212943308302,0.3208212943308302,0.0,0,0,0.0,0.0,0.0,0,0,0.0140636278826276,0.0140636278826276,0.0,0,0,0.0140636262942583,0.0140636262942583,0.0,0,0,-0.04540941704035878,0.4249000000000001,0.4703094170403589,0.0,0.0,-1.4784198163570395,12.816666666666666,14.295086483023706,1.0,1.0,-2.1971603347909614,13.29576086956522,15.49292120435618,1.0,1.0,0.49913732928538934,9.46853188405797,8.969394554772581,1.0,1.0,-0.8054630597257426
QID1270_689,Explanation A,1,6,0.00694444444444442,0.8888888888888888,0.8819444444444444,1,1,0.679178699175393,0.679178699175393,0.0,1,0,0.0,0.0,0.0,0,0,1.0,1.0,0.0,1,0,0.2689414272294873,0.2689414272294873,0.0,0,0,0.2320814205147977,0.4984213414634146,0.2663399209486169,0.0,0.0,-2.337546032970211,11.195121951219512,13.532667984189723,1.0,1.0,-0.6275747820578133,11.647909407665509,12.275484189723322,1.0,1.0,-3.8521680991860734,9.109711149825785,12.961879249011858,1.0,1.0,-1.6463018734248251
QID492_690,Explanation B,0,6,0.023974867724867677,0.9004629629629629,0.8764880952380952,1,1,0.5665421016812435,0.8354835289107309,0.2689414272294874,1,0,0.0,0.0,0.0,0,0,0.741716302051049,0.92414182363495,0.182425521583901,1,0,0.8807970842359879,1.0000000000000002,0.1192029157640123,1,0,0.13772770334928242,0.6944145454545456,0.5566868421052632,1.0,1.0,-2.90198519024835,7.769969696969699,10.67195488721805,1.0,1.0,-3.7463952494873585,8.796931818181818,12.543327067669177,1.0,1.0,-0.981606450216451,7.679422121212121,8.661028571428572,1.0,1.0,-1.8730647966507192
QID568_691,Explanation A,1,6,0.027252940631656952,0.9043715846994536,0.8771186440677966,1,1,0.9820137930646488,0.9820137930646488,0.0,1,0,0.0,0.0,0.0,0,0,1.0,1.0,0.0,1,0,0.9046505325302034,0.9046505325302034,0.0,1,0,0.04152894088669934,0.5832655172413794,0.5417365763546801,1.0,1.0,0.9024137931034506,10.0628078817734,9.16039408866995,1.0,1.0,2.186024630541869,10.187108374384234,8.001083743842365,1.0,1.0,-1.9319290640394087,8.257514778325124,10.189443842364533,1.0,1.0,0.29950957512315257
QID1220_692,Explanation B,0,6,-0.0010347793366661806,0.9056603773584906,0.9066951566951568,1,1,0.0229773689064587,0.0229773689064587,0.0,0,0,0.0,0.0,0.0,0,0,1.0,1.0,0.0,1,0,0.835483533007084,0.835483533007084,0.0,1,0,0.3074414944216084,0.5341057692307691,0.2266642748091607,1.0,0.0,-5.546356723429241,10.798269230769233,16.344625954198474,1.0,1.0,-5.634953175192562,11.490619343891405,17.125572519083967,1.0,1.0,-1.8184897065731729,9.144247850678736,10.96273755725191,1.0,1.0,-3.173089527693342
QID817_693,Explanation B,0,6,0.009420631182289196,0.8730569948186528,0.8636363636363636,1,1,1.0,1.0,0.0,1,0,0.0,0.0,0.0,0,0,1.0,1.0,0.0,1,0,0.060282837319712845,0.6224593382055109,0.5621765008857981,1,1,0.02103042643507902,0.5929446532392029,0.5719142268041238,1.0,1.0,-0.4334085779360919,9.4743646179402,9.907773195876292,1.0,1.0,-1.1485737832654035,9.554622093023257,10.70319587628866,1.0,1.0,-0.9347246491077854,9.605613289036544,10.54033793814433,1.0,1.0,-0.6239191459685505
QID446_694,Explanation A,1,6,-0.0029839466277493676,0.8561320754716981,0.8591160220994475,1,1,-0.970687768612669,0.0,0.970687768612669,0,1,0.0,0.0,0.0,0,0,-1.0,0.0,1.0,0,1,-0.8639971627965992,0.1066906045971184,0.9706877673937176,0,1,-0.016580672656554052,0.5104201981707319,0.527000870827286,1.0,1.0,-1.5741364738574788,9.194847560975614,10.768984034833093,1.0,1.0,-2.2410563117278475,9.698006097560976,11.939062409288823,1.0,1.0,1.5878183829516086,10.048829268292684,8.461010885341075,1.0,1.0,-0.5609887688225679
QID45_695,Explanation B,0,6,-0.0335035795355334,0.8704819277108434,0.9039855072463768,1,1,0.0293122290554239,0.0293122290554239,0.0,0,0,0.0,0.0,0.0,0,0,0.6224593312018546,1.0,0.3775406687981454,1,0,0.04786518305383558,0.9149009462917596,0.867035763237924,1,1,0.11640924050632889,0.46625,0.3498407594936711,0.0,0.0,-1.0991336146272879,11.047777777777778,12.146911392405066,1.0,1.0,-1.1741814345991557,10.753666666666668,11.927848101265823,1.0,1.0,0.05878150961087769,9.675670370370373,9.616888860759495,1.0,1.0,-0.5245310747773093
QID1393_696,Explanation B,0,6,0.013945075879192581,0.8659003831417624,0.8519553072625698,1,1,0.0,0.0,0.0,0,0,0.0,0.0,0.0,0,0,-0.8670357718273068,0.0,0.8670357718273068,0,1,-0.3241373335012144,0.0534033282932747,0.3775406617944891,0,0,0.016845529257067837,0.6105833333333337,0.5937378040762659,1.0,1.0,1.0101621740083289,10.465185185185188,9.45502301117686,1.0,1.0,2.0368121301775144,11.52513888888889,9.488326758711375,1.0,1.0,-0.30243460442691195,8.189585185185186,8.492019789612097,1.0,1.0,0.6903463072539998
QID1121_697,Explanation A,1,6,0.05109717868338548,0.8510971786833855,0.8,1,1,0.0,0.0,0.0,0,0,0.0,0.0,0.0,0,0,-0.4378234991142019,0.0,0.4378234991142019,0,0,-0.5087731654364128,0.0534033354493852,0.5621765008857981,0,1,0.006421522030904958,0.5106143260011285,0.5041928039702236,1.0,1.0,0.012324934676337662,11.356204173716865,11.343879239040527,1.0,1.0,-0.3693868462560115,10.506221094190636,10.875607940446647,1.0,1.0,-0.5177485273309763,9.050412239142696,9.568160766473673,1.0,1.0,-0.2170972292199363
QID117_698,Explanation B,0,6,0.011257763975155322,0.8505434782608695,0.8392857142857142,1,1,0.1480471999111614,0.1480471999111614,0.0,0,0,0.7549149923816049,0.7549149923816049,0.0,1,0,0.9399133433038894,0.9399133433038894,0.0,1,0,0.0693637080740154,0.1066905939456512,0.0373268858716358,0,0,0.15360090159452006,0.5806096225247527,0.4270087209302326,1.0,0.0,-2.7533954064011077,9.676216996699672,12.42961240310078,1.0,1.0,-2.488664229795072,9.614591584158417,12.103255813953488,1.0,1.0,-0.5161237163251213,7.858869306930694,8.374993023255815,1.0,1.0,-1.4011456127316952
QID2119_699,Explanation B,0,6,-0.046384157482171284,0.8829787234042553,0.9293628808864266,1,1,0.0,0.0,0.0,0,0,0.0,0.0,0.0,0,0,0.0,0.0,0.0,0,0,-0.11111312353914371,0.0534033352610665,0.1645164588002102,0,0,0.052407296037296214,0.3780372960372963,0.3256300000000001,0.0,0.0,-0.0523739963739942,13.433626003626006,13.486,1.0,1.0,1.4898415695415679,13.939541569541568,12.4497,1.0,1.0,0.02792781662781607,9.235527816627815,9.2076,1.0,1.0,0.37945067145817146
QID820_700,Explanation B,0,6,-0.0022653000594177186,0.8796791443850267,0.8819444444444444,1,1,0.0,0.0,0.0,0,0,0.0,0.0,0.0,0,0,0.0,0.0,0.0,0,0,0.0534033286699121,0.0534033286699121,0.0,0,0,0.05209012020410142,0.4463081434599158,0.3942180232558144,0.0,0.0,-0.8298712589539807,12.057105485232068,12.886976744186049,1.0,1.0,-0.9237905995486262,12.712953586497887,13.636744186046514,1.0,1.0,-1.3671527386910043,9.57830540084388,10.945458139534884,1.0,1.0,-0.7671811192473774
QID1168_701,Explanation B,0,6,-0.12146726330664159,0.7386363636363636,0.8601036269430052,1,1,0.8519527963298946,0.8519527963298946,0.0,1,0,0.0,0.0,0.0,0,0,1.0,1.0,0.0,1,0,0.5621765008857982,0.5621765008857982,0.0,1,0,0.1511505723475403,0.5427615239690183,0.391610951621478,1.0,0.0,-3.7039994693694993,9.629966506175425,13.333965975544924,1.0,1.0,-4.809713985930941,9.529866024701697,14.339580010632638,1.0,1.0,-1.0339622408321283,9.345077684739376,10.379039925571504,1.0,1.0,-2.3491312809462572
QID318_702,Explanation A,1,6,0.007593530065440168,0.9120879120879122,0.904494382022472,1,1,-0.731058584489497,0.0,0.731058584489497,0,1,0.0,0.0,0.0,0,0,-1.0,0.0,1.0,0,1,-0.7401340616812563,0.1645164669929161,0.9046505286741724,0,1,,,,,,,,,,,,,,,,,,,,,
QID69_703,Explanation A,1,6,-0.02318675385446045,0.8227848101265822,0.8459715639810427,1,1,-0.0330859769585817,0.0,0.0330859769585817,0,0,0.0,0.0,0.0,0,0,-0.9149009584734676,0.0,0.9149009584734676,0,1,0.08651209272754634,0.4073334000459302,0.3208213073183839,0,0,-0.09058271858063194,0.4982995866141735,0.5888823051948054,0.0,1.0,0.9502393479224178,10.85109973753281,9.900860389610392,1.0,1.0,1.029463806370801,10.82909448818898,9.79963068181818,1.0,1.0,1.9102587797832111,9.30594692913386,7.395688149350649,1.0,1.0,0.9498448038739495
QID342_704,Explanation B,0,6,0.051614820685555785,0.8883495145631067,0.836734693877551,1,1,0.0293122318643119,0.0293122318643119,0.0,0,0,0.0,0.0,0.0,0,0,1.0,1.0,0.0,1,0,0.07736325318427717,0.9820137934265416,0.9046505402422644,1,1,-0.001599234318313325,0.6902593695777908,0.6918586038961041,1.0,1.0,0.31117067143382826,8.510196645459803,8.199025974025975,1.0,1.0,0.3820200851779827,9.588513591671486,9.206493506493503,1.0,1.0,0.04390297071349636,7.916241931752458,7.872338961038961,1.0,1.0,0.1838736232517485
QID569_705,Explanation A,1,6,-0.03816287878787872,0.9045454545454544,0.9427083333333331,1,1,0.0,0.0,0.0,0,0,0.0,0.0,0.0,0,0,-0.7310585903489891,0.0,0.7310585903489891,0,1,-0.0259573570094195,0.0,0.0259573570094195,0,0,0.04953813101709792,0.6194525773195878,0.5699144463024899,1.0,1.0,-1.3475802393731549,7.923136966126659,9.270717205499814,1.0,1.0,-1.3671591088825519,9.12140648011782,10.488565589000372,1.0,1.0,-0.5558051831529198,8.393401914580265,8.949207097733185,1.0,1.0,-0.8052516000978822
QID1443_706,Explanation A,1,6,-0.013151009871978259,0.8859315589353612,0.8990825688073395,1,1,-0.3699664508109114,0.2227001491431583,0.5926665999540697,0,1,0.0,0.0,0.0,0,0,2.220446049250313e-16,1.0000000000000002,1.0,1,1,-0.6873682864598756,0.0675466948937762,0.7549149813536518,0,1,-0.1423871733529627,0.6010500000000003,0.743437173352963,1.0,1.0,2.9213859240174997,9.644444444444442,6.723058520426942,1.0,1.0,1.4320703594650972,8.953833333333332,7.521762973868235,1.0,1.0,1.300556173066699,7.698777777777778,6.398221604711079,1.0,1.0,1.3779063207990834
QID420_707,Explanation B,0,6,-0.026918960699209182,0.8615702479338844,0.8884892086330936,1,1,0.0,0.0,0.0,0,0,0.0,0.0,0.0,0,0,-0.9840936047310688,0.0,0.9840936047310688,0,1,1.1102230246251565e-16,0.5621765008857982,0.5621765008857981,1,1,-0.09651016872278695,0.4832225235849057,0.5797326923076926,0.0,1.0,1.4355333817126308,11.258097484276735,9.822564102564105,1.0,1.0,1.5622943880019307,12.264858490566034,10.702564102564104,1.0,1.0,1.384724012256088,10.779406918238994,9.394682905982906,1.0,1.0,1.0715104033119656
QID245_708,Explanation B,0,6,0.008108108108108136,0.8581081081081081,0.85,1,1,0.5,0.5,0.0,0,0,0.0,0.0,0.0,0,0,0.950241458697622,0.962673109710883,0.012431651013261,1,0,0.017552347264870996,0.0850990374659633,0.0675466902010923,0,0,-0.008476781701444835,0.5125339325842697,0.5210107142857145,1.0,1.0,0.18976243980737983,10.354524344569288,10.164761904761908,1.0,1.0,0.714494382022469,10.01449438202247,9.3,1.0,1.0,0.5505065382557515,8.363387490636704,7.812880952380953,1.0,1.0,0.36157164459603885
QID1393_709,Explanation A,1,6,0.02428273142061721,0.8601036269430052,0.835820895522388,1,1,0.0,0.0,0.0,0,0,0.0,0.0,0.0,0,0,-0.9046505402422648,0.0,0.9046505402422648,0,1,-0.3283127732941263,0.0203323552719593,0.3486451285660856,0,0,0.016845529257067837,0.6105833333333337,0.5937378040762659,1.0,1.0,1.0101621740083289,10.465185185185188,9.45502301117686,1.0,1.0,2.0368121301775144,11.52513888888889,9.488326758711375,1.0,1.0,-0.30243460442691195,8.189585185185186,8.492019789612097,1.0,1.0,0.6903463072539998
QID418_710,Explanation B,0,6,-0.037465962402808306,0.7914110429447853,0.8288770053475936,1,1,-0.37000650881977193,0.0373268912261583,0.4073334000459302,0,0,0.0,0.0,0.0,0,0,-2.220446049250313e-16,1.0,1.0000000000000002,1,1,0.3824134550150433,0.6513548646660542,0.2689414096510109,1,0,-0.08761780681818188,0.5565224431818183,0.6441402500000002,1.0,1.0,3.0455238636363617,11.045823863636365,8.000300000000003,1.0,1.0,4.087034886363643,12.21089488636364,8.123859999999997,1.0,1.0,1.1189900852272725,8.183210085227273,7.064220000000001,1.0,1.0,2.040982757102274
QID146_711,Explanation A,1,6,0.08913043478260874,0.9055555555555556,0.8164251207729468,1,1,0.0629481538832064,0.914900952092573,0.8519527982093666,1,1,0.0,0.0,0.0,0,0,0.06754669489377618,1.0,0.9324533051062238,1,1,0.1441841045224331,0.1645164567520338,0.0203323522296007,0,0,-0.1672674749660683,0.4551185618729099,0.6223860368389782,0.0,1.0,2.4410509581353512,11.973344481605352,9.53229352347,1.0,1.0,3.1839800324710748,12.871906354515048,9.687926322043973,1.0,1.0,1.3389135826094893,9.552408472686732,8.213494890077243,1.0,1.0,1.6991692745624618
QID168_712,Explanation B,0,6,0.04454022988505746,0.8649425287356322,0.8204022988505747,1,1,-0.0850990461671828,0.0,0.0850990461671828,0,0,0.0,0.0,0.0,0,0,-0.9859363729438412,0.0,0.9859363729438412,0,1,-0.8519527944504226,0.0,0.8519527944504226,0,1,-0.00554557845663084,0.5436378189792666,0.5491833974358974,1.0,1.0,-2.227453318611218,9.829290271132376,12.056743589743594,1.0,1.0,-3.182666421298002,10.37761562998405,13.560282051282051,1.0,1.0,1.1756647282542012,10.771036523125996,9.595371794871795,1.0,1.0,-1.0600001475279124
QID821_713,Explanation A,1,6,-0.03496217542424862,0.8904109589041096,0.9253731343283582,1,1,-0.4687906266262437,0.0,0.4687906266262437,0,0,0.0,0.0,0.0,0,0,-1.0,0.0,1.0,0,1,-0.5312093733737563,0.0,0.5312093733737563,0,1,-0.15748496980263477,0.4587236569579289,0.6162086267605636,0.0,1.0,1.2389134873968732,10.135462783171524,8.896549295774651,1.0,1.0,-0.23298600665481217,8.506521035598709,8.739507042253521,1.0,1.0,1.3780459984502471,9.453255857605178,8.075209859154931,1.0,1.0,0.5566221273474183
QID621_714,Explanation B,0,6,-0.007992822771389019,0.855191256830601,0.8631840796019901,1,1,0.0,0.0,0.0,0,0,0.0,0.0,0.0,0,0,0.0,0.0,0.0,0,0,0.8259954390807025,0.8519527982093666,0.0259573591286642,1,0,,,,,,,,,,,,,,,,,,,,,
QID1318_715,Explanation A,1,6,0.012706969580285055,0.9183673469387756,0.9056603773584906,1,1,0.0,0.0,0.0,0,0,0.0,0.0,0.0,0,0,0.0,0.0,0.0,0,0,0.0850990467472642,0.0850990467472642,0.0,0,0,-0.0721145307118255,0.5080292192881748,0.5801437500000003,1.0,1.0,0.10945560658247544,11.08862227324914,10.979166666666664,1.0,1.0,2.0238323765786426,11.355640068886338,9.331807692307695,1.0,1.0,-1.531013853807881,10.19730665901263,11.728320512820511,1.0,1.0,0.13253989966035284
QID445_716,Explanation B,0,6,0.11011904761904767,0.8476190476190477,0.7375,1,1,0.9399133433038894,0.9399133433038894,0.0,1,0,0.0,0.0,0.0,0,0,1.0,1.0,0.0,1,0,0.0,0.0,0.0,0,0,0.08668946705468411,0.5165466099118273,0.4298571428571432,1.0,0.0,-2.29123970232666,10.694712678625724,12.985952380952384,1.0,1.0,-2.5079221865091412,10.771006384919431,13.278928571428573,1.0,1.0,-0.05124829083959348,8.159223137731834,8.210471428571427,1.0,1.0,-1.1909301781551775
QID1319_717,Explanation A,1,6,0.025636501818576574,0.9013761467889908,0.8757396449704142,1,1,0.1329642487872127,0.1329642487872127,0.0,0,0,0.0,0.0,0.0,0,0,0.5312093733737563,0.5312093733737563,0.0,1,0,0.14973849075794593,0.2689414096510108,0.1192029188930649,0,0,0.045519659056622364,0.6176830470347648,0.5721633879781425,1.0,1.0,-0.3011087197023006,9.825721881390596,10.126830601092896,1.0,1.0,-0.8634471487478574,10.573875255623726,11.437322404371583,1.0,1.0,-0.8929194488584944,8.540884376278118,9.433803825136613,1.0,1.0,-0.5029889145630075
QID121_718,Explanation A,1,6,-0.02466124661246627,0.8975609756097561,0.9222222222222224,1,1,0.09696976220046305,0.9324533013520764,0.8354835391516133,1,1,0.2942149721629888,0.2942149721629888,0.0,0,0,2.220446049250313e-16,1.0,0.9999999999999998,1,1,0.2981867753392729,0.5,0.2018132246607271,0,0,0.14879376556849838,0.576835339199546,0.4280415736310476,1.0,0.0,-2.6418950187293575,10.1839369855237,12.825832004253057,1.0,1.0,-3.4101888870931365,10.613888731195004,14.02407761828814,1.0,1.0,-0.09973208536354683,9.448255208629009,9.547987293992556,1.0,1.0,-1.5007555564043855
QID442_719,Explanation A,1,6,-0.01986725663716815,0.885,0.9048672566371682,1,1,0.0,0.0,0.0,0,0,0.0,0.0,0.0,0,0,0.0,0.0,0.0,0,0,0.7057850340255387,0.7057850340255387,0.0,1,0,-0.05164879419617452,0.413501264044944,0.4651500582411185,0.0,0.0,3.1923331675533717,12.796835205992512,9.60450203843914,1.0,1.0,5.098503137822039,14.16230337078651,9.063800232964471,1.0,1.0,-0.1503417815674517,9.234631835205992,9.384973616773443,1.0,1.0,2.022211432402946
QID118_720,Explanation B,0,6,-0.009597989949748809,0.91,0.9195979899497488,1,1,0.3775406687981454,0.3775406687981454,0.0,0,0,0.0,0.0,0.0,0,0,1.0,1.0,0.0,1,0,0.9149009462917594,1.0,0.0850990537082405,1,0,0.03855212196767155,0.5707170559610708,0.5321649339933993,1.0,1.0,-0.19597798173978376,9.65425304136253,9.850231023102314,1.0,1.0,0.6833082797330832,10.823588807785889,10.140280528052806,1.0,1.0,-1.5071078663486794,7.654424476885644,9.161532343234324,1.0,1.0,-0.24530636159692712
QID270_721,Explanation A,1,6,0.04395604395604402,0.9285714285714286,0.8846153846153846,1,1,-1.0,0.0,1.0,0,1,0.0,0.0,0.0,0,0,-1.0,0.0,1.0,0,1,-0.0969697692394893,0.8354835391516133,0.9324533083911026,1,1,,,,,,,,,,,,,,,,,,,,,
QID1221_722,Explanation B,0,6,-0.018031106824210164,0.8978779840848806,0.9159090909090908,1,1,0.0,0.0,0.0,0,0,0.0,0.0,0.0,0,0,-0.0758581737534831,0.0,0.0758581737534831,0,0,-0.1066905953658467,0.0,0.1066905953658467,0,0,-0.05646775675334703,0.4764247169811324,0.5328924737344795,0.0,1.0,0.2948607521940474,11.668830188679248,11.3739694364852,1.0,1.0,-0.5192871366527854,11.89797169811321,12.417258834765995,1.0,1.0,1.4061097305869446,10.720991698113208,9.314881967526263,1.0,1.0,0.28130389734371486
QID1120_723,Explanation B,0,6,0.008761228790063136,0.8591549295774648,0.8503937007874016,1,1,-1.0,0.0,1.0,0,1,0.0,0.0,0.0,0,0,-1.0,0.0,1.0,0,1,-0.18061240815380686,0.7772998663336159,0.9579122744874228,1,1,-0.07596310701438846,0.5674843750000003,0.6434474820143887,1.0,1.0,0.6848602903391612,9.703883928571432,9.019023638232271,1.0,1.0,2.001582814105861,11.373247767857144,9.371664953751283,1.0,1.0,1.7875348856628985,8.737690178571428,6.95015529290853,1.0,1.0,1.099503720773383
QID793_724,Explanation B,0,6,0.027118644067796516,0.7937853107344632,0.7666666666666667,1,1,0.0,0.0,0.0,0,0,0.0,0.0,0.0,0,0,0.0,0.0,0.0,0,0,-0.6224593312018546,0.0,0.6224593312018546,0,1,-0.027578868266722067,0.5028427480916033,0.5304216163583254,1.0,1.0,0.4999536116281682,10.707688113413305,10.207734501785136,1.0,1.0,0.11038129712591349,10.650196292257364,10.53981499513145,1.0,1.0,0.23250175922573213,8.903965212649945,8.671463453424213,1.0,1.0,0.20381444992827294
QID1392_725,Explanation B,0,6,0.028970947597067642,0.9344827586206896,0.905511811023622,1,1,0.5,0.5,0.0,0,0,0.0,0.0,0.0,0,0,0.651354857898194,0.651354857898194,0.0,1,0,0.0,0.0,0.0,0,0,0.04132767569605822,0.6832398378582204,0.6419121621621622,1.0,1.0,-1.2264378890849486,8.120550527903472,9.34698841698842,1.0,1.0,-1.5564892089891984,8.4298717948718,9.986361003861,1.0,1.0,0.06126285283344224,8.693948567119156,8.632685714285714,1.0,1.0,-0.6700841423861617
QID1394_726,Explanation B,0,6,0.0037124060150376392,0.8921052631578947,0.8883928571428571,1,1,0.9046505395995929,0.9046505395995929,0.0,1,0,0.0,0.0,0.0,0,0,0.9669140208962348,0.9669140208962348,0.0,1,0,0.8933094110250333,0.8933094110250333,0.0,1,0,0.22534397388589267,0.4863039738858927,0.26096,0.0,0.0,-1.5789038157414517,11.446667612829977,13.025571428571428,1.0,1.0,-0.6255173046510638,10.874589838206075,11.50010714285714,1.0,1.0,-1.2541848546287646,9.564786573942664,10.818971428571428,1.0,1.0,-0.8083155002838469
QID1646_727,Explanation B,0,6,-0.0039018952062430667,0.8076923076923077,0.8115942028985508,1,1,0.8807970685907242,0.8807970685907242,0.0,1,0,0.0,0.0,0.0,0,0,1.0,1.0,0.0,1,0,0.1383919786759351,0.4073334000459302,0.2689414213699951,0,0,0.11442938811188808,0.5733175000000003,0.4588881118881122,1.0,0.0,-1.9962782772782752,9.733222222222224,11.7295004995005,1.0,1.0,-2.320282450882452,10.573933333333336,12.894215784215788,1.0,1.0,-0.2594377178377165,8.917522222222223,9.17695994005994,1.0,1.0,-1.115392264471639
QID170_728,Explanation A,1,6,-0.032179386309992175,0.8580645161290322,0.8902439024390244,1,1,0.7310585786300048,0.7310585786300048,0.0,1,0,0.0,0.0,0.0,0,0,1.0,1.0,0.0,1,0,0.2689414213699951,0.2689414213699951,0.0,0,0,,,,,,,,,,,,,,,,,,,,,
QID292_729,Explanation B,0,6,-0.020773042501033512,0.8592964824120604,0.8800695249130939,1,1,0.0,0.0,0.0,0,0,0.0,0.0,0.0,0,0,0.5621765008857981,0.5621765008857981,0.0,1,0,0.005554556846077002,0.0179862077907343,0.0124316509446573,0,0,-0.08485902502414155,0.7177527210076046,0.8026117460317461,1.0,1.0,0.46667344136640665,7.167276615969584,6.700603174603177,1.0,1.0,-0.4292545144547084,6.864453422053231,7.293707936507939,1.0,1.0,-1.1512648138089219,9.49499391634981,10.646258730158731,1.0,1.0,-0.2996762279803413
QID626_730,Explanation A,1,7,-0.024525745257452547,0.8699186991869919,0.8944444444444445,1,1,0.0474258765434903,0.0474258765434903,0.0,0,0,0.0,0.0,0.0,0,0,-0.1758558681693452,0.0259573564913819,0.2018132246607271,0,0,-0.6652225512848047,0.1329642264548166,0.7981867777396212,0,1,0.05043010478843313,0.6612929619312905,0.6108628571428574,1.0,1.0,-0.9577217137551379,9.741992571959148,10.699714285714286,1.0,1.0,0.3459166467701369,11.816945218198704,11.471028571428567,1.0,1.0,-0.3080097307335201,7.726490269266481,8.034500000000001,1.0,1.0,-0.217346173232522
QID124_731,Explanation B,0,7,0.03934920634920602,0.9027777777777776,0.8634285714285715,1,1,0.0,0.0,0.0,0,0,0.0,0.0,0.0,0,0,0.0,0.0,0.0,0,0,0.0,0.0,0.0,0,0,-0.43979197387891644,0.2187509554140129,0.6585429292929293,0.0,1.0,6.81922142259722,15.55578707916288,8.73656565656566,1.0,1.0,8.02406475468975,16.84428571428571,8.82022095959596,1.0,1.0,4.2002892972031525,11.58793803457689,7.387648737373738,1.0,1.0,4.650945875152802
QID948_732,Explanation A,1,7,-0.003348424825504681,0.891812865497076,0.8951612903225806,1,1,0.0,0.0,0.0,0,0,0.0,0.0,0.0,0,0,0.0,0.0,0.0,0,0,0.033085980295534,0.033085980295534,0.0,0,0,,,,,,,,,,,,,,,,,,,,,
QID951_733,Explanation A,1,7,0.019182056333759134,0.9068825910931174,0.8877005347593583,1,1,0.9890130590088412,0.9890130590088412,0.0,1,0,0.0,0.0,0.0,0,0,1.0,1.0,0.0,1,0,0.0259573546547034,0.0259573546547034,0.0,0,0,,,,,,,,,,,,,,,,,,,,,
QID173_734,Explanation B,0,7,-0.04196872778962346,0.7985074626865671,0.8404761904761906,1,1,0.0,0.0,0.0,0,0,0.0,0.0,0.0,0,0,0.0,0.0,0.0,0,0,0.0140636271594676,0.0140636271594676,0.0,0,0,-0.11028543233082722,0.346084210526316,0.4563696428571432,0.0,0.0,1.103980785296578,14.256599832915622,13.152619047619044,1.0,1.0,0.8741278195488764,15.491127819548872,14.616999999999996,1.0,1.0,0.24471645781119378,10.296168838763576,10.051452380952382,1.0,1.0,0.5281349075814552
QID176_735,Explanation A,1,7,0.012939958592132483,0.8571428571428571,0.8442028985507246,1,1,0.8933093989533708,0.8933093989533708,0.0,1,0,0.0,0.0,0.0,0,0,0.9999999999999998,0.9999999999999998,0.0,1,0,0.3775406758018018,0.3775406758018018,0.0,0,0,,,,,,,,,,,,,,,,,,,,,
QID2175_736,Explanation B,0,7,-0.02271563040276625,0.8664596273291925,0.8891752577319587,1,1,0.4378234991142019,0.4378234991142019,0.0,0,0,0.0,0.0,0.0,0,0,0.6636972946340057,0.7057850216484838,0.0420877270144781,1,0,-0.41412929909516466,0.1480472017906333,0.562176500885798,0,1,0.15983009568380457,0.759829543197617,0.5999994475138124,1.0,1.0,-4.403842782187411,6.651761006289309,11.05560378847672,1.0,1.0,-5.343677426914521,6.504175769612711,11.847853196527232,1.0,1.0,-1.5691724004580418,6.403156802383316,7.972329202841358,1.0,1.0,-2.789215628469042
QID1323_737,Explanation A,1,7,0.007424475166410538,0.861111111111111,0.8536866359447005,1,1,0.3775406687981454,0.3775406687981454,0.0,0,0,-0.2227001439842336,0.0,0.2227001439842336,0,0,1.0,1.0,0.0,1,0,0.2018132150593341,0.2018132150593341,0.0,0,0,,,,,,,,,,,,,,,,,,,,,
QID975_738,Explanation B,0,7,0.025338395510069223,0.9291845493562232,0.903846153846154,1,1,-0.4687906266262437,0.0,0.4687906266262437,0,0,0.0,0.0,0.0,0,0,-1.0,0.0,1.0,0,1,-0.9324533055754924,0.0,0.9324533055754924,0,1,0.2448233208182497,0.713438575055538,0.4686152542372883,1.0,0.0,-3.762809236674677,8.989095525230088,12.751904761904765,1.0,1.0,-4.800344098840988,9.297258806728024,14.097602905569012,1.0,1.0,0.27239216652079357,8.909843256109172,8.637451089588378,1.0,1.0,-2.0114844620441557
QID1299_739,Explanation A,1,7,-0.04341926729986423,0.8409090909090909,0.8843283582089552,1,1,0.0675466855084087,0.0675466855084087,0.0,0,0,0.0,0.0,0.0,0,0,1.0000000000000002,1.0000000000000002,0.0,1,0,0.047425875365417,0.047425875365417,0.0,0,0,0.13613841597817017,0.4308939788053954,0.2947555628272252,0.0,0.0,-6.409118371011509,14.12389210019268,20.53301047120419,1.0,1.0,-9.305671347436167,15.801579961464356,25.107251308900523,1.0,1.0,-0.09483991970059158,9.630217148362236,9.725057068062828,1.0,1.0,-3.9183728055425244
QID1453_740,Explanation A,1,7,0.011533962126197173,0.8608247422680412,0.849290780141844,1,1,0.0,0.0,0.0,0,0,0.0,0.0,0.0,0,0,0.0474258750288247,0.0474258750288247,0.0,0,0,0.0758581800212435,0.0758581800212435,0.0,0,0,,,,,,,,,,,,,,,,,,,,,
QID299_741,Explanation B,0,7,0.03846703846703847,0.9009009009009008,0.8624338624338623,1,1,-0.8933093975331751,0.0,0.8933093975331751,0,1,0.0,0.0,0.0,0,0,-1.0,0.0,1.0,0,1,0.0,0.0,0.0,0,0,0.2094552406417114,0.5259370588235296,0.3164818181818182,1.0,0.0,-3.3029643493761185,10.78749019607843,14.090454545454548,1.0,1.0,-4.5565608288770125,10.195882352941176,14.752443181818188,1.0,1.0,-0.31332501782531175,10.06647725490196,10.379802272727272,1.0,1.0,-1.990848738859183
QID452_742,Explanation B,0,7,0.040642154872645664,0.9329073482428114,0.8922651933701657,1,1,0.0,0.0,0.0,0,0,0.0,0.0,0.0,0,0,0.0109869408899593,0.0109869408899593,0.0,0,0,-0.0600866541714254,0.0,0.0600866541714254,0,0,,,,,,,,,,,,,,,,,,,,,
QID1175_743,Explanation A,1,7,-0.025290697674418716,0.8372093023255813,0.8625,1,1,0.0,0.0,0.0,0,0,0.0,0.0,0.0,0,0,0.0,0.0,0.0,0,0,0.0,0.0,0.0,0,0,-0.16567756410256412,0.3059666666666669,0.471644230769231,0.0,0.0,2.292528490028488,15.429259259259258,13.13673076923077,1.0,1.0,3.0362869884744885,17.77148148148148,14.735194493006992,1.0,1.0,0.5278344470344472,10.531440740740742,10.003606293706294,1.0,1.0,1.4227430903587148
QID798_744,Explanation A,1,7,0.01166552485346728,0.8708609271523179,0.8591954022988506,1,1,0.0,0.0,0.0,0,0,0.0,0.0,0.0,0,0,0.0,0.0,0.0,0,0,0.019110354078405497,0.0420877264137177,0.0229773723353122,0,0,-0.13999713131731584,0.5179058098591551,0.657902941176471,1.0,1.0,2.131499585749797,10.267676056338033,8.136176470588236,1.0,1.0,3.6460501242750567,11.426197183098587,7.78014705882353,1.0,1.0,3.0329829328914677,10.299153521126762,7.266170588235294,1.0,1.0,2.1676338778997515
QID426_745,Explanation B,0,7,0.020763582966226157,0.9140969162995596,0.8933333333333334,1,1,0.0,0.0,0.0,0,0,0.0,0.0,0.0,0,0,0.0,0.0,0.0,0,0,-0.2445764406254523,0.1329642281726931,0.3775406687981454,0,0,0.2109631042087992,0.3430431637326089,0.1320800595238097,0.0,0.0,-4.401410468329841,12.648523394104023,17.049933862433864,1.0,1.0,-4.435935956945592,13.434024360514726,17.86996031746032,1.0,1.0,1.2919323636888311,13.201555115011582,11.90962275132275,1.0,1.0,-1.8336127393444506
QID1576_746,Explanation A,1,7,-0.08065652296421544,0.869047619047619,0.9497041420118344,1,1,0.0,0.0,0.0,0,0,0.0,0.0,0.0,0,0,0.0,0.0,0.0,0,0,0.0,0.0,0.0,0,0,-0.24587658443124055,0.3928514767932492,0.6387280612244898,0.0,1.0,3.86660208387152,14.058438818565405,10.191836734693885,1.0,1.0,4.8883489193145575,15.048185654008437,10.15983673469388,1.0,1.0,0.5800113493498671,11.038772573839664,10.458761224489797,1.0,1.0,2.272271442026176
QID1000_747,Explanation A,1,7,0.020051594746716805,0.8798076923076924,0.8597560975609756,1,1,0.0,0.0,0.0,0,0,0.0,0.0,0.0,0,0,0.0,0.0,0.0,0,0,-0.2942149659744614,0.0,0.2942149659744614,0,0,,,,,,,,,,,,,,,,,,,,,
QID802_748,Explanation B,0,7,-0.05238919281009269,0.8579881656804733,0.910377358490566,1,1,0.0,0.0,0.0,0,0,0.0,0.0,0.0,0,0,0.0,0.0,0.0,0,0,-0.0758581873336313,0.0,0.0758581873336313,0,0,0.23154597975553848,0.4043650974025976,0.1728191176470591,0.0,0.0,-4.719775485951956,12.208982683982686,16.928758169934643,1.0,1.0,-5.980345047109751,12.15279220779221,18.13313725490196,1.0,1.0,-1.9585612426788916,9.444503463203462,11.403064705882354,1.0,1.0,-3.106783948996265
QID1300_749,Explanation B,0,7,-0.001098901098901206,0.9256410256410256,0.9267399267399268,1,1,0.0,0.0,0.0,0,0,0.0,0.0,0.0,0,0,0.0,0.0,0.0,0,0,-0.0675466967708498,0.0,0.0675466967708498,0,0,0.1361383075321686,0.4306432883750804,0.2945049808429118,0.0,0.0,-1.157080149713197,11.83583172768144,12.992911877394636,1.0,1.0,-1.339728478727885,11.921689145793188,13.261417624521073,1.0,1.0,-1.5036860983766296,9.79240777135517,11.2960938697318,1.0,1.0,-0.9660891048213858
QID275_750,Explanation A,1,7,-0.002818252683336353,0.9220183486238532,0.9248366013071896,1,1,0.0,0.0,0.0,0,0,0.0,0.0,0.0,0,0,0.0,0.0,0.0,0,0,0.0,0.0,0.0,0,0,-0.08919378871723205,0.6249556352459019,0.714149423963134,1.0,1.0,3.0024798544483886,9.996489071038251,6.994009216589863,1.0,1.0,4.72519207524363,11.73012295081967,7.00493087557604,1.0,1.0,-0.6942624512099922,8.222466120218579,8.916728571428571,1.0,1.0,1.7360539224411986
QID24_751,Explanation B,0,7,0.0071748639709803275,0.924757281553398,0.9175824175824177,1,1,0.0534033273516812,0.0534033273516812,0.0,0,0,0.0,0.0,0.0,0,0,0.0,0.0,0.0,0,0,-0.0124316489322832,0.0,0.0124316489322832,0,0,0.15362939660466718,0.6016915917266187,0.4480621951219515,1.0,0.0,-3.5861616699671615,9.009622302158274,12.595783972125435,1.0,1.0,-4.477431002932843,8.63886690647482,13.116297909407663,1.0,1.0,0.7754521921139048,10.291753237410072,9.516301045296167,1.0,1.0,-1.7836277710453579
QID625_752,Explanation A,1,7,-0.016908174012958632,0.884020618556701,0.9009287925696596,1,1,0.28109843601865137,0.3486451285660856,0.0675466925474342,0,0,0.0,0.0,0.0,0,0,-0.1645164669929161,0.0,0.1645164669929161,0,0,0.0,0.0,0.0,0,0,,,,,,,,,,,,,,,,,,,,,
QID2126_753,Explanation A,1,7,-0.035401069518716466,0.8763636363636363,0.9117647058823528,1,1,0.7772998714925403,0.7772998714925403,0.0,1,0,0.0,0.0,0.0,0,0,1.0,1.0,0.0,1,0,0.1859068369135646,0.2018132318617721,0.0159063949482075,0,0,-0.02020319894829109,0.4929325153374236,0.5131357142857147,0.0,1.0,-0.8422231960268807,11.93587204206836,12.77809523809524,1.0,1.0,-0.7176555652936045,13.27163014899211,13.989285714285714,1.0,1.0,0.10683502775343356,11.184968361086767,11.078133333333334,1.0,1.0,-0.3683117331288357
QID1275_754,Explanation B,0,7,0.045278875713658295,0.8816425120772946,0.8363636363636363,1,1,-0.7772998611746911,0.0,0.7772998611746911,0,1,0.0,0.0,0.0,0,0,-0.9999999999999998,0.0,0.9999999999999998,0,1,-0.7256027572822255,0.0293122295854028,0.7549149868676283,0,1,-0.0329189408396946,0.6809500000000004,0.713868940839695,1.0,1.0,1.3234541984732786,8.529999999999998,7.206545801526719,1.0,1.0,0.22871755725191178,9.529500000000002,9.30078244274809,1.0,1.0,0.8644351145038165,9.0497,8.185264885496183,1.0,1.0,0.5959219823473281
QID351_755,Explanation A,1,7,-0.018269230769230815,0.9,0.9182692307692308,1,1,0.0,0.0,0.0,0,0,0.0,0.0,0.0,0,0,-0.1192029204575912,0.0,0.1192029204575912,0,0,-0.19984921697523284,0.2689414096510109,0.4687906266262437,0,0,,,,,,,,,,,,,,,,,,,,,
QID650_756,Explanation A,1,7,0.03984460283824576,0.9134078212290504,0.8735632183908046,1,1,0.0,0.0,0.0,0,0,0.0,0.0,0.0,0,0,0.0,0.0,0.0,0,0,0.5690560015903491,0.6224593312018546,0.0534033296115055,1,0,-0.19206704025214805,0.5672992943548391,0.7593663346069871,1.0,1.0,1.576220242287647,7.6564112903225805,6.0801910480349335,1.0,1.0,2.0416126919284423,5.353233870967742,3.3116211790392995,1.0,1.0,-1.410480433863924,9.210548387096775,10.6210288209607,1.0,1.0,0.5038213650250043
QID125_757,Explanation B,0,7,-0.04187158469945362,0.8624999999999999,0.9043715846994536,1,1,0.0,0.0,0.0,0,0,0.0,0.0,0.0,0,0,0.0,0.0,0.0,0,0,-0.0534033313063737,0.0,0.0534033313063737,0,0,,,,,,,,,,,,,,,,,,,,,
QID950_758,Explanation A,1,7,0.02525079310640499,0.8990825688073395,0.8738317757009345,1,1,0.0474258726726782,0.0474258726726782,0.0,0,0,0.0,0.0,0.0,0,0,0.9820137869453688,0.9820137869453688,0.0,1,0,0.6513548646660542,0.6513548646660542,0.0,1,0,-0.042038823529411906,0.48597,0.5280088235294119,0.0,1.0,0.6464649859943954,11.590190476190475,10.94372549019608,1.0,1.0,1.2355170868347312,12.269085714285715,11.033568627450984,1.0,1.0,-0.338384687208217,9.962690476190476,10.301075163398693,1.0,1.0,0.3753896405228744
QID177_759,Explanation B,0,7,-0.07320232528750159,0.8231707317073171,0.8963730569948187,1,1,-0.4149009538328171,0.0850990461671828,0.4999999999999999,0,0,0.0,0.0,0.0,0,0,-1.0,0.0,1.0,0,1,-0.6513548714339145,0.0,0.6513548714339145,0,1,,,,,,,,,,,,,,,,,,,,,
QID1276_760,Explanation A,1,7,0.02757000383582664,0.8598484848484849,0.8322784810126582,1,1,0.0,0.0,0.0,0,0,0.0,0.0,0.0,0,0,0.0,0.0,0.0,0,0,0.1192029188930649,0.1192029188930649,0.0,0,0,,,,,,,,,,,,,,,,,,,,,
QID2174_761,Explanation B,0,7,0.017893716626435574,0.8673835125448028,0.8494897959183673,1,1,0.3486451285660855,0.3486451285660855,0.0,0,0,0.0,0.0,0.0,0,0,0.8807970811069351,0.8807970811069351,0.0,1,0,-0.0474258758703056,0.0,0.0474258758703056,0,0,0.3640152000298551,0.6375887931034484,0.2735735930735933,1.0,0.0,-5.716700834287045,7.823448275862067,13.540149110149112,1.0,1.0,-7.9001920684679305,7.421034482758621,15.321226551226552,1.0,1.0,-2.1172113035113043,8.3032,10.420411303511305,1.0,1.0,-3.842522251559106
QID501_762,Explanation A,1,7,-0.0517241379310347,0.8649425287356322,0.9166666666666669,1,1,0.0,0.0,0.0,0,0,0.0,0.0,0.0,0,0,0.0,0.0,0.0,0,0,-0.2227001388253088,0.0,0.2227001388253088,0,0,,,,,,,,,,,,,,,,,,,,,
QID223_763,Explanation B,0,7,0.006689209056159995,0.888268156424581,0.881578947368421,1,1,0.5926665999540697,0.5926665999540697,0.0,1,0,0.0,0.0,0.0,0,0,0.9999999999999998,0.9999999999999998,0.0,1,0,0.010986944138468,0.010986944138468,0.0,0,0,,,,,,,,,,,,,,,,,,,,,
QID273_764,Explanation A,1,7,0.023440584287406252,0.8455882352941176,0.8221476510067114,1,1,0.0,0.0,0.0,0,0,0.0,0.0,0.0,0,0,0.0,0.0,0.0,0,0,0.9503554164307564,0.9706877687716629,0.0203323523409065,1,0,0.03820643064390172,0.4444093042071202,0.4062028735632185,0.0,0.0,-1.0494967079567026,11.153721682847898,12.2032183908046,1.0,1.0,-1.7040142004240604,11.68648867313916,13.39050287356322,1.0,1.0,-0.4504115109920761,9.930151132686085,10.38056264367816,1.0,1.0,-0.7914289971822344
QID2099_765,Explanation A,1,7,0.03173575129533679,0.9067357512953368,0.875,1,1,0.0,0.0,0.0,0,0,0.0,0.0,0.0,0,0,0.0,0.0,0.0,0,0,-0.17457564827472744,0.2942149783515163,0.4687906266262437,0,0,,,,,,,,,,,,,,,,,,,,,
QID1223_766,Explanation B,0,7,0.014198238637749938,0.905027932960894,0.8908296943231441,1,1,0.0,0.0,0.0,0,0,0.0,0.0,0.0,0,0,0.0,0.0,0.0,0,0,0.007460046484259394,0.0675466916088974,0.060086645124638,0,0,0.32584681950985506,0.7631599572649574,0.4373131377551024,1.0,0.0,-4.621072824001395,6.919726495726497,11.540799319727892,1.0,1.0,-5.787765550322698,3.5972854700854704,9.385051020408168,1.0,1.0,0.2925191348334213,11.285317094017095,10.992797959183674,1.0,1.0,-2.4476181049952044
QID1400_767,Explanation A,1,7,-0.05149501661129574,0.8903654485049834,0.9418604651162792,1,1,0.0,0.0,0.0,0,0,0.0,0.0,0.0,0,0,0.0,0.0,0.0,0,0,0.1192029157640123,0.1192029157640123,0.0,0,0,-0.09521828173857383,0.4053372641509435,0.5005555458895173,0.0,1.0,3.0912152398773323,13.924025157232704,10.832809917355371,1.0,1.0,5.424539791705989,15.69584905660377,10.27130926489778,1.0,1.0,-1.0161489594874453,7.8308371069182385,8.846986066405684,1.0,1.0,1.8510969475893253
QID1173_768,Explanation B,0,7,0.005476998491704466,0.8952205882352942,0.8897435897435897,1,1,-0.9525741251394716,0.0,0.9525741251394716,0,1,0.0,0.0,0.0,0,0,-0.2689414213699951,0.0,0.2689414213699951,0,0,-0.1192029251511703,0.0,0.1192029251511703,0,0,,,,,,,,,,,,,,,,,,,,,
QID453_769,Explanation A,1,7,-0.008912210561386025,0.9137931034482758,0.9227053140096618,1,1,1.0,1.0,0.0,1,0,0.0,0.0,0.0,0,0,1.0,1.0,0.0,1,0,0.6513548782017746,0.6513548782017746,0.0,1,0,,,,,,,,,,,,,,,,,,,,,
QID576_770,Explanation B,0,7,-0.04834468967560357,0.8789808917197452,0.9273255813953488,1,1,0.0,0.0,0.0,0,0,0.0,0.0,0.0,0,0,0.0,0.0,0.0,0,0,-0.0420877295677101,0.0,0.0420877295677101,0,0,0.23511672544409634,0.5937198863636368,0.3586031609195405,1.0,0.0,-1.5011311389759676,12.518409090909092,14.01954022988506,1.0,1.0,-2.7030614919812788,11.435306324110677,14.138367816091955,1.0,1.0,0.872665240107219,12.132728458498024,11.260063218390805,1.0,1.0,-0.7741026663514827
QID1126_771,Explanation A,1,7,-0.004761904761904856,0.8452380952380952,0.8500000000000001,1,1,0.8993673242148055,0.9324533051062238,0.0330859808914184,1,0,0.0,0.0,0.0,0,0,2.220446049250313e-16,1.0,0.9999999999999998,1,1,-0.7256027644943304,0.2450850021044189,0.9706877665987492,0,1,,,,,,,,,,,,,,,,,,,,,
QID1302_772,Explanation B,0,7,0.018061291408922542,0.8856502242152466,0.8675889328063241,1,1,0.0,0.0,0.0,0,0,0.0,0.0,0.0,0,0,0.0,0.0,0.0,0,0,0.0,0.0,0.0,0,0,0.33127160173160175,0.5734555844155846,0.2421839826839829,1.0,0.0,-7.068432900432903,8.932562770562772,16.000995670995675,1.0,1.0,-7.957294372294378,8.92285714285714,16.880151515151518,1.0,1.0,-2.4231660606060625,8.740881125541126,11.164047186147188,1.0,1.0,-4.279405432900436
QID76_773,Explanation B,0,7,-0.02728100678920342,0.8661616161616162,0.8934426229508197,1,1,0.9046505447409666,0.9046505447409666,0.0,1,0,0.0,0.0,0.0,0,0,0.8519528000888386,1.0,0.1480471999111614,1,0,-0.0079711481692397,0.0179862104884812,0.0259573586577209,0,0,0.2273346467817896,0.7349438775510205,0.5076092307692309,1.0,1.0,-5.412083725798013,6.346326530612245,11.758410256410258,1.0,1.0,-7.695405546834117,6.044081632653061,13.739487179487178,1.0,1.0,-2.5091900261643136,7.956155102040816,10.46534512820513,1.0,1.0,-3.8473361630036633
QID502_774,Explanation B,0,7,-0.0065410779696493115,0.8846153846153847,0.891156462585034,1,1,0.9859363734991244,0.9859363734991244,0.0,1,0,0.0,0.0,0.0,0,0,1.0,1.0,0.0,1,0,0.5312093733737562,0.5312093733737562,0.0,1,0,,,,,,,,,,,,,,,,,,,,,
QID374_775,Explanation B,0,7,-0.07407991898947253,0.8803680981595092,0.9544480171489818,1,1,0.0,0.0,0.0,0,0,0.0,0.0,0.0,0,0,-0.0420877286665694,0.0,0.0420877286665694,0,0,-0.1066906010466292,0.0,0.1066906010466292,0,0,0.08114566516793253,0.4346099963781239,0.3534643312101914,0.0,0.0,-1.0389249849802535,12.637881202462877,13.67680618744313,1.0,1.0,-1.6769079526051627,12.94737776168055,14.624285714285712,1.0,1.0,0.38795968940846315,9.863859507424843,9.47589981801638,1.0,1.0,-0.5616818957522551
QID28_776,Explanation B,0,7,0.03972201136036435,0.8774703557312252,0.8377483443708609,1,1,-0.9149009596336304,0.0,0.9149009596336304,0,1,0.0,0.0,0.0,0,0,-0.98901305640801,0.0,0.98901305640801,0,1,-0.6224593312018547,0.0,0.6224593312018547,0,1,-0.10647720610407502,0.2916132420091327,0.3980904481132077,0.0,0.0,2.548134100111998,14.993652968036528,12.44551886792453,1.0,1.0,2.3638888170931267,15.813652968036529,13.449764150943402,1.0,1.0,2.4644098044283638,12.846584018264842,10.382174213836478,1.0,1.0,1.8174888788823533
QID301_777,Explanation A,1,7,0.08959330143540667,0.8736842105263157,0.7840909090909091,1,1,-0.1066906038870205,0.0,0.1066906038870205,0,0,0.0,0.0,0.0,0,0,0.0,0.0,0.0,0,0,0.1271895855789917,0.1645164690410926,0.0373268834621009,0,0,-0.2351408005699881,0.3588126373626377,0.5939534379326258,0.0,1.0,5.208840093916237,14.453736263736264,9.244896169820027,1.0,1.0,4.957397982727933,15.792857142857144,10.835459160129211,1.0,1.0,0.8381830798642991,9.611045054945055,8.772861975080756,1.0,1.0,2.69232008898462
QID976_778,Explanation B,0,7,-0.011261261261261035,0.9054054054054056,0.9166666666666666,1,1,-1.0,0.0,1.0,0,1,0.0373268854700467,0.0373268854700467,0.0,0,0,-1.0,0.0,1.0,0,1,0.6140279720265582,0.651354857898194,0.0373268858716358,1,0,-0.002184230976488233,0.608380365296804,0.6105645962732922,1.0,1.0,0.34836949431350916,10.57538812785388,10.227018633540371,1.0,1.0,0.37545591196573724,11.68433789954338,11.308881987577642,1.0,1.0,0.6006171530673026,8.124004109589041,7.523386956521739,1.0,1.0,0.33056458209251516
QID373_779,Explanation A,1,7,0.020668450720264242,0.8626373626373627,0.8419689119170984,1,1,0.0953494591150637,0.0953494591150637,0.0,0,0,0.0,0.0,0.0,0,0,1.0,1.0,0.0,1,0,0.651354857898194,0.651354857898194,0.0,1,0,0.0767211810235176,0.38599503058104,0.3092738495575224,0.0,0.0,-4.821371870855998,12.206911314984712,17.02828318584071,1.0,1.0,-6.00566155178479,13.53672782874618,19.54238938053097,1.0,1.0,-0.20776095477794954,10.187199694189603,10.394960648967553,1.0,1.0,-2.7395182990988047
QID423_780,Explanation A,1,7,-0.019335511982570774,0.7453703703703703,0.7647058823529411,1,1,0.0534033333778795,0.0534033333778795,0.0,0,0,0.0,0.0,0.0,0,0,1.0,1.0,0.0,1,0,0.0600866495428364,0.0600866495428364,0.0,0,0,0.08563704789224263,0.4472909952606636,0.361653947368421,0.0,0.0,-0.8027617622254741,14.207413676371022,15.010175438596496,1.0,1.0,-0.27471261091115906,16.343182125930944,16.617894736842103,1.0,1.0,-2.376224437871933,9.322296614759647,11.69852105263158,1.0,1.0,-0.842015440779081
QID378_781,Explanation A,1,7,-0.02974683544303791,0.870253164556962,0.8999999999999999,1,1,0.0,0.0,0.0,0,0,0.0,0.0,0.0,0,0,0.6224593241981982,0.6224593241981982,0.0,1,0,1.0,1.0,0.0,1,0,-0.29840109662576725,0.3148689033742332,0.6132700000000004,0.0,1.0,4.251506134969329,13.72550613496933,9.474,1.0,1.0,5.997559509202453,13.925659509202454,7.928100000000001,1.0,1.0,0.013756441717792,10.168756441717791,10.155,1.0,1.0,2.491105247315952
QID1748_782,Explanation B,0,7,0.04604460093896712,0.8685446009389671,0.8225,1,1,-0.0953494623284224,0.0,0.0953494623284224,0,0,0.0,0.0,0.0,0,0,-0.984093604614442,0.0,0.984093604614442,0,1,-0.037296763107996705,0.1645164567520338,0.2018132198600305,0,0,-0.13699557428872516,0.4037820512820513,0.5407776255707765,0.0,1.0,0.24181770284509696,11.760128205128204,11.518310502283107,1.0,1.0,-0.8192953108535335,11.918878205128202,12.738173515981735,1.0,1.0,1.8116540569020039,10.872964102564104,9.0613100456621,1.0,1.0,0.27429521865121054
QID303_783,Explanation A,1,7,-0.06356678612646538,0.8374233128834356,0.900990099009901,1,1,-0.5621765008857982,0.0,0.5621765008857982,0,1,0.0,0.0,0.0,0,0,0.0,0.0,0.0,0,0,0.0,0.0,0.0,0,0,,,,,,,,,,,,,,,,,,,,,
QID278_784,Explanation B,0,7,0.021121052972832843,0.8742138364779874,0.8530927835051546,1,1,0.0,0.0,0.0,0,0,0.0,0.0,0.0,0,0,0.0,0.0,0.0,0,0,0.1329642350441993,0.1329642350441993,0.0,0,0,0.2191843349695267,0.4343046179883947,0.215120283018868,0.0,0.0,-4.018502016349776,12.558667794970985,16.57716981132076,1.0,1.0,-4.693187828455166,12.742991416827856,17.43617924528302,1.0,1.0,-1.1916541122282638,10.388066642488717,11.57972075471698,1.0,1.0,-2.42103990551592
QID175_785,Explanation B,0,7,-0.026410256410256516,0.8435897435897436,0.8700000000000001,1,1,-0.9740426440266556,0.0,0.9740426440266556,0,1,0.0,0.0,0.0,0,0,-1.0,0.0,1.0,0,1,-0.7310585669110203,0.0,0.7310585669110203,0,1,0.06998839976366988,0.5741081431411533,0.5041197433774834,1.0,1.0,-0.6793548075783669,10.048840556660044,10.728195364238411,1.0,1.0,-1.8150070109146412,10.054413518886683,11.869420529801324,1.0,1.0,0.4727539354074235,9.437374465208748,8.964620529801325,1.0,1.0,-0.48790487083047873
QID1327_786,Explanation B,0,7,0.02517179199766073,0.870242214532872,0.8450704225352113,1,1,-0.8175744739711883,0.0,0.8175744739711883,0,1,0.0,0.0,0.0,0,0,-0.9740426411539016,0.0,0.9740426411539016,0,1,-0.0420877318205619,0.0,0.0420877318205619,0,0,,,,,,,,,,,,,,,,,,,,,
QID75_787,Explanation B,0,7,-0.0097413793103448,0.8825000000000001,0.8922413793103449,1,1,0.0,0.0,0.0,0,0,0.0,0.0,0.0,0,0,-1.0,0.0,1.0,0,1,-0.1535295279425578,0.0109869431467114,0.1645164710892692,0,0,0.24802751761293002,0.706684210526316,0.458656692913386,1.0,0.0,-3.255118702267481,7.932631578947369,11.18775028121485,1.0,1.0,-3.1451630306080105,8.862171052631581,12.007334083239591,1.0,1.0,-1.1705280889230956,8.214755263157894,9.38528335208099,1.0,1.0,-1.8306955760464143
QID1176_788,Explanation B,0,7,0.00023071852340150745,0.8353658536585367,0.8351351351351352,1,1,1.0,1.0,0.0,1,0,0.0,0.0,0.0,0,0,1.0,1.0,0.0,1,0,0.0229773692827963,0.0229773692827963,0.0,0,0,-0.2623182132383747,0.3501976958525347,0.6125159090909094,0.0,1.0,4.4933095936321745,15.766036866359446,11.272727272727272,1.0,1.0,5.2453054042731395,18.032396313364053,12.787090909090914,1.0,1.0,0.5241948889819863,9.831058525345622,9.306863636363635,1.0,1.0,2.5001229184122313
QID973_789,Explanation B,0,7,0.010554878194553918,0.8744292237442922,0.8638743455497383,1,1,0.0,0.0,0.0,0,0,0.0,0.0,0.0,0,0,-0.0330859754092826,0.0,0.0330859754092826,0,0,0.1480471923932738,0.1480471923932738,0.0,0,0,,,,,,,,,,,,,,,,,,,,,
QID1751_790,Explanation B,0,7,-0.0548695080467656,0.8195266272189349,0.8743961352657005,1,1,0.0,0.0,0.0,0,0,0.0,0.0,0.0,0,0,0.0,0.0,0.0,0,0,-0.8354835309589073,0.0,0.8354835309589073,0,1,0.1257506048387097,0.5481131048387098,0.4223625000000001,1.0,0.0,-2.677876344086023,10.233790322580646,12.911666666666669,1.0,1.0,-4.657145161290314,10.835112903225813,15.492258064516127,1.0,1.0,0.06247741935484008,8.927016129032259,8.864538709677419,1.0,1.0,-1.786698370295697
QID300_791,Explanation A,1,7,-0.06721530734796377,0.8459302325581395,0.9131455399061033,1,1,0.1645164608483867,0.1645164608483867,0.0,0,0,0.0,0.0,0.0,0,0,1.0,1.0,0.0,1,0,0.5621765008857981,0.5621765008857981,0.0,1,0,,,,,,,,,,,,,,,,,,,,,
QID348_792,Explanation B,0,7,-0.026636247384329126,0.8396739130434783,0.8663101604278074,1,1,0.0,0.0,0.0,0,0,0.0,0.0,0.0,0,0,0.0109869404649208,0.0109869404649208,0.0,0,0,0.2018132270610753,0.2018132270610753,0.0,0,0,-0.3057221665815022,0.4200621052631581,0.7257842718446603,0.0,1.0,7.506829273831826,15.554538011695907,8.047708737864081,1.0,1.0,9.940534832226191,17.787719298245612,7.847184466019421,1.0,1.0,-0.6455316936353839,8.841708888888888,9.487240582524272,1.0,1.0,4.124027561460283
QID352_793,Explanation A,1,7,0.03707823507601049,0.9080459770114944,0.8709677419354839,1,1,0.012660771862882725,0.9525741271590256,0.9399133552961428,1,1,0.0,0.0,0.0,0,0,0.0,1.0,1.0,1,1,0.049461287344718524,0.1824255326961778,0.1329642453514593,0,0,,,,,,,,,,,,,,,,,,,,,
QID977_794,Explanation B,0,7,0.0031808172253487976,0.8688524590163935,0.8656716417910447,1,1,-0.6224593241981982,0.0,0.6224593241981982,0,1,0.0,0.0,0.0,0,0,-0.9999999999999998,0.0,0.9999999999999998,0,1,-0.0330859801763571,0.0,0.0330859801763571,0,0,,,,,,,,,,,,,,,,,,,,,
QID251_795,Explanation B,0,7,-0.07309941520467822,0.8611111111111112,0.9342105263157894,1,1,0.0,0.0,0.0,0,0,0.0,0.0,0.0,0,0,0.0,0.0,0.0,0,0,0.0179862107187767,0.0179862107187767,0.0,0,0,,,,,,,,,,,,,,,,,,,,,
QID253_796,Explanation B,0,7,-0.04344649280575541,0.8828125,0.9262589928057554,1,1,0.0,0.0,0.0,0,0,0.0,0.0,0.0,0,0,0.0,0.0,0.0,0,0,0.0,0.0,0.0,0,0,-0.08938056296861108,0.4515779069767444,0.5409584699453555,0.0,1.0,2.257159377666433,12.819235880398672,10.56207650273224,1.0,1.0,3.2794889076484584,14.871237541528238,11.59174863387978,1.0,1.0,1.0635196648693785,9.72076611295681,8.657246448087431,1.0,1.0,1.6276968468039148
QID73_797,Explanation A,1,7,-0.02265123516825518,0.8943298969072164,0.9169811320754716,1,1,0.0,0.0,0.0,0,0,0.0,0.0,0.0,0,0,0.0,0.0,0.0,0,0,0.0953494642564377,0.0953494642564377,0.0,0,0,,,,,,,,,,,,,,,,,,,,,
QID23_798,Explanation B,0,7,-0.04664855072463758,0.7554347826086957,0.8020833333333333,1,1,-0.0758581868113179,0.0,0.0758581868113179,0,0,0.0,0.0,0.0,0,0,-0.9796676474735838,0.0,0.9796676474735838,0,1,-0.0229773720007899,0.0,0.0229773720007899,0,0,0.23800682976441928,0.6591835556527446,0.4211767258883253,1.0,0.0,-4.24397573708403,7.837811064946425,12.081786802030456,1.0,1.0,-4.565695902122476,8.193288869451123,12.7589847715736,1.0,1.0,-1.6713656515344422,7.591086835775203,9.262452487309645,1.0,1.0,-2.5607576152441323
QID648_799,Explanation A,1,7,0.02504105090311992,0.882183908045977,0.8571428571428571,1,1,0.9525741280005062,0.9525741280005062,0.0,1,0,0.0,0.0,0.0,0,0,1.0,1.0,0.0,1,0,0.381376041058549,0.4073334000459302,0.0259573589873812,0,0,,,,,,,,,,,,,,,,,,,,,
