Question,Number,0
When can a molecule be considered freely rotating at room temperature?,4000,"A molecule can be considered freely rotating at room temperature if its rotational energy exceeds the energy barriers that hinder rotation. At this thermal energy level, typically available at room temperature, molecules like smaller gases can rotate without significant resistance. For instance, diatomic molecules like nitrogen (N2) can freely rotate because the thermal energy at room temperature overcomes intramolecular forces that would otherwise restrict movement. This type of free rotation is contrasted with larger or more complex molecules that might have more internal restrictions or higher barriers to overcome, thus preventing free rotation at the same temperature."
What or Who is Data dredging?,4001,"Data dredging, also known as data fishing, refers to the practice of excessively searching through large datasets to find spurious patterns that have no real-world relevance. This often leads to misleading conclusions, as the patterns are usually coincidental rather than indicative of a true relationship. Imagine sifting through a massive amount of survey data until some random correlations appear, such as linking ice cream sales with sunburn cases. While these might seem connected, without proper hypothesis testing and controls, the findings can lead to incorrect interpretations and findings."
"Why do tires on cars when doing a burnout give white smoke, but a pile of tires burns black?",4002,"When doing a burnout, the white smoke results from the rapid heating of the rubber, causing the release of oils and chemicals. These substances vaporize and condense into tiny droplets, appearing as white smoke. In contrast, a pile of tires burns black because the combustion process is incomplete due to lack of adequate oxygen. This incomplete burning releases soot and other carbon-rich particles, which appear black. Hence, the difference in smoke color boils down to the conditions under which the rubber is heated—rapidly and partially in burnouts versus slowly and fully in pile fires."
What standard UART rates are there?,4003,"Standard UART (Universal Asynchronous Receiver-Transmitter) rates include common speeds such as 1200, 2400, 4800, 9600, 19200, 38400, 57600, and 115200 bits per second (bps). These rates represent the speed at which data can be transmitted between devices using serial communication. For instance, 9600 bps is often used for simple communication between computers and peripherals like GPS modules, as it balances speed with reliability, minimizing transmission errors."
What are the advantages of ReLU over sigmoid function in deep neural networks?,4004,"The ReLU (Rectified Linear Unit) function is favored over the sigmoid function in deep neural networks due to its ability to alleviate the vanishing gradient problem. The vanishing gradient problem occurs when gradients become very small, hindering the learning process during backpropagation. ReLU’s output is zero for negative inputs and linear for positive inputs, which helps maintain larger gradients. This facilitates faster and more effective training compared to the sigmoid function, where outputs range between 0 and 1, often causing gradients to diminish exponentially as they backpropagate through layers."
How after 5000 years of humanity surviving off of bread do we have so many people within the last decade who are entirely allergic to gluten?,4005,"The increase in gluten allergies, often referred to as celiac disease, and gluten sensitivity, in recent decades, may be attributed to several factors. Improved medical diagnostics have made it easier to identify these conditions. Additionally, changes in wheat cultivation and food processing might have increased gluten content. Moreover, modern diets are more diverse, and awareness has grown, leading more people to recognize and report symptoms. Unlike historical diets, the modern era's highly processed foods may also expose individuals to more significant quantities of gluten or related compounds."
What or Who is Availability heuristic?,4006,"The availability heuristic is a mental shortcut where people rely on immediate examples that come to mind when evaluating a specific topic, concept, or decision. For instance, after hearing about a plane crash, an individual might overestimate the dangers of air travel because the event is easily recalled. This heuristic often leads to biased judgments and decisions, as it doesn't accurately reflect a comprehensive analysis of the situation but rather depends on readily available, often recent information."
How far away are the events that caused the gravitational waves that have been detected?,4007,"The events that caused the gravitational waves detected by observatories like LIGO and Virgo originate from astronomical phenomena that occurred millions or even billions of light-years away. For example, the collision of two black holes detected on September 14, 2015, was about 1.3 billion light-years from Earth. These waves are ripples in spacetime caused by cataclysmic events and travel vast distances across the universe, providing invaluable insights into these far-off occurrences when they finally reach our detectors."
Why are the Pillars of Creation pillar-shaped?,4008,"The Pillars of Creation in the Eagle Nebula appear pillar-shaped due to the process of star formation and the interaction of intense ultraviolet radiation from nearby young, massive stars. This radiation erodes the dense regions of gas and dust, sculpting them into elongated, pillar-like structures. The dense material within these pillars shields parts of the cloud from the radiation, allowing them to persist as silhouetted shapes against the surrounding, less dense areas that have been dispersed."
Why is the energy transition start not reflected in the CO2 concentration graphs?,4009,"The initial steps of the energy transition may not be immediately reflected in the CO2 concentration graphs due to several factors. Firstly, the widespread implementation of renewable energy sources and reduction in fossil fuel usage take time to manifest significant changes. Secondly, existing CO2 levels have accumulated over decades, creating a lag effect. Additionally, while some regions might drastically reduce emissions, global CO2 levels are influenced by areas with growing emissions. Lastly, natural carbon sinks and sources continually affect atmospheric CO2 concentrations."
What or Who is Taxonomy?,4010,"Taxonomy is the science of classifying living organisms into groups based on shared characteristics. It helps scientists organize and understand the vast diversity of life on Earth. For example, humans belong to the species Homo sapiens, which is part of the genus Homo, in the family Hominidae. This hierarchy helps scientists communicate more effectively about biological relationships and the nature of different organisms."
What or Who is Archipelago?,4011,"An archipelago is a group of islands clustered together in a large body of water, often the ocean. The Hawaiian Islands are an example of an archipelago. These islands form due to various geological processes, such as volcanic activity. Archipelagos can be important for biodiversity, providing unique habitats for many species."
Why do we tend to listen to a new song that we like over and over again and then we can’t stand hearing it anymore?,4012,"When we listen to a new song we like, our brain releases dopamine, a chemical associated with pleasure. Repeatedly listening reinforces neural pathways, making the song feel rewarding. However, over time, the brain adapts, and the dopamine response diminishes, leading to a loss of interest. This phenomenon is known as habituation."
"If we could travel at 99.9% the speed of light, it would take 4 years to get to Alpha Centauri. Would the people on the spaceship feel like they were stuck on board for 4 years or would it feel shorter for them?",4013,"If people were traveling at 99.9% the speed of light to Alpha Centauri, time would pass differently for them due to a phenomenon called time dilation, predicted by Einstein's theory of relativity. While it would take 4 years from Earth's perspective, the travelers would experience a much shorter duration, making the journey feel quicker from their viewpoint."
"why do some things (e.g. Laptops) need massive power bricks, while other high power appliances (kettles, hairdryers) don't?",4014,"Laptops need massive power bricks because they contain components that convert AC electricity from the wall to the DC electricity required by the laptop at various voltages. High power appliances like kettles use simple heating elements that directly convert AC electricity to heat, which is more straightforward and doesn't require complex conversion."
"What is the purpose of tiny ""bumps"" on LED legs?",4015,"The tiny bumps on LED legs are called 'stand-offs.' They help ensure the correct orientation and placement of the LED in a circuit board. The bumps also prevent the legs from being inserted too far, ensuring optimal electrical contact and performance. This feature is particularly important in automated manufacturing processes."
What or Who is Is–ought problem?,4016,"The Is-ought problem, introduced by philosopher David Hume, questions whether we can derive statements about what ought to be (values) from statements about what is (facts). For instance, knowing that humans eat meat (is) does not necessarily mean humans ought to eat meat (ought). This distinction is important in ethics and philosophy."
Extract sequence context of high-degree nodes in assembly graphs,4017,"Extracting the sequence context of high-degree nodes in assembly graphs involves analyzing the regions of genetic material that show numerous connections, often due to repetitive sequences. The task is to understand how these regions are structured and how they connect to other parts of the genome, aiding in accurate genome assembly."
What or Who is Horoscope?,4018,"A horoscope is a prediction or analysis based on the positions and movements of celestial bodies like stars and planets at the time of a person's birth. Many people follow horoscopes for entertainment or guidance on life decisions. However, scientific evidence does not support the accuracy of horoscopes for making predictions about individual lives."
"Regarding COVID-19 testing, if the virus is transmissible by breathing or coughing, why can’t the tests be performed by coughing into a bag or something instead of the “brain-tickling” swab?",4019,"COVID-19 tests are typically performed using a nasal or throat swab to collect samples because they ensure a sufficient and concentrated amount of the virus is collected. Coughing into a bag would be less reliable as it might not capture enough viral particles for an accurate test result, leading to possible false negatives."
"Does the force of ejaculation influence the probability of impregnation, or is this only determined by the swimming speed of individual sperm cells?",4020,"The force of ejaculation does not significantly influence the probability of impregnation. The primary factor is the swimming speed and health of individual sperm cells, which are responsible for reaching and fertilizing the egg. Although a strong ejaculation might help deposit sperm closer to the cervix, thereby potentially shortening their journey, it's the vitality and motility (movement ability) of sperm that are crucial for successful fertilization. For instance, sperm's ability to swim through the cervical mucus and navigate the female reproductive tract is vital for reaching the egg."
To what extent do animals experience minor diseases like ‘the common cold’ or even other symptoms like fevers?,4021,"Animals do experience minor diseases similar to the human common cold, such as respiratory infections, and they also exhibit symptoms like fevers. These symptoms are part of their immune response to fight off infections. For example, dogs and cats can suffer from cat and dog flu, which presents with runny noses, sneezing, and reduced appetite, similar to human colds. Veterinary care is essential for diagnosing and treating such illnesses to ensure the health and well-being of the animal."
Is a sample covariance matrix always symmetric and positive definite?,4022,"A sample covariance matrix is always symmetric because the covariance between two variables X and Y is equal to the covariance between Y and X. However, it is not always positive definite. It may be positive semi-definite, meaning it could have zero eigenvalues, especially if there are redundant variables or insufficient data, leading to a lack of full rank."
Values of $\sum_{n=0}^\infty x^n$ and $\sum_{n=0}^N x^n$,4023,"The sum of an infinite geometric series \\sum_{n=0}^\infty x^n where |x| < 1 is given by the formula 1/(1-x). For a finite geometric series \\sum_{n=0}^N x^n, the sum is (1-x^{N+1})/(1-x). These formulas derive from the properties of geometric series, where each term is a constant multiple of the previous term. When |x| is less than 1, the terms diminish rapidly, making the infinite sum converge."
Why are password managers considered good security practice when they provide a single entry for an attacker to get all of your credentials?,4024,"Password managers are considered good security practice because they generate and store complex, unique passwords for each of your accounts, significantly reducing the risk of password reuse across multiple sites. Although they present a single point of failure, most reputable password managers use robust encryption and employ additional security measures like two-factor authentication to protect against unauthorized access. Thus, using a password manager improves overall security by mitigating various common password-related vulnerabilities."
What is the theoretical maximum depth of the ocean?,4025,"The theoretical maximum depth of the ocean is limited by the Earth's geodynamics and the physical properties of water and rock. Currently, the deepest known part of the ocean is the Challenger Deep in the Mariana Trench, reaching about 36,000 feet (10,972 meters). It's unlikely for depths to significantly exceed this due to the pressure and temperature conditions in the Earth's crust, which prevent further depression."
What or Who is Medical history?,4026,"Medical history refers to the record of health information about a person or the history of the medical field itself. When discussing an individual's medical history, it includes past illnesses, treatments, surgeries, and family health patterns that provide insight for current and future medical care. For example, knowledge of family history can help identify genetic predispositions to certain diseases. Alternatively, the history of medicine encompasses the development of medical knowledge, treatments, practices, and technologies over time."
How is data actually transferred through cables? How are the 1s and 0s moved from one end to the other?,4027,"Data is transferred through cables using electrical signals that represent binary code, the 1s and 0s. In a digital context, a high voltage level might represent a 1, while a low voltage level represents a 0. These signals travel through the cable, and at the receiving end, they are interpreted by a computer or device, which reconstructs the original data. For instance, Ethernet cables use twisted pairs of wires to reduce interference and allow for high-speed data transmission over long distances."
"How hard is it to find the Sun's ""sisters?""",4028,"Finding the Sun's 'sisters'—stars that formed from the same stellar nursery as the Sun—is extremely challenging due to the vast distances, the scattering of stars over billions of years, and changes in their positions. Advanced techniques, such as analyzing the chemical composition and motion of stars using space telescopes, provide clues. For example, the Gaia mission by the European Space Agency helps map stars' locations and movements, aiding in the identification of potential solar siblings."
What or Who is Dutch elm disease?,4029,"Dutch elm disease is a fungal infection that affects elm trees. It is caused by the fungi Ophiostoma ulmi and Ophiostoma novo-ulmi, which are spread by elm bark beetles. The disease leads to wilting, yellowing of leaves, and eventually the tree's death due to the blockage of water-conducting vessels. Originating in Europe in the early 20th century, it has since spread to many parts of the world, severely impacting elm populations."
Why L1 norm for sparse models,4030,"The L1 norm, often called the 'sum of absolute values,' is preferred for sparse models because it promotes sparsity in the data. When you apply the L1 norm as a penalty in a model, it tends to shrink small coefficients down to zero, leaving only the most significant features. This leads to simpler, more interpretable models. For example, in linear regression, using the L1 norm (Lasso regression) can result in a model with fewer variables, making it useful for feature selection."
What or Who is Scientific law?,4031,"A scientific law is a statement based on repeated experimental observations that describes some aspect of the world. It always applies under the same conditions and implies that there is a causal relationship involving its elements. For instance, Newton's Law of Universal Gravitation describes the attraction between two bodies. Unlike theories, scientific laws do not explain the phenomena but describe consistent observations."
What or Who is Solstice?,4032,"A solstice is an astronomical event that occurs twice a year when the Sun reaches its highest or lowest point in the sky at noon, marked by the longest and shortest days. The summer solstice occurs around June 21, when the Northern Hemisphere experiences the longest day of the year. Conversely, the winter solstice occurs around December 21, marking the shortest day of the year in the Northern Hemisphere."
Element-wise (or pointwise) operations notation?,4033,"Element-wise (or pointwise) operations are performed on corresponding elements of two or more arrays or matrices. For example, if you have two arrays A and B, the element-wise addition would be denoted as C = A + B, where each element of C is the sum of the corresponding elements in A and B. These operations are common in scientific computing and programming languages such as Python and MATLAB."
What or Who is Reflexology?,4034,"Reflexology is a therapeutic practice that involves applying pressure to specific points on the feet, hands, and ears. Practitioners believe that these points correspond to different organs and systems in the body, and that pressing them can relieve stress, improve circulation, and promote healing. For example, pressing a point on the bottom of the foot might be believed to relieve headaches."
Why is the skin on bald men's heads shiny but skin everywhere else on the body is dull?,4035,"The skin on bald men's heads appears shiny because it lacks hair, which normally absorbs and diffuses light. Additionally, the scalp is often oilier than other parts of the body, and this natural oil, or sebum, reflects light, giving the skin a shiny appearance. In contrast, skin in other areas typically has hair and less concentrated sebum, which leads to a more matte finish."
Why does cyclopropane react with bromine?,4036,"Cyclopropane reacts with bromine due to the strain in its three-membered ring structure. The angles in cyclopropane are much smaller than the typical tetrahedral angle, making the bonds highly strained and reactive. When cyclopropane comes into contact with bromine, the strained bonds are more easily broken, allowing the bromine atoms to add across the bond, resulting in a chemical reaction."
Why did scientists state that the Omicron COVID-19 variant was a reason to get a booster?,4037,"Scientists stated that the Omicron COVID-19 variant was a reason to get a booster because early data suggested that Omicron could spread more rapidly and potentially evade immunity from initial vaccine doses. Boosters increase antibody levels, potentially offering enhanced protection against new variants. For example, higher antibody levels from a booster may neutralize the Omicron variant more effectively, reducing the risk of severe disease and transmission."
How can I convert SCF trace files to ABI files?,4038,"To convert SCF trace files to ABI files, you can use bioinformatics software tools such as 'SeqTrace' or 'SnapGene.' These tools allow you to import SCF files, process the sequencing data, and export them in ABI format. Open the SCF file with the software, select the sequences of interest, and save or export the data as ABI files, ensuring compatibility with various downstream applications."
Can you make a non-polar electrolytic capacitor out of two regular electrolytic capacitors?,4039,"Yes, you can make a non-polar electrolytic capacitor by connecting two identical electrolytic capacitors back-to-back. Connect the positive terminals of both capacitors together or the negative terminals together. This configuration allows the resulting combination to handle AC (alternating current) voltages without the polarity sensitivity typical of electrolytic capacitors. However, this approach may result in a reduced overall capacitance value."
How do small animals not get hurt by rain drops?,4040,"Small animals do not get hurt by raindrops primarily due to their relatively light weight and the air resistance that slows down the raindrops. For example, ants or flies have exoskeletons that provide a strong, protective exterior. The raindrop’s impact is dispersed across their small, strong bodies, reducing the force. Moreover, the speed of falling raindrops hits a maximum limit because of air resistance, so even at terminal velocity, the force is not enough to harm them significantly."
What is Occam's Razor?,4041,"Occam's Razor is a philosophical principle that suggests the simplest explanation is usually the correct one. It can be applied in problem-solving and scientific theory development, encouraging the removal of unnecessary assumptions. For example, if you hear hoofbeats, think of horses, not zebras, unless you are in a region where zebras are common. This principle helps in choosing theories that simplify understanding without over-complicating."
What or Who is Radar?,4042,"Radar is a system used to detect the position, speed, and characteristics of distant objects by bouncing radio waves off them. It stands for Radio Detection and Ranging. For instance, airports use radar to track airplanes in the sky, helping manage air traffic. Radar is invaluable in weather forecasting, military applications, and even in automotive safety systems to monitor distances from objects."
"When you don’t eat for a period of time, why do you sometimes feel nauseous to the point of not wanting to eat anymore?",4043,"When you don’t eat for a while, your stomach secretes gastric acids to prepare for digestion. Without food to work on, these acids can irritate the stomach lining, causing nausea. Additionally, prolonged fasting can lead to a drop in blood sugar, which may result in symptoms like dizziness and nausea. This discomfort discourages further eating, creating a vicious cycle of not wanting to eat because you feel sick."
Why does Ohm's law not work for vacuum cleaners?,4044,"Ohm’s law states that voltage equals current times resistance (V=IR), assuming a consistent temperature and material. Vacuum cleaners, however, have components like motors and coils that generate heat and change their resistance during operation. These variable conditions make simple application of Ohm’s law impractical, as the changing resistance affects the current and voltage."
What or Who is Pre-Columbian transoceanic contact theories?,4045,"Pre-Columbian transoceanic contact theories propose that people from outside the Americas made contact with Native American societies before Christopher Columbus's voyage in 1492. Examples include theories of Norse explorers like Leif Erikson reaching North America around 1000 A.D., or even earlier contacts from Africans and Asians. These theories challenge the notion that Columbus was the first non-Indigenous person to reach the Americas."
What or Who is Hipparchus?,4046,"Hipparchus was an ancient Greek astronomer and mathematician known for his work in the field of astronomy around 190-120 B.C. He is credited with creating one of the first comprehensive star catalogs and discovering the precession of the equinoxes, which describes how the position of stars slowly shifts over time. Hipparchus's observations were foundational for later astronomers, including Ptolemy."
What or Who is History of education?,4047,"The history of education traces the evolution of teaching and learning practices throughout human history. Early education was informal, with knowledge passed down orally within families. Formal education systems began in ancient civilizations like Sumeria, Greece, and China, where structured schooling and written scripts developed. Over time, education systems became more institutionalized, leading to modern schools, universities, and diverse methods of instruction worldwide."
Why does plastic turn white when you bend it?,4048,"Plastic turns white when you bend it due to the formation of micro-cracks and stress marks on the surface. These small cracks scatter light, which creates a white appearance. This phenomenon is called stress whitening. It commonly occurs in plastics when they are subjected to mechanical forces that exceed their flexibility, such as bending or stretching."
How to derive the ridge regression solution?,4049,"To derive the ridge regression solution, start with the ordinary least squares problem but add a penalty term to shrink coefficients: minimize (Y - Xβ)² + λβ². The regularization term λβ² helps control multicollinearity. Differentiating this objective function and setting the derivative to zero results in the ridge regression estimator: β = (X'X + λI)⁻¹X'Y. This solution balances fit and complexity to improve predictions."
What or Who is Brady Haran?,4050,"Brady Haran is a British-Australian filmmaker and video producer known for creating educational videos on scientific and mathematical topics. He collaborates with various experts to produce content for YouTube channels such as Numberphile, Periodic Videos, and Sixty Symbols. These channels aim to make complex subjects accessible and engaging for a broad audience by using clear explanations and visual aids."
"While filling electrons, we follow Aufbau principle, but not while removing them. Why is this so?",4051,"When filling electrons in atoms, we use the Aufbau principle which states that electrons occupy the lowest energy orbitals first. However, when removing electrons, they are removed from the outermost orbitals (usually the highest energy level) first. This difference is because the energy levels of electrons in the atom change when the atom gains or loses electrons. Electrons in the outermost shell are less tightly bound to the nucleus and thus easier to remove."
If squaring a number means multiplying that number with itself then shouldn't taking square root of a number mean to divide a number by itself?,4052,"Squaring a number means multiplying it by itself and results in a positive number. Taking the square root, however, is finding a number which, when multiplied by itself, gives the original number. It is not equivalent to dividing the number by itself, which results in one. For instance, the square of 4 is 16 (4*4), and the square root of 16 is 4."
What or Who is Anatomical terminology?,4053,"Anatomical terminology refers to a standardized set of terms used to describe locations, positions, and functions in the human body. These terms help healthcare professionals communicate with precision and clarity. For instance, 'anterior' refers to the front of the body, while 'posterior' refers to the back. Using these terms reduces misunderstandings in medical diagnosis and treatment."
"Is there an altitude on Venus where both temperature and air pressure are habitable for humans, and you could stand in open air with just an oxygen mask?",4054,"On Venus, there is an altitude near 50-60 kilometers above the surface where the temperature and air pressure are more Earth-like. However, the atmosphere mostly consists of carbon dioxide with clouds of sulfuric acid, making it uninhabitable without extensive protection. While an oxygen mask could provide breathable air, protection from acidic clouds and other environmental factors is crucial."
What correlation makes a matrix singular and what are implications of singularity or near-singularity?,4055,"A matrix becomes singular when its determinant is zero, meaning it does not have an inverse. This occurs when the rows or columns of the matrix are linearly dependent, indicating redundancy or a lack of unique solutions. In practical terms, a singular or nearly singular matrix can cause numerical instability and inaccuracies in computations, impacting fields like engineering and data science."
A generalization of the Law of Iterated Expectations,4056,"The Law of Iterated Expectations states that the expected value of a conditional expectation is the expected value of the original variable. In simpler terms, if you first compute the expectation of a random variable given some information and then take the expectation of that result, you end up with the expectation of the original variable. This principle is foundational in probability and statistics."
Where to cut a dendrogram?,4057,"Cutting a dendrogram involves deciding on a height at which to 'cut' the tree to form clusters. The choice of height usually depends on the desired number of clusters or a specified distance threshold. For example, if a dendrogram shows clusters merging at various heights, cutting at a height where three clusters emerge can visualize those three groupings distinctly."
What is the difference between a multiclass and a multilabel problem?,4058,"In a multiclass problem, a single instance is assigned to one of three or more classes. For example, classifying a fruit as either an apple, orange, or pear. In a multilabel problem, each instance can be assigned multiple labels. For instance, a movie might be classified as both a 'comedy' and 'drama.' This distinction guides how models are trained and evaluated."
Amazon interview question—probability of 2nd interview,4059,"To estimate the probability of getting a second interview, you need information like the acceptance rate from the first interview and total number of applicants. Generally, if 30% of first interviewees move to the second stage, and you passed the first, your probability is 0.3 or 30%. The probability may vary based on company's practices and your interview performance."
Which quality score encoding does PacBio use?,4060,"PacBio uses the Phred quality score encoding system for sequencing data. This system is commonly used in bioinformatics to represent the accuracy of nucleotides in DNA sequences. Each score is logarithmically related to the probability of an incorrect base call, providing a standardized way to evaluate data quality."
What or Who is James Lovelock?,4061,"James Lovelock was a British scientist, environmentalist, and futurist known for proposing the Gaia hypothesis. This theory posits that Earth functions as a self-regulating system, with living organisms interacting with their inorganic surroundings to maintain conditions hospitable to life. Lovelock's work has influenced our understanding of Earth's climate and ecology."
What or Who is Artificial general intelligence?,4062,"Artificial General Intelligence (AGI) refers to a type of artificial intelligence that aims to replicate human cognitive abilities. Unlike specialized AI, which excels at specific tasks, AGI would have the capability to perform any intellectual task that a human can. AGI remains a theoretical concept, with ongoing research attempting to achieve this level of machine intelligence."
What or Who is Canceled Apollo missions?,4063,"Canceled Apollo missions were space missions planned by NASA during the Apollo program but later canceled due to budget cuts, shifting priorities, or technical challenges. Notably, Apollo missions 18, 19, and 20 were canceled, and resources were redirected to developing the Space Shuttle program and Skylab, NASA's first space station."
Will gaseous ionic compounds be free moving ions?,4064,"In gaseous ionic compounds, the ions are indeed free-moving. Unlike in a solid state where ions are locked in a lattice structure, in a gaseous state, the ions can move freely. This free movement of ions allows for electrical conductivity, and the behavior of these ions is fundamental in various plasma applications and studies."
"Why use gradient descent for linear regression, when a closed-form math solution is available?",4065,"While linear regression has a closed-form solution in the ordinary least squares method, gradient descent becomes useful for large datasets. Gradient descent iteratively adjusts parameters to minimize the error, making it computationally efficient for high-dimensional data or datasets too large to fit in memory. It can be more flexible in terms of convergence speed and resource management."
Do mosquitoes have a preference on blood type? Do some people have more “attractive” blood?,4066,"Yes, mosquitoes have shown preference for certain blood types. Studies suggest that mosquitoes are more attracted to people with blood type O than type A. Additionally, factors like body odor, carbon dioxide exhaled, and skin microbiota make some individuals more attractive to mosquitoes, irrespective of blood type."
Splitting of multiplets in ¹H NMR spectra?,4067,"In ¹H NMR (nuclear magnetic resonance) spectra, splitting of multiplets occurs due to the interaction between neighboring non-equivalent hydrogen atoms. This splitting results in multiple peaks corresponding to the so-called coupling constants. For example, in ethanol, the CH3 group can split into a triplet due to C-H coupling with adjacent hydrogen atoms."
What or Who is RS-25?,4068,"The RS-25 is a rocket engine originally designed for the Space Shuttle program and is now used in NASA's Space Launch System (SLS). Known for its high efficiency and reliability, the RS-25 burns liquid hydrogen and liquid oxygen to produce thrust. Key features include its regeneratively-cooled design and ability to be reused multiple times."
What or Who is Cicada 3301?,4069,"Cicada 3301 is the name of a mysterious organization that has issued a series of complex puzzles online, starting in 2012. These puzzles involve cryptography, steganography, and internet culture. Cicada 3301 claims to seek highly intelligent individuals and has generated significant intrigue and various conspiracy theories due to its anonymity and sophisticated challenges."
What or Who is Pioneer 10?,4070,"Pioneer 10 is a space probe launched by NASA on March 2, 1972. It was the first spacecraft to travel through the asteroid belt and make a flyby of Jupiter, providing close-up images and data about the planet and its moons. Pioneer 10 carried a plaque intended for any intelligent extraterrestrial life that might find it, displaying figures of a man and a woman and information about the origin of the probe. It continues to travel outward through space, though communication with it was lost in 2003."
What or Who is Urban sprawl?,4071,"Urban sprawl refers to the uncontrolled or unplanned expansion of urban areas into rural lands, leading to widespread development over large areas. This growth typically features low population density, large single-family homes, dependency on cars, and a lack of central planning. Urban sprawl can lead to various environmental and social issues, such as increased traffic, habitat destruction, and less efficient public services."
"How to define a bijection between $(0,1)$ and $(0,1]$?",4072,"To define a bijection between the open interval (0,1) and the closed interval (0,1], you need a function that pairs each element uniquely between these two sets. One approach is to use a piecewise function that maps a number x in (0,1) directly to itself and designates a special rule for 1. For example, f(x) = x for 0 < x < 1 and f(1-1/n) maps to 1 in a controlled manner as n approaches infinity, ensuring every point has a unique match."
What or Who is Medical Apartheid?,4073,"'Medical Apartheid' refers to the historical and ongoing racial discrimination and ethical misconduct in medical research and healthcare in the United States. It is also the title of a book by Harriet A. Washington that documents the exploitation and abuse of African Americans by the medical establishment, starting from the era of slavery to contemporary times. The book explores unethical experiments, inadequate care, and systemic biases that have led to long-standing health disparities."
How does a cell sense its size?,4074,"A cell senses its size through a combination of biochemical signaling and mechanical feedback mechanisms. Proteins within the cell help gauge size by assessing the surface area or volume and then regulate growth accordingly. For instance, certain proteins might accumulate to a threshold level that triggers cell division. This way, the cell ensures it grows to an optimal size before dividing."
What or Who is Geographic coordinate system?,4075,"A Geographic Coordinate System (GCS) is a system that uses latitude and longitude to specify locations on Earth's surface. The latitude measures the angle north or south of the equator, while longitude measures the angle east or west of the Prime Meridian. This system allows for any location to be described with a unique set of coordinates, making it essential for navigation, mapping, and geographic information systems."
Why draw blood from veins rather than arteries?,4076,"Blood is typically drawn from veins rather than arteries because veins are closer to the skin's surface and have lower blood pressure. Drawing blood from a vein is generally safer and less painful. Veins have thinner walls and are easier to puncture using a needle compared to the thicker-walled arteries, which also carry a higher risk of complications like excessive bleeding if punctured."
What or Who is ITER?,4077,"ITER (International Thermonuclear Experimental Reactor) is a large-scale scientific experiment aimed at demonstrating the feasibility of fusion energy. Located in Southern France, ITER is a collaboration of 35 nations working to build the world's largest tokamak, a device that uses magnetic fields to contain and control hot plasma, enabling nuclear fusion. The goal is to provide a nearly limitless and cleaner energy source by replicating the processes powering the sun."
Why do felsic materials have lower melting points than mafic?,4078,"Felsic materials have lower melting points than mafic materials due to their chemical composition. Felsic rocks are rich in silica and lighter elements like oxygen, aluminum, and potassium, which require less heat to melt. In contrast, mafic rocks contain more magnesium and iron, which bond more strongly and require higher temperatures to break down. This difference influences volcanic activity and rock formation."
"How to distinguish P, S, Love, and Rayleigh waves in a seismogram?",4079,"In a seismogram, different types of seismic waves can be distinguished based on their speed and motion. Primary waves (P-waves) are the fastest, compressing and expanding the ground. Secondary waves (S-waves) are slower and move the ground up and down or side to side. Love waves cause horizontal shearing, while Rayleigh waves produce a rolling motion. Identifying these characteristic movements helps determine each wave type."
Removal of statistically significant intercept term increases $R^2$ in linear model,4080,"Removing a statistically significant intercept term from a linear model can sometimes increase the R-squared value, which measures how well the model explains the variability of the data. This is because R-squared does not penalize for the addition or removal of terms but rather reflects the proportion of variance explained by the model. However, an increased R-squared value does not necessarily imply a better model, as it may indicate overfitting, where the model captures noise instead of the underlying pattern."
Inverse of the sum of matrices,4081,"The inverse of the sum of matrices is generally not equal to the sum of their inverses. In mathematical terms, if A and B are matrices, (A + B)^-1 ≠ A^-1 + B^-1. Arguably, one needs a specific combination of A and B where their inverses sum correctly, or algebraic manipulation using matrix factorization, which is more complex."
How do scientists know that 1 Billion crab went missing ?,4082,"Scientists determine that one billion crabs went missing by monitoring population levels using tools like underwater cameras, sonar, and catch data from fishing reports. Comparing current data with historical records reveals dramatic declines. Environmental factors like temperature changes can also provide context for these fluctuations."
How does rabies make it's victims 'afraid' of water?,4083,"Rabies affects its victims by attacking the central nervous system, leading to brain inflammation. It particularly targets the area of the brain called the hypothalamus, which can trigger severe fear and anxiety responses, including hydrophobia (fear of water). This response is thought to help the virus spread, as victims avoid swallowing, thereby increasing saliva production and the likelihood of transmission through bites."
How does our body know we are taking a nap instead of falling asleep for 8 hours?,4084,"The body distinguishes between a nap and an eight-hour sleep through several factors, including the circadian rhythm, a natural internal clock that regulates the sleep-wake cycle, and sleep stages. Naps are typically shorter and involve lighter stages of sleep, while a full night's rest goes through a full cycle of REM and non-REM stages essential for overall health."
"Why does the ""Ring of Fire"" pretty much define ""Pacific Rim""",4085,"The 'Ring of Fire' defines the Pacific Rim because it is a region characterized by a high level of tectonic activity, including frequent earthquakes and numerous active volcanoes. This area outlines the Pacific Ocean basin and is due to the boundaries of several tectonic plates that collide, move apart, or slide against each other, leading to intense geological activity."
Is it possible that all dark matter is made of rogue planets (free-floating planet)?,4086,"It is highly unlikely that all dark matter is composed of rogue planets. Dark matter is hypothesized to be a form of matter that does not interact with electromagnetic forces, meaning it does not emit, absorb, or reflect light. Rogue planets, made of ordinary matter, wouldn't account for the gravitational effects observed on a large scale, which suggest dark matter is more diffused and uniformly distributed."
What or Who is Reiki?,4087,"Reiki is a form of alternative therapy commonly referred to as energy healing. It originated in Japan and involves the practitioner transmitting universal energy to the patient through their hands to promote healing and balance in the body's energy fields. Practitioners believe this can help reduce stress and promote relaxation, although scientific evidence is limited."
Why do things turn dark when wet?,4088,"Things turn dark when wet because the water fills in the tiny air gaps on the surface, reducing the scattering of light. When light hits a rough, dry surface, it scatters in many directions, but when the surface is wet, light penetrates more deeply and is absorbed more by the material rather than being reflected, making the surface appear darker."
"What tools, equipment, and techniques do you use to solder fine-pitch SMT parts?",4089,"To solder fine-pitch Surface-Mount Technology (SMT) parts, one typically uses a combination of specialized tools and techniques. Essential tools include a fine-tipped soldering iron, magnifying equipment like a microscope, solder paste, and fine-tipped tweezers. Techniques often involve precise application of solder paste using stencils or dispensers, carefully placing the SMT components, and using a reflow oven to evenly heat the solder for proper attachment."
Regulation of chromatin structure,4100,"Regulation of chromatin structure is essential for controlling gene expression. Chromatin is composed of DNA wrapped around proteins called histones, which can be loosely or tightly packed. When chromatin is loosely packed, genes are more accessible for transcription. In tightly packed chromatin, genes are less accessible and thus not expressed. Modifications such as adding chemical groups to histones or DNA can change chromatin structure and regulate gene activity. For example, acetylation of histones usually makes chromatin more open, allowing gene expression."
What or Who is Serendipity?,4101,"Serendipity is when something good happens by chance. It often refers to discovering something valuable or pleasant that was not originally sought after. For instance, Alexander Fleming discovered penicillin through serendipity when he noticed mold killing bacteria in a petri dish left inadvertently uncovered."
What or Who is Water hammer?,4102,"Water hammer is a phenomenon in plumbing where a sudden change in water flow causes pressure waves, leading to loud banging noises in pipes. This can happen when a valve closes quickly, stopping the water abruptly and causing it to slam into the pipes. To mitigate this, air chambers or water hammer arrestors can be installed in the plumbing system."
Why do moles grow such long hairs?,4103,"Moles grow long hairs, known as vibrissae, to help them navigate their subterranean environment. These sensitive hairs can detect vibrations and changes in the soil, helping moles to find food, sense danger, and move effectively through tunnels. Their environment is dark, so these tactile hairs are crucial for survival."
why is it necessary to wipe the skin with an alcohol wipe when receiving any type of injection or having blood drawn but it isn’t necessary for a shot in the mouth?,4104,"Alcohol wipes are used on the skin before injections or blood draws to disinfect the area, reducing the risk of infection. In the mouth, a high concentration of saliva and natural bacteria make such contamination less likely, and the tissues are more resilient to infection. Additionally, the mouth has a rapid healing process aided by saliva."
"Why are human eye colours restricted to brown, blue, green, and in extremely rare cases, red, as opposed to other colours?",4105,"Human eye colors, such as brown, blue, green, and rarely red (in albinism), are determined by varying amounts of the pigment melanin in the iris. Melanin absorbs light, and the amount and type influence the color we see. The genetic variations that control melanin production limit the range of possible eye colors."
Is there sand in Antarctica?,4106,"Yes, there is sand in Antarctica. Although it's famous for being icy and snowy, parts of Antarctica feature sandy beaches and rock deposits, primarily in coastal regions and ice-free valleys. These sands are formed from the weathering of local rocks and are similar to sand found in other parts of the world."
What or Who is Marine ecosystem?,4107,"A marine ecosystem includes ocean and sea environments where plants and animals interact within their physical environment. Examples are coral reefs, kelp forests, and deep-sea vents. These ecosystems are crucial for biodiversity, providing habitat and food for marine life, while also playing a vital role in global processes like carbon cycling."
From my 7 year old: Do the things in our bodies ever get tired? Like cells and antibodies? Do they have to rest?,4108,"The cells and antibodies in our bodies do not get tired in the way humans do. Cells function through biochemical processes that don't require rest. However, the body does need rest to repair and replenish cells. For example, muscle cells repair during sleep, and the immune system resets to maintain its defense functions."
Do trees die of old age?,4109,"Yes, trees can die of old age, though it's a complex process. As trees age, their growth slows, and they become more susceptible to diseases, pests, and environmental stress. Over time, they may lose the ability to conduct water and nutrients effectively. The gradual accumulation of these stresses can eventually lead to death."
One-hot vs dummy encoding in Scikit-learn,4110,"One-hot encoding and dummy encoding are techniques used to convert categorical data into numerical form in Scikit-learn. One-hot encoding creates a new binary column for each category, where '1' signifies presence and '0' absence. Dummy encoding is similar but usually drops one category to avoid multicollinearity. For instance, for colors red, green, blue, one-hot encoding uses three columns for each color, while dummy encoding uses two columns, e.g., red and green, dropping blue to prevent redundant data in linear models."
What or Who is Space Launch System?,4111,"The Space Launch System (SLS) is a powerful rocket designed by NASA for the Artemis missions, aimed at returning humans to the Moon and beyond. The SLS is intended to carry astronauts, spacecraft, and cargo into deep space and forms the backbone of NASA's long-term human exploration plans. Its enormous lift capability allows it to transport more weight and travel farther than previous rockets."
Why has Venus's atmosphere not been stripped away by solar wind?,4112,"Venus’s atmosphere has not been stripped by the solar wind because it has a very strong ionosphere that effectively shields it. Despite lacking a global magnetic field, the dense atmosphere and the planet's proximity to the Sun generate a robust ionosphere. This electrical shield repels solar particles, protecting its thick atmosphere composed primarily of carbon dioxide and sulfuric acid clouds."
Meaning of Rays in Polar Plot of Prime Numbers,4113,"The rays in polar plots of prime numbers are visual representations where each point represents a prime number at a certain angle and distance from the origin. This method often reveals patterns or symmetries in the distribution of prime numbers that are not apparent in linear plots, helping mathematicians explore properties of primes in a novel way."
Can any animals photosynthesize?,4114,"No animals can naturally photosynthesize because they lack chloroplasts, the organelles plants use for this process. However, some animals, like the green sea slug, can incorporate algal genes or cells. The green sea slug ingests algae and retains functional chloroplasts, allowing it to perform photosynthesis temporarily."
Why do we need an isolation transformer to connect an oscilloscope?,4115,"An isolation transformer is used with an oscilloscope to prevent ground loops and protect both the user and the instrument. Ground loops can cause noise or inaccuracies in measurements. The transformer isolates the device electrically from the mains power supply, enabling safer and more accurate measurements of electrical signals."
What's the reason that we have a different number of days each month?,4116,"The different number of days in each month is a result of the Gregorian calendar system designed to align with Earth's orbit around the Sun, which is roughly 365.25 days. To account for this, months have different lengths, and February has 28 or 29 days in leap years. Historical, cultural, and astronomical influences led to the variation in month lengths."
What or Who is Process?,4117,"In general terms, a process refers to a series of actions or steps taken to achieve a particular end. In computing, a process is an instance of a program being executed, which includes the program code and its current activity. Processes are fundamental to operating system function, allowing tasks to be completed efficiently."
What is the origin of the Montmartre mountain in Paris?,4118,"The Montmartre mountain in Paris is a large hill located in the north of the city. Its origin dates back to the Cretaceous period, and the hill is primarily composed of limestone. Historically, it was a strategic height and later became an artistic center, famously home to the Sacré-Cœur Basilica and numerous artists in the early 20th century."
How do dolphins sleep. If dolphins need air to breathe then how do they sleep underwater?,4119,"Dolphins sleep using unihemispheric slow-wave sleep, where one half of their brain rests while the other half remains awake. This method allows them to continue surfacing for air and stay alert to potential threats. They switch between the resting halves of the brain to ensure both sides get adequate rest."
Is it a coincidence that on the far side of the moon almost no seas are visible?,4120,"The visibility of seas, or 'maria', on the Moon is influenced by its geological history. The near side of the Moon, which faces Earth, has more maria because it has thinner crust allowing lava to flow and create these flat plains. In contrast, the far side has a thicker crust, preventing such lava flows and resulting in fewer seas. This is not a coincidence but a result of the Moon's asymmetrical crust and volcanic history."
"Do oceans get roughly homogeneous rainfall, or are parts of Earth's oceans basically deserts or rainforests?",4121,"Oceans do not receive uniform rainfall. Some regions, like the equatorial Pacific, receive heavy rainfall due to warm temperatures and constant evaporation, akin to rainforests. Conversely, areas like the subtropical Atlantic experience high-pressure systems that lead to dry conditions, similar to deserts. Rainfall distribution over oceans is influenced by various factors, including temperature, atmospheric circulation, and geographical location."
What or Who is Refraction?,4122,"Refraction is a physical phenomenon where light changes direction as it passes from one medium to another, like from air to water. This happens because light travels at different speeds in different materials. An everyday example of refraction is when a straw appears bent when placed in a glass of water. Understanding refraction is essential for studying lenses and optical devices."
Why does the SARS-Cov2 coronavirus genome end in aaaaaaaaaaaaaaaaaaaaaaaaaaaaaaaaa (33 a's)?,4123,"The 33 adenine bases (As) at the end of the SARS-CoV2 coronavirus genome are a poly-A tail, a common feature in many RNA viruses. This tail serves several functions: it stabilizes the RNA molecule, helps in the regulation of its translation into proteins, and assists in the replication process within the host cell. The poly-A tail is crucial for the virus’s ability to infect and reproduce."
What or Who is Scientific theory?,4124,"A scientific theory is an extensively tested and generally accepted explanation of a natural phenomenon. It is backed by a significant body of evidence and can make predictions about future observations. Unlike hypotheses, which are initial, testable guesses, theories are well-established and refined through repeated experimentation and observation. Evolution by natural selection is a prime example of a scientific theory."
What or Who is 21 grams experiment?,4125,"The 21 grams experiment was conducted by Dr. Duncan MacDougall in 1907 to measure the weight loss of a human body after death, which he attributed to the soul leaving the body. He reported that the body lost 21 grams, but his experiment lacked scientific rigor, controls, and has not been replicated. Today, it is generally regarded as flawed and not scientifically valid."
"Why are other standards for data transfer used at all (HDMI, USB, SATA, etc), when Ethernet cables have higher bandwidth, are cheap, and can be 100s of meters long?",4126,"Different standards like HDMI, USB, and SATA are used alongside Ethernet due to their specific functionalities and design optimizations. HDMI is tailored for high-definition video and audio, USB for peripheral connectivity and power supply, and SATA for data storage devices. Ethernet excels at long-distance networking. Each standard is optimized for its particular use case, ensuring efficiency and performance."
What or Who is Animal?,4127,"An animal is a multicellular organism that is part of the kingdom Animalia. Animals are characterized by their ability to move at some stage of life, consume organic material, breathe oxygen, and reproduce sexually. They range from simple organisms like sponges to complex beings such as humans. Unlike plants, animals lack cell walls and rely on sensory organs and nervous systems to interact with their environment."
Closest star system to Alpha Centauri?,4128,"Proxima Centauri is the closest star system to Alpha Centauri. Proxima Centauri is part of the Alpha Centauri star system itself and is approximately 4.24 light-years from Earth. It is a red dwarf star, much smaller and cooler than our Sun, and it has at least one known planet, Proxima b, which lies within its habitable zone."
How does the eye-sight-measuring machine at the glasses shop actually give you the exact number of your eyesight?,4129,"An eye-sight-measuring machine, also known as an auto-refractor, works by measuring how light bounces off the retina. The device shines a light into the eye and measures how it changes as it reflects back. These measurements provide an estimate of the eye’s refractive error, indicating whether glasses are needed for near or distant vision. The results help optometrists to prescribe corrective lenses with precision."
"Dogs can smell COVID infections in patients, with as much accuracy as a PCR test. What's stopping us from building a machine that 'smells' the patients and detects it as well, if not better, than a dog?",4130,"Dogs have an extraordinary sense of smell that allows them to detect specific odors associated with COVID-19. Machines, like electronic noses (e-noses), can mimic this detection but face challenges in replicating the sensitivity and specificity of a dog's nose. Technological limitations, such as the complexity of analyzing volatile organic compounds and ensuring consistent results, hinder the effectiveness of machines. Additionally, training and calibrating these devices to distinguish between different viruses and environmental smells are ongoing challenges. While progress is being made, it will take time for technology to match or surpass the natural capabilities of a dog's sense of smell in medical diagnostics."
Real-life examples of moving average processes,4131,"Moving average processes are common in financial and economic analyses. For example, stock market analysts use moving averages to smooth price data, helping to identify trends over specific periods (e.g., 50-day or 200-day moving averages). In weather forecasting, a moving average of temperature readings over a week or month provides a clearer picture of climate patterns, mitigating the impact of daily fluctuations. Businesses also apply moving averages to sales data to monitor performance trends and make informed decisions. These processes help to filter out noise, offering a clearer understanding of underlying patterns in various fields."
"ow do fitness trackers know that you actually sleeping but not just laying there resting, being awake ?",4132,"Fitness trackers determine if you are sleeping by using sensors like accelerometers and heart rate monitors. When you sleep, your movements become minimal, and your heart rate decreases. If the device detects a prolonged period of stillness combined with a lower heart rate typical of sleep, it deduces that you are sleeping. Additionally, some advanced trackers use algorithms to analyze patterns in your movement and heart rate, giving a more accurate differentiation between sleep and rest. This combination of multiple data points helps provide an accurate assessment of your sleep state."
What or Who is Systematics?,4133,"Systematics is a branch of biology that focuses on classifying organisms and determining their evolutionary relationships. It involves the identification, naming, and classification of species based on their genetic and morphological characteristics. By studying these relationships, scientists can understand how species have evolved over time and how they are related to one another. Systematics provides essential frameworks for organizing biodiversity and helps in fields like conservation, ecology, and understanding the tree of life."
Does the craving of different foods at different times have to do with what nutrients your body is currently in need of (protein vs carbs for example)?,4134,"The craving for different foods at different times can be related to your body's nutritional needs. For example, if you crave protein-rich foods, your body might need more protein for muscle repair and maintenance. Similarly, a craving for carbohydrates could signal a need for quick energy. However, cravings can also be influenced by psychological factors, habits, and even hydration levels. While nutrient needs do play a role, cravings are not always a reliable indicator of what your body requires, making a balanced diet essential for meeting health needs."
How many people can one tree sufficiently make oxygen for?,4135,"One tree produces enough oxygen to support approximately two humans. The exact amount depends on the tree species, size, health, and growing conditions. A mature tree can produce around 260 pounds of oxygen per year, which is roughly the amount two adults require to breathe. Trees achieve this through photosynthesis, converting carbon dioxide and water into oxygen and glucose using sunlight. Preserving and planting more trees is crucial for maintaining the balance of oxygen in our atmosphere."
What or Who is Vishen Lakhiani?,4136,"Vishen Lakhiani is an entrepreneur, author, and motivational speaker known for founding Mindvalley, a company specializing in educational technology and personal development. Mindvalley offers online courses, programs, and events that focus on personal growth, health, and spirituality. Lakhiani is also the author of books like 'The Code of the Extraordinary Mind,' which explores unconventional strategies for achieving success and happiness. His work aims to transform education and empower individuals to reach their fullest potential."
"Why is a tetanus shot required for a deep puncture wound, but not scratches that still draw blood?",4137,"A tetanus shot is required for deep puncture wounds because such injuries provide an anaerobic (low-oxygen) environment where the Clostridium tetani bacteria can thrive and release toxins causing tetanus. These bacteria are commonly found in soil, dust, and animal feces. Deep wounds are more likely to trap these pathogens and create conditions for them to multiply. On the other hand, scratches, even if they draw blood, generally do not create the same anaerobic environment, thus posing a lower risk for tetanus infection."
"Does a ""cubic"" matrix exist?",4138,"In mathematics, a cubic matrix does not exist. The term 'cubic' typically refers to something related to a cube or a power of three, but matrices are defined as rectangular arrays of numbers with two dimensions: rows and columns. You can have square matrices, where the number of rows equals the number of columns, but not cubic matrices. However, in tensor algebra, concepts exist that extend beyond two dimensions, which might be seen as 'cubic' structures in certain contexts."
"In regions that are ""100% powered by renewable energy"", what happens to the traditional power plants?",4139,"In regions powered entirely by renewable energy, traditional power plants are often kept on standby, converted to use renewable resources, or decommissioned. Keeping them on standby ensures that there is a backup in case of fluctuations in renewable energy supply due to weather or other factors. Some plants may switch to renewable sources like biomass. Decommissioning occurs if the infrastructure is outdated or the renewable systems are reliable enough to meet energy demands continuously. The transition to renewables requires careful planning to ensure energy stability."
What or Who is Castle Bravo?,4140,"Castle Bravo was the code name for the first test of a thermonuclear hydrogen bomb by the United States, conducted on March 1, 1954, at Bikini Atoll in the Marshall Islands. The explosion was much more powerful than predicted, resulting in significant radioactive contamination. This event highlighted the unforeseen consequences of nuclear testing, leading to increased awareness and dialogue about nuclear safety and environmental impact."
What or Who is Physical change?,4141,"A physical change is a process where a substance undergoes a change in its physical properties without altering its chemical composition. Examples include melting ice turning to water, tearing paper, or dissolving sugar in water. These changes are usually reversible, meaning the original substance can be recovered. This contrasts with chemical changes, where the substance's chemical structure is altered."
Bank/money transfers taking “business days” when everything is automatic and computerized?,4142,"Bank and money transfers often take business days to process due to interbank communication protocols, fraud detection systems, and the need for human oversight. While the internal systems may be automated and computerized, they are designed to follow regulatory requirements and ensure security. Weekends and holidays, when banks are typically closed, also contribute to the delay in processing these transactions."
Does red light preserve your night vision?,4143,"Yes, red light helps preserve your night vision. This is because the rod cells in your eyes, which are responsible for vision in low-light conditions, are less sensitive to red light. Using red light allows you to see while minimizing the disruption to your night-adapted vision, making it commonly used in environments like astronomy and military operations where maintaining night vision is crucial."
Why does windows takes way longer to detect that you entered a wrong password while logging into your user?,4144,Windows takes longer to detect a wrong password to prevent automated attempts to breach the system. It uses deliberate pauses and computational checks to ensure security against brute-force attacks. These delays help protect user accounts by complicating the process for malicious programs attempting to guess passwords repeatedly.
"Considering our methods of exploration, how likely is it that there are unfound planets (not dwarf planets) in our solar system?",4145,"Considering current exploration methods, it is still possible that there are undiscovered planets in our solar system, particularly in the distant and less-observed regions beyond Neptune. Advances in telescope technology and ongoing surveys like the Outer Solar System Origins Survey (OSSOS) increase the likelihood of detecting such objects, but our knowledge is not yet exhaustive."
What or Who is Bloodletting?,4146,"Bloodletting is an ancient medical practice that involved withdrawing blood from a patient to cure or prevent illness and disease. It was based on the belief that balancing the body's fluids, or 'humors,' was essential for health. Though widely practiced for centuries, it is now largely discredited and has been replaced by modern medical techniques."
Why is chemical accuracy defined as 1 kcal/mol?,4147,"Chemical accuracy is often defined as 1 kcal/mol because this level of precision is sufficient to predict chemical reactions and processes reliably. It represents a balance between computational feasibility and the practical requirements of most chemical applications, allowing scientists to model molecular interactions realistically without excessive computational cost."
"If Mars at some point had oceans that were filled with life similar to our own, would there still be oil there despite the harsh Marian conditions and what we know about the planet?",4148,"If Mars had oceans filled with life, it is unlikely that there would be oil on Mars today, despite the harsh conditions. Oil on Earth forms from ancient microscopic organisms over millions of years under specific conditions of pressure and heat not likely to have been present on Mars. Additionally, Mars's current environment would not support the preservation of such materials."
"What causes ""hydrocarbons"" to take the form of petroleum versus natural gas?",4149,"The form that hydrocarbons take, such as petroleum versus natural gas, depends on the organic materials they originate from and the conditions they undergo. Petroleum forms from large, complex organic molecules under high pressure and moderate heat, while natural gas forms from smaller molecules at higher temperatures. These processes occur deep underground over millions of years."
How to hold SMD parts in place while soldering?,4150,"To hold Surface-Mount Device (SMD) parts in place while soldering, you can use a few methods. One effective approach is applying a small amount of solder paste to the pads where the component will be placed. The paste has adhesive properties to keep the part in position. Additionally, you can use tweezers to carefully position the SMD component on the solder paste. When soldering, the surface tension of the molten solder will pull and hold the component in its correct place. An example would be placing a tiny resistor on a printed circuit board and then using the solder paste and tweezers to fix it in place before heating."
Why are snowflakes flat?,4151,"Snowflakes are flat primarily because of the way water molecules form hydrogen bonds as they freeze. Water molecules arrange themselves in a hexagonal lattice, creating a six-sided shape that expands equally in all directions on a single plane. This flat formation maximizes the stability of hydrogen bonds in the structure. The flatness can be seen clearly in examples like the classic hexagonal snowflake, which is composed of numerous ice crystals that grow symmetrically."
"How can a psychological factor like stress cause so many physical problems like heart diseases, high blood pressure, stomach pain and so on?",4152,"Stress can lead to physical problems through the activation of the body's stress response system. When stressed, your body releases hormones like adrenaline and cortisol. These hormones trigger a series of reactions, increasing heart rate and blood pressure to supply muscles with more oxygen. Chronic stress keeps this system activated, straining the heart and blood vessels, and leading to conditions such as heart disease and high blood pressure. For example, constant pressure at work can elevate stress levels, contributing to long-term health issues like stomach pain due to increased digestive acid."
What's the use of a decoupling capacitor near a reservoir capacitor?,4153,"A decoupling capacitor near a reservoir capacitor is used to smooth out voltage fluctuations in electronic circuits. The reservoir capacitor stores electrical energy to provide a stable power supply. However, high-frequency noise can still affect the circuit. The decoupling capacitor, placed nearer to the load, filters out this noise by temporarily supplying or absorbing current, ensuring a stable voltage environment. For instance, in a microcontroller circuit, it helps maintain a clean voltage supply, enhancing performance."
How can the organic mercury compound Thiomersal be not dangerously toxic?,4154,"Thiomersal, an organic mercury compound used as a preservative in vaccines, is not dangerously toxic due to its chemical nature and the small amounts used. It contains ethylmercury, which is processed by the body much more quickly than methylmercury, the toxic form found in contaminated fish. The rapid breakdown and excretion of ethylmercury reduce its potential for harm. For example, the doses of Thiomersal in vaccines are well within safety limits established by health organizations."
Why do some assemblers require an odd-length kmer for the construction of de Bruijn graphs?,4155,"Some assemblers require an odd-length kmer for de Bruijn graphs to ensure unique sequences and minimize ambiguities. Kmers are segments of DNA sequences of length ‘k’. Using odd lengths can help balance the GC content, which affects the uniqueness and accuracy of the graph. For instance, in genome assembly, an odd-length kmer like 11 or 15 allows for more distinct overlaps in sequences, leading to more precise assembly results."
What's the difference between correlation and simple linear regression?,4156,"Correlation and simple linear regression both examine relationships between variables, but they differ in purpose and output. Correlation measures the strength and direction of a linear relationship between two variables, producing a value between -1 and 1. Simple linear regression predicts the value of one variable based on the other, providing an equation for the line of best fit. For example, in studying the relationship between hours studied and test scores, correlation shows how strongly they are related, while regression predicts test scores based on study hours."
What or Who is Calibration?,4157,"Calibration refers to the process of configuring an instrument to provide accurate measurements by comparing it with a standard. This ensures that the readings are consistent and correct. For example, a thermometer is calibrated using a substance with a known temperature to ensure it measures accurately."
What or Who is Analysis?,4158,"Analysis is the systematic examination and interpretation of data to uncover patterns, relationships, or insights. It involves breaking down information into smaller components to understand it better. For example, a statistical analysis of survey data might reveal trends in consumer preferences."
Why don't electrons take the shorter path in coils?,4159,"Electrons don't take the shorter path in coils because of the electromagnetic properties of the coil. When electric current flows through a coil, it creates a magnetic field, which induces a back electromotive force (EMF) that opposes the current. This opposition makes electrons follow the coiled path rather than a straight line through the core. For example, in an electromagnetic coil, this property is essential for applications like inductors and transformers, which rely on the coiled configuration to function correctly."
How is the pKa of extremely weak acids determined?,4160,"To determine the pKa of extremely weak acids, one can use methods such as spectrophotometry, which measures light absorption to detect changes in acid and base forms. Another method involves potentiometry, where the pH of a solution is measured as a weak acid is gradually added to a known base. These techniques help identify the point at which half the acid has dissociated, reflecting the pKa value."
What or Who is Decade?,4161,"Decade commonly refers to a period of ten years. It is a way to categorize time but can also refer to specific ten-year periods that have particular significance in history or culture, such as the 1960s or 1990s."
Why can white hairs get dark again?,4162,"White hairs can sometimes darken again if the underlying cause is addressed. This might include reducing stress, improving diet, or treating medical conditions that cause hair to lose pigment. Melanocytes, the cells that produce pigment, may resume function under some conditions, restoring color."
"If nothing sticks to Teflon, how does Teflon stick to frying pans?",4163,"Teflon sticks to frying pans through a process called 'mechanical bonding' where the rough surface of the pan allows Teflon to anchor itself physically. The pan might also be pre-treated with a primer that acts as a glue to hold the Teflon in place, ensuring it sticks during high-heat cooking."
Is there a difference between rock and stone?,4164,"Rock and stone essentially refer to the same natural material but in different contexts. 'Rock' is a substance found in its natural environment, like a cliff or a boulder. When a piece of rock is removed, shaped, or used for building, it is often called a 'stone'."
"Why are some words, like ""mama and papa"", similar in many languages?",4165,"Words like 'mama' and 'papa' are similar in many languages because they are among the first sounds babies can easily pronounce. These sounds are also easy for adults to interpret, making them common across different cultures for referring to parents."
STM32 Understanding GPIO Settings,4166,"GPIO (General-Purpose Input/Output) settings on STM32 microcontrollers define the pin's state, mode (input or output), speed, and pull-up/pull-down resistors. These settings are configured through registers, enabling the pins to interface with sensors, LEDs, or other peripherals."
What or Who is Gilles Deleuze?,4167,"Gilles Deleuze was a French philosopher known for his influential works on philosophy, literature, film, and fine art. His theories often explore concepts of identity, difference, and the nature of reality, making him a central figure in post-structuralism."
What or Who is Baryon asymmetry?,4168,"Baryon asymmetry refers to the observed imbalance between matter and antimatter in the universe. Despite theories that they were created in equal amounts during the Big Bang, today we see much more matter than antimatter. This asymmetry is a significant question in cosmology and particle physics."
Maximum I2C Bus Length?,4169,"The maximum length of an I2C bus depends on the speed (clock frequency) of the bus and the characteristics of the cabling and connected devices. Generally, for standard-mode (100 kHz) I2C, the bus can be several meters long, while high-speed modes may require shorter lengths to ensure signal integrity."
"Does the string ""...CATCAT..."" appear in the DNA of Felis catus?",4170,"The string ""...CATCAT..."" does appear in the DNA of Felis catus, also known as the domestic cat. DNA is made up of sequences of nucleotides represented by the letters A, T, G, and C. Given the vast length and complexity of DNA sequences, it's very likely to find short repeating units like ""CATCAT"" within the genome. These sequences may occur purely by chance or might be part of larger, functional, or non-functional repetitive elements within the genome."
What or Who is Vsauce?,4171,Vsauce is a popular educational YouTube channel created by Michael Stevens. The channel is known for its engaging and thought-provoking videos on a wide array of topics ranging from science and mathematics to philosophy and illusion. Michael's unique style of breaking down complex concepts into simple and relatable terms has made Vsauce a go-to resource for learners of all ages.
What is covariance in plain language?,4172,"Covariance is a measure of how two variables change together. If the variables tend to increase and decrease together, the covariance is positive. If one increases while the other decreases, the covariance is negative. For example, if taller people tend to have larger shoe sizes, their heights and shoe sizes have a positive covariance. It’s a way to quantify the relationship between two changing quantities."
What or Who is Research?,4173,"Research is the systematic process of investigating existing knowledge and discovering new information. Researchers can be individuals or groups, often experts in their field, who perform experiments, conduct observations, collect data, and analyze results to answer specific questions or solve problems. Research can occur in numerous settings, including laboratories, universities, and various industries, and is vital for scientific and technological advancement."
"Crypto is software, code. Isn't it hosted on a server somewhere on the world? Break the computer, break the crypto?",4174,"Crypto, short for cryptography-based technologies like cryptocurrencies, uses decentralized blockchain technology, meaning it’s not hosted on a single server but distributed across many computers worldwide. Breaking one computer will not affect the entire crypto system since the network relies on the collective validation of transactions by multiple participants. This distribution ensures security and resilience."
What does $2^x$ really mean when $x$ is not an integer?,4175,"The expression $2^x$ means raising 2 to the power of $x$. When $x$ is not an integer, the value is calculated using more complex mathematics involving exponents and logarithms. For example, $2^{1.5}$ is not an integer but still has a specific value, namely the square root of 2 cubed, around 2.828. This continuous nature allows for smooth graphs and practical applications in fields like engineering and biology."
What or Who is Conroy Virtus?,4176,"As of my knowledge cut-off in 2021, there is no widely recognized individual or entity known as 'Conroy Virtus.' It's possible that this could be a fictional character, a lesser-known public figure, or a specific reference outside common knowledge databases. Without more context, it’s challenging to provide a precise answer."
Why have CPU clock speeds stopped going up?,4177,"CPU clock speeds have plateaued due to physical limitations like heat generation and energy consumption. Increasing clock speeds results in higher temperatures, which current cooling technologies struggle to manage. Instead, manufacturers now focus on multi-core processors allowing parallel processing to enhance performance without increasing clock speed."
Transpose of inverse vs inverse of transpose,4178,"The transpose of the inverse of a matrix and the inverse of the transpose of a matrix are generally equal. This means if you have a matrix A, the transpose of the inverse of A (denoted as (A^-1)^T) is the same as the inverse of the transpose of A (denoted as (A^T)^-1). This property is useful in various mathematical computations and applications."
Why can a meal that takes 30 minutes to cook in oven be cooked in 4 minutes in a microwave?,4179,"Microwaves cook food significantly faster than ovens by using microwave radiation, which excites water molecules in the food, generating heat. Unlike ovens that heat food from the outside in, microwaves penetrate and heat food quickly and uniformly throughout, hence reducing cooking times."
"How can there be so much opiate prescription drug abuse when, in theory, the number of manufactured pills and the number of prescriptions are known? Isn't it obvious the pills are being abused?",4180,"Despite the theoretical monitoring of pill manufacturing and prescriptions, several factors contribute to opiate drug abuse. Doctors may overprescribe due to patient demand or inadequately managed conditions. Patients may misuse medications by sharing or selling them. Moreover, pharmacies might not always track prescriptions rigorously. This makes it challenging to ensure that all prescribed drugs are used correctly, explaining why abuse remains prevalent."
What is the most compact data structure for canonical k-mers with the fastest lookup time?,4181,The most compact data structure for storing canonical k-mers with fast lookups is a Bloom filter. A Bloom filter is a space-efficient probabilistic data structure that allows for quick data membership tests. It can query if a k-mer is present in a dataset with some probability of false positives. Its high efficiency in both space and lookup time makes it particularly useful in bioinformatics.
How do surgeons avoid air bubbles in the bloodstreams after an organ transplant?,4182,"Surgeons take careful steps to avoid air bubbles during organ transplants by using meticulous surgical techniques. They flush blood vessels with saline or other solutions to remove air and ensure that any introduced fluid is bubble-free. Additionally, maintaining constant vigilance and using specialized instruments that detect and remove air bubbles help minimize risk."
What or Who is Wernher von Braun?,4183,"Wernher von Braun was a German-American aerospace engineer and space architect credited as one of the leading figures in rocket technology and space exploration. He played a pivotal role in developing the V-2 rocket during World War II and later became a central figure in the United States' space program, contributing to the development of the Saturn V rocket that enabled the Apollo moon landings."
Intuitive explanation of the source of energy that cause Jupiter and Saturn to migrate outward in the Grand Tack Hypothesis?,4184,"In the Grand Tack Hypothesis, Jupiter and Saturn's migration is driven by gravitational interactions with the protoplanetary disk of gas and dust surrounding the young Sun. The disk's flow exerts forces on the planets, transferring angular momentum. As Jupiter moves inward, it transfers energy to the disk, causing Saturn to migrate outward when it catches up, resulting in their current positions."
"When you buy a piece of clothing from a name brand such as Nike, Calvin Klein, or even Dolce and Gabbana, are the actual materials and product quality better than something from Walmart, or are you only paying for the branding?",4185,"Name brand clothing often uses higher quality materials and stricter production standards than cheaper alternatives. Brands like Nike and Calvin Klein invest in innovative materials, craftsmanship, and quality control, leading to more durable and comfortable products. However, a portion of the cost also covers the prestige and marketing associated with the brand, beyond just the material quality."
How can I predict if a reaction will occur between any two (or more) substances?,4186,"Predicting if a reaction will occur between substances involves understanding their chemical properties, such as oxidation states, reactivity, and compatibility. For example, when an acid reacts with a base, they form water and a salt, a predictable result due to their known chemical properties. Balancing chemical equations and using reactivity series can also help forecast reactions."
(How long) would Earth's atmosphere last without a global magnetic field?,4187,"Without a global magnetic field, Earth’s atmosphere would gradually erode over millions to billions of years. The magnetic field protects the atmosphere from solar winds, which are streams of charged particles from the Sun. Without this shield, solar winds would strip atmospheric particles into space, as seen on Mars, which lacks a significant magnetic field and has a thin atmosphere."
What or Who is Bite force quotient?,4188,"Bite force quotient (BFQ) is a measure used to evaluate an animal's bite force relative to its body size. It is a comparative scale assessing how powerful an animal's bite is, considering its weight. For instance, a higher BFQ indicates a stronger bite relative to body size, important for understanding feeding behaviors and ecological roles."
"If extra wings seen on biplanes add more lift and maneuverability, why don’t we add them to modern planes or jets and have them built into the airframe like we do today?",4189,"Modern planes do not use extra wings like biplanes because advances in aeronautics have enhanced lift and maneuverability through other means, like wing design, materials, and aerodynamics. Biplanes’ extra wings create more drag and structural weight, which are inefficient for the higher speeds and longer distances that today's aircraft achieve. Instead, modern designs focus on optimizing single wings for better performance."
What is the longest-lasting protein in a human body?,4190,The longest-lasting protein in the human body is crystallin. Crystallins are found in the lens of the eye and can last a lifetime without being replaced. This remarkable longevity is essential because the lens needs to remain clear for a person to see properly throughout their life. Crystallins endure this environment due to their stable structure which resists damage and accumulation of wear.
How do you calculate the probability density function of the maximum of a sample of IID uniform random variables?,4191,"To calculate the probability density function (PDF) of the maximum of a sample of independently and identically distributed (IID) uniform random variables, one starts by considering the cumulative distribution function (CDF). For a uniform distribution on [0,1], the CDF of the maximum of n such variables is given by raising the CDF of a single variable to the power of n. Differentiating this result gives the PDF. Specifically, for n variables, the PDF of the maximum X_max is f_X_max(x) = n * x^(n-1) for x in [0, 1]."
what are those little black dots that surround my windshield for?,4192,"The little black dots surrounding your windshield are called frits. They serve several purposes: they help in the even distribution of temperature to prevent the windshield from cracking, they protect the adhesive used to hold the windshield in place from ultraviolet rays, and they aid in the manufacturing process by providing a rough surface for adhesion. Additionally, these dots gradually change in size to smooth the optical transition from the windshield to the frame."
Why is distillation not a viable way to separate ammonia from water?,4193,"Distillation is not a viable way to separate ammonia from water because ammonia and water form an azeotrope. An azeotrope is a mixture of two or more liquids that boils at a constant temperature and retains the same composition in the vapor phase as in the liquid phase. This means that simple distillation cannot separate them effectively, as the vapor produced will contain a constant ratio of ammonia and water. Alternative separation techniques, such as fractional distillation or chemical absorption using methods like the Haber process, are more suitable."
What or Who is Bachelor of Software Engineering?,4194,"A Bachelor of Software Engineering is an academic degree awarded to individuals who have completed a college or university program focused on software development, computer programming, and the overall engineering of software systems. This program typically covers subjects like computer science, mathematics, and engineering principles, and aims to prepare students to design, develop, and maintain software systems."
What or Who is Space Shuttle orbiter?,4195,"The Space Shuttle orbiter was the reusable spacecraft component of NASA's Space Shuttle program, operational from 1981 to 2011. It was the part of the shuttle system responsible for carrying astronauts and cargo to and from space. The orbiter had a crew cabin, a cargo bay, and a set of three main engines, and was capable of re-entering Earth's atmosphere to land like an airplane. Notable orbiters included Columbia, Challenger, Discovery, Atlantis, and Endeavour."
Merging regions according to their identifier,4196,"Merging regions according to their identifier involves combining distinct areas or segments that have a common label or tag. This process is essential in fields like image processing, geographic information systems, and data analysis. Typically, algorithms will iterate through each region, compare identifiers, and merge regions that share the same identifier, updating spatial or data structures to reflect the combined region's new boundaries or attributes."
What or Who is Leyden jar?,4197,"The Leyden jar is a device invented in the 18th century used to store static electricity. It consists of a glass jar coated with metal foil on the inside and outside. A metal rod connected to the inner foil extends through a stopper at the top of the jar. The jar stores electrical charge, which can be released in a single, sudden discharge. The Leyden jar is significant in the history of electricity as one of the first capacitors."
"what is actually happening psychologically/physiologically when you have a ""gut feeling"" about something?",4198,"A 'gut feeling' or intuition is a phenomenon where your body sends you signals based on your subconscious mind's evaluation of a situation. Psychologically, it involves the brain processing information and experiences in a way that produces a feeling or hunch. Physiologically, the gut feeling is linked to the enteric nervous system, often referred to as the 'second brain,' which communicates with the central nervous system and can react to stress, fear, or other emotions, thus influencing your decision-making process."
Run kallisto iteratively across many samples,4199,"Running kallisto iteratively across many samples involves using this RNA sequencing analysis tool to quantify transcript abundances in multiple datasets. To streamline this process, one could write a script (e.g., in Python or shell script) that automates running kallisto commands in a loop for each sample directory. The script would manage input/output paths, parameters, and logging of results, ensuring consistency and efficiency across all samples analyzed."
What or Who is Mister Peabody?,4200,"Mister Peabody is a fictional character from the animated television series 'The Adventures of Rocky and Bullwinkle and Friends.' He is an intelligent, talking dog who adopts a young boy named Sherman. Together, they use a time machine called the WABAC (pronounced 'way-back') to explore historical events and figures, offering a humorous and educational twist on history."
Dinosaurs were around for 150m years. Why didn’t they become more intelligent?,4201,"Dinosaurs did not become more intelligent over their 150 million-year existence due to various factors. Evolutionary intelligence is influenced by environmental pressures and survival needs. Dinosaurs had successful adaptations like size, strength, and specialized features for their ecological niches. Their environments did not demand complex problem-solving or social structures seen in highly intelligent species like mammals or birds, thus less evolutionary pressure for developing large brains."
What or Who is Osteopathy?,4202,"Osteopathy is a type of alternative medicine that emphasizes the physical manipulation of the body's muscle tissue and bones. Practitioners, known as osteopaths, use techniques such as stretching, applying gentle pressure, and resistance. The aim is to improve health across the body by ensuring the musculoskeletal system is in proper alignment, which is believed to affect the overall function of various bodily systems."
What is the importance of the Collatz conjecture?,4203,"The Collatz conjecture is important in mathematics because it is a simple yet unsolved problem involving sequences of numbers. The procedure is: start with any positive integer, if it’s even, divide by 2, if odd, multiply by 3 and add 1. Repeat the process, and the conjecture claims this will always eventually reach the number 1. Understanding why this happens could provide insights into number theory and computational processes."
Where is it possible to observe the Moon for 24 hours?,4204,"It is possible to observe the Moon for 24 hours at the poles during certain times of the year. Specifically, during the full moon closest to the winter solstice, for the Arctic, and near the time of the midnight sun for the Antarctic. The unique tilt of Earth's axis allows the Moon to stay above the horizon for an extended period at these locations."
Why is −78 °C a magic temperature for organic reactions?,4205,"The temperature of -78 °C is significant for organic reactions because it is the temperature of dry ice in acetone, a common cooling bath in labs. This low, stable temperature reduces reaction rates, providing control over reaction speed and product formation. It’s useful for sensitive reactions requiring precise temperature control to prevent unwanted side products."
How do free mobile games make money when all the ads in the game are from other free mobile games?,4206,"Free mobile games make money through a business model called 'advertising networks'. When you see ads for other games, the developers of the advertised game pay the game you’re playing for showing the ad. Additionally, games often feature in-app purchases or premium content, which contribute revenue. This synergy creates income from both ads and user spending."
Am I using muscles to keep my eyelids open or to keep them closed or both?,4207,"You use muscles to keep your eyelids open and closed. The muscles involved in opening are the levator palpebrae superioris and Müller’s muscle, while the orbicularis oculi muscle is responsible for closing. Both actions require muscular effort but closing is more actively controlled, as it’s involved in blinking and protecting the eyes."
do tanks actually have explosives attached to the outside of their armour? Wouldnt this help in damaging the tanks rather than saving them?,4208,"Tanks do not generally have explosives attached to their outside. What you might be referring to are reactive armor panels containing explosive materials. These are designed to detonate outward upon impact with an incoming projectile, thereby disrupting its force. This countermeasure helps to protect the tank’s main armor rather than causing damage."
How come spent nuclear fuel is constantly being cooled for about 2 decades? Why can't we just use the spent fuel to boil water to spin turbines?,4209,"Spent nuclear fuel is highly radioactive and generates a significant amount of heat long after it’s removed from a reactor. It needs to be constantly cooled in pools to prevent overheating and potential release of radiation. While using its heat to generate power seems practical, the management and safety concerns involved are complex and currently unfeasible with existing technology."
Does working out for 10 minutes every day do anything or do you have to do a minimum amount of exercise to see any benefit?,4210,"Yes, working out for 10 minutes every day can offer health benefits. Even short bouts of exercise can improve heart health, increase energy levels, and boost mood. For example, a brisk 10-minute walk can help reduce blood pressure and improve cardiovascular fitness. Although more extended exercise sessions might result in more significant health gains, the key is consistency. Incorporating any amount of physical activity into your daily routine is beneficial and can contribute to overall well-being."
What or Who is The God Equation?,4211,"The God Equation refers to a theoretical framework that combines all fundamental forces of nature into a single, all-encompassing equation. This concept is often associated with physicist Michio Kaku, who explores the idea in his book titled 'The God Equation.' The goal is to unify the forces of gravity, electromagnetism, and the strong and weak nuclear forces to create a single theory of everything, akin to how Einstein sought a unified field theory."
Why does an antenna trace have this shape?,4212,"The shape of an antenna trace is designed to optimize the transmission and reception of radio waves. Antenna traces often follow specific patterns like loops, zigzags, or spirals to tune the antenna to specific frequencies and to fit within the geometry of the device. These shapes enhance signal strength by matching the impedance of the antenna with the circuitry, minimizing signal loss, and maximizing efficiency."
What or Who is History of sport?,4213,"The history of sport refers to the chronological development and cultural significance of physical activities and games played for competition, recreation, and health. Dating back to ancient civilizations, sports like wrestling, running, and ball games have evolved into the organized events we see today. Examining the history of sport reveals how societal values, technological advances, and international interactions have shaped the way we play and view sports."
What or Who is Unit of measurement?,4214,"A unit of measurement is a standard quantity used to express a physical quantity. Examples include meters for length, kilograms for weight, and seconds for time. These units provide a consistent way to communicate and compare values. For instance, saying a table is 2 meters long universally conveys its size, making scientific observations and everyday tasks more accurate and understandable."
Why when we are horny we are willing to do something we wouldn't normally want to?,4215,"Horniness can change our behavior due to the influence of hormones like dopamine and oxytocin on the brain. These hormones increase sexual desire and reduce inhibitions. When aroused, the brain’s reward system makes certain actions seem more appealing, even if they might not be under normal circumstances. This biological response encourages behaviors that could lead to reproductive success."
Why does it take 24 hours for muscles to start hurting after a workout? Why not straight away?,4216,"Muscle soreness 24 hours after a workout is known as delayed onset muscle soreness (DOMS). It occurs because exercise causes tiny tears in muscle fibers, which the body then repairs. This healing process involves inflammation and activation of pain receptors, leading to soreness. The delay is due to the time it takes for these biological processes to unfold."
Does a dangling wire really electrocute me if I'm standing in water?,4217,"Yes, a dangling wire can electrocute you if it comes into contact with water you are standing in. Water is a good conductor of electricity, especially if it has impurities or minerals. If an electrical current flows through the wire into the water, it can pass through your body, potentially causing electric shock or even death, depending on the voltage and exposure time."
"Why are games rendered with a GPU while Blender, Cinebench and other programs use the CPU to render high quality 3d imagery? Why do some start rendering in the center and go outwards (e.g. Cinebench, Blender) and others first make a crappy image and then refine it (vRay Benchmark)?",4218,"Games are rendered with a GPU because it is optimized for parallel processing, allowing it to handle complex graphics and fast frame rates simultaneously. Programs like Blender use CPUs for rendering high-quality 3D imagery because CPUs, with their powerful single-threaded performance and complex instruction sets, excel in sequential tasks. Programs like Cinebench render from the center outwards or refine the image gradually to manage computational resources efficiently and provide a preview before final rendering."
What is this droplet of liquid that comes out of a mosquito?,4219,"The droplet of liquid that comes out of a mosquito is typically a mix of saliva and anticoagulants that the mosquito injects when it bites. This mixture prevents blood from clotting, allowing the mosquito to feed more efficiently. Sometimes, when the mosquito draws back blood, some of it may remain at the tip of its proboscis, appearing as a droplet."
What is the most unusual proof you know that $\sqrt{2}$ is irrational?,4220,"One unusual proof that √2 is irrational involves geometry. Suppose √2 is rational, then it can be expressed as a fraction a/b in simplest form. Consider a right triangle with sides of length a and b and hypotenuse length √(a² + b²). By the Pythagorean theorem, this simplifies to √2, a contradiction since a² + b² cannot both be even. This geometric approach highlights the inconsistency of assuming √2 is rational."
Find expected value using CDF,4221,"The expected value using the cumulative distribution function (CDF) can be derived by evaluating the integral of one minus the CDF over the entire real line. Mathematically, this is expressed as E(X) = ∫(1 - F(x))dx, where F(x) is the CDF. This approach transforms the problem into integrating areas under the curve of the CDF, providing a straightforward way to calculate expected values."
Improve a reference genome with sequencing data,4222,"Improving a reference genome with sequencing data involves aligning new sequence reads to the reference genome, identifying discrepancies, and incorporating corrections. Computational tools such as read mappers and variant callers are used to detect and correct errors, ensuring the reference genome more accurately represents the target organism. This is crucial for precision medicine and genetic research."
Can Pluto be seen with the naked eye from Neptune when Pluto and Neptune are closest?,4223,"No, Pluto cannot be seen with the naked eye from Neptune even when they are closest. Both planets are very far from each other and from the Sun, causing them to appear dim and small. Neptune's considerable distance makes viewing anything with the naked eye in its far reaches extremely difficult, requiring telescopes for observation."
Do bees socialize with bees from other hives?,4224,"Typically, bees do not socialize with bees from other hives and often defend their hive against intruders. Occasionally, bees may join another hive if accepted. Bees rely on pheromones to recognize hive-mates, ensuring colony cohesion and defense mechanisms. Rare instances of bees integrating into new hives highlight adaptability but it is not common social behavior."
Extremely rare occurence of Heart cancer?,4225,"Heart cancer, or primary cardiac tumors, is extremely rare because heart cells, cardiomyocytes, rarely divide. Most heart tumors are benign and include myxomas and fibromas. The low rate of cell division in the heart reduces the likelihood of mutations, making malignant cardiac tumors a rare phenomenon."
Can somebody explain birthmarks to me?,4226,"Birthmarks are skin spots present at birth or shortly after. They form due to pigment cells clustering (pigmented birthmarks) or abnormal blood vessels (vascular birthmarks). Pigmented birthmarks, like moles, contain extra melanin. Vascular ones, such as hemangiomas, stem from an overgrowth of blood vessels. Most birthmarks are harmless, although some require medical attention."
How are drill bits that make drill bits made? And the drill bits that make those drill bits?,4227,"Drill bits that make drill bits are produced with specialized machinery, often using harder materials like high-carbon steel or carbide. The process involves precision machining to create the intricate cutting edges needed for new drill bits. Layers of bits are successively crafted using more robust tools or grinding techniques to achieve the desired shapes and sizes."
Why does your ear pop sometimes and sound becomes insanely clear and nice much better than normal but then doesn't stay around for long?,4228,"Your ears pop to equalize the pressure between the middle ear and the environment. This often happens when rapid altitude changes or a sinus blockage occur. The Eustachian tube opens, allowing air to flow, which can momentarily clear the sense of hearing, making sounds appear sharper. This temporary clarity usually normalizes as the pressure stabilizes."
Why three-phase power? Why not a higher number of phases?,4229,"Three-phase power is used because it provides a balanced, efficient energy distribution system with continuous power transfer, reducing pulsations. Higher phases could complicate infrastructure without significantly improving efficiency. Three-phase power strikes an optimal balance, delivering stable, constant power for industrial and large-scale applications."
What or Who is Beyond Order?,4230,"Beyond Order: 12 More Rules for Life is a self-help book by clinical psychologist and professor Jordan Peterson. It serves as a sequel to his earlier book, 12 Rules for Life, and aims to provide additional guiding principles for a meaningful life. It merges psychological insights with practical advice, helping readers navigate modern challenges."
What or Who is 486958 Arrokoth?,4231,"486958 Arrokoth, formerly known as Ultima Thule, is a trans-Neptunian object located in the Kuiper Belt. NASA's New Horizons spacecraft conducted a flyby of Arrokoth in January 2019, revealing it to be a contact binary, meaning it consists of two connected lobes. The object provides valuable data about the early solar system formation."
Why did mathematicians take Russell's paradox seriously?,4232,"Mathematicians take Russell's paradox seriously because it reveals a fundamental problem in set theory, a branch of mathematical logic. The paradox arises when considering a set that contains all sets that are not members of themselves, leading to a contradiction. This prompted a re-evaluation and restructuring of foundational mathematics to ensure consistency and avoid contradictions."
What or Who is Tachymeter (watch)?,4233,"A tachymeter is a scale commonly found on the bezel of analog watches, used to measure speed based on travel time or measure distance based on speed. To use it, one needs to know the time it takes to travel a certain distance. By measuring this with the watch's seconds hand, one can read the speed off the tachymeter scale."
"Are clouds a gas, liquid, and/or solid?",4234,"Clouds consist primarily of liquid water droplets or ice crystals suspended in the air, making their primary state either liquid or solid. Although the air around the clouds contains water vapor (a gas), the visible part of a cloud is not gaseous. Thus, clouds are mostly liquid and/or solid but not gas."
What or Who is Roger Penrose?,4235,"Roger Penrose is an English mathematical physicist, notable for his work in cosmology, general relativity, and the mathematics of black holes. He shared the 2020 Nobel Prize in Physics for his discoveries about black hole formation. Penrose is also known for his theories on the human mind and consciousness, contributing to discussions on the intersection of physics and philosophy."
Why does it feel colder inside in the winter even though the thermostat says the temperature is the same?,4236,"It feels colder inside in the winter even with a constant thermostat reading due to several factors such as lower humidity, causing moisture to evaporate from your skin more quickly, and the presence of cold surfaces like windows and walls that radiate cold air. Reduced circulation also means the warm air isn't distributed evenly, contributing to a colder feel."
Do we defecate our food in the order of which we ate it?,4237,"Our digestive system doesn't process food in the exact order it is eaten. Once ingested, food items are mixed together and broken down by stomach acids and enzymes. The resulting mixture continues through the intestines, where nutrients are absorbed. Eventually, the remnants are excreted, but not necessarily in the order consumed."
Using pysam with cython: htslib/kstring.h not found,4238,The error 'htslib/kstring.h not found' indicates that the C header file kstring.h is missing or not found by the compiler when using pysam with Cython. This issue often arises due to incorrect installation paths or missing dependencies. Ensure that htslib is correctly installed and that your environment variables are appropriately set to include the htslib paths.
Why doesn't sea level show seasonality?,4239,"Sea level does show some seasonal variations due to changes in ocean temperature and salinity, but they are relatively small compared to other influences like tides and weather events. The ocean’s vast size and its ability to absorb heat and distribute it evenly help moderate seasonal changes, making them less noticeable. Additionally, global measurements average out local seasonal differences."
What measures should I take to protect the USB ports of my PC during development of a USB device?,4240,"To protect the USB ports on your PC during the development of a USB device, it's essential to use a few precautions. First, consider using a USB isolator to prevent electrical surges and protect your PC's internal circuits. Additionally, work in a static-free environment to avoid damaging components with static electricity. Utilize USB hubs with over-current protection, which can help prevent damage if something goes wrong with the device you're developing. Testing your device on an expendable or secondary PC can minimize the risk to your main machine."
Why can't we kill ourselves by holding our breath?,4241,"Holding your breath to the point of asphyxiation is almost impossible because your body's autonomic nervous system takes over to ensure you breathe. When carbon dioxide levels in your blood rise to a critical level, it triggers the involuntary breathing reflex, causing you to exhale and inhale automatically, even if you're trying to hold your breath."
Where did TRAPPIST-1a go?,4242,"TRAPPIST-1a does not 'go' anywhere in a literal sense; rather, initial naming conventions were updated once more planets were discovered. Initially, TRAPPIST-1a referred to the star in the TRAPPIST-1 system. After discovering seven planets, the star retained the name TRAPPIST-1, and the planets were named TRAPPIST-1b through TRAPPIST-1h."
What or Who is Standard drink?,4243,"A standard drink is a measurement tool used to compare the amount of pure alcohol in different types of alcoholic beverages. Typically, a standard drink contains about 14 grams (0.6 ounces) of pure alcohol, which is found in roughly 12 ounces of beer, 5 ounces of wine, or 1.5 ounces of distilled spirits. This helps individuals gauge their alcohol intake consistently."
What or Who is Globe?,4244,"Globe can refer to a spherical model of Earth, showcasing continents, oceans, and political boundaries. Globes are used in education to help students understand geography and the spatial relations of different places on our planet. They provide a realistic, although scaled-down, representation of Earth's surface, unlike flat maps which can distort certain areas."
What or Who is Isentropic process?,4245,"An isentropic process is a thermodynamic process in which the entropy of a system remains constant. These processes are idealized and involve no heat transfer and friction. An example of this is the rapid expansion or compression of gases where the process happens too quickly for heat exchange with surroundings, making it adiabatic and reversible."
How does NASA and other space agencies protect their spacecraft from being hacked and taken over by signals broadcast from hostile third parties?,4246,"NASA and other space agencies protect their spacecraft from being hacked by encrypting communications, using secure software, and implementing authentication protocols. They continuously monitor for unusual signals and have contingency plans involving manual overrides to regain control. Additionally, software updates and shielding against electronic interference help maintain security."
What is the difference between linear regression on y with x and x with y?,4247,"The difference between linear regression on y with x and x with y lies in the role of the variables. In 'y with x,' y is the dependent variable predicted based on x, the independent variable. Swapping them changes the relationship, predicting x based on y. Although mathematically related, the outcomes and interpretations differ because they assume different dependencies."
Why do people often capitalize element names?,4248,"People often capitalize element names in informal writing out of habit or to emphasize their importance, despite standard scientific convention not requiring it. However, their symbols are always capitalized (e.g., H for Hydrogen) to maintain consistency in chemical notation."
How is cancer so deadly but a person feels fine one day then the next they are told they have 4 months to live?,4249,"Cancer can be deadly because it often grows and spreads with minimal early symptoms. By the time noticeable signs appear, it might have reached advanced stages, affecting vital organs. Rapid disease progression coupled with the body's delayed response can shift someone from feeling fine to facing severe health warnings within a short period."
Model for predicting number of Youtube views of Gangnam Style,4250,"To predict the number of YouTube views of 'Gangnam Style,' you would use a statistical model that considers factors such as prior view trends, social media mentions, and changes in popularity over time. For example, a linear regression model might use data like the rate of views per day and social media activity. The model would then provide an estimate based on these variables, helping to predict future views."
Why do you not feel hungry after not eating for a long time?,4251,"After not eating for a long time, your body releases hormones like ghrelin to signal hunger at first. However, if you continue to fast, your body will start using stored energy reserves, and the hormone levels adjust to reduce hunger sensations. This process can involve complex interactions between blood sugar levels, hormones, and your nervous system, explaining why you might not feel as hungry over time."
Can rats pass on memories of a maze to their offspring?,4252,"Rats cannot directly pass on memories of a maze to their offspring. However, they can pass on certain predispositions or instincts genetically, which may make it easier for their offspring to learn and navigate mazes. This phenomenon can often be mistaken for memory transmission but is actually a result of genetic inheritance and learning from the environment."
"Why do we recognize that mirrors are ""silver"" when they appear to be the exact same color as what they are reflecting?",4253,"We recognize mirrors as 'silver' due to their reflective coating, often made from a thin layer of metal like aluminum. This coating changes how light is reflected, making the mirror appear to mimic the colors of whatever it reflects while giving off a silvery sheen from the edges or angles not directly reflecting a specific object."
What or Who is Water ionizer?,4254,"A water ionizer is a device that changes the pH of tap water by using electrolysis to separate incoming water into acidic and alkaline components. People use alkaline water for drinking, claiming various health benefits. However, scientific evidence about these benefits is mixed and often debated."
What exactly is the difference between a derivative and a total derivative?,4255,"A derivative measures the rate at which a function changes as its input changes. The total derivative considers how a function changes with all variables, not just one. For example, in a function with two variables (x, y), the total derivative would account for changes in both x and y, providing a more comprehensive rate of change."
Why does Congo have a near monopoly in Cobalt extraction? Is all the Cobalt in the world really only in Congo? Or is it something else? Congo produces 80% of the global cobalt supply. Why only Congo? Is the entirety of cobalt located ONLY in Congo?,4256,"Congo has a near monopoly on cobalt extraction due to its large cobalt reserves, favorable mining conditions, and lower labor costs. While cobalt is also found in other countries, the concentration and economic factors in Congo make it the predominant supplier. This does not mean all cobalt is in Congo, but rather it is the most cost-effective place to extract it currently."
Does Bluetooth interfere with WiFi?,4257,"Bluetooth can interfere with WiFi because both operate at the 2.4 GHz frequency band. When too many devices use Bluetooth and WiFi simultaneously, it can cause congestion, leading to slower speeds and reduced performance. Advanced technologies like adaptive frequency hopping help mitigate such interferences."
What or Who is Acupuncture?,4258,"Acupuncture is a traditional Chinese medicine practice involving the insertion of thin needles into specific points on the body to alleviate pain and treat various health conditions. The practice is based on the idea that it balances the body's energy flow, although scientific evidence of its effectiveness varies."
Why does a Tesla car use an AC motor instead of a DC one?,4259,"A Tesla car uses an AC motor because AC motors are more efficient for electric vehicles, providing better performance and handling. They are less complex and easier to manage, and the inverter technology in Tesla cars effectively converts battery DC power to AC, optimizing energy usage and range."
KL divergence between two univariate Gaussians,4260,"KL divergence measures how one probability distribution diverges from a second, expected probability distribution. In the case of two univariate Gaussian distributions, this difference is quantified using their means and standard deviations. The divergence reflects how distinct these distributions are in terms of their central tendencies and spread, providing a numerical value for their disparity."
What is the latency of an LED?,4261,"Latency in an LED refers to the time delay between when the electrical current is applied and when the LED emits light. This latency is typically very small, in the order of nanoseconds, making LEDs suitable for applications requiring rapid response times, such as high-speed communications."
Does sipping water vs 'chugging' water impact how the body processes water?,4262,"When you sip water, your body absorbs it gradually, which can help maintain hydration over a longer period. Chugging water quickly can lead to more rapid absorption but might also overwhelm the body, causing a faster need to excrete the excess. Both methods hydrate, but sips may provide more sustained hydration."
Why is water a dipole?,4263,"Water is a dipole because it has a bent molecular shape with an uneven distribution of charge. The oxygen atom has a slight negative charge due to its higher electronegativity, while the hydrogen atoms have a slight positive charge. This separation of charges creates a polar molecule with a positive and a negative end."
Why does the Geneva Convention forbid medics from carrying any more than the most basic of self-defense weapons?,4264,"The Geneva Convention forbids medics from carrying more than basic self-defense weapons to ensure they are seen as non-combatants. This distinction helps protect medical personnel from being targeted, allowing them to provide care to injured soldiers impartially."
Is there a upper limit to the number of planets orbiting a star?,4265,"There is no strict upper limit to the number of planets that can orbit a star, but gravitational interactions among numerous planets can lead to instability. A system with too many planets could result in collisions or ejections, limiting the number of stable, long-term orbits."
An integral involving Airy functions $\int_0^\infty\frac{x^p}{\operatorname{Ai}^2 x + \operatorname{Bi}^2 x}\mathrm dx$,4266,"The integral involving Airy functions is a type of special function integral, often encountered in quantum mechanics or wave propagation. Solving these integrals typically requires advanced mathematical techniques or numerical methods due to the complexity of Airy functions."
What or Who is Index (economics)?,4267,"In economics, an index is a statistical measure that tracks changes in a group of related variables. For example, the Consumer Price Index (CPI) measures changes in the price level of a market basket of consumer goods and services, providing insights into inflation and cost of living."
Why do we believe that the super massive black holes at the centers of two merging galaxies would themselves merge?,4268,"We believe supermassive black holes at the centers of merging galaxies would merge due to gravitational forces. As galaxies merge, their central black holes are drawn together by mutual gravity, eventually coalescing to form a single, larger black hole, releasing energy in the form of gravitational waves."
What or Who is Cavendish experiment?,4269,"The Cavendish experiment, conducted by Henry Cavendish in the late 18th century, measured the force of gravitational attraction between masses. This experiment was crucial in determining the density of the Earth and the gravitational constant, G, providing insights into the strength of gravity."
What or Who is Zipf's law?,4270,"Zipf's law is an empirical rule that describes how the frequency of an item (like words in a language) inversely correlates with its rank in frequency order. For example, the second most common word appears about half as frequently as the most common word, the third one-third as frequently, and so on. This law applies widely, from city populations to internet traffic, showing an interesting regularity in seemingly diverse systems."
Why do you die if you cannot breathe?,4271,"You die if you cannot breathe because your body needs oxygen to produce energy. The lungs transfer oxygen from the air into the blood, and the heart pumps this oxygen-rich blood to cells throughout your body. Without oxygen, cells can't perform vital functions, leading to organ failure and eventually death. Breathing also removes carbon dioxide, a waste product formed during energy production, from your body."
What is the correct way to map Hi-C data with bwa mem?,4272,"To map Hi-C data using bwa mem, you generally start by converting the raw sequencing reads into a format suitable for mapping, then align those reads to a reference genome. The process involves: preparing the reference genome, converting the reads to the appropriate format (usually FASTQ), and using the ‘bwa mem’ command to align the reads. Ensure that you handle paired-end reads properly, as Hi-C data involves spatial proximity information between different parts of the genome."
Why can't we just make water by smooshing hydrogen and oxygen atoms together?,4273,"We can't make water just by smooshing hydrogen and oxygen atoms together because they must undergo a specific chemical reaction. This process, called combustion, requires an ignition source to initiate and results in water and energy release. Mixing hydrogen and oxygen without this activation energy won't form water molecules as the atoms need to overcome a significant energy barrier to react."
Why rationalize the denominator?,4274,"We rationalize the denominator to simplify mathematical expressions and make them easier to understand or compare. Having a radical in the denominator can make calculations and further algebraic manipulation cumbersome. By rationalizing, we convert the expression into a simpler form, ensuring no irrational numbers in the denominator, thus facilitating easier arithmetic processing and clarity."
Why can't we observe the Oort cloud with a telescope?,4275,"We can’t observe the Oort Cloud with a telescope because it is extremely distant from the Earth and contains objects that are both very small and dim. The Oort Cloud is a vast region of icy bodies surrounding the solar system up to a light-year away, and the scattered light from these objects is too faint for current telescopes to detect. Only indirect evidence supports its existence."
"What is the purpose of prison bail? If somebody should or shouldn’t be jailed, why make it contingent on an amount of money that they can buy themselves out with?",4276,"The purpose of prison bail is to ensure that a person accused of a crime returns for their court appearances while allowing them to remain free until the trial. Bail acts as a financial guarantee that incentivizes the accused to attend their trial. The amount is set to balance the severity of the crime, the risk of flight, and the financial status of the individual to ensure fairness and public safety."
Why do guillotines fall with the blade not perfectly level?,4277,"Guillotines often fall with the blade not perfectly level due to the variations in the construction and maintenance of the device, which can cause slight imbalances. These imbalances could result from wear and tear or minor differences in the alignment of the guiding tracks. Such imperfections don't significantly affect the guillotine's function but can cause the blade to tilt slightly as it descends."
"Can i control the direction my wifi travels in? For e.g is there an object i can surround my router to bounce the rays in a specific direction. If so , will it even have an effect on my wifi signal strength?",4278,"Yes, you can control the direction of your Wi-Fi signal using physical barriers or reflectors. Materials like aluminum foil or Wi-Fi reflectors can be placed around the router to direct signals to specific areas, effectively boosting the signal in those directions. However, this might reduce signal strength in other areas, and the effectiveness varies based on the environment and material used."
"If I modify a PDB file with a specific mutation, how to minimize energy?",4279,"To minimize energy in a modified PDB file with a specific mutation, you can use computational chemistry software like PyMOL or Chimera in conjunction with energy minimization tools such as GROMACS, AMBER, or CHARMM. These tools apply force fields to adjust atomic positions, reducing steric clashes and inappropriate geometries to reach a more stable, lower-energy conformation of the molecule."
What or Who is Marine biology?,4280,"Marine biology is the study of marine life, including plants, animals, and microorganisms that live in the ocean. Marine biologists examine the behavior, physiology, and interactions of these organisms with their environment. For example, studying coral reefs can help us understand how these vital ecosystems support marine life and how they are affected by changes such as ocean warming."
"If we observe a star X light years away, does that mean theres nothing inbetween here and there obstructing our view?",4281,"When we observe a star X light years away, it means photons from that star travel uninterrupted across that distance, reaching Earth. While it's theoretically possible that something could obstruct the view, in practice, space is mostly empty, so light travels relatively unimpeded. However, clouds of cosmic dust or gas, known as interstellar medium, can dim or redirect light, but they rarely block it entirely."
What or Who is Copernican Revolution?,4282,"The Copernican Revolution refers to the period in the 16th century when Nicolaus Copernicus proposed that the Sun, not the Earth, was the center of the universe. This heliocentric model changed our understanding of the cosmos and set the stage for modern astronomy. Prior to this, the prevailing belief was the Earth-centered Ptolemaic system."
Why is negative times negative = positive?,4283,"The rule that a negative times a negative equals a positive can be understood through the concept of direction on a number line. Multiplication can be seen as repeated addition. A negative number indicates a direction opposite to the positive. So, if you face the opposite direction (negative) and move backward (another negative), you end up moving forward, hence positive."
"if heat from the sun is radiated onto Earth, doesn’t that mean multiple layers of air are being heated up? If so, why isn’t the top layer really hot and the lower ones cold?",4284,"When the Sun's heat radiates onto Earth, it warms the surface, which then heats the air above it. This heat transfer occurs via conduction, convection, and radiation. The air temperature decreases with altitude because the surface is the primary heat source. Thus, lower layers are warmer, creating a temperature gradient that results from the way heat is transferred through the atmosphere."
"Why do animal cells ""mistake"" rubidium ions for potassium ions?",4285,"Animal cells mistake rubidium ions for potassium ions because they have similar chemical properties. Both elements are in the same group of the periodic table, meaning they have similar electron configurations and ionic radii. The cell's ion channels, which allow potassium to enter, cannot easily distinguish between these ions due to these similarities."
What or Who is Gas constant?,4286,"The Gas constant, often denoted as R, is a fundamental constant in physics and chemistry that appears in the equation of state for an ideal gas, known as the ideal gas law (PV=nRT). It relates pressure, volume, temperature, and the amount of gas. Its value is approximately 8.314 J/(mol·K) and helps predict how gases will behave under different conditions."
Why would parametric statistics ever be preferred over nonparametric?,4287,"Parametric statistics are often preferred when the data follows a known distribution, like the normal distribution, because it allows for more precise and powerful analysis. Parametric methods make certain assumptions about the data, which can enable stronger conclusions and more efficient use of data. Nonparametric methods are used when these assumptions cannot be made."
A 1400 years old approximation to the sine function by Mahabhaskariya of Bhaskara I,4288,"The Mahabhaskariya of Bhaskara I, written around 600 AD, provided an approximation for the sine function: sin(x) is approximately 4*x*(180 - x) / (40500 - x*(180 - x)), where x is in degrees. This was a significant advancement in trigonometry and showed a deep understanding of the sine function long before the development of modern calculus."
Difference between exothermic and exergonic,4289,"Exothermic reactions release heat to their surroundings, typically making them measurable by a temperature increase. Exergonic reactions release free energy, which may not necessarily be in the form of heat. While all exothermic reactions are exergonic, not all exergonic reactions are exothermic. An exergonic process includes both thermal energy and work potential."
How was the core temperature of the Sun estimated?,4290,"The core temperature of the Sun was estimated using a combination of observations and theoretical models. Scientists use the principles of nuclear fusion, which powers the Sun, to infer the core temperature. Observations of solar vibrations, known as helioseismology, provide data on how sound waves travel through the Sun. By analyzing these waves and applying the laws of physics, especially thermodynamics and fluid dynamics, scientists can estimate temperatures. These methods predict a core temperature of about 15 million degrees Celsius. This estimation is supported by the observed energy output and the Sun's overall behavior."
What or Who is Scattering?,4291,"Scattering refers to the process where particles or waves are forced to deviate from a straight trajectory due to non-uniformities in the medium through which they pass. For example, sunlight scattering in Earth's atmosphere causes the sky to appear blue. Individual particles, like air molecules, scatter shorter wavelengths of light (blue) more than longer wavelengths (red), a phenomenon known as Rayleigh scattering. Therefore, scattering helps explain how light interacts with different mediums and why we observe various natural phenomena."
What or Who is Great Moon Hoax?,4292,"The Great Moon Hoax refers to a series of six articles published in 1835 in the New York Sun. The articles falsely claimed that the astronomer Sir John Herschel had discovered life and even civilization on the Moon. This sensational news captivated the public but was later revealed to be a fabrication. The hoax is a notable example of early media deception, demonstrating how easily misinformation can spread and the public's fascination with astronomical phenomena."
Why One Side of Mountain Range is Lush,4293,"One side of a mountain range is often lush due to a process called orographic rainfall. When moist air from a body of water encounters a mountain range, it is forced to rise. As the air rises, it cools and condenses, forming clouds and precipitation on the windward side. This leads to lush vegetation. Once the air passes over the peak, it descends on the leeward side, warming up and becoming drier, resulting in a rain shadow effect where the vegetation is sparse."
Are these standard species abbreviations and how to look up others?,4294,"Standard species abbreviations, such as Homo sapiens (H. sapiens), are used to simplify scientific communication. To look up others, one can refer to reputable biological databases like the NCBI Taxonomy Browser or scientific literature databases such as PubMed. These resources provide standardized naming conventions and detailed species information, ensuring accurate identification across scientific disciplines."
"Why does a coconut have exactly three ""holes""?",4295,"A coconut has exactly three holes, known as 'eyes,' to facilitate germination. These three holes are actually the remnants of the immature fruit's carpels, parts of the flower that originally developed into the seed. One of these eyes is typically more prominent and softer, allowing the sprouting of the new coconut plant, which in nature ensures the successful propagation of the species. This unique structure is an evolutionary adaptation."
How to get a list of genes corresponding to the list of SNPs (rs ids)?,4296,"To get a list of genes corresponding to a list of SNPs (rs ids), you can use databases and tools like the NCBI dbSNP, Ensembl, or UCSC Genome Browser. These platforms allow you to enter the SNP rs ids and retrieve detailed information about the associated genes, genomic locations, and possible impacts on gene function, assisting in genetic research and understanding of genetic variations."
"What's the difference between CS (Computer Science), CIS (Computer Information Science, and IT (Information Technology?",4297,"Computer Science (CS) focuses on the theoretical foundations of information and computation, covering algorithms, data structures, and software design. Computer Information Science (CIS) combines core CS principles with an emphasis on the application of technology in business settings. Information Technology (IT) deals with the practical aspects of managing and implementing technology to meet organizational needs. While CS is theory-oriented, CIS bridges theory and practice, and IT is application-driven."
Why exactly can't a single resistor be used for many parallel LEDs?,4298,"A single resistor cannot be used for many parallel LEDs because each LED would draw different amounts of current, leading to uneven brightness and potential damage. In a parallel circuit, the voltage drop across each LED is the same, but the current through each may differ due to manufacturing variations. Individual resistors ensure each LED receives the correct current, maintaining consistent brightness and protecting the LEDs."
What or Who is Linearity?,4299,"Linearity refers to a relationship between two variables where a change in one variable causes a proportional change in the other. This concept is used in mathematics, physics, and various engineering fields to describe systems that display consistent and predictable behavior. For example, in a linear electrical circuit, the voltage across a resistor is directly proportional to the current flowing through it, as described by Ohm’s law."
People say that the housing market has collapsed. What does that mean and how did it happen?,4300,"When people say that the housing market has collapsed, they mean that property prices have significantly fallen, leading to widespread financial difficulties. This typically happens due to a combination of factors like economic recession, high unemployment, an excess supply of houses, and decreased demand. For example, in 2008, the collapse was triggered by the burst of the housing bubble, where mortgage defaults soared as borrowers couldn't meet their payments, causing a rapid decline in housing prices and market activity."
What or Who is Psycho-Cybernetics?,4301,"Psycho-Cybernetics is a self-help concept and book authored by Dr. Maxwell Maltz in 1960. It focuses on improving self-image, setting goals, and achieving success by using the principles of cybernetics, which is the study of systems and control mechanisms. The idea is that just as machines are guided by feedback systems to reach their targets, humans can use positive thinking and visualization to achieve personal and professional goals."
How can a cup of water not spill in an airplane when the plane tips its wings to make a broad turn?,4302,"A cup of water doesn’t spill in an airplane when it tips its wings because of balanced forces inside the plane. Despite the wings tipping, the centrifugal force acting outwards balances with the force of gravity pulling down on the water. Inside the plane, this creates a stable environment where the water remains level in the cup, similar to how a cup of water stays stable on a turning merry-go-round."
Why are things like RESET/MCLR active low on most ICs?,4303,Things like RESET/MCLR are active low on most integrated circuits (ICs) because it is easier to design circuits that respond to a low voltage (0 volts) to initiate an action. Active low inputs reduce the risk of accidental reset due to noise and provide more reliable operation. Low signals are also less susceptible to signal interference compared to high signals (voltage above 0).
What or Who is Empirical research?,4304,"Empirical research refers to studies and investigations based on observation and experimentation rather than theories. It involves collecting data through direct or indirect observation and analyzing this information to draw conclusions. For example, a scientist conducting experiments in a lab to test a hypothesis is engaging in empirical research."
"How do we know that we are NOT in an ""Ice Age?""",4305,"We know we are not in an Ice Age because the global climate is much warmer than during Ice Ages, characterized by extensive ice sheets covering large areas of the continents. Currently, ice is mostly confined to the polar regions, and there are no extensive glaciers covering mid-latitude areas. Also, geological and historical climate data indicate distinct periods of colder temperatures which are not present today."
What or Who is Analysis of variance?,4306,"Analysis of Variance, or ANOVA, is a statistical method used to compare the means of three or more groups to determine if there are any statistically significant differences between them. It helps in understanding if the observed variations between group means are due to actual differences or random chance. For example, ANOVA can be used to compare the test scores of students across different teaching methods."
Affordable night sky photography,4307,Affordable night sky photography involves using basic equipment like a DSLR or mirrorless camera with manual settings and a sturdy tripod. Beginners can start with wide-angle lenses to capture large portions of the sky and experiment with long exposures to gather more light. It is important to find a dark location away from city lights and use a remote shutter release or timer to avoid camera shake.
What or Who is USS Hornet (CV-12)?,4308,"The USS Hornet (CV-12) is a retired aircraft carrier of the United States Navy, famous for its role in World War II. It also played a part in the Apollo space missions by recovering the Apollo 11 and Apollo 12 astronauts. The ship is currently a museum in Alameda, California, open to the public for tours and educational programs."
What makes smartphones tilt-sensitive? Will they retain this ability in zero-gravity conditions?,4309,"Smartphones are tilt-sensitive due to sensors called accelerometers and gyroscopes, which detect orientation changes and motion. These sensors measure acceleration and rotational changes, providing input to the phone's software to adjust the display accordingly. In zero-gravity conditions, accelerometers would not register the normal force of gravity but gyroscopes would still detect rotational movements, allowing some tilt sensitivity to remain."
Megalodon is often depicted as an enlarged Great a White Shark (both in holleywood and in scientific media). But is this at all accurate? What did It most likely look like?,4310,"The depiction of Megalodon as a larger version of the Great White Shark is somewhat misleading. While both belong to the same class of cartilaginous fishes, the Megalodon, which lived around 23 to 3.6 million years ago, likely had different physical features. Fossil evidence, particularly of teeth, suggests Megalodon had a more robust build and a different jaw structure, possibly with a shorter, more conical snout. Unlike the streamlined shape of the Great White, Megalodon may have had a bulkier body. Thus, while they share similarities, the Megalodon was not merely an enlarged Great White but a distinct and powerful predator in its own right."
What's the difference between PBE and B3LYP methods?,4311,"PBE and B3LYP are methods used in computational chemistry for predicting molecular properties. PBE, short for Perdew-Burke-Ernzerhof, is part of the generalized gradient approximation (GGA) family and focuses on the electron density's inhomogeneity. B3LYP, a hybrid functional, combines the exact exchange from Hartree-Fock theory with the exchange-correlation from Density Functional Theory (DFT), specifically using Becke's three-parameter exchange functional (B3) and the Lee-Yang-Parr correlation functional (LYP). While PBE provides good results for systems with moderate complexity, B3LYP is often favored for its balance of accuracy and computational cost, especially in organic chemistry."
What or Who is Ancient Egyptian race controversy?,4312,"The Ancient Egyptian race controversy involves debates about the racial and ethnic origins of ancient Egyptians. This discourse questions whether ancient Egyptians were of African, Middle Eastern, or Mediterranean descent. Historically arising from various cultural and political motivations, the controversy touches on both ancient artistic depictions and modern genetic studies. Scholars now focus on understanding Egyptian society as a melting pot due to extensive trade networks and migrations. Thus, ancient Egyptians cannot be easily classified into modern racial categories, reflecting a diverse and interconnected civilization."
Getting Students to Not Fear Confusion,4313,"Encouraging students to embrace confusion involves changing their perception of it from a sign of failure to an integral part of the learning process. Start by normalizing confusion, sharing examples where it led to breakthroughs. Promote a growth mindset, where challenges are seen as opportunities to develop understanding. Introducing reflective activities where students identify and work through confusion can also help. Reinforce that confusion is a natural step towards clarity, making learning deeper and more meaningful."
What or Who is Spherical cow?,4314,"A 'spherical cow' is a metaphorical term used in physics to denote highly simplified models of complex phenomena, where assumptions are made to reduce the complexities for ease of understanding. For example, in explaining population dynamics, scientists might assume uniform food distribution, akin to treating a cow as a perfect sphere to simplify calculations. While these models can provide insights, their oversimplification can limit real-world applicability. Thus, while useful, the metaphor highlights the need to balance simplicity with practical relevance."
Can $x^{x^{x^x}}$ be a rational number?,4315,"The expression $x^{x^{x^x}}$ represents a tower of exponents. For it to be a rational number, certain conditions must be met. Generally, powers involving irrational numbers tend to yield irrational results, and rational outcomes are rare. For example, if x is a rational number other than 1 or 0, the tower quickly grows and diverges. Practical instances where this tower results in a rational number are exceedingly rare, making it almost always an irrational value."
What or Who is Surveillance capitalism?,4316,"Surveillance capitalism refers to the business model where companies collect, analyze, and sell vast amounts of personal data, often from online behavior, to predict and influence consumer actions. Coined by scholar Shoshana Zuboff, this concept highlights the economic mechanisms and societal implications of commodifying personal data. Platforms like Google and Facebook are prime examples, as they offer free services in exchange for detailed user data, which they then monetize through targeted advertising and other strategies."
What or Who is Attention?,4317,"Attention, in cognitive psychology, refers to the mental focus on specific stimuli while ignoring others. It's a crucial part of how we process information, allowing us to concentrate on tasks, respond to stimuli, and manage our cognitive resources. Several types of attention include selective, divided, and sustained attention. For instance, selective attention lets you focus on a conversation in a noisy room, while divided attention allows multitasking. Thus, attention is essential for efficient and effective cognitive functioning."
Evaluation of Gaussian integral $\int_{0}^{\infty} \mathrm{e}^{-x^2} dx$,4318,"The Gaussian integral, $	extstyleegin{equation}	ag{1}
onumber 	extstyleegin{equation}
onumber 	extstyleegin{equation}
onumber 	extstyleegin{egin{egin{egin egin 	extstyleegin{equation}
onumber}}
onumber}}
onumber}}
onumber}}
onumber}}
onumber}}{{{{orall}}{{{{}}2}}}}}}}}}}}}}}}}}%2.}	extstyleegin{equation}
onumber$trib	2.}}	extstyleegin{orall
onumber}}	extstyleeginprodu/}}}}}}}}}}}}}}}}}%rac}{}}}}}}}}}}}}}}}}}%2.}	extstyle only 	extstyleegin{orall
onumber}}	extstyleegin{orall
onumber}}	extstyleegin{orallwith
onumber oneTheorall only one established evaluatedisorall
onumber tricky.extended}}}}}}}}}}}}}}}}}%2.}	extstyleegin{orall
onumber}}	extstyleegin{orall-exists evaluated)} evaluated.toIn}}}}}}}}}}}}}}}}}%2.}	extstyleegin{orall
onumber}}	extstyleegin{orall.controlyieldsorallorall{orall
onumber}}}}}}}}}}}}}}}}}}}%2.}	extstyle extended}}orallorall2orallorall{orall
onumber integral}}{{{{orall}}{{{{}}orallorallorallorallorallorallorall)))results{orall{{{}orall(orall
onumber integral.e)} $	extstyleegin{equation}
onumber}}	extstyle{{egin{{{{orall}}{{}}the;}}}}}}}}}}	extstyleegin{{{{}} integral the extended evaluated.integral simpler.extendedThe$rac{{results}}}}}}}}}}}}}}}}}}}%2.}	extstyleegin{orall{{{{orallorallextended.extended The However.e))}}{{}}}}}}}}}}}}}}}}}%2.}	extstyle evaluated$rac{{}}orallorallorall${integral2}} evaluated))).resultsorall evaluatedintegral.integral$orall{{{{orall evaluated}}))orall.integral	extstyle toorall}}{{{{orall}}))evaluated${evaluatedintegral extended results1}}}}}}}}}}}}}}}}}%2.}	extstyle e evaluated{{extendedintegral.results and.integral.integral of extended The However.${integralorall.${}} extended oneThe${evaluatedis by  results.  The 2.${: 2 results. extended extended ${:integral.simple extended.integralresults2.${evaluated.integral evaluated.results integral.:evaluated}))}}}}}}}}${${extendof  integral results. and integral extended extended evaluated))integraldone of integral and results.results. of simplesthe integral evaluated))[evaluatedresultsresults integral evaluated $	extstyle simplestof integral integral integral and are canThefor} evaluated extended. one of evaluated integral simplest))and.simple.The ))integral.e extended results. evaluatedis$orallorall}}}}"
"Energy-efficiency aside, what are the chemical constraints on CO₂ capture and methanation?",4320,"Carbon dioxide capture involves chemically binding CO₂, typically through reactions with substances like amines. Methanation then converts CO₂ into methane (CH₄) using hydrogen (H₂) via the Sabatier reaction. Chemical constraints include the need for high-purity CO₂, specific catalysts to facilitate reactions at lower temperatures, and managing reaction byproducts such as water. Additionally, providing and storing H₂ efficiently remains a challenge. These processes must be carefully managed to ensure effective and sustainable CO₂ capture and conversion."
Convert R RNA-seq data object to a Python object,4321,"To convert RNA-seq data from R to a Python object, you can save the RNA-seq data frame as a CSV file in R using `write.csv()`, then read this CSV file in Python using `pandas.read_csv()`. Example in R: `write.csv(rnaseq_data, 'rnaseq_data.csv')`. In Python: `import pandas as pd; rnaseq_data = pd.read_csv('rnaseq_data.csv')`. This method preserves the structure and ensures that the data can be efficiently used in both programming environments."
I developed seasonal allergies when I was 33. How does my body decide that things it has encountered for decades are now hostile?,4322,"Your body may develop allergies due to changes in your immune system's regulation. Allergies occur when your immune system mistakenly identifies harmless substances, like pollen, as threats. This can be due to environmental changes, genetic predisposition, or alterations in your immune responses. Over time, your immune system's tolerance can decrease, leading to new allergic reactions despite previous exposures to the allergens without issues."
Is a current-limiting resistor required for LEDs if the forward voltage and supply voltage are equal?,4323,"Yes, a current-limiting resistor is necessary for LEDs even if the forward voltage matches the supply voltage. This is because LEDs require a fixed current to operate safely. Without the resistor, any small variation in supply voltage can lead to a large current increase, risking damage to the LED. The resistor ensures that the current remains steady and within safe operating limits."
Why do symptoms of a cold sometimes go away overnight and sometimes take several days to fade away?,4324,"The duration of cold symptoms can vary due to several factors: the specific virus strain, individual immune response, and overall health. When symptoms fade quickly, it usually indicates that the immune system has effectively identified and addressed the virus. Longer recovery times can occur when the immune response is slower, or the virus is particularly robust, leading to more prolonged symptoms."
"Why does lemon juice reduce the ""fish"" odor of sea food — specifically fish?",4325,"Lemon juice reduces fish odor because it is acidic and contains citric acid. Fish odor, usually from compounds like trimethylamine, is alkaline. When lemon juice's acidity reacts with these basic compounds, it neutralizes them, reducing the odor. For example, the addition of lemon juice to fish can convert trimethylamine into a neutral, non-odorous form."
"Do marine deep sea life forms exhibit circadian rhythms? If so, what entrains them?",4326,"Marine deep-sea life forms can exhibit circadian rhythms, although they do not experience sunlight. These rhythms can be entrained by other environmental cues, such as food availability, temperature fluctuations, and chemical signals. This adaptation helps synchronize biological activities with the environment, even in the absence of light-dark cycles."
What or Who is The Men Who Built America?,4327,"'The Men Who Built America' is a History Channel docuseries about influential industrialists like John D. Rockefeller, Andrew Carnegie, and J.P. Morgan. These men played significant roles in shaping the economic landscape of the United States during the late 19th and early 20th centuries, contributing to the nation's industrial expansion and modernization."
Are the bonding orbitals in methane equivalent - photoelectron spectrum,4328,"Yes, the bonding orbitals in methane (CH₄) are equivalent. In methane, the carbon atom forms sp³ hybrid orbitals that bond with hydrogen atoms. This equivalence is supported by the photoelectron spectrum, which shows identical energy levels for all four C-H bonding interactions, indicating symmetry and uniformity in methane's bonding structure."
Puzzling quotes from astronauts about earth size,4329,"Astronauts often comment on the surprising smallness of Earth when viewed from space, highlighting its fragility and the interconnectedness of its systems. This perspective underscores both the vastness of space and Earth's relatively narrow habitable zone, fostering a deeper appreciation for the planet's environment and the need for its preservation."
What or Who is Right-hand rule?,4330,"The Right-hand rule is a technique used in physics to determine the direction of a force or field in three-dimensional space, primarily in electromagnetism and vector math. Imagine holding your right hand with your thumb, index finger, and middle finger all perpendicular to each other. If the index finger points in the direction of current, and the middle finger points in the direction of the magnetic field, then the thumb indicates the force direction. This helps visualize complex directions easily."
Why can you turn clothing right-side-out?,4331,"You can turn clothing right-side-out because they are made from flexible materials. Fabrics have properties that allow them to be twisted or folded without breaking. When clothing gets inside-out, you flip it through an opening such as a sleeve or neck hole, using your hands to push the fabric back to its original orientation. This property of flexibility and the ability to be manipulated ensures that clothes are reusable in their intended form."
What or Who is Experiment?,4332,"An experiment is a scientific procedure used to test a hypothesis or demonstrate a known fact. It involves manipulating variables in controlled conditions to observe outcomes and gather data. For example, mixing vinegar and baking soda to observe their reaction is an experiment. It is fundamental in scientific methods as it verifies theories and builds knowledge."
What or Who is Jerk (physics)?,4333,"In physics, 'jerk' is the term for the rate of change of acceleration. If acceleration is how speed changes with time, jerk is how this acceleration itself changes over time. Imagine a car speeding up: the initial push from being static to moving is jerk. It describes how smoothly or abruptly motion changes, influencing ride comfort in vehicles."
How many tumours/would-be-cancers does the average person suppress/kill in their lifetime?,4334,"An average person suppresses or kills potentially cancerous cells regularly through their immune system. Estimates suggest that the body may eliminate thousands of such cells daily. This constant surveillance prevents most from developing into detectable tumors, showcasing the body's remarkable ability to maintain health."
"If humans breathe in oxygen and exhale CO2, then why does mouth-to-mouth resuscitation work?",4335,"Mouth-to-mouth resuscitation works because even though humans exhale carbon dioxide, the exhaled breath still contains approximately 16-17% oxygen, enough to sustain a person. When administered, this oxygen-rich air can aid in keeping the other person's blood oxygenated until they can breathe independently or receive medical help."
What's so 'moment' about 'moments' of a probability distribution?,4336,"'Moments' in probability distributions are certain statistical measures related to the shape of the distribution. The 'first moment' is the mean, showing central tendency. The 'second moment' is variance, indicating spread or variability. Higher moments like skewness and kurtosis describe asymmetry and peakedness. Thus, moments summarize key features of data in a probability distribution."
What or Who is Contact process?,4337,"The Contact process is an industrial method used to produce sulfuric acid, one of the most important chemicals in manufacturing. It involves the oxidation of sulfur dioxide (SO2) to sulfur trioxide (SO3), which is then absorbed in water to produce sulfuric acid (H2SO4). This process is essential for producing fertilizers, chemicals, and in refining oil."
Do single celled organisms experience inflammation?,4338,"Single-celled organisms do not experience inflammation the way multicellular organisms do. Inflammation is a complex immune response involving multiple cell types and tissues to react to injury or infection. Single-celled organisms have other mechanisms for dealing with stress, such as producing protective enzymes or adopting dormant forms."
What happens to your voice if you don't speak for a very long time?,4339,"If you don't speak for a very long time, your vocal cords may weaken and the muscles involved in speech could lose some functionality. This might lead to a weakened voice, strain when trying to speak, or difficulty in controlling pitch and volume when you eventually resume speaking. Vocal exercises and gradual speech can help restore normal function."
Is climate chaotic?,4340,"Climate can be considered chaotic due to its complex and dynamic nature. Small changes in initial conditions, such as temperature or humidity, can lead to vastly different outcomes, a concept known as the butterfly effect. This makes precise long-term predictions challenging. However, while individual weather patterns are unpredictable, the overall climate trends, like global warming, can be identified and studied with greater accuracy."
Is there any part in the body that cannot get cancer?,4341,"The eye's lens is one of the few tissues in the human body that appears to be very resistant to cancer. This may be because the lens cells stop dividing as we grow older, and cancer typically arises in dividing cells. Additionally, the lens has unique protective proteins and minimal exposure to external mutagens, which also reduces cancer risk."
"Why are some viruses like corona or the flu one and done, while others like herpes or HIV can last your entire life?",4342,"Some viruses, like the flu and coronavirus, generally cause acute infections where the body eventually clears the virus. Others, like herpes and HIV, can integrate into the host's DNA and become latent, meaning they can persist and reactivate. Herpes hides in nerve cells, while HIV targets immune cells, allowing these viruses to evade the immune system and persist for life."
Why do wheelbarrows use only 1 wheel? Wouldn’t it be more stable and tip over less if they used 2?,4343,"Wheelbarrows use only one wheel to make them easier to maneuver, especially in tight spaces or uneven ground. The single wheel allows for greater control and agility. While two wheels might provide more stability, it would make turning harder and the overall design less versatile for various tasks."
What or Who is Vehicle Assembly Building?,4344,"The Vehicle Assembly Building (VAB) is a large structure at NASA's Kennedy Space Center. It is used to assemble large space vehicles, such as rockets. The VAB allows engineers to put together various parts of the spacecraft in a protected environment before moving them to a launch pad. Its size and function make it a critical component in space mission preparations."
Why does a faster clock require more power?,4345,"A faster clock, such as a computer processor, requires more power because it must perform more operations per second. Each operation requires energy, and as the speed increases, so does the energy consumption. Additionally, increased speed generates more heat, necessitating more cooling and further increasing power requirements."
Do dogs understand pictures of their owners?,4346,"Dogs may recognize pictures of their owners to some extent, but their understanding is primarily based on familiar scents, sounds, and behaviors. While some studies suggest dogs can identify images of their owners among other pictures, this ability is not as strong as recognition based on sensory cues they experience directly."
What or Who is Cherry picking?,4347,Cherry picking is a term used to describe the act of selectively choosing data or evidence that supports a particular viewpoint while ignoring information that contradicts it. This can lead to biased conclusions and is considered a misleading practice in scientific and statistical analyses.
What or Who is Leap second?,4348,A leap second is an extra second added to Coordinated Universal Time (UTC) to keep it in sync with Earth's slowing rotation. This adjustment ensures that our timekeeping remains accurate over long periods. Leap seconds are announced by the International Earth Rotation and Reference Systems Service (IERS) and are usually added to the end of June or December.
How do psychologists distinguish between a patient who suffers from Body Dysmorphic Disorder and someone who is simply depressed from being unattractive?,4349,"Psychologists distinguish Body Dysmorphic Disorder (BDD) from simple depression related to appearance by evaluating the intensity and nature of the concerns. In BDD, individuals have an obsessive focus on perceived flaws, often leading to excessive behaviors like mirror-checking or seeking surgeries. Depression related to unattractiveness does not usually involve such extreme preoccupations or behaviors."
What or Who is Contact (novel)?,4350,"Contact is a science fiction novel written by Carl Sagan, an astronomer and science communicator. Published in 1985, the story revolves around Dr. Eleanor Arroway, a scientist who discovers evidence of extraterrestrial life. The novel explores themes of science, faith, and the search for meaning in the universe. The protagonist's journey is both a personal and scientific quest, emphasizing the importance of curiosity and the scientific method. Through compelling characters and realistic science, Sagan creates a narrative that encourages readers to ponder humanity's place in the cosmos."
How do singers know they are singing the correct tone if the sound of our voice we hear is different than what others hear?,4351,"Singers ensure they sing the correct tone by using various techniques such as muscle memory, practice, and auditory feedback from instruments like tuning forks or pianos. Even though we hear our own voice through vibrations in our skull, which differs from what others hear, singers train their internal ear to align with external tones. Recording and replaying their voice helps to bridge the gap. Over time, they develop a keen sense of pitch known as 'relative pitch' or even 'perfect pitch,' allowing them to sing accurately in tune."
Which planet came first in our Solar system?,4352,"The first planet to form in our Solar System is believed to be Jupiter. According to the core accretion model, Jupiter's immense mass, mostly composed of hydrogen and helium, suggests it formed early, vacuuming up gas and dust in the protoplanetary disk. This early formation allowed Jupiter to grow large and effectively shape the rest of the Solar System's evolution. Its significant influence on the orbits and compositions of other planetary bodies is a testament to its early and rapid development."
Ortho-effect in substituted aromatic acids and bases,4353,"The ortho-effect in substituted aromatic acids and bases refers to the increased effect on properties like acidity or basicity due to the presence of substituents close to the functional group (usually at the ortho position). For example, in ortho-substituted benzoic acids, the added group might hinder resonance or sterically block reactions. This leads to higher acid strengths compared to their meta or para counterparts. It's primarily a combination of steric hindrance and electronic effects that magnifies these chemical properties."
Are mutations a source of genetic variation?,4354,"Yes, mutations are indeed a source of genetic variation. Mutations are changes that occur in the DNA sequence, and they can result from errors during DNA replication or be induced by environmental factors like radiation. These genetic changes can introduce new traits within a population, potentially leading to evolutionary changes over time. While some mutations may be harmful or neutral, others can provide advantages that may improve an organism's ability to survive and reproduce, thus contributing to the diversity of life forms."
Products of Reimer–Tiemann reaction of 4-methylphenol,4355,"The Reimer–Tiemann reaction of 4-methylphenol (also known as p-cresol) typically yields two main products: para-hydroxy benzaldehyde (4-hydroxy-3-methylbenzaldehyde) as the primary product and ortho-hydroxy benzaldehyde (2-hydroxy-5-methylbenzaldehyde) as a minor product. In this reaction, chloroform and a strong base are used to introduce a formyl group (-CHO) onto the aromatic ring, predominantly at the position ortho to the hydroxyl group due to resonance stabilization, but para-substitution can also occur."
Evaluating $\lim\limits_{n\to\infty} e^{-n} \sum\limits_{k=0}^{n} \frac{n^k}{k!}$,4356,"To evaluate egin{equation} 	ext{lim}_{nightarrow 	ext{infinity}} e^{-n}	ext{ }ig[	ext{sum}_{k=0}^{n} rac{n^k}{k!}ig]	ext{,} 	ext{notice that it is the definition of the Poisson distribution sum approaching 1 as n approaches infinity. This limit equals 1, as for large} 	ext{n , } rac{n^k}{k!}	ext{ grows large but is offset by }e^{-n}	ext{.}  ig[rac{n^n}{n!e^n}ig] 	ext{ which simplifies to} 1 	ext.{ 	ext Therefore the limit is }  1. 	ext{"
What or Who is Richard Helms?,4357,"Richard Helms was an influential American intelligence officer who served as Director of Central Intelligence (DCI) from 1966 to 1973. Helms worked for the Central Intelligence Agency (CIA) and played crucial roles during critical periods, including the Vietnam War and the Cold War. Known for his dedication to the agency and his emphasis on maintaining the integrity of intelligence operations, Helms was both a respected and controversial figure. He was later embroiled in legal issues concerning his testimonies about CIA activities."
What is regularization in plain english?,4358,"Regularization is a technique used in machine learning to prevent overfitting, which happens when a model learns the training data too well, including its noise and outliers. By adding a penalty for large coefficients or overly complex models, regularization helps the algorithm make more generalizable predictions. For example, in linear regression, regularization discourages the coefficients from growing too large, leading to a simpler, yet effective, model. This balance improves the model's performance on new, unseen data."
What is the reason for the exceptional stability of the cyclopropylmethyl carbocation?,4359,"The exceptional stability of the cyclopropylmethyl carbocation is due to its unique electronic structure. In this carbocation, the positive charge is stabilized through overlapping molecular orbitals between the cyclopropyl ring and the empty p-orbital of the carbocation center. This overlap allows for the delocalization of the positive charge, which reduces the overall energy and enhances stability. Essentially, the ring’s electrons interact with and help stabilize the positively charged carbon, making this species unusually stable compared to typical carbocations."
What or Who is Nuclear fusion?,4360,"Nuclear fusion is a process where two light atomic nuclei combine to form a heavier nucleus, releasing energy. This is the power source of stars, including our Sun. For instance, in the Sun, hydrogen nuclei fuse to form helium, producing immense energy that we receive as sunlight. Understanding nuclear fusion is key to developing potential clean energy sources on Earth, such as fusion reactors, which aim to replicate this star-powered reaction in a controlled environment for sustainable energy production."
"What is the definition of a ""feature map"" (aka ""activation map"") in a convolutional neural network?",4361,"A feature map, or activation map, in a convolutional neural network (CNN) is a representation of the input image that highlights certain features detected by the network's filters. As an image passes through the layers of a CNN, each filter extracts particular details like edges or textures, producing a set of feature maps. For example, in early layers, a feature map may highlight edges, while in deeper layers, it might recognize complex patterns like faces or objects. These maps help the network understand and classify different aspects of the image."
Why is the Moon receding from the Earth due to tides? Is this typical for other moons?,4362,"The Moon is receding from the Earth because of tidal forces. The gravitational pull between the Earth and the Moon creates tides, causing Earth's rotation to slow down. This, in turn, transfers energy to the Moon, pushing it slightly further away. This is typical for moons in stable orbits around spinning planets, observed in some other planetary systems as well. For example, Jupiter’s moon Callisto also experiences gradual outward drift due to similar tidal interactions."
What or Who is Extended reality?,4363,"Extended reality (XR) refers to technologies that blend real and virtual worlds, creating immersive experiences. This includes virtual reality (VR), where users are completely immersed in a virtual environment; augmented reality (AR), where virtual objects overlay the real world; and mixed reality (MR), which blends both VR and AR elements. For example, VR games create an entirely new environment for players, while AR apps like Pokémon GO place virtual characters in real-world settings through a smartphone camera."
What or Who is Large Hadron Collider?,4364,"The Large Hadron Collider (LHC) is the world’s largest and most powerful particle accelerator, located at CERN near Geneva, Switzerland. It is used by physicists to collide protons or heavy ions at extremely high speeds to study fundamental particles and forces. For example, the LHC played a crucial role in the discovery of the Higgs boson, a particle that helps explain how other particles get their mass. This research advances our understanding of the universe's basic building blocks."
Why bother with the dual problem when fitting SVM?,4365,"When fitting a Support Vector Machine (SVM), the dual problem is used because it transforms the original problem into solving for coefficients that involve only the inner products of data points. This is particularly useful when dealing with high-dimensional data. By working in the dual space, kernels can be applied, allowing SVMs to effectively classify non-linear data without converting it into a higher-dimensional space explicitly. This helps simplify computations and can lead to more efficient solutions."
Motivation for the rigour of real analysis,4366,"Real analysis is rigorous because it carefully examines the foundations of calculus, ensuring that mathematical arguments are logically precise. This rigorous approach helps avoid inconsistencies and misunderstandings in the behavior of functions, sequences, and series. For instance, understanding the precise definition of limits and continuity provides a solid base for more advanced topics in mathematics that require stringent proof, reducing errors and enhancing clarity in mathematical reasoning."
What or Who is Psychic reading?,4367,"Psychic reading is a practice where an individual, referred to as a psychic, claims to discern information about a person's life through heightened perceptive abilities or supernatural means. This can involve methods such as tarot card reading, palmistry, astrology, or contact with spirits. For example, a psychic might use tarot cards to provide insights into a client’s future or personal issues, although the scientific validity of such practices is widely debated."
What or Who is Full body scanner?,4368,"A full body scanner is a security device that uses advanced imaging technology to detect objects concealed under a person's clothing. These scanners are often utilized in airports to enhance security screening, ensuring that passengers are not carrying prohibited items. For instance, millimeter-wave scanners can create a 3D image of a person, highlighting any hidden items without physical contact, thus balancing security needs with privacy concerns."
What or Who is Outline of space science?,4369,"The outline of space science includes the study of celestial phenomena, space exploration, and the universe beyond Earth's atmosphere. This field covers topics like astronomy, astrophysics, planetary science, and cosmology. Researchers investigate the formation, evolution, and properties of stars, planets, galaxies, and other cosmic structures. For instance, space science explores how planets form around stars, the life cycles of stars, and the possibility of life elsewhere in the universe, contributing to our understanding of the cosmos."
What is the difference between added sugars and natural sugars in processed foods?,4370,"Added sugars are those included during the processing of foods or added separately. They're commonly found in sweets, sodas, and desserts. Natural sugars, on the other hand, are those that occur naturally in foods like fruits and milk. For example, an apple contains natural sugars, whereas a candy bar contains added sugars. The body processes both types in much the same way, but foods with natural sugars often come with additional nutrients like fiber and vitamins, which are typically absent in foods high in added sugars. Consuming too many added sugars can lead to health issues like obesity and diabetes."
What is the difference between zero-inflated and hurdle models?,4371,"Zero-inflated and hurdle models are used to analyze count data that have an excess of zero values. A zero-inflated model assumes that there are two processes: one generating the zeroes and the other generating the counts. It addresses situations where there are more zeroes than standard models can account for. Hurdle models, in contrast, assume that all zeroes originate from one process and all positive counts from another. For example, zero-inflated models are useful for data like the number of insurance claims where zeros are due to not being insured at all and having no accidents, while hurdle models could be used for data where zero counts indicate no initial success before any counts can happen, like task completion rates."
What or Who is Solubility?,4372,"Solubility is a property of a substance that indicates its ability to dissolve in a solvent. For instance, when you stir sugar into water, the sugar dissolves, showing it is soluble in water. Solubility depends on factors like temperature, pressure, and the nature of the solute and solvent. It is essential in various applications, such as pharmaceuticals, where drugs must dissolve in the bloodstream to be effective."
What or Who is Traditional Chinese medicine?,4373,"Traditional Chinese Medicine (TCM) is a holistic medical system with a history spanning thousands of years. It includes practices like acupuncture, herbal medicine, massage, and exercise (like Tai Chi). TCM focuses on balancing the body's vital energy, or 'Qi,' and emphasizes the connection between the body's systems and the external environment. For example, ginseng is an herb commonly used in TCM to boost energy levels and overall health."
Finding the location and unit length of repetitive sequences within a long read,4374,"Finding the location and unit length of repetitive sequences within a long read involves using computational tools that scan DNA sequences to identify these repeats. This analysis is crucial for understanding genetic structures and functions, and it can be applied in diagnosing genetic disorders or in evolutionary studies. Complex algorithms and software can rapidly process large datasets, locating such repetitive sequences and determining their unit lengths by comparing patterns against known sequences."
What or Who is Ice age?,4375,"An Ice Age is a prolonged period of time in Earth’s history when global temperatures were significantly lower, leading to extensive ice sheets and glaciers covering large areas of land. The most recent Ice Age, called the Last Glacial Maximum, peaked around 20,000 years ago. During this period, large portions of North America and Europe were covered by ice, affecting global climate patterns, sea levels, and the migration and evolution of living organisms."
Symmetry of function defined by integral,4376,"The symmetry of a function defined by an integral can be determined by examining the integrand and the limits of integration. For instance, if the integrand is an even function (symmetric about the y-axis), the integral over symmetric limits around zero will simplify. Conversely, if the function is odd, the integral over symmetric limits will be zero. This concept is important in physics and engineering where waveforms and oscillations are analyzed for their symmetry properties."
What or Who is Cardinal point (optics)?,4377,"In optics, a cardinal point refers to specific locations in an optical system where light rays intersect or appear to intersect within lenses or mirrors. These include focal points, principal points, and nodal points. For example, the focal point is where parallel rays of light converge or diverge after passing through a lens. Understanding cardinal points is crucial in designing optical instruments like cameras and microscopes."
What or Who is Earth's orbit?,4378,"Earth's orbit is the path Earth follows around the Sun, taking approximately 365.25 days to complete one revolution. This elliptical orbit affects the seasons, as different parts of Earth receive varying amounts of sunlight throughout the year. The gravitational pull between Earth and the Sun keeps our planet in this stable orbit, ensuring the cyclical nature of seasons and climate patterns that support life."
Why don't we make CPUs with 1000s of layers to make use of space in the third dimension?,4379,"CPUs are not made with thousands of layers because of practical and technical challenges, like excessive heat build-up, difficulty in manufacturing, and signal delay issues. Currently, CPUs are designed in two dimensions, but research is ongoing into 3D stacking techniques. However, cooling and maintaining efficiency at such high-density levels remain significant obstacles."
What or Who is Type I and type II errors?,4380,"Type I and Type II errors are terms used in statistics to describe potential mistakes in hypothesis testing. A Type I error occurs when a true null hypothesis is rejected, meaning you think there's an effect when there isn't one. For instance, a fire alarm going off when there's no fire. A Type II error happens when a false null hypothesis is accepted, meaning you think there's no effect when there is one. This is like not raising a fire alarm when there actually is a fire. Both errors reflect incorrect conclusions but in opposite ways."
"When octopus/squid/cuttlefish are out of the water in some videos, are they in pain from the air? Or does their skin keep them safe for a prolonged time? Is it closer to amphibian skin than fish skin?",4381,"Cephalopods like octopus, squid, and cuttlefish are aquatic creatures that possess skin designed to operate in water. When out of the water, they can experience stress and potential damage due to exposure to air. Unlike fish, their skin is more similar to amphibians but not entirely protective. They have specialized cells called chromatophores that allow them to change color, but these cells and their mucous layer can't prevent prolonged desiccation, so they suffer when not in water. Immediate discomfort and gradual tissue damage follow extended exposure to air."
Explaining to laypeople why bootstrapping works ,4382,"Bootstrapping is a statistical method that helps estimate the distribution of a sample by resampling with replacement. Imagine you have a small bag of marbles and you want to understand the variety within. By repeatedly drawing marbles from the bag and putting them back, you create many sample sets to analyze. The idea is that these multiple samples help approximate the true characteristics of the entire population of marbles. This same process with data allows us to make inferences about populations by repeatedly sampling from the given data."
What or Who is Qi?,4383,"Qi, also spelled as Chi, is a concept from traditional Chinese culture and medicine, referring to a vital life force or energy that flows through every living thing. According to these traditions, balancing one’s Qi is crucial for health and well-being, and it is believed to circulate through the body along pathways called meridians. Practices such as acupuncture, tai chi, and qigong aim to balance and enhance the flow of Qi within the body."
How does calculator know and use pi if even super computers can't know all the digits. Does it use like first 100 digits?,4384,"Calculators and computers handle pi (π) by utilizing its commonly known approximation, generally up to a certain number of decimal places, such as 3.14159. For practical computations, these approximations are often sufficient, as many applications do not require the infinite breadth of π's decimal expansion. Engineers and scientists use these truncated versions since achieving more precision often does not significantly change results for most practical purposes."
scanBam from Rsamtools is not importing one of my reads into R,4385,"If scanBam from the Rsamtools package in R is not importing one of your reads, it could be due to several reasons, such as file format inconsistencies, specific filters not matching your read’s attributes, or possible errors within the BAM file. Checking that your BAM file is properly indexed and ensuring any specific parameters or filters meet your read's characteristics can help diagnose and solve the problem."
What is caesium-137 used for in fracking?,4386,"Caesium-137 (Cs-137) is used in fracking primarily for measuring the density of the sludge mixture in the well. Its radioactive properties help provide a clear indication of how dense the mixture is, which is critical for ensuring that the fracking process is effective and that materials are properly placed within the well. Cs-137's radioactive emissions are detected and analyzed to provide this density information."
What or Who is Milankovitch cycles?,4387,"Milankovitch cycles refer to the long-term changes in Earth's orbit and tilt, which influence climate patterns. These cycles include variations in Earth's eccentricity (shape of the orbit), axial tilt (angle of Earth's axis), and precession (wobble of Earth's axis). Over tens of thousands to hundreds of thousands of years, these variations affect the intensity and distribution of sunlight received by Earth, contributing to natural climate phenomena like ice ages."
Looking for an intuitive explanation why the row rank is equal to the column rank for a matrix,4388,"The row rank and column rank of a matrix refer to the maximum number of linearly independent rows or columns, respectively. They are always equal because any set of independent rows spans a space whose dimension must be matched by the span of columns. Essentially, these ranks are measures of the same intrinsic property of the matrix—the dimension of the vector space defined by its rows and columns."
"Is it likely that dinosaurs walked like modern day pigeons, with a back and forth motion of their head?",4389,"Dinosaurs likely did not walk exactly like modern-day pigeons, but some similarities can be drawn. Pigeons move their heads back and forth to stabilize their vision while walking, which is useful for balance and navigation. Some bipedal dinosaurs, such as the theropods, might have had head movements related to their body mechanics or sensory needs, although the specific gait and head movement would depend on the species and its environment."
What or Who is Psionics?,4390,"Psionics refers to the use of psychic abilities, such as telepathy, telekinesis, and clairvoyance in popular science fiction and fantasy literature. These abilities involve the use of the mind to perform actions or gain information without using the known physical senses or mechanisms. An example could be a character in a novel who can move objects with their thoughts. Despite its popularity in pop culture, psionics remains a fictional concept with no scientific evidence supporting its existence."
What or Who is Pulse-Doppler radar?,4391,"Pulse-Doppler radar is a technology used to detect the speed and distance of objects. It emits a series of radio wave pulses and measures the frequency shift of the echoes returning from moving objects, using the Doppler effect. This technology is often used in weather forecasting to monitor precipitation and in aviation to track aircraft speed and position. The Doppler effect, familiar as the change in pitch of a passing siren, helps determine if an object is moving towards or away from the radar."
Can 100% covalent bonds exist?,4392,"100% covalent bonds, where electrons are shared equally between atoms, do not exist in reality. In a covalent bond, while atoms share electrons, there is almost always some difference in attraction (electronegativity) between them, causing a slight imbalance. For example, even in diatomic hydrogen (H2), where two identical hydrogen atoms share electrons equally, tiny fluctuations can still occur. Therefore, perfect covalent bonds are a theoretical ideal rather than a practical reality."
Could we make a hydraulic press strong enough to metamorphosize rock?,4393,"Yes, we could make a hydraulic press strong enough to transform rock into a metamorphic state. Metamorphic rocks are formed under extreme pressure and temperature conditions found deep within the Earth. By mimicking these conditions, a hydraulic press can apply substantial force combined with heat to restructure the minerals in the rock, creating metamorphic characteristics. Laboratory equipment already uses such principles to simulate Earth-like conditions, albeit usually at smaller scales."
Why is the inside of the Earth so hot?,4394,"The inside of the Earth is hot primarily due to three sources: the heat from the planet's formation, the decay of radioactive isotopes, and the heat produced by the gravitational pressure of the Earth's layers. Initially, as Earth formed, kinetic energy from colliding particles converted into heat. Radioactive decay continues to generate heat, and the immense pressure from overlying rock creates additional thermal energy. This combination results in temperatures high enough to keep the core in a molten state."
"Do bath salts actually have any proven beneficial effects (e.g. on eczema), and is there any real difference between using Dead Sea salt VS Himalayan salt VS Epsom salt?",4395,"Bath salts can provide some beneficial effects, such as alleviating skin conditions like eczema. Dead Sea salt is rich in minerals like magnesium and potassium, which can improve skin hydration and reduce inflammation. Himalayan salt offers similar benefits but with a different mineral composition. Epsom salt, known chemically as magnesium sulfate, helps relax muscles and relieve pain. Although these salts can be soothing, evidence varies and their effects depend on individual skin response."
Why is the voltage measurement of this circuit different when the switch is on?,4396,"The voltage measurement of a circuit changes when the switch is on due to the flow of electrical current. When the switch is on, it completes the circuit, allowing current to pass through. This changes the distribution of voltage across the components according to Ohm's Law (V=IR). For example, if a light bulb is added to the circuit, some voltage will drop across the bulb, altering the total voltage measurement. This dynamic nature of circuits is fundamental to electrical engineering."
What or Who is HIV/AIDS denialism?,4397,HIV/AIDS denialism refers to the rejection of the established medical consensus that Human Immunodeficiency Virus (HIV) causes Acquired Immunodeficiency Syndrome (AIDS). Denialists propose alternative explanations or dispute the existence of HIV. This movement has been widely debunked by scientific evidence showing the link between HIV and AIDS. Misleading information from denialists can lead to harmful consequences for public health by discouraging proven treatments.
What or Who is Case fatality rate?,4398,"The case fatality rate (CFR) is a measure used in epidemiology to determine the severity of a disease. It is calculated by dividing the number of deaths caused by the disease by the number of diagnosed cases, then multiplying by 100 to express it as a percentage. For example, if a disease infects 1,000 people and 50 die, the CFR is 5%. This metric helps public health officials understand the relative danger of different illnesses."
What or Who is Oceanic crust?,4399,"The oceanic crust is the part of the Earth's crust located under the ocean basins. It is thinner, denser, and younger than continental crust, typically composed of basaltic rock. Formed at mid-ocean ridges where tectonic plates spread apart, new oceanic crust is continuously created through volcanic activity. As it moves away from the ridges, it cools and becomes denser. Understanding oceanic crust is critical for studying plate tectonics and the geological history of our planet."
Why is it more difficult to inhale when a force of wind or cold air is hitting your face?,4400,"When a strong wind or cold air hits your face, it becomes more difficult to inhale due to the body's natural responses. The cold air can cause the muscles in your upper airway to tighten, making the passage narrower. This tension reduces airflow, making breathing seem harder. Additionally, cold air can irritate the lining of your respiratory tract, leading to increased mucus production. The wind itself can create a pressure difference that opposes the action of inhalation, requiring more effort to draw air into the lungs."
Why do whales die on land? They breathe air and do not have gills. So what is causing their death?,4401,"Whales die on land primarily due to their immense weight and body structure. In the ocean, water supports their massive bodies, but on land, the lack of buoyancy puts enormous stress on their internal organs and skeleton. This pressure often leads to collapsed lungs or heart failure. Furthermore, whales' skin can quickly dry out in the open air, leading to dehydration. While they can breathe air, their bodies are not adapted to handle the environmental conditions and pressures found on land."
"When you diet and exercise, where does the fat you burn physically go and how?",4402,"When you diet and exercise, the fat you burn is converted into energy and byproducts. Fat cells release triglycerides, which are broken down into glycerol and fatty acids. These substances enter the bloodstream and are used by the body for energy. The energy release processes produce carbon dioxide and water as waste. You exhale the carbon dioxide through your lungs, and you excrete water through urine, sweat, and other bodily fluids. This is how fat leaves your body: mostly through your breath."
"How much silicon is in the Earth's core, and how did it get there?",4403,"The Earth's core contains some silicon, but measuring its exact amount is challenging. Scientists use seismic data and laboratory experiments to estimate the composition. Silicon likely got there during the planet's formation, when heavier elements sank to the center while lighter ones formed the crust. It is thought that the core contains up to 6% silicon by weight, mixed with iron and nickel, which were drawn to the Earth's center by gravity in its early molten state."
"In the Tv series ""Chernobyl"" how realisticaly depicted are the effects of intense radiation exposure?",4404,"The TV series 'Chernobyl' offers a dramatized yet largely accurate portrayal of the effects of intense radiation exposure. Symptoms such as acute radiation sickness, skin burns, and internal organ damage are realistically depicted. The series also shows the long-term impacts, including cancer and environmental contamination. However, some narrative choices might exaggerate for dramatic effect. Overall, the show carefully represents the severity and nature of radiation poisoning, based on well-documented scientific evidence."
What is it that creates that wonderful smell after a fresh rain?,4405,"The wonderful smell after a fresh rain is primarily caused by a compound called geosmin, produced by soil-dwelling bacteria. When rain hits the ground, it disrupts these bacteria, releasing geosmin into the air. Rain also lifts plant oils and ozone from the atmosphere, adding to the scent. This combination of geosmin, plant oils, and ozone creates the distinct and pleasant smell that people often notice after rainfall."
What or Who is Elementary charge?,4406,"The elementary charge is a fundamental physical constant that represents the smallest unit of electric charge that can exist in isolation. It is the charge of a single proton or, equivalently, the negative of the charge of a single electron. Its value is approximately 1.6 × 10^-19 coulombs. This charge is a basic building block in the study of electromagnetism and is crucial for understanding atomic and subatomic processes."
How do I generate a variant list (i.e. VCF file) using Illumina reads from a human genome?,4407,"To generate a variant list (VCF file) using Illumina reads from a human genome, you must perform several steps. First, align your raw sequencing reads to a reference human genome using software like BWA or Bowtie2. After alignment, use a tool like SAMtools to convert the alignment data into BAM format and sort it. Next, employ a variant caller like GATK or FreeBayes to identify variations from the reference genome. Finally, filter and annotate the identified variants to create your VCF file."
Is there an easy way to create a summary of a VCF file (v4.1) with structural variations?,4408,"Creating a summary of a VCF file with structural variations can be done using specialized bioinformatics tools. One user-friendly option is to utilize a tool like bcftools, which can extract summary statistics. The command 'bcftools stats' will generate a summary of the VCF file, including counts of different types of variations. You can also use visual tools like IGV (Integrative Genomics Viewer) to graphically inspect and summarize the data."
What or Who is Effervescence?,4409,"Effervescence refers to the process of gas release from a liquid, creating bubbles or fizzing. This is commonly observed when carbonated beverages are opened, releasing carbon dioxide gas that was dissolved under pressure. Effervescence can also occur in natural processes, such as the release of gases from mineral springs. The phenomenon is visually noticeable as bubbles, making it an interesting and sometimes dramatic occurrence in both everyday experiences and scientific observations."
"So atmospheric CO2 levels just reached 410 ppm, first time in 3 million years it's been that high. What happened 3 million years ago?",4410,"Three million years ago, during the Pliocene epoch, Earth had a much warmer climate than today. The atmospheric CO2 levels were around 400 ppm, similar to present-day values. This led to higher global temperatures, smaller polar ice caps, and higher sea levels. Forests extended into what are now tundra regions, and different species that were adapted to these warmer conditions roamed the Earth. Understanding this past climate helps scientists predict future climate changes due to rising CO2 levels today."
What or Who is Cymatics?,4411,"Cymatics is the study of visible sound and vibration, typically on the surface of a plate or membrane. When a material covered with a thin layer of sand or another fine substance is vibrated at specific frequencies, it creates patterns known as Chladni figures. These patterns change with different frequencies, illustrating how sound can influence physical matter. While not a specific person or entity, the term encapsulates a fascinating branch of science exploring the visual representation of sound waves and vibrations."
Why is tanh almost always better than sigmoid as an activation function?,4412,"The tanh (hyperbolic tangent) function is often preferred over the sigmoid function as an activation function in neural networks because it outputs values between -1 and 1, compared to sigmoid’s 0 and 1. This range makes tanh outputs zero-centered, which helps the gradient descent optimization process converge faster by preventing issues with gradient saturation, where updates become very small. Because the gradients are stronger, tanh can often lead to better performance in training deep neural networks."
"What Happens where Predators eat body parts of animals that contain large dose of Venom, like the head of a Snake or the tail of a Scorpion?",4413,"When predators consume body parts containing venom, like a snake's head or a scorpion's tail, their digestive systems usually neutralize the venom. Venom is typically harmful when injected directly into the bloodstream but gets broken down into harmless components by stomach acids and enzymes. Some predators have also evolved resistance or immunity to certain venoms, allowing them to safely consume venomous prey. An example is the mongoose, which can eat venomous snakes due to its partial immunity to snake venom."
Why do some mammals not have testes in a scrotum?,4414,"Some mammals do not have testes in a scrotum because their body temperature regulation mechanisms make external testes unnecessary. Testes need to be cooler than the body's core temperature for optimal sperm production. In these mammals, such as elephants and some marine mammals, internal testes are kept cool through other physiological adaptations. These adaptations allow these animals to maintain fertility without the need for an exposed, vulnerable scrotal sac."
"What exactly is hydrogen bonding (and does it really need fluorine, oxygen, or nitrogen)?",4415,"Hydrogen bonding is a type of attractive interaction between a hydrogen atom which is covalently bonded to a more electronegative atom like fluorine (F), oxygen (O), or nitrogen (N), and another electronegative atom. This bond can form because hydrogen, when bound to these atoms, becomes slightly positive and attracts the slight negative charge of another electronegative atom. While F, O, and N are the most common participants in hydrogen bonds due to their high electronegativity, other electronegative atoms can also participate under the right conditions."
Does vaccination lead to short-term secondary infection suceptibility?,4416,"While vaccines are designed to protect against specific diseases, they can lead to minor, temporary immune responses that might make an individual more susceptible to other infections shortly after vaccination. This is because the immune system is 'distracted' by creating a defense against the vaccine. However, the benefit of vaccination in preventing serious diseases far outweighs these short-term and rare vulnerabilities. Long-term, vaccinations strengthen the immune system by providing lasting protection against specific pathogens."
"Why can our eyes precisely lock onto objects, but can't smoothly scroll across a landscape?",4417,"Our eyes can precisely lock onto objects using a mechanism called 'saccades,' which are quick, simultaneous movements of both eyes in the same direction. However, our eyes struggle to smoothly track static objects across a stationary landscape, involuntary eye movements known as 'microsaccades' occur. This is due to how the human visual system is wired to detect changes and movements more effectively, which has evolutionary advantages for detecting prey and predators."
Can small gas planets exist?,4418,"Small gas planets, often referred to as 'mini-Neptunes' or 'gas dwarfs,' can exist. These planets have thick atmospheres composed mainly of hydrogen and helium, similar to larger gas giants like Jupiter and Saturn, but they are much smaller in size. They may have rocky or icy cores beneath their gaseous envelopes. Examples of such planets have been discovered in other solar systems, broadening our understanding of planetary formation and diversity."
What or Who is Donald Ewen Cameron?,4419,"Donald Ewen Cameron was a Scottish-American psychiatrist known for his controversial work in brainwashing and mind control as part of the CIA's MK-Ultra program during the 1950s and 1960s. He conducted experiments involving extreme methods such as electroconvulsive therapy, sensory deprivation, and the use of psychedelic drugs. His work has been widely criticized for its ethical violations and the profound negative impact on the subjects involved."
What or Who is Surya Siddhanta?,4420,"Surya Siddhanta is an ancient Indian astronomical text. It outlines principles of timekeeping, planetary motion, and celestial cycles based on Hindu cosmology. Written in Sanskrit, it dates back to approximately 4th century CE. This text has influenced many subsequent astronomical treatises in India and other parts of Asia."
What or Who is Kenny McCormick?,4421,"Kenny McCormick is a fictional character from the animated television show 'South Park.' Created by Trey Parker and Matt Stone, Kenny is known for his muffled speech due to his parka hood and his frequent, often humorous deaths in the earlier episodes of the series."
How long does it take for the ocean conveyor to circulate?,4422,"The ocean conveyor belt, also known as the thermohaline circulation, takes about 1,000 years to complete a full cycle. This large-scale circulation involves the movement of water masses driven by temperature (thermo) and salinity (haline) differences, distributing heat and nutrients around the globe."
What or Who is Correlation coefficient?,4423,"A correlation coefficient is a statistical measure that calculates the strength and direction of the relationship between two variables. Values range from -1 to +1. A value of +1 indicates a perfect positive relationship, -1 indicates a perfect negative relationship, and 0 indicates no relationship."
What or Who is Traditional knowledge?,4424,"Traditional knowledge refers to the indigenous and local knowledge systems of societies. This may include agricultural practices, medicinal uses of plants, and spiritual beliefs, passed down through generations. It often plays a critical role in biodiversity conservation and cultural heritage."
Which is the densest gas known?,4425,"The densest gas known is radon, with a density of around 9.73 grams per liter at room temperature and pressure. It is a colorless, radioactive noble gas occurring naturally as a decay product of uranium and thorium."
What motif finding software is available for multiple sequences ~10Kb?,4426,"Motif finding software for analyzing multiple sequences around 10KB includes MEME (Multiple Em for Motif Elicitation). MEME allows the identification of recurring patterns, or motifs, in biological sequences and is widely used in the field of bioinformatics."
How does the microbial environment in your gut initiate?,4427,"The microbial environment in your gut, also known as gut microbiota, begins to establish at birth. It is influenced by factors such as delivery method (vaginal birth or C-section), infant diet (breast milk or formula), and environmental exposures. This microbiota plays a crucial role in digestion and immune function."
Why is [PdCl4]2- square planar whereas [NiCl4]2- is tetrahedral?,4428,"The geometry of [PdCl4]2- being square planar and [NiCl4]2- being tetrahedral can be explained by crystal field theory. Palladium tends to form square planar complexes due to the stabilization of its d8 electron configuration, whereas nickel commonly forms tetrahedral complexes with its d10 electron configuration to minimize repulsion between the d electrons."
What or Who is International Astronomical Union?,4429,"The International Astronomical Union (IAU) is a worldwide organization of professional astronomers, founded in 1919. It is responsible for naming celestial bodies and defining astronomical constants, as well as fostering international cooperation and scientific research in the field of astronomy."
Why do human females have periods?,4430,"Human females have periods as part of their reproductive cycle, which prepares the body for potential pregnancy. Each month, the lining of the uterus thickens to support a fertilized egg. If fertilization doesn’t occur, the lining is shed through the vagina, resulting in menstruation. This monthly cycle is regulated by hormones like estrogen and progesterone. Periods are a natural and essential process for fertility in women, enabling them to conceive children when the egg is fertilized."
Does the genetic sequence of SARS-CoV-2 end with 33 A's?,4431,"The genetic sequence of SARS-CoV-2 does not end with 33 adenine (A) bases in its RNA sequence. The genetic code of SARS-CoV-2 is made up of a long sequence of nucleotides (guanine, adenine, cytosine, and uracil). While polyadenylation (the addition of multiple adenine bases) occurs at the tail end of the RNA, it is not specifically characterized by 33 A's. This poly-A tail helps stabilize the RNA molecule and facilitate its translation into proteins."
How can a vessel contain 100M degrees celsius?,4432,"A vessel can contain 100 million degrees Celsius by using magnetic confinement or inertial confinement methods found in devices like tokamaks or laser hydrodynamics. Magnetic confinement uses powerful magnetic fields to hold hot plasma away from the vessel's walls, while inertial confinement uses lasers to compress fuel to high temperatures quickly before it has time to escape. In these systems, the plasma achieves extreme temperatures necessary for nuclear fusion without damaging the vessel."
Did I see another planet?,4433,"If you saw a bright object in the sky, it’s possible that you saw another planet. Planets such as Venus, Mars, Jupiter, and Saturn are visible with the naked eye under the right conditions. They appear different from stars as they do not twinkle and usually have a steadier, brighter light. Planets often follow a regular path across the sky, known as the ecliptic."
"The Gunpowder Plot involved 36 barrels of gunpowder in an undercroft below the House of Lords. Just how big an explosion would 36 barrels of 1605 gunpowder have created, had they gone off?",4434,"The explosion from 36 barrels of gunpowder in 1605 could have resulted in a massive blast due to the sheer volume involved. Historical gunpowder had lower efficiency compared to modern explosives, but would still have caused extensive damage. This explosion could have potentially destroyed significant parts of the surrounding structure, including the House of Lords, leading to a high number of casualties and structural collapse. The exact size of the explosion would depend on the precise composition and storage conditions of the gunpowder."
How do quantum software packages Work?,4435,"Quantum software packages work by utilizing quantum algorithms designed to run on quantum computers. These algorithms exploit the principles of quantum mechanics, such as superposition and entanglement. Classical computers simulate quantum circuits or interface with actual quantum processors, allowing tasks like factoring large numbers, optimizing complex systems, and simulating quantum materials. Programming involves specifying quantum states and operations to manipulate them for solving specialized problems."
"How do ships anchor themselves in very deep waters? For example, if they anchored in 10K foot deep oceans, do they actually have 10K feet of anchor chains?",4436,"Ships do not use traditional anchors and long chains in very deep waters, like those 10,000 feet deep. They employ dynamic positioning systems, which use computer-controlled propellers and thrusters to maintain position. These systems rely on GPS and other sensors to make constant adjustments, keeping the vessel stable even in deep ocean conditions. Traditional anchoring methods are impractical and ineffective at such depths."
Would hurricanes on an ocean planet continue indefinitely?,4437,"Hurricanes on an ocean planet could potentially continue indefinitely if the conditions remain constant. Hurricanes require warm water, moist air, and a lack of significant wind shear to form and persist. On an ocean planet, these conditions might be met continuously, leading to perpetual hurricane activity. However, variations in temperature, water chemistry, and atmospheric conditions could still affect their longevity."
What or Who is Calcination?,4438,"Calcination is a process of heating a substance to a high temperature but below its melting point, causing thermal decomposition or phase transition. It is used in various industries, such as extracting metal from ore or producing cement. Historically, it also refers to an alchemical process aimed at purifying substances."
"If fire is a reaction limited to planets with oxygen in their atmosphere, what other reactions would you find on planets with different atmospheric composition?",4439,"On planets without oxygen, you would not find combustion, but other energetic chemical reactions could occur depending on the atmospheric composition. For example, on planets with hydrogen and chlorine atmospheres, you might see hydrochloric acid production. On planets with methane, you might have hydrocarbon reactions driven by UV light from the star. Each planet’s unique chemistry leads to a distinctive set of reactions."
Why does there seem to be a missing component in many PCBs?,4440,"Printed Circuit Boards (PCBs) often have empty spaces or missing components because they are designed to be customizable. Manufacturers create a standard board layout that can be used for various versions of a product. By leaving some components uninstalled, they can produce a range of models with different features without redesigning a new board for each model. This approach also allows for easier upgrades, repairs, or adjustments as needed."
What or Who is Below Poverty Line?,4441,"Below Poverty Line (BPL) is a benchmark used by governments to identify individuals and families who lack the income to meet basic living needs such as food, clothing, and shelter. The criteria to define BPL can vary by country but generally involve assessing income, employment, and access to necessary services. Those classified as BPL often qualify for government assistance programs designed to improve their quality of life."
Is this poor laboratory safety?,4442,"Poor laboratory safety can include various issues such as not wearing protective gear, improperly handling chemicals, lacking emergency procedures, and having cluttered workspaces. For example, if a scientist works with hazardous chemicals without gloves or goggles, it increases the risk of accidents or injuries. Emphasizing proper safety protocols and routine inspections can mitigate these risks."
How to identify gene expression signatures from gene expression data?,4443,"Identifying gene expression signatures from gene expression data typically involves several steps. First, you collect and preprocess the data to ensure consistency. Then, statistical algorithms or software tools like clustering and principal component analysis help highlight patterns. For instance, by comparing the gene activity levels in healthy versus diseased tissues, researchers can identify specific genes associated with the condition, known as gene expression signatures."
What is the best book to learn probability?,4444,"One widely recommended book for learning probability is 'Introduction to Probability' by Charles M. Grinstead and J. Laurie Snell. It covers fundamental concepts including probability rules, random variables, and distributions, and is accessible to beginners. The book includes examples, exercises, and real-world applications, making it a strong learning resource."
"Help understanding this unsettling image of Titan, Epimetheus, and Saturn's rings?",4445,"The unsettling image of Titan, Epimetheus, and Saturn's rings likely refers to a phenomenon where different elements in space are captured together, creating a surreal scene. Titan, one of Saturn's largest moons, and Epimetheus, a smaller moon, appear against the backdrop of Saturn's rings. The scale and stark contrasts between these celestial bodies and the rings can create an eerie or unusual visual effect."
Why does burnt hair smell bad?,4446,"Burnt hair smells bad due to the chemical makeup of hair, which primarily consists of a protein called keratin. When hair burns, the keratin breaks down, releasing sulfur-containing compounds. These compounds, such as hydrogen sulfide and sulfur dioxide, are responsible for the unpleasant, pungent odor."
5' and 3' bias in Rna-seq data,4447,"In RNA sequencing (RNA-seq), 5' and 3' bias refers to unequal representation of gene sequences at the start (5' end) or end (3' end) of RNA molecules. This bias can occur due to variations in RNA degradation, library preparation, or sequencing efficiency. For accurate gene expression analysis, it's essential to account for and minimize these biases during data processing and interpretation."
"If I send a letter or postcard from the UK to the USA, who gets money from my stamp?",4448,"When sending a letter from the UK to the USA, the postage fee, or the cost of the stamp, primarily goes to the UK postal service, Royal Mail, as compensation for dispatching and handling the mail. A portion of the fee may be shared with the US Postal Service for the final delivery through international postal agreements."
"Why does music synthesizer built from chain of astable multivibrator circuits get ""out-of-tune"" after a few hours?",4449,"A music synthesizer built with astable multivibrator circuits can get 'out-of-tune' due to component drift. Over time, components like resistors and capacitors can change their values due to temperature variations or aging, affecting the oscillator's frequency. This drift alters the intended pitch, resulting in the instrument going out of tune. Regular calibration and using temperature-stable components can mitigate this issue."
How does the body decide where to store fat?,4450,"The body decides where to store fat based on both genetic and hormonal factors. Genetics determine certain regions of the body that are more prone to fat storage, like the abdomen, hips, or thighs. Hormones such as insulin and cortisol also play a crucial role; insulin promotes fat storage when blood sugar levels are high, while cortisol, a stress hormone, can lead to fat accumulation particularly around the abdomen. For example, in many people, fat is preferentially stored in the abdomen, leading to an 'apple' shape, whereas others may store it in their hips and thighs, leading to a 'pear' shape. The exact patterns can vary widely from person to person."
Does sleeping for longer durations than physically needed lead to a sleep 'credit'?,4451,"Sleeping longer than physically needed does not create a 'sleep credit.' Our bodies follow a circadian rhythm, and extra sleep does not get stored for future use. Instead, oversleeping can sometimes lead to grogginess and a disrupted sleep pattern. Each individual has an optimal amount of sleep they need, typically ranging from 7-9 hours per night for adults. For example, consistently sleeping 10 or more hours might actually indicate that the person’s sleep quality is poor or that there is an underlying health issue, rather than creating a reserve of rest."
What or Who is History of glass?,4452,"The 'history of glass' refers to the story of how glass has been used and developed by humans over thousands of years. Glass production dates back around 3,500 years to ancient Mesopotamia and Egypt, where it was first used for beads and small containers. With advancements in techniques, the Romans became adept at glass blowing, making it more widespread and accessible. Fast forward to the Middle Ages and the Renaissance, Venice became famous for its superior glass manufacturing skills. Today, glass is an integral part of daily life, used in everything from window panes to smartphones."
A study today showed Covid antibodies drop off quickly (70% in 2-3 months). But don't all antibodies drop off quickly? Isn't this normal?,4453,"While it is normal for antibodies to decrease after an infection, the rapid drop in Covid-19 antibodies noted in some studies may raise concerns. Generally, the body develops 'memory' cells, which can quickly produce antibodies if re-exposed to the virus, providing long-term immunity. However, the significant decline observed with Covid-19 antibodies suggests a need for further research to understand immunity duration. For example, some infections, like measles, provide lifelong immunity, whereas others, like the flu, require annual vaccines due to quickly waning immunity and viral changes."
What caused the flashes in the video footage of Chernobyl?,4454,"The flashes in the video footage of Chernobyl were caused by ionizing radiation interacting with the camera's electronic components. Ionizing radiation has enough energy to knock electrons out of atoms, creating a visual disturbance in the form of flashes or static. At Chernobyl, the intense radiation released by the reactor explosion was sufficient to affect the cameras filming the disaster site. For example, similar phenomena can be observed with old film footage taken in high-radiation environments, where flashes and distortions appear due to radiation."
What are the main differences between K-means and K-nearest neighbours?,4455,"K-means and K-nearest neighbors are both machine learning algorithms but serve different purposes. K-means is a clustering algorithm used to partition a dataset into K distinct, non-overlapping groups based on their features. It works by minimizing the variance within each cluster. K-nearest neighbors (KNN), on the other hand, is a classification algorithm that assigns a label to a data point based on the majority label of its K closest points in the feature space. For instance, K-means might be used to group customers into segments, whereas KNN could classify emails as spam or not spam."
"If a pregnant woman has cancer, is it possible for the cancer to spread to the fetus?",4456,"Cancers spreading from a pregnant woman to her fetus is extremely rare but possible. This can occur if cancer cells cross the placenta, although the placenta typically acts as a barrier. The most common types of cancer that may spread this way are melanoma (a type of skin cancer), leukemia, and lymphoma. However, the incidence is very low. For example, there have been documented cases where melanoma cells were found in the fetus, but this is an exception rather than the rule."
Where in your body does your food turn brown?,4457,"Food turns brown during digestion in the large intestine, also known as the colon. When food reaches the large intestine, it has already been broken down into a liquid chyme by stomach acids and digestive enzymes. The colon absorbs water, turning the liquid into a more solid form, and bacterial action further breaks down the food. The brown color of stool is mainly due to bile and bilirubin, which are produced by the liver. For instance, the transformation process can take about 36 hours from consumption to excretion."
Can 'human' become a genus due to space colonization?,4458,"It's unlikely that 'human' will become a genus due to space colonization. In biological taxonomy, a genus encompasses a group of species that are closely related and share a common ancestor. For 'human' to become a new genus, significant evolutionary changes and speciation events would need to occur, resulting in new distinct species evolving from Homo sapiens. While space colonization might introduce unique challenges and selective pressures, it’s not expected to result in such rapid evolutionary changes. For example, current human variation—though profound—remains within the same species, Homo sapiens."
How did plants adapt to $\small\sf{CO_2}$ levels past 400k years? Why won't they do it again?,4459,"Plants have historically adapted to changing $	ext{CO}_2$ levels through evolutionary changes in their physiology and biochemistry. Over the last 400,000 years, $	ext{CO}_2$ levels have fluctuated, driving adaptations like changes in stomatal density and photosynthetic efficiency. However, the current rate of $	ext{CO}_2$ increase due to human activities is unprecedentedly rapid. This speed may outpace the ability of many plants to adapt through natural evolutionary processes. For instance, while some plants could potentially thrive with higher $	ext{CO}_2$, many ecosystems may suffer from the rapid changes and associated climate impacts."
"How did old forts actually ""protect"" a strategic area? Couldn't the enemy just go around them or stay out of range?",4460,"Old forts protected strategic areas by serving as strong defensive structures, housing soldiers, and storing supplies. They were typically built in key locations such as high ground, river crossings, or trade routes, making it difficult for enemies to bypass without losing strategic advantage. Forts could also project power within their range, deterring attacks by threatening heavy resistance. For example, the Great Wall of China served as both a physical barrier and a deterrent against invasions."
What is the range of possible atmospheric pressures on the surface of the Earth?,4461,"Atmospheric pressure on Earth's surface varies between about 870 hPa (hectopascals) in extreme low-pressure systems like those found in the eye of powerful hurricanes, and about 1,085 hPa at sea level under very high-pressure conditions. Typical sea-level pressure is around 1,013 hPa. To better understand, imagine the discomfort felt during a heavy storm versus the clear skies of a high-pressure day."
Does a Corona virus actually look like a ball with spikes?,4462,"Yes, the coronavirus does resemble a ball with spikes when viewed under an electron microscope. The 'ball' is the spherical lipid membrane containing the viral RNA, while the 'spikes' are protein projections that allow the virus to attach to and enter human cells. The visual similarity to a spiked ball is why it is named 'corona,' after the Latin word for crown."
Is it possible to be colorblind in only one eye?,4463,"Yes, it is possible to be colorblind in only one eye, although it is rare. This condition can result from damage to the eye or optic nerve due to injury or illness. A person might perceive colors normally with one eye and have altered or no color perception with the other."
Examples of plant families that contain species that are safe for human consumption and species that are poisonous to humans?,4464,"The Solanaceae (nightshade) family includes both edible species like tomatoes, potatoes, and eggplants, and poisonous ones like deadly nightshade (Atropa belladonna). Similarly, the Apiaceae (carrot) family contains safe-to-eat plants like carrots and parsley, and dangerously toxic ones like poison hemlock (Conium maculatum). This highlights the importance of plant identification for safe consumption."
What or Who is Qt (software)?,4465,"Qt is a free and open-source software development framework used to create graphical user interfaces and cross-platform applications. It is well-known for enabling developers to write code once and deploy it on various operating systems such as Windows, macOS, and Linux, increasing efficiency and consistency in software development."
The deep reason why $\int \frac{1}{x}\operatorname{d}x$ is a transcendental function ($\log$),4466,"The deep reason why the integral of 1/x, ∫(1/x)dx, is a transcendental function, specifically the natural logarithm, lies in its unique properties. The antiderivative of 1/x does not produce a polynomial or simple algebraic function; instead, it yields the logarithmic function because logarithms are the natural inverses of exponential functions, which are themselves transcendental. This intrinsic relationship gives rise to the natural logarithm’s transcendental nature."
Would an object shot from earth fall into the sun?,4467,"An object shot from Earth would not typically fall into the Sun due to the complexity of orbital mechanics. Instead, it would most likely enter a stable orbit around the Earth or the Sun. To fall directly into the Sun, the object’s trajectory would need precise adjustments to counteract Earth's and its own orbital velocity."
Where did amino acids get their one-letter codes?,4468,"Amino acids received their one-letter codes as a way to simplify and standardize their representation in scientific documentation. The one-letter abbreviations were selected based on a combination of the most distinctive letter in their names and the need to avoid overlap, facilitating efficient communication in genetic and protein sequence data. For example, alanine is 'A' and glycine is 'G'."
How to drive a Peltier element?,4469,"To drive a Peltier element, you need a DC power supply, as it requires a direct current to create a temperature difference. Connecting the positive and negative terminals to the corresponding terminals of the Peltier device will start the thermoelectric effect, causing one side to cool and the other to heat. Ensure proper heat dissipation to avoid overheating the device."
What or Who is Dimensional analysis?,4470,"Dimensional analysis is a mathematical technique used in physics and engineering to understand the relationships between different physical quantities. The basic idea is to express these quantities in terms of their fundamental dimensions, such as length, mass, and time, and to use these dimensions to derive equations or check the consistency of equations. For example, to understand the formula for the area of a circle, we know the area should have dimensions of length squared (L²), which matches the formula πr² if r is a length dimension."
How was the mass of Venus determined?,4471,"The mass of Venus was determined using observations of the orbits of spacecraft and other celestial bodies affected by Venus' gravity. By studying how Venus perturbs the motion of these objects and using the laws of gravity described by Isaac Newton, scientists can calculate the gravitational pull and thereby infer the mass of Venus. This process involves precise measurements and mathematical modeling of the gravitational interactions."
"When stars explode after running out of fuel, why are new stars born from the remnants?",4472,"When stars use up their nuclear fuel, they undergo dramatic transformations, often resulting in supernova explosions. These explosions scatter elements into space, enriching the surrounding gas clouds—known as nebulae—with heavy elements. Under the right conditions, gravity causes these enriched gas clouds to collapse, initiating the birth of new stars. This cycle of star death and birth is crucial in the ongoing formation of stars in the universe."
Do donated organs age according to the donor´s age or do they adapt to the age of the new body?,4473,"Donated organs do not age according to the donor's chronological age but instead adapt to the biological environment of the recipient's body. The cell regeneration and overall health of the transplanted organ depend on factors such as the recipient's immune system, medical treatments, and lifestyle. Therefore, a transplanted organ is influenced by the new body's condition rather than continuing to age as it would have in the donor."
Why doesn't H₄O²⁺ exist?,4474,"H₄O²⁺ does not exist because it would violate basic principles of chemical bonding and charge balance. Water (H₂O) has a stable and well-understood molecular structure. Adding two more hydrogen atoms to form H₄O²⁺ would not fit into this stable structure and would also result in an energetically unfavorable configuration. Molecules strive to achieve stability through lowest energy states, making H₄O²⁺ chemically impossible."
What or Who is Seduction of the Innocent?,4475,"Seduction of the Innocent is a book published in 1954 by psychiatrist Fredric Wertham. It criticized the comic book industry and suggested that comic books were a negative form of literature for young people, promoting violence and moral corruption. The book led to a public outcry and the establishment of the Comics Code Authority, which imposed strict guidelines on the content of comic books."
What or Who is Collapse: How Societies Choose to Fail or Succeed?,4476,"Collapse: How Societies Choose to Fail or Succeed is a book by Jared Diamond published in 2005. It explores historical and modern societies that have collapsed due to ecological and environmental factors, poor decision-making, and failure to adapt to changes. Diamond uses case studies, like Easter Island and the Norse settlement of Greenland, to illustrate the importance of environmental management and sustainable practices."
Which of the planets would be detected if they were exoplanets?,4477,"If the planets in our solar system were exoplanets, the ones most likely to be detected with current technology are Jupiter and Saturn, due to their large sizes and significant gravitational effects on their host star. We detect exoplanets primarily through methods like the transit method, where the planet passes in front of its star and dims its light, and the radial velocity method, where the star's motion slightly wobbles due to the planet's gravitational pull."
What or Who is X-ray fluorescence?,4478,"X-ray fluorescence (XRF) is a non-destructive analytical technique used to determine the elemental composition of materials. When a material is exposed to high-energy X-rays, its atoms can absorb this energy, become excited, and then emit secondary X-rays. The emitted X-rays have characteristic energies that are specific to different elements, allowing scientists to identify and quantify the elements present in the sample. For instance, XRF is widely used in environmental testing, mining, and archaeology."
What or Who is Body Worlds?,4479,"Body Worlds is a traveling exhibition of human and animal bodies that have been preserved using a technique called plastination. Created by Dr. Gunther von Hagens, the exhibit showcases real anatomical structures and highlights the complexity and beauty of the human body. It aims to educate the public about anatomy, physiology, and health by presenting dissected bodies and organs in lifelike poses, thereby providing deep insights into bodily processes and conditions."
What or Who is Hidden Figures?,4480,"Hidden Figures refers to a group of African-American women mathematicians who worked at NASA during the mid-20th century. They played crucial roles in key space missions, despite facing racial and gender discrimination. The term also refers to the book and the subsequent film that highlight their contributions, focusing on individuals such as Katherine Johnson, Dorothy Vaughan, and Mary Jackson. Their work included calculating flight trajectories for Project Mercury and the Apollo missions, which were critical for American space exploration successes."
When to use Capacitors?,4481,"Capacitors are used in electrical circuits for various purposes including storing and releasing energy, filtering signals, and managing power flow. For instance, in power supplies, they smooth out voltage fluctuations. In audio equipment, they filter out noise. They are also used in timing applications, like in oscillators which help regulate clocks or signals. Capacitors store energy in an electric field and release it when needed, which is useful for maintaining power consistency in electronic devices."
Why can't bots check 'I am not a robot' checkboxes?,4482,"Bots struggle to check 'I am not a robot' checkboxes because these systems are designed to differentiate human interactions from automated ones. The underlying technology, reCAPTCHA, analyzes various factors such as mouse movements, keystrokes, and click patterns that are inherently human. Even if a bot manages to click the checkbox, additional tests like identifying objects in images or solving puzzles are nearly impossible for them, ensuring they cannot complete the verification process."
What or Who is Forest cover by state in India?,4483,"Forest cover by state in India refers to the assessment and documentation of the extent of forested areas within each state of India. This information is crucial for environmental planning, conservation, and resource management. It is usually presented in reports issued by governmental and environmental organizations, like the Forest Survey of India, which provide data on how much of each state's area is covered by forests and monitor changes over time."
Where does the 'C' in exhaled CO₂ mostly come from?,4484,"The 'C' in exhaled CO₂ mostly comes from the carbon in the food we eat. When we consume food, our body breaks it down to produce energy through a process called cellular respiration. This process converts organic molecules, such as glucose, into energy, water, and carbon dioxide. The carbon dioxide is then transported from the cells to the lungs via the bloodstream and is exhaled. Therefore, the carbon originates from the nutrients in our diet."
"How do some games like Monster Hunter, or even mobile games like Underlords, allow for players all over the globe to play together seamlessly but other games like Dota has horrible lag and ping when you play outside your region?",4485,"Games like Monster Hunter and Underlords achieve global playability through sophisticated server infrastructure and optimization techniques. These games often use distributed servers, sometimes called edge servers, located close to players around the world, reducing lag. In contrast, games like Dota may suffer from lag due to less optimized server distribution and network architecture. Effective load balancing and latency reduction strategies are key to seamless global gaming experiences."
What or Who is Spectroscopy?,4486,"Spectroscopy is a scientific technique used to analyze the interaction between matter and electromagnetic radiation. By studying how light is absorbed, emitted, or scattered by materials, scientists can determine the composition, structure, and properties of substances. For example, astronomers use spectroscopy to identify elements in distant stars by analyzing their light spectra. This technique is essential in fields like chemistry, astronomy, and biology for both research and practical applications."
What or Who is Philosophy of science?,4487,"The Philosophy of science is a branch of philosophy that examines the foundations, methods, and implications of science. It explores questions such as what constitutes scientific knowledge, how scientific theories are developed and validated, and the ethical dimensions of scientific research. This field intersects with both the natural and social sciences, aiming to understand how science works and its role in the wider context of human knowledge and society."
What’s the difficulty in making a pill that actually helps you lose weight?,4488,"The difficulty in making a weight-loss pill lies in the complexity of human metabolism and appetite control. Effective weight loss requires reducing calorie intake or increasing calorie expenditure without causing harm. Many pills struggle to achieve lasting results due to varying individual metabolic rates and the body’s adaptive mechanisms like metabolism slowing down. Additionally, safety concerns limit the use of ingredients that could result in serious side effects. This makes developing a reliable pill challenging."
What or Who is Littoral zone?,4489,"The Littoral zone refers to the part of a body of water that is close to the shore. It includes the area where sunlight penetrates to the sediment, allowing aquatic plants to grow. This zone is rich in biodiversity, providing habitat for various organisms such as fish, amphibians, and invertebrates. Because of its ecological importance, the littoral zone plays a crucial role in maintaining the health of aquatic ecosystems and is often a focus of environmental conservation efforts."
What or Who is Symbolab?,4500,"Symbolab is an online tool and mobile app designed to help solve mathematical problems. It is especially useful for algebra, calculus, and other advanced mathematics. Symbolab provides step-by-step solutions to problems, making it an excellent resource for students and anyone needing assistance with math. Its user-friendly interface allows for easy input of equations and offers visual aids to improve understanding."
What is the difference between ZCA whitening and PCA whitening?,4501,"ZCA (Zero-phase Component Analysis) whitening and PCA (Principal Component Analysis) whitening are techniques used to preprocess data by making features less correlated. PCA whitening transforms data to principal components and scales them to have unit variance. ZCA whitening keeps the data as close to the original as possible by minimizing distortion. Essentially, ZCA preserves spatial information better, while PCA emphasizes decorrelation."
What or Who is Lucas number?,4502,"Lucas numbers are a sequence of integers similar to the Fibonacci sequence, defined as L_n = L_(n-1) + L_(n-2) with initial terms L_0 = 2 and L_1 = 1. Each term is the sum of the two preceding terms. This sequence, like Fibonacci, appears in various fields such as mathematics and computer science but with different starting values."
Is there an RGB equivalent for smells?,4503,"As of now, there is no direct RGB equivalent for smells since the perception of odors is far more complex than the perception of colors. Smells result from complex chemical interactions detected by the olfactory system, which cannot currently be simplified into basic components like red, green, and blue for vision."
What or Who is Udacity?,4504,"Udacity is an educational company that offers online courses, often called 'Nanodegrees,' in technology fields such as programming, data science, and artificial intelligence. Founded in 2012, Udacity collaborates with industry leaders to provide up-to-date, practical skills aimed at preparing students for careers in the tech industry."
What or Who is Rudolf Steiner?,4505,"Rudolf Steiner was an Austrian philosopher, social reformer, and educator best known for founding anthroposophy. He developed the Waldorf education system, emphasizing holistic learning—balancing intellectual, artistic, and practical skills. Steiner's influence extends to biodynamic agriculture and other fields with a focus on integrating spiritual insights into practical and scientific endeavors."
Is exon order always preserved in splicing?,4506,"Exon order is generally preserved in splicing, the process by which introns are removed from precursor messenger RNA (pre-mRNA) and exons are joined together. This preservation is crucial for maintaining the correct sequence of amino acids during protein synthesis. However, certain alternative splicing events can lead to variations, but even in these cases, the relative order of included exons remains unchanged."
What are the main differences between solar flares and coronal mass ejections?,4507,"Solar flares and coronal mass ejections (CMEs) are both solar phenomena but differ significantly. Solar flares are sudden, intense bursts of radiation resulting from magnetic energy release in the Sun's atmosphere. CMEs, on the other hand, are large expulsions of plasma and magnetic field from the Sun's corona. Flares affect the Earth mainly through radiation, while CMEs can impact geomagnetic systems and cause auroras."
What do you see when your eyes are closed?,4508,"When your eyes are closed, you generally see darkness or a void. However, this darkness can sometimes be interspersed with fleeting visual perceptions called 'phosphenes,' which are flashes of light or color caused by stimuli within the eyes or brain rather than from external light."
"How to correct alpha, and not p-values themselves, for visualization purposes",4509,"Correcting alpha, rather than p-values themselves, for visualization purposes involves adjusting for multiple comparisons to control for the likelihood of a Type I error (false positive). Techniques like the Bonferroni correction reduce alpha (the significance threshold) by dividing it by the number of comparisons. This approach ensures a more stringent criterion for statistical significance across numerous tests, improving the reliability of visualized data."
What or Who is Professor Moriarty?,4510,"Professor Moriarty is a fictional character and the arch-nemesis of Sherlock Holmes, created by Sir Arthur Conan Doyle. Known as a criminal mastermind, Moriarty is portrayed as being highly intelligent and the head of a vast criminal network. His character serves as the main antagonist in several stories, providing a formidable challenge to Holmes' deductive skills. The storytelling around Moriarty explores themes of intellectual rivalry and moral ambiguity, making him a memorable villain in literary history."
What or Who is Evidence-based medicine?,4511,"Evidence-based medicine (EBM) is a healthcare practice that involves making clinical decisions based on the most reliable and up-to-date research evidence. Instead of relying on tradition, intuition, or unsystematic experience, EBM integrates clinical expertise with the best available external clinical evidence from systematic research. For example, when treating a patient with high blood pressure, EBM would recommend medications and treatments supported by large, well-conducted clinical trials."
What or Who is Phrenology?,4512,"Phrenology is a discredited pseudoscience that was popular in the 19th century, claiming that the shape of a person's skull could determine their personality traits and mental abilities. Phrenologists believed that different brain areas corresponded with various traits, and that the size of these areas could be assessed by measuring bumps and indentations on the skull. Modern neuroscience has thoroughly debunked phrenology, showing that there is no scientific basis for these claims."
Do memories occupy a physical space in the brain?,4513,"Yes, memories do occupy physical space in the brain. Memories are stored through complex networks of neurons, which create and strengthen connections called synapses. When you experience something new, changes occur at the synaptic level, enabling the storage of information. For example, long-term potentiation (LTP) is a process that enhances the synaptic connections, solidifying the memory. Thus, while not 'physical' in a conventional sense, memories do involve tangible changes in brain structure and chemistry."
How to read a book in mathematics?,4514,"Reading a book in mathematics involves active engagement rather than passive reading. Start by understanding definitions and fundamental concepts thoroughly. Work through examples provided to grasp the application of theories. Don't skip exercise problems—solving them reinforces learning. If a concept is complex, break it down into smaller parts and study each part. For instance, when studying calculus, grasp limits and derivatives separately before tackling integrals. Discussing challenging sections with peers or teachers can also enhance understanding."
"ow does an enclosed environment like a birds egg support a growing animal compared to a mammalian womb? How are waste products removed, are there hormones involved and how does the embryo receive oxygen?",4515,"An enclosed environment like a bird’s egg supports a growing animal differently than a mammalian womb. The egg contains all the nutrients needed for development and a membrane called the allantois to store waste. Oxygen diffuses through the eggshell’s tiny pores from the outside air. In contrast, a mammalian embryo relies on the mother for continuous nutrient supply and waste removal via the placenta, a specialized organ. Hormones play roles in both systems, regulating growth and development."
Conditional inference trees vs traditional decision trees,4516,"Conditional inference trees and traditional decision trees are both tools used in machine learning for making predictions. Traditional decision trees, like those used in CART (Classification and Regression Trees), split the data based on criteria that maximize information gain. Conditional inference trees, on the other hand, use statistical tests to decide splits, which helps avoid bias towards variables with many levels. This makes conditional trees better for complex data structures, while traditional trees are simpler but potentially less accurate."
What or Who is Melanin theory?,4517,"Melanin theory is a set of pseudoscientific claims which incorrectly suggest that the amount of melanin in the human body affects certain abilities and behaviors. It posits that increased melanin levels in people of African descent confer superior physical, mental, and spiritual traits. The theory has been thoroughly discredited by the scientific community, as there is no evidence to support such correlations. It is important to rely on well-substantiated scientific research rather than such unfounded theories."
At what distance from Earth would our Sun be the same apparent magnitude as the next brightest star in the sky?,4518,"The Sun would need to be about 271,000 times farther away from Earth to have the same apparent magnitude as Sirius, the next brightest star in the sky. Sirius has an apparent magnitude of -1.46, while the Sun is -26.74. The magnitude scale is logarithmic, so this distance calculation requires an understanding of how stellar brightness changes with distance, according to the inverse square law."
Why do some people have good sense of direction while other don't? Do we know how the brain differs in such people?,4519,"Some people have a good sense of direction due to their brain's ability to create and navigate mental maps efficiently, often involving the hippocampus, which is crucial for spatial memory. Differences in hippocampal structure or connectivity could explain why some excel while others struggle. Studies using brain imaging have shown that people with better navigation skills may have a more active or larger hippocampus when performing spatial tasks. This suggests that neural differences contribute to the variation in navigational abilities among individuals."
Is it coincidence that the earth's rotation and revolution are in the same direction?,4520,"The direction in which Earth rotates and revolves is not a coincidence but rather a result of the way our solar system formed. Around 4.6 billion years ago, a giant molecular cloud collapsed under gravity, forming a spinning disk of gas and dust. The same rotational direction continued as planets formed from this disk. Conservation of angular momentum caused the initial spin direction to persist, resulting in most planets, including Earth, rotating and revolving in the same direction."
What or Who is Balloon popping?,4521,"Balloon popping refers to the act of bursting a balloon, which is often done for fun, surprise, or experimentation. It can be achieved by applying pressure or using a sharp object. This act creates a loud noise due to the rapid rupture of the balloon’s stretched material, releasing the compressed air inside all at once. Balloon popping is common at parties or as part of scientific experiments on sound and pressure."
How do FBI track down anonymous posters on 4chan?,4522,"The FBI tracks anonymous posters on platforms like 4chan using various techniques. These include digital forensics to analyze metadata, IP addresses, and timestamps, as well as cooperation with internet service providers to obtain user information. Additionally, they might use open-source intelligence (OSINT) to piece together online behaviors and patterns that can identify users. In some cases, undercover operations or informants may also play a role in unmasking individuals."
Why are digital oscilloscopes still so expensive?,4523,"Digital oscilloscopes are expensive due to the advanced technology and precision required to measure and visualize electrical signals accurately. They contain high-speed analog-to-digital converters, powerful processors, and high-resolution displays. Additionally, the research and development to ensure reliability, accuracy, and durability of such instruments contribute to their cost. These devices are critical tools in engineering, hence maintaining high standards of performance and precision is paramount."
Why do I only breathe out of one nostril?,4524,"Breathing primarily through one nostril at a time is a normal occurrence due to the nasal cycle. This is an automatic, bodily function controlled by the autonomic nervous system. The mucous membranes in the turbinates inside the nose swell on one side while shrinking on the other, shifting approximately every few hours. This cycle helps maintain the health of the nasal passages by regulating airflow and humidity throughout the day."
How come all those atomic bomb tests were conducted during 60s in deserts in Nevada without any serious consequences to environment and humans?,4525,"Atomic bomb tests in Nevada during the 1950s and 1960s caused significant environmental and health consequences, although they were initially downplayed. The tests released radioactive fallout, contaminating air, water, and soil. Studies later revealed increased cancer rates among test site workers and residents downwind. Furthermore, ecosystems were disrupted. The government's response included stricter regulations and compensation programs for affected individuals, acknowledging long-term impacts."
Why to optimize max log probability instead of probability,4526,"Optimizing maximum log probability instead of probability in statistical models transforms the product of probabilities into a sum of log probabilities, simplifying calculations. This approach prevents numerical underflow, which occurs when multiplying many small probabilities together. For example, in machine learning algorithms like logistic regression, using log probabilities helps in efficiently finding the model parameters that best fit the data."
"The universe is said to be around 23% dark matter, 72% dark energy and 5% ordinary matter. If we don't know what dark matter and dark energy are, where do the percentages come from?",4527,"The percentages of the universe consisting of dark matter, dark energy, and ordinary matter come from indirect observations and measurements. Scientists deduce these amounts through gravitational effects, cosmic microwave background radiation, and the expansion rate of the universe. For instance, dark matter's presence is inferred from its gravitational influence on galaxies. Although not directly observed, these calculations provide consistent evidence supporting these estimates."
What or Who is Patterns in nature?,4528,"Patterns in nature refer to the recurring shapes and forms found in the natural world, such as spirals in shells, branching in trees, and the symmetry of flowers. These patterns arise from fundamental physical processes, like growth, diffusion, and mechanical forces. Understanding these patterns helps scientists learn about the underlying principles of biology, physics, and chemistry, providing insights into the workings of nature."
What or Who is Decision-making?,4529,"Decision-making is the cognitive process of selecting a course of action from multiple alternatives. It involves recognizing a problem, gathering information, evaluating options, and making a choice. This process is crucial in everyday activities, business, and governance. For example, choosing a route to work involves weighing factors like distance, traffic, and time. Effective decision-making can lead to better outcomes and problem-solving."
How do internet cables that go under the ocean simultaneously handle millions or even billions of data transfers?,4530,"Underwater internet cables, called submarine cables, handle massive data transfers by using fiber optic technology. These cables contain numerous thin optical fibers that transmit data as pulses of light. Light-based signals travel extremely fast and can carry vast amounts of information simultaneously. Each fiber can handle different wavelengths of light, known as wavelength division multiplexing, which multiplies the cable's capacity. Moreover, repeaters amplify the signals at intervals, ensuring data integrity over long distances. This technology allows submarine cables to manage millions of data transfers efficiently."
There are infinite numbers between 0 and 1. There are also infinite numbers between 0 and 2. There would more numbers between 0 and 2. How can a set of infinite numbers be bigger than another infinite set?,4531,"Though both the sets of numbers between 0-1 and 0-2 are infinite, they are different types of infinity. This concept stems from set theory in mathematics. The set of all real numbers between 0 and any number is called uncountably infinite, meaning you can't list them all, as you'd do with whole numbers. However, there are infinitely more such numbers between 0 and 2 because each real number in the 0-1 range can correspond to a unique real number in the 0-2 range by doubling it, showing the latter set is larger."
"Addition of hydrogen bromide to 1,3-butadiene: thermodynamic and kinetic control",4532,"The addition of hydrogen bromide (HBr) to 1,3-butadiene can follow two different pathways: thermodynamic control and kinetic control. In thermodynamic control, the product distribution is determined by the most stable product, usually favored at higher temperatures. In kinetic control, the product distribution depends on the fastest formed product, often favored at lower temperatures. For 1,3-butadiene, the thermodynamically controlled product is usually the 1,4-addition product, while the kinetically controlled product is typically the 1,2-addition product."
How do you go about learning mathematics?,4533,"Learning mathematics effectively involves a mixture of understanding fundamental concepts, practice, and application. Start with basic arithmetic and gradually move to more complex topics like algebra, geometry, and calculus. Utilize resources like textbooks, online courses, and problem-solving exercises. Practice regularly to enhance problem-solving skills and seek help when concepts are unclear. Applying math to real-life problems can also sharpen understanding and retention."
"In what sense did the Oklo reactor ""trap"" its own nuclear waste?",4534,"The Oklo reactor, a natural nuclear fission reactor that existed in Gabon around 2 billion years ago, 'trapped' its own nuclear waste by virtue of its geological conditions. The reactor formed in a rich uranium ore deposit where water could moderate the nuclear reactions. As the nuclear reactions proceeded, the resulting waste products, including radioactive isotopes, became immobilized within the solid rock matrix and surrounding mineral formations, preventing their migration and containing the radiation."
What or Who is WolframAlpha?,4535,"WolframAlpha is a computational search engine and knowledge-answering service developed by Wolfram Research. Unlike traditional search engines that return web pages, WolframAlpha directly answers factual queries by computing answers from its vast database. It can perform complex mathematical calculations, provide statistical data, solve equations, and generate reports on various topics ranging from finance to geography."
What or Who is International Numbering System for Food Additives?,4536,"The International Numbering System for Food Additives (INS) is a system that assigns unique codes to food additives, which can include preservatives, colorings, flavorings, and various other substances added to food products to enhance their qualities. These codes help standardize the identification and labeling of these additives worldwide, making it easier for regulators, manufacturers, and consumers to understand what is in their food."
"How exactly is ""effective length"" used in FPKM calculated?",4537,"""Effective length"" in FPKM (Fragments Per Kilobase of transcript per Million mapped reads) calculations is used to account for biases in RNA-Seq data. It corrects for varying gene lengths and sequencing depth, improving the accuracy of gene expression measurements. The effective length considers both the length of the gene and the length of the reads that map to it, providing a more standardized metric for comparing expression levels across different genes and samples."
"Historically, why did fevers used to kill so many people, but now they're a rarely fatal annoying symptom?",4538,"Historically, fevers were often fatal because the underlying infections causing them, such as bacterial or viral diseases, could not be effectively treated. However, modern medicine has drastically reduced fever-related deaths by developing antibiotics, antiviral drugs, vaccines, and advanced healthcare practices. These interventions target and eliminate the root causes of infections, thereby preventing complications that would otherwise lead to severe illness or death."
A moon in eccentric orbit dipping below Roche limit,4539,"A moon in an eccentric orbit that dips below the Roche limit experiences intense tidal forces from its planet. The Roche limit is the distance within which a celestial body, held together only by its gravity, will disintegrate due to the planet's tidal forces. If the moon crosses this threshold, these forces can overcome the moon's structural integrity, potentially breaking it apart into smaller fragments that could form rings or contribute to a ring system around the planet."
"There are lots of well-characterised genetic conditions in humans, are there any rare mutations that confer an advantage?",4540,"Yes, some rare genetic mutations provide advantages. An example is the CCR5-Δ32 mutation, which provides resistance to HIV infection by preventing the virus from entering cells. Another example is the EPAS1 gene mutation in Tibetan highlanders, which allows efficient oxygen use at high altitudes. These mutations show that while many genetic changes can cause diseases, some can also offer significant benefits under certain conditions."
Obtaining uniquely mapped reads from BWA mem alignment,4541,"To obtain uniquely mapped reads from BWA mem alignment, you need to filter the alignment results to retain only those reads that map to a single location in the genome. This can be done by using tools like SAMtools to process the SAM or BAM files generated by BWA mem, ensuring that reads with mapping quality scores indicating uniqueness are selected. This process helps to improve the accuracy of your genomic analysis."
What's the difference between a potentiometer and a rheostat?,4542,"A potentiometer and a rheostat are both devices used to control electrical resistance, but they are used differently. A potentiometer is a three-terminal device used to vary voltage by dividing the current between two terminals. It's often used in devices like volume controls. A rheostat, on the other hand, is a two-terminal device used to adjust current by varying resistance directly. It’s commonly used for light dimmers or motor speed control."
What or Who is Thermodynamic equilibrium?,4543,"Thermodynamic equilibrium is a state in a system where macroscopic properties like temperature, pressure, and chemical potential are uniform throughout and do not change over time. This state is achieved when the system's internal processes are balanced, and no net flow of energy or matter occurs. For example, a sealed, insulated container of gas will eventually reach thermodynamic equilibrium as molecular collisions distribute energy evenly."
What or Who is Multicollinearity?,4544,"Multicollinearity occurs in statistical models when two or more predictor variables are highly correlated, making it difficult to determine their individual effects on the dependent variable. This can lead to unreliable estimates and difficulty in identifying the true relationship between variables. For instance, in a regression model predicting house prices, if both 'number of rooms' and 'house size' are highly correlated, multicollinearity may arise."
"If SARS-CoV (2002) and SARS-CoV-19 (aka COVID-19) are so similar (same family of virus, genetically similar, etc.), why did SARS infect around 8,000 while COVID-19 has already reached 1,000,000?",4545,"Although SARS-CoV (2002) and SARS-CoV-19 (COVID-19) are genetically similar, several factors contributed to the vastly different spread. COVID-19 has a higher transmission rate, partly due to its ability to spread from asymptomatic individuals. Another factor is the global interconnectedness in 2020 compared to 2002, which accelerated COVID-19’s spread. Additionally, differing responses by countries and variability in healthcare infrastructure also played roles."
Publicly available genome sequence database for viruses?,4546,"An example of a publicly available genome sequence database for viruses is the National Center for Biotechnology Information (NCBI) GenBank. It provides extensive repositories of viral genomic sequences accessible to researchers worldwide. Another notable resource is the Global Initiative on Sharing Avian Influenza Data (GISAID), which facilitates rapid sharing of data on viral genomes, especially for influenza and COVID-19."
How to convert BED to GFF3,4547,"To convert BED to GFF3 format, you can use tools like BEDTools or custom scripts written in Python or Perl. The conversion involves restructuring BED file content into GFF3's tab-delimited format with specific columns for features like sequence name, source, feature type, start and end positions, score, strand, phase, and attributes. Ensuring correct formatting is crucial for compatibility with downstream bioinformatics tools."
Pipetting: do human experimenters need liquid class information?,4548,"Yes, human experimenters need liquid class information for accurate pipetting. Different liquids (e.g., water, glycerol, ethanol) have varying viscosities and surface tensions, which affect how they behave during pipetting. Knowing the liquid class ensures appropriate pipetting techniques and settings are applied, such as air gaps or reverse pipetting, to maintain accuracy and precision in dispensing liquids."
What are the advantages of full wave bridge rectifier with capacitors parallel to diodes?,4549,"The main advantage of a full-wave bridge rectifier with capacitors parallel to diodes is improved performance in converting AC to DC. The capacitors help to smooth out the ripples in the output voltage, providing a more stable and continuous DC output. This configuration doubles the frequency of the output voltage, reduces voltage drop across the rectifier, and improves efficiency compared to a half-wave rectifier."
How does blood circulate through your body after you've had an amputation?,4550,"Following an amputation, blood circulation in the body adjusts to the new circumstances. Blood vessels that formerly supplied the amputated limb are either sealed off or rerouted during surgery. The heart continues to pump blood throughout the remaining parts of the body. Nearby vessels may develop to improve blood flow in the affected area, a process known as collateral circulation. This ensures that tissues receive adequate oxygen and nutrients despite the loss of the limb."
Better aligner than bowtie2?,4551,"Choosing an aligner better than Bowtie2, a commonly used tool for aligning sequencing reads to long reference sequences, depends on specific needs. Tools like BWA (Burrows-Wheeler Aligner) can offer higher accuracy, while HISAT2 might provide better speed and memory efficiency, particularly for RNA sequencing data. Selection should consider the type of data, the required speed versus accuracy balance, and the computational resources available."
What is the difference between a neural network and a deep belief network?,4552,"A neural network is a series of algorithms designed to recognize patterns, consisting of interconnected nodes or neurons. A deep belief network (DBN) is a specific type of neural network with multiple layers of hidden units. While neural networks can have various architectures, DBNs are particularly structured as stacks of restricted Boltzmann machines, allowing them to learn hierarchical representations of data. This makes DBNs useful for tasks like generative learning and feature extraction."
What or Who is António Egas Moniz?,4553,"António Egas Moniz was a Portuguese neurologist and Nobel Laureate best known for developing cerebral angiography, a technique to visualize blood vessels in the brain, and for introducing the controversial procedure of lobotomy to treat mental illness. He was awarded the Nobel Prize in Physiology or Medicine in 1949 for his work in psychosurgery."
How to write a hash function for canonical kmers?,4554,"Writing a hash function for canonical kmers, which are fixed-length DNA sequences used in bioinformatics, involves treating both the kmer and its reverse complement to ensure uniqueness. A simple approach is to compute the hash of the kmer and its reverse complement separately, and then take the minimum of the two hash values. This ensures that the kmer and its reverse complement map to the same hash value, maintaining a unique and consistent representation."
What or Who is COVID-19 vaccine?,4555,"The COVID-19 vaccine is a medical product designed to confer immunity against the COVID-19 disease caused by the SARS-CoV-2 virus. These vaccines work by training the immune system to recognize and combat the virus. Examples include mRNA vaccines like Pfizer-BioNTech and Moderna, vector vaccines like AstraZeneca, and protein subunit vaccines like Novavax. They have played a crucial role in controlling the spread of the virus and reducing the severity of the disease."
How to reduce DC voltage using resistors?,4556,"To reduce DC voltage using resistors, you can create a voltage divider. This involves connecting two resistors in series across the voltage source, with the output voltage taken from the connection between them. The output voltage is determined by the ratio of the two resistors. For example, if you have resistors R1 and R2, the output voltage Vout can be found using the formula: Vout = Vin * (R2 / (R1 + R2)), where Vin is the input voltage."
Will radar/lidar still work when every car is equipped with them?,4557,"Radar and LIDAR technologies, used in autonomous vehicles for detecting obstacles and mapping surroundings, can still function effectively even if every car is equipped with them. These systems are designed to work in various conditions and can operate on different frequencies or wavelengths to avoid interference. Through coordination protocols and situational awareness, vehicles can minimize potential conflicts and maintain reliable operations."
What or Who is Civil emergency message?,4558,"A Civil Emergency Message is a type of alert issued by governmental authorities to inform the public about local emergencies that pose a significant risk to safety and property. These messages may address threats like natural disasters, hazardous materials incidents, or civil disturbances. They provide critical information and instructions on actions to protect oneself and others, playing a vital role in public safety measures."
"if electric vehicles are better for the environment than fossil fuel, why isn’t there any emphasis on heating homes with electricity rather gas or oil?",4559,"While electric vehicles (EVs) are better for the environment due to lower emissions, transitioning home heating from gas or oil to electricity faces challenges. Electric heating requires substantial power, which increases demand on the electric grid. Infrastructure, cost, and technology adoption lag behind EV incentives. Renewable energy sources and improved grid capacity could shift the focus to electric heating as these hurdles are addressed."
Has there been a higher peak than Mt. Everest on Earth throughout its history?,4560,"Mount Everest is currently the highest peak above sea level at 8,848 meters. Throughout Earth's history, other mountains may have been taller due to tectonic activity and different geological eras. For example, volcanic peaks like Mauna Kea in Hawaii are taller when measured from their base on the ocean floor, but there is no definitive evidence of a past mountain exceeding Everest's height above sea level."
How many planets are there in this solar system?,4561,"There are eight recognized planets in our solar system: Mercury, Venus, Earth, Mars, Jupiter, Saturn, Uranus, and Neptune. These planets orbit the Sun in a specific order based on their distance from it."
Can I cut an IC?,4562,Cutting an Integrated Circuit (IC) is not advisable. ICs are intricate devices composed of numerous tiny components. Cutting them could destroy their functionality and cause the circuits to fail. Specialized equipment and knowledge are required to modify ICs safely.
Scientists have recently said the greenland ice is past the “point of no return” - what will this mean for AMOC?,4563,"The Greenland ice sheet passing the 'point of no return' means it may irreversibly melt, causing sea levels to rise. This freshwater influx can disrupt the AMOC, a major ocean current responsible for regulating climate. A weaker AMOC could result in altered weather patterns and temperature changes globally."
Why do Black Holes in the middle of galaxies not suck up the whole galaxy?,4564,"Black holes in the middle of galaxies, known as supermassive black holes, exert strong gravitational forces, but they do not 'suck' in the entire galaxy. Stars and objects in the galaxy are in stable orbits around the black hole, similar to how planets orbit the Sun, preventing them from being drawn in."
How would you explain the difference between correlation and covariance?,4565,"Correlation measures the strength and direction of a linear relationship between two variables, showing how one variable may predict another. Covariance indicates the direction of this linear relationship but not its strength. While correlation is standardized and ranges from -1 to 1, covariance can vary widely in scale."
Human perception of time depending on age,4566,"Human perception of time can change with age. Younger people often perceive time as moving slowly due to their constant learning and novel experiences. Older people may perceive time as moving faster because they have more routine and fewer new experiences, making days blend together."
"Much less than, what does that mean?",4567,"'Much less than' means a number or quantity is significantly smaller compared to another number or quantity. For example, if 50 is much less than 200, it indicates a large gap between the two values, showing a notable difference."
"The earth is about 4,5 billion years old, and the universe about 14,5 billion, if life isn't special, then shouldn't we have already been contacted?",4568,"The Fermi Paradox questions why, given the vast number of stars and potential for life, we haven't yet contacted extraterrestrial civilizations. Potential reasons include the immense distances between stars, differences in technological timelines, or the possibility that intelligent life is rare or self-destructive."
Why does screaming relieve physical pain to an extent?,4569,"Screaming can relieve physical pain to some extent because it triggers the body’s 'fight or flight' response, releasing adrenaline and endorphins which are natural painkillers. The act of screaming also provides an emotional outlet, helping to reduce the perception of pain."
What or Who is Parameter?,4570,"A parameter is a variable used to pass information between functions or procedures in programming and mathematics. In programming, parameters are inputs that a function takes to perform its job. For example, in a function that calculates the area of a rectangle, the length and width would be parameters. In the broader scientific context, parameters denote any measurable factors that define a system and determine its behavior and outcomes, such as the speed of an object or the temperature in a chemical reaction."
"What are the differences between the C programming languages: C, C++, C#, and Objective C?",4571,"C is a procedural programming language mainly used for system/software development. C++ is an extension of C that includes object-oriented features, allowing for enhanced code organization and reuse. C# is a language developed by Microsoft, designed for building a variety of applications on the .NET framework; it incorporates both object-oriented and component-oriented programming paradigms. Objective-C is a language mainly used for macOS and iOS development, adding object-oriented features to C. While all originate from the C language, they cater to different programming needs and environments."
"How come airlines no longer require electronics to be powered down during takeoff, even though there are many more electronic devices in operation today than there were 20 years ago? Was there ever a legitimate reason to power down electronics? If so, what changed?",4572,"Airlines initially required electronics to be powered down during takeoff and landing to avoid interference with the airplane's navigation and communication systems. Over time, advances in technology and rigorous testing have shown that modern avionics are less susceptible to interference. Consequently, regulatory agencies like the FAA and EASA have relaxed restrictions, allowing the use of most electronics during flight. However, some critical phases of flight may still require devices to be in airplane mode to ensure safety."
What or Who is The Demon-Haunted World?,4573,"""The Demon-Haunted World: Science as a Candle in the Dark"" is a book by Carl Sagan, published in 1995. It advocates for scientific skepticism and the scientific method, arguing against pseudoscience and superstition. Sagan emphasizes the importance of critical thinking and the value of scientific literacy in understanding the world and combating misinformation."
What or Who is Lost Cosmonauts?,4574,"Lost Cosmonauts refers to the conspiracy theory that the Soviet Union lost cosmonauts in space before Yuri Gagarin's historic flight. Proponents claim that early Soviet space missions resulted in unknown fatalities, which were covered up. There is no verifiable evidence to support these claims, and they remain speculative and unproven."
"Making sense of principal component analysis, eigenvectors & eigenvalues",4575,"Principal Component Analysis (PCA) is a statistical method used to reduce the dimensionality of data. It transforms data into a set of linearly uncorrelated variables called principal components. Eigenvectors and eigenvalues are mathematical concepts crucial to PCA. Eigenvectors represent directions of maximum variance, while eigenvalues indicate the magnitude of this variance. Together, they help identify the most significant features of data, simplifying analysis while preserving important information."
What or Who is Spyder (software)?,4576,"Spyder is an open-source integrated development environment (IDE) for scientific programming in Python. It offers advanced editing, debugging, and profiling features, tailored for data analysis and complex computations. Features like an intuitive interface, variable explorer, and integrated consoles make it popular among scientists, engineers, and data analysts."
What or Who is Deep sea?,4577,"The deep sea refers to the lowest layer of the ocean, below the epipelagic zone, typically beyond a depth of 200 meters (656 feet). It is characterized by high pressure, low temperatures, and no sunlight. Despite these conditions, it hosts diverse marine life, including bioluminescent organisms. Research in this zone helps scientists understand marine ecosystems and the adaptation of life to extreme environments."
"Was the 1918 H1N1 virus the ""source"" for the 1957 H2N2, 1968 H3N2, and the seasonal flu that comes around each year?",4578,"The 1918 H1N1 virus, known as the Spanish flu, is connected to later influenza strains. The 1957 H2N2 and 1968 H3N2 pandemics resulted from the reassortment of genes between human and avian influenza viruses, incorporating elements of the 1918 virus. Seasonal flu strains have since evolved from these and other genetic exchanges, yet all share a lineage traceable to the 1918 pandemic."
What or Who is Inductively coupled plasma mass spectrometry?,4579,"Inductively Coupled Plasma Mass Spectrometry (ICP-MS) is an analytical technique used to detect and quantify trace elements and isotopes in a sample. It ionizes the sample using an inductively coupled plasma and then measures the mass of the ions with a mass spectrometer. ICP-MS is known for its sensitivity, precision, and ability to analyze multiple elements simultaneously, making it widely used in environmental testing, geochemistry, and biomedical research."
What is the fastest beats per minute we can hear before it sounds like one continuous note?,4580,"The fastest beats per minute (BPM) we can hear before it sounds like one continuous note is approximately 20 BPM. Beyond this, individual beats blend into a continuous tone. This happens because our auditory system cannot distinguish separate beats at higher frequencies, causing us to perceive a single, constant pitch instead of distinct pulses. For example, in a typical piece of music, you might hear a clear rhythm up to around 20 BPM, but faster beats merge into a smooth sound."
Why my phones touchscreen sometimes registers a touch when in reality my finger is millemeter or two from screen?,4581,"Your phone's touchscreen sometimes registers a touch even when your finger is slightly above the screen due to electric fields. Touchscreens use capacitive technology, which detects changes in the electric field caused by the conductive nature of your skin. Even when your finger is close, it can slightly alter the field, causing the screen to mistakenly register a touch."
Eigenvectors of real symmetric matrices are orthogonal,4582,"Eigenvectors of real symmetric matrices are orthogonal, meaning they are perpendicular to each other. This property arises from the matrix's symmetrical nature and follows from the spectral theorem. For example, if you have a matrix representing some geometric transformation, the eigenvectors will point in different, non-overlapping directions."
Prosthetics: Can someone born without a limb (rather than losing it after birth) use advanced prosthetics controlled by nerves and neural pathways?,4583,"Yes, a person born without a limb can use advanced prosthetics controlled by nerves and neural pathways. Modern prosthetics can connect to the residual nerves, allowing brain signals to control the artificial limb. For instance, if someone is born without an arm, their body can still send signals to the prosthetic, enabling movement and control."
How likely is a lack of DNA match with a distant relative?,4584,"A lack of DNA match with a distant relative is quite possible. As you go further back in your family tree, the amount of shared DNA decreases significantly. For example, while you share 50% of your DNA with each parent, the percentage drops with more distant relatives like second cousins, where the shared DNA might be low or not easily detectable."
What or Who is Fully automatic time?,4585,"Fully automatic time likely refers to a watch or clock mechanism that adjusts itself automatically. These devices use technology like radio signals or GPS to keep precise time without manual intervention. For example, some wristwatches can synchronize with atomic clocks worldwide, ensuring accurate timekeeping."
Can adrenaline actually give you the strength to lift a car and how does it work?,4586,"Adrenaline can indeed provide significant strength temporarily, but it's unlikely to help you lift a car. Adrenaline is released during stress or danger, heightening your body's response. It increases heart rate, blood flow to muscles, and energy availability. While some people might display remarkable feats of strength, lifting a car is beyond normal physical limits."
"Does the earth ""lose/gain"" water or is it truly a closed system?",4587,"The Earth is not a perfectly closed system, but it loses and gains very little water. Water can escape into space through the upper atmosphere, and sometimes it may arrive via asteroids. However, these processes are minimal. Essentially, the Earth's water cycle largely retains the same total amount of water."
How do tropopause folds form and do they have any impact on synoptic scale weather?,4588,"Tropopause folds form due to interactions between the stratosphere and troposphere, often linked to jet streams. These folds bring stratospheric air into the troposphere, affecting weather patterns. For example, they can influence storm development or ozone concentration, impacting synoptic-scale weather systems."
Why is space black? Aren't the stars emitting light?,4589,"Space appears black because it is a vacuum with no atmosphere to scatter light. While stars emit light, it travels in straight lines and doesn't scatter across empty space, creating the black backdrop. On Earth, the atmosphere scatters sunlight, making the sky blue, but in space, this scattering doesn't occur."
"Why do science labs always so often use composition notebooks and not, for example, a spiral notebook?",4590,"Composition notebooks are frequently used in science labs because they are durable and pages are permanently bound, which minimizes the risk of losing or tampering with data. This ensures that entries are chronological and tamper-evident, important for maintaining accurate and reliable scientific records. Spiral notebooks, on the other hand, can lose pages more easily and are not as robust, presenting a higher risk for data integrity. This level of reliability is crucial for experiments where precise and accurate record-keeping can impact results and conclusions."
Is methanol more acidic than water?,4591,"Methanol (CH3OH) is slightly more acidic than water (H2O). The acidity of a substance is often measured by its pKa value, which indicates how easily it donates protons. Methanol has a pKa of about 15.5, while water's pKa is around 15.7. Lower pKa values mean stronger acids, thus methanol is marginally more acidic than water. However, the difference is small, and both are considered weak acids compared to common lab acids like acetic acid or citric acid."
Why does bleach feel slippery?,4592,"Bleach feels slippery because it reacts with the fats and oils on your skin, turning them into soap through a process called saponification. This reaction breaks down natural oils, making the skin feel slick. Soap lowers surface tension, giving a slippery sensation when in contact with water. Additionally, bleach is a strong base, which changes the skin's texture temporarily, contributing to the slippery feeling."
tanh activation function vs sigmoid activation function,4593,"The tanh (hyperbolic tangent) and sigmoid functions are both used in neural networks as activation functions to introduce non-linearity. The sigmoid function squashes input values into an output range between 0 and 1, making it useful for probabilities. However, it can suffer from vanishing gradients, slowing down learning. The tanh function maps input values between -1 and 1, usually producing outputs centered around zero, which can lead to faster convergence in learning processes. Both have applications, but tanh is often preferred when centered outputs are important."
What or Who is Fatal insomnia?,4594,"Fatal insomnia is a rare and deadly genetic disorder characterized by an inability to sleep, ultimately leading to severe physical and mental deterioration and death. It is caused by a mutation in the PRNP gene, affecting prion proteins in the brain. Symptoms start with mild insomnia and progress to include weight loss, dementia, and uncoordinated movements. Currently, there is no cure, and the condition worsens rapidly once symptoms appear."
How long before robin no longer needs the nest on my porch?,4595,"Young robins generally stay in the nest for about 13 to 14 days after hatching. During this period, they are fed and cared for by their parents. Once they leave the nest, they continue to rely on their parents for food for another couple of weeks while they learn to fly and forage. Therefore, expect the nest to be used for around 3 to 4 weeks from the time the eggs hatch until the young robins are fully independent."
Why have humans evolved much more quickly than other animals?,4596,"Humans have evolved rapidly due to a combination of factors including large brain size, complex social structures, and the advanced use of tools and technology. These factors have enabled humans to adapt to various environments quickly through cultural evolution, which can operate much faster than genetic evolution. Moreover, humans' ability to communicate complex ideas and work cooperatively has accelerated technological and societal advancements, further speeding up evolutionary changes."
What's happening in our brains when we're trying to remember something?,4597,"When trying to remember something, various parts of the brain work together to retrieve the memory. The hippocampus plays a key role in accessing stored information. The prefrontal cortex helps in focusing attention and organizing this information. Neurotransmitters, such as acetylcholine, facilitate communication between neurons. Effortful retrieval can strengthen the neural pathways, making future recall easier. Repeated attempts to remember can also activate the same neural circuits, reinforcing the memory."
"Regarding p-values, why 1% and 5%? Why not 6% or 10%?",4598,"P-values of 1% and 5% have become conventional thresholds in statistical hypothesis testing to strike a balance between Type I errors (false positives) and Type II errors (false negatives). These thresholds offer a practical and historically accepted level of rigor, meaning that accepting these levels limits the likelihood of wrongly rejecting the null hypothesis. While 6% or 10% could be used, they offer less stringent evidence against the null hypothesis, increasing the risk of false positives."
Sum of random decreasing numbers between 0 and 1: does it converge??,4599,"The sum of random decreasing numbers between 0 and 1 does indeed converge. This is because each subsequent number in the series gets smaller and smaller, approaching zero. Mathematically, this property ensures that the sum of these numbers will approach a finite limit. For example, the sum of 1/2, 1/4, 1/8, etc., converges to 1. This concept is fundamental in understanding series and sequences in calculus."
How could we define the factorial of a matrix?,4600,"The factorial of a matrix is not a standard concept in mathematics. Factorials, typically used for positive integers, involve multiplying a sequence of descending natural numbers. For matrices, a similar operation isn't defined. However, functions like matrix exponentials can extend scalar operations to matrices, where a matrix exponential involves an infinite series analogous to the function's scalar counterpart, linking to linear algebra and higher mathematics."
how do we know what the milkyway actually looks like?,4601,"We know what the Milky Way looks like through indirect methods. Astronomers use observations from Earth and space telescopes, studying stars' positions and movements, and comparing our galaxy's features with other galaxies. They create models and maps, piecing together images taken in different wavelengths of light to form a comprehensive picture, since we can't step outside our galaxy to photograph it directly."
What or Who is Human zoo?,4602,"A 'Human zoo' refers to historical exhibitions where people from different cultural backgrounds were displayed, often in a demeaning manner. These exhibitions highlighted supposed human differences and were prevalent during the 19th and early 20th centuries. They were criticized for their unethical treatment of people and reinforcing racist stereotypes, leading to their decline as society recognized the inherent dignity of all individuals."
hy do some apps stay open when you leave for 5 seconds but others take you back all the way to the starting screen?,4603,"Some apps stay open for a short period because of their design to provide a smoother user experience. They use a process called 'backgrounding' where the app remains in memory unless system resources are needed. Others reset to the starting screen to ensure security and preserve resources, especially for sensitive apps like banking. Developers balance user experience with resource management and security needs."
Why does the Lasso provide Variable Selection?,4604,"The Lasso (Least Absolute Shrinkage and Selection Operator) provides variable selection by imposing a penalty on the absolute size of regression coefficients. When fitting a model, it forces some coefficients to be exactly zero, effectively selecting the most important variables. This ensures a simpler model that is easier to interpret and helps prevent overfitting by excluding irrelevant variables."
Can metals have a net negative charge,4605,"Metals can have a net negative charge when they gain more electrons than they lose, resulting in an excess of negatively charged electrons. This can happen in specific conditions, such as electrochemical cells where metals act as electrodes and gain electrons through external electrical work, altering their overall charge balance."
Is it possible to create a DESeqDataSet with a user-provided design matrix?,4606,"Yes, it is possible to create a DESeqDataSet with a user-provided design matrix in DESeq2, a software package for analyzing count data from RNA sequencing. Users can specify experimental conditions in the design matrix to model and understand differential gene expression accurately, allowing for customization of the analysis based on the experiment's specifics."
What or Who is History of timekeeping devices?,4607,"The history of timekeeping devices spans from ancient methods like sundials and water clocks to modern atomic clocks. Early civilizations used natural cycles, such as sun and water flows, to measure time. The invention of mechanical clocks in the Middle Ages and advancements to precise atomic clocks have dramatically improved our ability to keep accurate time, crucial for navigation, science, and daily life."
What or Who is Isobaric process?,4608,"An isobaric process is a thermodynamic process in which the pressure remains constant. These processes are significant in understanding how fluids behave under constant pressure. An example is the expansion of gas in a piston at constant atmospheric pressure, where volume and temperature of the gas may change, but the pressure remains steady."
Why do so many medicines require you to stop eating grapefruit?,4609,"Certain medicines require stopping the consumption of grapefruit because grapefruit can interfere with enzymes in your liver that process drugs. This can lead to higher levels of the drug in your bloodstream, increasing the risk of side effects and toxicity. Grapefruit compounds affect the enzyme cytochrome P450 3A4, altering drug metabolism efficacy."
What or Who is Nuclear magnetic resonance?,4610,"Nuclear magnetic resonance (NMR) is a scientific technique used to observe the magnetic properties of atomic nuclei. It involves placing a sample in a strong magnetic field and applying radio waves to it. Certain nuclei resonate, or produce a signal, which can be detected and analyzed. This technique helps scientists understand molecular structures and compositions by revealing how atoms in the sample are connected. For instance, doctors use MRI (magnetic resonance imaging), a form of NMR, to produce detailed images of the inside of the human body without using harmful radiation."
"Could a single celestial body be as large as the Milky Way galaxy? If not, what is restricting the size of it?",4611,"A single celestial body cannot be as large as the Milky Way galaxy due to the forces of gravity and the nature of matter. Galaxies comprise billions of stars, gas, and dust, spread out over vast distances. If one object were as large as a galaxy, its immense gravity would cause it to collapse into a denser form, like a black hole. The structure and composition of matter restrict celestial bodies from reaching such enormous sizes. For example, stars and planets can only grow to certain sizes before their own gravity causes them to either ignite (as stars) or collapse (as planets)."
What or Who is Superconductivity?,4612,"Superconductivity is a phenomenon where a material can conduct electricity without any resistance. This means that electric current can flow through the material indefinitely without losing energy. Superconductivity typically occurs at very low temperatures. When a material becomes superconductive, it also expels magnetic fields from its interior, a property known as the Meissner effect. An example of superconductivity in use is in MRI machines, which require strong magnetic fields generated by superconducting magnets to create detailed images of the human body."
"What is the ""sharp"" in sharp cheddar? How are there various levels of ""sharp""?",4613,"The term 'sharp' in sharp cheddar refers to the cheese's strong and tangy flavor. Cheddar cheese becomes sharper as it ages, meaning it is left to mature for longer periods. The proteins in the cheese break down over time, intensifying its flavor. Different levels of sharpness, such as mild, medium, and sharp, indicate the duration of aging. Mild cheddar is aged for a few months, while extra sharp cheddar can be aged for a year or more. The aging process develops the complex flavors that make sharp cheddar distinctive."
Monty hall problem extended.,4614,"The Monty Hall problem extended continues the original probability puzzle where a contestant must choose one of three doors, behind one is a prize. If the game is extended, additional doors and choices could be introduced, but the key principle remains: changing your choice statistically increases your chances of winning. For example, with more than three doors, after the host reveals non-winning doors, switching from your original choice to a remaining door typically improves your odds. It’s important to understand the underlying probability to appreciate the counterintuitive nature of the solution."
R package development: How does one automatically install Bioconductor packages upon package installation?,4615,"In R package development, to automatically install Bioconductor packages, you need to include specific code in your package's installation script. Within the `DESCRIPTION` file of your package, you should list Bioconductor packages under the `Imports` or `Suggests` fields. Additionally, you can write a script in the `.onLoad` function to use Bioconductor's package manager. For example: `if (!requireNamespace('BiocManager', quietly = TRUE)) install.packages('BiocManager'); BiocManager::install('PackageName')` ensures that the needed Bioconductor packages are installed when your package is loaded."
Wouldn't charging a lithium battery to 80% only defeat the purpose of putting the battery into longer use in the first place?,4616,"Charging a lithium battery to only 80% can actually extend its overall lifespan. Lithium batteries degrade faster when charged to full capacity and when exposed to high temperatures. By limiting the charge to 80%, you reduce the stress on the battery cells, thereby slowing down the degradation process. This method is commonly used in electric vehicles and smartphones to promote longer battery life. For instance, Tesla provides an option to limit charging to 80% for daily use, reserving full charges for longer trips."
What or Who is Dharma Initiative?,4617,"The Dharma Initiative is a fictional organization from the television series 'Lost.' In the show, it is a secretive group that conducted various scientific experiments on a mysterious island. These experiments covered fields like electromagnetism, psychology, and genetic engineering. The initiative built numerous research stations on the island, each with a specific focus, and their activities are central to the show's plot. The name 'Dharma' is an acronym for 'Department of Heuristics and Research on Material Applications,' reflecting the group's broad scientific ambitions."
Is there a certain priority list for a severely damaged human body to heal itself?,4618,"The human body prioritizes healing based on the severity and location of injuries. Critical systems like the heart, brain, and major organs are attended to first. This is because injuries to these areas can be life-threatening. The body's immune response quickly focuses on controlling bleeding, preventing infection, and initiating tissue repair. For example, a deep cut on the finger will rapidly clot to stop bleeding, but more complex healing, such as nerve repair, may take longer. This prioritization helps ensure survival by maintaining vital functions."
"Why does sea water hurt our eyes, but tears don't?",4619,"Sea water hurts our eyes primarily due to its high salt concentration. The salt in sea water draws out moisture from the eye's surface, causing irritation and a stinging sensation. Tears, on the other hand, have a balanced salt concentration similar to that of the body’s natural fluids, which means they do not cause irritation. Additionally, sea water can contain contaminants and microorganisms that contribute to the discomfort. An example of this contrast is when swimming in a pool, which contains lower salt levels, typically causes less irritation than ocean swimming."
Splitting a sandwich and not feeling deceived,4620,"When splitting a sandwich and not feeling deceived, it’s important to ensure fairness in the division. Fairness is achieved when each part perceives that they got an equal and satisfactory portion. This concept is often linked to the idea of equity and can be seen in scenarios where two people share food. A practical method is the 'you cut, I choose' rule, where one person cuts the sandwich into two, and the other person gets to choose their half. This ensures the cutter makes the division as fair as possible to avoid dissatisfaction."
Does a steady or a blinking digital clock use more energy?,4621,"A steady digital clock typically uses more energy than a blinking one. This is because maintaining a continuous display requires a constant power supply, while a blinking clock alternates between on and off states, using power intermittently. For example, consider LED lights: a steady light continuously draws power, whereas a blinking light is off half the time, potentially reducing overall energy consumption. Thus, the steady clock consumes more energy due to uninterrupted operation."
Which atom is a Neutron star made of?,4622,"A neutron star is composed predominantly of neutrons, which are subatomic particles. Due to the immense gravitational pressure after a supernova, protons and electrons combine to form neutrons, resulting in a star that is incredibly dense. For instance, a neutron star's density is so high that a sugar-cube-sized amount of its material would weigh about a billion tons on Earth. Thus, the term 'neutron star' derives from its composition mainly of these neutrons."
Is it possible to have a pair of Gaussian random variables for which the joint distribution is not Gaussian?,4623,"If two random variables are Gaussian, their joint distribution is also Gaussian. This is a fundamental property of Gaussian distributions. If X and Y are Gaussian random variables, then their joint distribution can be described by a multivariate Gaussian distribution, defined by a mean vector and a covariance matrix. For instance, if X and Y are independent standard normal variables, their joint distribution forms a circular shape in 2D space."
Fan speed switch: why OFF :: HIGH :: MED :: LOW?,4624,"The fan speed switch is labeled OFF, HIGH, MED, LOW to prioritize user convenience and mechanical function. Starting at HIGH ensures the motor receives enough initial power to overcome inertia, reducing wear and tear. Once in motion, MED and LOW provide user choice for comfort. This sequencing ensures proper fan operation and longevity. For example, starting at HIGH ensures sufficient torque to initiate blade movement, similar to a car needing more power to start moving than to maintain speed."
$\pi$ in arbitrary metric spaces,4625,"In arbitrary metric spaces, π is typically associated with the properties of circles and spheres. Metric spaces generalize the concept of distance beyond Euclidean spaces, potentially altering the properties and definitions of shapes like circles. For example, in a non-Euclidean metric space, the ratio of a circle's circumference to its diameter may differ from π. However, π remains a fundamental constant in describing roundness and angles, though its geometric interpretations may vary."
I remember during the 90s/00s that the Ozone layer decaying was a consistent headline in the news. Is this still happening?,4626,"The depletion of the ozone layer, which was a significant concern in the late 20th century, has seen progress due to global efforts like the Montreal Protocol. This international treaty successfully phased out the use of many ozone-depleting substances. Recent studies show that the ozone layer is slowly recovering, though it remains a critical environmental issue. For example, NASA reports indicate a gradual reduction in the ozone hole over Antarctica as harmful chemicals are reduced."
What are we currently doing to combat the year 2038 problem?,4627,"The year 2038 problem, similar to the Y2K issue, concerns the overflow of 32-bit time representations in computers, which will occur on January 19, 2038. Current efforts to combat this include updating software and systems to support 64-bit time storage, extending the limit far beyond 2038. For example, many modern operating systems and applications are now being designed to handle dates well into the future, ensuring continued functionality."
Calculating the length of the paper on a toilet paper roll,4628,"To calculate the length of paper on a toilet paper roll, you need the inner and outer diameters and the thickness of the paper. By considering the formula for the circumference of each layer and summing these, you can approximate the total length. For example, if the inner diameter is 4 cm, the outer diameter is 10 cm, and the paper thickness is 0.1 mm, the number of layers and the total length can be derived through geometric and arithmetic applications."
How long can I store extracted RNA?,4629,"Extracted RNA can be stored for different lengths of time depending on the storage conditions. For short-term storage, RNA can be kept at -20°C for a few weeks. For long-term preservation, storing RNA at -80°C or in liquid nitrogen provides stability for months to years. Preservation methods, such as using RNase inhibitors and buffer solutions, help maintain RNA integrity. For example, RNA samples stored at -80°C have been successfully used in experiments after several years."
What or Who is Electromagnetic hypersensitivity?,4630,"Electromagnetic hypersensitivity (EHS) is a reported sensitivity to electromagnetic fields, like those from cell phones or Wi-Fi. People with EHS claim symptoms such as headaches, fatigue, and other disorders when exposed to these fields. However, scientific studies have not consistently proven that electromagnetic fields cause these symptoms. As a result, EHS remains a controversial condition with an unclear scientific basis."
How do women astronauts deal with periods in antigravity?,4631,"Women astronauts manage their periods in space much like they do on Earth, with options such as oral contraceptives to skip periods or menstrual hygiene products like pads and tampons. In microgravity, fluids behave differently, but menstrual blood still flows out of the body due to its inherent pressure. NASA ensures astronauts have the necessary supplies and training to maintain hygiene and comfort."
What or Who is Pivot table?,4632,"A pivot table is a data summarization tool used in spreadsheet software like Microsoft Excel. It allows users to automatically sort, count, and total data stored in a table, presenting them in another table to highlight important information. For instance, a pivot table can quickly summarize sales data by region or product category, making it easier to analyze and make informed decisions."
Why are there “hot people” and “cold people”?,4633,"People often describe themselves as 'hot' or 'cold' based on their comfort with ambient temperatures. This variation can be due to metabolic differences, activity levels, body composition, and even psychological factors. For example, a person with a higher metabolic rate may feel warmer than someone with a slower metabolism because they produce more body heat."
How can we hear the voice in our head and how is it produced?,4634,"The voice we hear in our head, known as internal dialogue or inner speech, is produced by the brain. It involves several brain regions, including those responsible for language production and processing. Inner speech often mimics actual speech but occurs without vocalization. It plays a role in thinking, problem-solving, and self-reflection."
what is the humidity scale in reference to? Does 100% humidity mean the air has turned to water? Or is it 100% humidity when it is raining?,4635,"The humidity scale measures the amount of water vapor in the air. 100% humidity means the air is fully saturated with water vapor and cannot hold any more, leading to potential condensation and precipitation, but it doesn't mean the air has turned to water. It can be raining when humidity is at or near 100%, but 100% humidity doesn't automatically indicate rainfall."
What’s the difference between men’s and women’s multivitamins?,4636,"Men’s and women’s multivitamins differ primarily in their nutrient composition to address gender-specific nutritional needs. For example, women’s multivitamins often contain more iron to make up for menstrual losses and more calcium/vitamin D for bone health, whereas men’s may focus on nutrients that support muscle function and heart health, like higher amounts of certain vitamins and minerals."
Proof of $\frac{1}{e^{\pi}+1}+\frac{3}{e^{3\pi}+1}+\frac{5}{e^{5\pi}+1}+\ldots=\frac{1}{24}$,4637,"This series solution equals 1/24 because it can be derived using advanced techniques in mathematical analysis, particularly those involving series and exponential functions. Specifically, it is linked to properties of the Dirichlet eta function and complex exponentiation, though a full proof requires a deep dive into higher mathematics."
Why can't I light a LED with a 1.5 V battery?,4638,"A 1.5 V battery often cannot light a typical LED because LEDs require a higher voltage (usually 2-3 volts) to function. If the battery’s voltage is lower than the LED's threshold voltage, insufficient current flows through the LED, preventing it from lighting up."
Why don't (or can't) stars be more than 325 or so times the mass of the sun? What limits their size?,4639,"Stars cannot exceed roughly 325 times the mass of the Sun because they would become unstable. The immense gravitational forces within such massive stars produce extreme pressure and temperatures, leading to intense nuclear fusion. This extraordinary energy output can cause the star to lose mass rapidly via stellar winds and limit size through radiation pressure countering gravitational contraction."
Highly heterozygous reads mapping,4640,"Highly heterozygous reads mapping involves sequencing reads that contain a high degree of genetic variation. These reads come from individuals with diverse genetic backgrounds, making alignment to a reference genome challenging. Methods to manage this involve using advanced algorithms that can handle mismatches and variations effectively, improving the accuracy of mapping these heterogeneous sequences. This process is critical in studies of population genetics and personalized medicine where genetic diversity is high."
"Is there any kind of an upper limit for how many planets can be in a solar system? I assume that there are plenty of systems with zero, but are there others with hundreds or thousands, or is there some kind of clear maximum?",4641,"There is no strict upper limit to the number of planets a solar system can have, as it largely depends on system-specific factors like the mass of the star and the distribution of matter in the system. While our solar system has eight known planets, exoplanetary systems can vary widely. For example, the Kepler-90 system has eight known planets. Theoretically, gravitational interactions and stability constraints may limit the number of planets, but hundreds or thousands of planets are unlikely due to these dynamic limitations."
How long do your eyes need to adapt to darkness and reach full contrast?,4642,"Your eyes generally need about 20 to 30 minutes to adapt to complete darkness and reach full contrast. This process, known as dark adaptation, involves the regeneration of photopigments in the rods and cones of your retina, allowing them to respond to low light conditions. In the first few minutes, the cones adjust, but the rods, which are more sensitive to dim light, take longer, enhancing your night vision gradually over this period."
What or Who is Longitudinal study?,4643,"A longitudinal study is a research method used to investigate how variables change over a long period. Unlike cross-sectional studies that capture a snapshot at one point in time, longitudinal studies follow the same subjects and collect data at multiple time intervals. This approach is particularly valuable in fields like psychology and medicine to observe long-term effects and trends, such as the progression of a disease or the impact of an educational intervention."
what is in instant rice that makes the rice cook faster?,4644,"Instant rice cooks faster because it has been pre-cooked and then dehydrated. During the manufacturing process, the rice is fully cooked and then dried, reducing its cooking time when you prepare it at home. When you add hot water, the rice reabsorbs it and quickly becomes soft and ready to eat, in contrast to regular rice that needs to fully absorb water and cook from a raw state, which takes much longer."
What or Who is High-frequency Active Auroral Research Program?,4645,"The High-frequency Active Auroral Research Program (HAARP) is a scientific endeavor aimed at studying the ionosphere, a part of Earth's upper atmosphere. Located in Alaska, HAARP utilizes a high-power radio frequency transmitter to temporarily excite a limited area of the ionosphere. The research helps improve understanding of ionospheric dynamics, which affects communication and navigation systems. Despite conspiracy theories, HAARP's primary aim is to advance scientific knowledge in atmospheric sciences."
What or Who is Voltmeter?,4646,"A voltmeter is an instrument used to measure the electrical potential difference between two points in a circuit, commonly known as voltage. It works by connecting its probes across the points where the voltage is to be measured. Voltmeters are essential tools in both laboratory settings and electrical engineering to ensure that electrical systems are operating correctly and safely. They help diagnose electrical problems by indicating whether voltage levels are within expected ranges."
"If somebody loses a lot of blood, how do doctors tell so fast wich blood type the patient has and exactly how much blood was lost/needs to be transfused?",4647,"In critical situations where a patient loses a lot of blood, doctors use rapid blood typing tests to determine the patient's blood type quickly. These tests usually involve mixing a sample of the patient's blood with antibodies that react to specific blood types, causing visible clumping or not. For estimating blood loss, clinical assessments consider signs like blood pressure, heart rate, and hemoglobin levels, often supported by visual estimates based on the amount of blood seen and patient symptoms."
What or Who is Leonhard Euler?,4648,"Leonhard Euler was an 18th-century Swiss mathematician and physicist, renowned for his contributions to various fields of mathematics, including calculus, graph theory, and topology. His prolific output includes Euler's identity, Euler's formula, and the Euler-Lagrange equation, among others. Euler's work deeply influenced the development of modern mathematics and science, making him one of the most important figures in mathematical history."
Are there lightning bolts on Mars?,4649,"Lightning bolts are extremely rare on Mars, primarily because its thin atmosphere lacks sufficient moisture and convective activity needed to generate large thunderstorms like those on Earth. However, NASA's rovers have detected evidence of electrical discharges in Martian dust storms, which could be seen as a form of 'dry lightning.' These discharges are not as powerful or frequent as lightning bolts on Earth, but they show that electrical activity, in some form, does exist on Mars."
What or Who is History of statistics?,4650,"The history of statistics dates back to ancient civilizations that used basic forms of statistics for record-keeping, particularly in commerce, astronomy, and to collect population data. Modern statistics began in the 17th century with John Graunt's work on demographics and the development of probability theory by Blaise Pascal and Pierre de Fermat. Over time, statistical methods have evolved to include complex concepts such as hypothesis testing, regression analysis, and Bayesian inference. Each advancement has contributed to making data interpretation and decision-making more precise across various fields."
Can we fill potato chips bags with a gas other than nitrogen?,4651,"Instead of nitrogen, it is technically possible to fill potato chips bags with other inert gases like argon or carbon dioxide. However, nitrogen is preferred because it is abundantly available, non-reactive, and cost-effective. It prevents the chips from becoming stale by displacing oxygen, which would cause the oils and fats in the chips to oxidize and spoil. Using other gases might not offer the same benefits in cost and efficiency as nitrogen does, making it the optimal choice for ensuring the freshness of the chips."
"How would an icicle ""grow"" upwards?",4652,"An icicle growing upwards is rare but can happen under specific conditions. This phenomenon, known as an inverted icicle or ice spike, generally occurs in a shallow dish of water. As the water freezes, it expands and forces the remaining liquid water through a narrow crack, forming a spike as it solidifies. Environmental factors like temperature and water purity play crucial roles in this process, influencing the direction of ice formation."
"Is there an example of a mathematical problem that is easy to understand, easy to believe in it's truth, yet impossible to prove through our current mathematical axioms?",4653,"One such problem is the Collatz Conjecture. It is easy to understand: take any natural number, halve it if it's even, or triple it and add one if it's odd, then repeat. The conjecture claims that no matter what number you start with, you will eventually reach the number one. Despite its simplicity and the consensus that it is true based on extensive computational evidence, the problem remains unproven under current mathematical principles."
Split FASTQ and matching BAM into matching chunks,4654,"To split a FASTQ file and a matching BAM file into matching chunks, one would typically use bioinformatics tools designed for handling large genomics datasets. An example workflow includes: first, splitting the FASTQ file into smaller parts with a tool like seqkit, and then using samtools to filter the BAM file to include only reads that correspond to each FASTQ chunk. This ensures that the resulting BAM segments align with their respective FASTQ parts, facilitating parallel processing and analysis."
Why are there no hurricanes in the southern Atlantic basin?,4655,"Hurricanes are rare in the South Atlantic due to a combination of factors. Firstly, the water temperatures are generally cooler than the threshold needed to fuel storm development. Secondly, the atmosphere's vertical wind shear, which can disrupt the structure of forming storms, is typically stronger in this region. Additionally, the lack of a historical seed—like an initial low-pressure system—further limits hurricane formation. Combined, these conditions are unfavorable for the development and maintenance of hurricanes."
Shape of confidence interval for predicted values in linear regression,4656,"In linear regression, the shape of the confidence interval for predicted values typically resembles a 'funnel' or 'cone' opening outward. This is because predictions close to the mean of the observed data tend to have smaller errors, while predictions made for values far from the mean have wider confidence intervals. The interval reflects the uncertainty in the predictions, being more certain near the center of the data and less certain at the extremes."
What or Who is Female hysteria?,4657,"Female hysteria was a medical diagnosis from the 19th and early 20th centuries, used to describe a variety of symptoms attributed exclusively to women, such as anxiety, irritability, or unexplained physical ailments. It was often linked to a perceived dysfunction of the uterus. Treatment methods were based on the misconception that it was a mental disorder related to female reproductive organs. Modern medicine recognizes that these symptoms could stem from a multitude of sources, challenging the validity of the historical diagnosis."
What or Who is History of geography?,4658,"The history of geography spans several millennia, beginning with ancient civilizations such as the Greeks and the Egyptians who made early maps and studied the stars for navigation. One landmark figure is Eratosthenes, who calculated the Earth's circumference in the 3rd century BCE. Geography evolved significantly during the Age of Exploration in the 15th to 17th centuries, as explorers charted new lands. Today, it incorporates advanced technologies like satellite imagery and GIS (Geographic Information Systems) to understand spatial data."
Interpretation of R's lm() output,4659,"The output of R's lm() function summarizes a linear regression model. Key components include the coefficients, which indicate the relationship between predictors and the response variable; the R-squared value, showing how much of the response variable's variation is explained by the model; and the p-values, which help determine the statistical significance of predictors. In essence, the output offers insights into how well the model fits the observed data and which predictors are meaningful."
What are imaginary numbers?,4660,"Imaginary numbers are numbers that can be written as a real number multiplied by the imaginary unit 'i,' where 'i' is defined as the square root of -1. For example, 3i is an imaginary number. Imaginary numbers are used in complex numbers, which have a real part and an imaginary part (e.g., 5 + 3i). They are essential in many fields, such as engineering and physics, for solving equations that cannot be solved using only real numbers."
How can I use a 12 V input on a digital Arduino pin?,4661,"To use a 12 V input on a digital Arduino pin, you need to step down the voltage because Arduino digital pins can only handle a maximum of 5 V. You can use a voltage divider circuit with resistors or a voltage regulator to achieve this. For instance, with a voltage divider, you place two resistors in series, using the voltage drop across one resistor to get the desired lower voltage. Ensure that the final voltage does not exceed 5 V to avoid damaging your Arduino."
What happens with the isogonic lines at the South Pole?,4662,"Isogonic lines, which represent areas of equal magnetic declination, converge at the South Pole. This convergence happens because the geomagnetic field lines, which guide compass readings, meet at the poles. At the South Pole, magnetic declination varies significantly, making it challenging to use a compass for navigation. Instead, other methods, such as GPS, are typically utilized in such extreme latitudes."
What or Who is Kepler space telescope?,4663,"The Kepler Space Telescope was a space observatory launched by NASA to discover Earth-like planets orbiting other stars. Named after the astronomer Johannes Kepler, it was launched in 2009 and operated until 2018. The telescope used the transit method, monitoring the brightness of stars to detect slight dimming caused by planets passing in front of them. This mission significantly expanded our knowledge of exoplanets and their characteristics."
What or Who is Adaptation?,4664,"Adaptation in biology refers to the process through which organisms develop traits that enable them to survive and reproduce in their environment. These traits can be structural, behavioral, or physiological. For example, the long neck of a giraffe is an adaptation for reaching high leaves, and the thick fur of polar bears is an adaptation for surviving in cold climates."
What or Who is Unified Soil Classification System?,4665,"The Unified Soil Classification System (USCS) is a soil classification system used in engineering and geology to describe the texture and grain size of soil. Soils are grouped into categories such as gravel, sand, silt, and clay. This system helps engineers and scientists to communicate soil properties clearly, which is essential for construction projects and understanding soil behavior."
What or Who is Pitot tube?,4666,A Pitot tube is a device used to measure fluid flow velocity. It is commonly used in aviation to determine airspeed. The device consists of a tube pointing directly into the fluid flow. The difference between the pressure at the open end of the tube and the static pressure of the fluid is measured to calculate the flow velocity. This principle helps pilots know how fast their aircraft is moving through the air.
How rabies virus affect almost every hot-blooded species on Earth while other viruses usually unique for one or few species?,4667,"Rabies virus can affect almost all warm-blooded animals because it targets the central nervous system, a fundamental system in these animals. The virus spreads through saliva and can adapt to various hosts, unlike some viruses that are highly specialized. For example, rabies can infect dogs, humans, and bats, disrupting brain function and causing fatal encephalitis if untreated."
"Since there isn't any resistance in space, is reaching lightspeed possible?",4668,"Reaching light speed in space is theoretically impossible due to the laws of physics, specifically Einstein's Theory of Relativity. As an object's speed approaches the speed of light, its mass effectively becomes infinite, requiring infinite energy to continue accelerating. Therefore, despite the lack of resistance in the vacuum of space, the energy requirements are prohibitive."
What or Who is Artificial gravity?,4669,"Artificial gravity is a concept of creating a force that mimics gravity in a space environment. This can be achieved through rotation, providing centrifugal force, or by linear acceleration. For example, a rotating space station can create an effect similar to gravity on its outer edges, helping astronauts maintain physical health by reducing the negative effects of prolonged weightlessness."
"If e=mc^2, does that mean that the sun is constantly losing mass through radiated energy?",4670,"Yes, according to the equation e=mc^2, the sun is constantly losing mass through the energy it radiates. This equation, proposed by Albert Einstein, states that energy (e) and mass (m) are interchangeable; they are different forms of the same thing. In the sun, nuclear fusion converts hydrogen into helium, releasing vast amounts of energy in the form of light and heat. This energy emission corresponds to a slight reduction in the sun's mass over time. Although this mass loss is relatively small compared to the sun's total mass, it continuously occurs as long as nuclear fusion processes are active in the sun's core."
How is the equilibrium of 21% oxygen in Earth's atmosphere established?,4671,"The equilibrium of 21% oxygen in Earth's atmosphere is established through a balance of processes that produce and consume oxygen. Photosynthesis by plants, algae, and some bacteria releases oxygen into the atmosphere. During photosynthesis, these organisms convert carbon dioxide and water into glucose and oxygen using sunlight. Respiration by animals and decomposition by bacteria consume oxygen and release carbon dioxide back into the atmosphere. These processes have balanced over millions of years to maintain the current oxygen level. Human activities, such as burning fossil fuels, can affect this balance, but natural processes tend to stabilize the oxygen concentration over time."
How is ocean salinity measured from space?,4672,"Ocean salinity can be measured from space using satellites equipped with specialized instruments. These instruments, such as microwave radiometers, detect variations in the natural microwave emissions from the ocean surface. Salinity affects the electrical conductivity of seawater, which in turn influences the microwave emissions. By analyzing these variations, scientists can determine salinity levels. Another method involves measuring the ocean's color with optical sensors, as salinity can influence the concentration of phytoplankton, which affect the water's color. The data collected can be used to track changes in salinity globally."
"If you had a completely empty universe, in which only 2 marbles, placed perfectly still in the beginning, with 1 ly distance in between them, how long would it take for them to collide due to gravity?",4673,"In an empty universe with only two marbles placed 1 light-year apart, it would take an extremely long time for them to collide due to gravity. The gravitational attraction between them would be very weak because their masses are small compared to astronomical objects. The time it would take depends on the masses of the marbles and their initial conditions. In such a simplified scenario, calculating the exact time requires solving complex gravitational equations. However, given their small masses and vast initial distance, the collision would take billions of years or more."
What or Who is Conversion therapy?,4674,"Conversion therapy is a controversial practice aimed at changing an individual's sexual orientation or gender identity. It is based on the false premise that being LGBTQ+ is a mental disorder that needs to be cured. Methods used in conversion therapy can include psychological counseling, aversive treatments, or spiritual interventions. Major health organizations, including the American Psychological Association, have denounced conversion therapy, citing lack of scientific evidence and potential harm to individuals undergoing such treatments. Many countries and regions have banned the practice due to its ethical implications and harmful effects."
"Why do cars travel in packs on the highway, even when there are no traffic stops to create groups?",4675,"Cars often travel in packs on highways due to human psychology and driving dynamics. Drivers tend to match the speed of nearby vehicles, creating clusters of cars moving together. This behavior, known as 'platooning,' can be influenced by the desire to maintain a constant speed, reduce the stress of lane changes, and follow a leader. Additionally, traffic waves, a phenomenon where a small disturbance causes a ripple effect, can create groups of cars. Even in the absence of traffic stops, these factors lead to the formation of packs, enhancing social interaction and perceived safety."
What is the standard way to work with a diploid reference genome? Complementary strands?,4676,"When working with a diploid reference genome, scientists must account for the fact that diploid organisms have two sets of chromosomes, one from each parent. The standard approach involves sequencing both homologous chromosomes to capture the full genetic information. Complementary strands refer to the two strands of DNA that make up the double helix, which are sequenced in such projects to ensure accuracy. Bioinformatics tools are then used to align these sequences, identify variants, and analyze the diploid genome, providing insights into genetic diversity and function."
How can I use Nanopore reads to close gaps or resolve repeats in a short-read assembly?,4677,"Using Nanopore reads to close gaps or resolve repeats in a short-read assembly involves leveraging the long-read capability of Nanopore sequencing. Short-read assemblies often leave gaps and unresolved repeats due to the limited length of reads. Nanopore sequencing produces much longer reads that can span these problematic regions. By aligning Nanopore reads to the short-read assembly, researchers can fill in gaps and accurately map repeats. Software tools designed for hybrid assembly integrate the short and long reads, improving the completeness and accuracy of the genome assembly."
How is wristwatch with 10 years battery life possible?,4678,"Wristwatches with 10-year battery life are possible due to advances in low-power electronics and battery technology. Modern watches use highly efficient movements that consume minimal power. Quartz oscillators, used in many wristwatches, require very little energy to maintain accurate timekeeping. Additionally, energy-efficient features like LED displays and minimal mechanical components further reduce power consumption. The use of high-capacity lithium batteries, which have better energy density and longer life than older battery types, also contributes to the extended battery life. Together, these technologies enable watches to operate for a decade on a single battery."
"What or Who is Alert, Nunavut?",4679,"Alert, Nunavut, is a small Canadian military and scientific outpost located in the Qikiqtaaluk Region of Nunavut. Situated on the northern tip of Ellesmere Island, it is the northernmost permanently inhabited place in the world, at a latitude of 82.5°N. The population of Alert consists mainly of military personnel, researchers, and support staff who work at the nearby weather station, military signals intelligence facility, and other scientific research sites. The remote location of Alert makes it a crucial site for Arctic research, weather monitoring, and military operations in the High Arctic."
Approximately what percent of the sky has nothing in it?,4680,The concept of the sky 
"How do centipedes/millipedes control all of their legs? Is there some kind of simple pattern they use, or does it take a lot of brainpower?",4690,"Centipedes and millipedes control their many legs through a combination of neural circuits in their central nervous system and simple, repetitive patterns. Each leg has its own set of muscles controlled by a small cluster of nerve cells, called ganglia. These ganglia coordinate movements locally and send signals to adjacent segments. This decentralized control means that motion is regulated more automatically and doesn't require intensive brainpower. For example, when a millipede walks, it follows a wave-like pattern where legs on one side move slightly out of phase with the legs on the other side, creating coordinated motion with minimal central control."
Why is the Congo River so deep?,4691,"The Congo River is extraordinarily deep, reaching depths of over 220 meters (720 feet), primarily due to geological and hydrological factors. Tectonic activity has created expansive rift valleys and deep basins, which the river flows through. Additionally, the river’s strong and constant flow has carved out extensive channels and deeper sections over millions of years. For example, the Livingstone Falls near Kinshasa significantly contribute to its depth by eroding the underlying rock. These factors combined create the exceptional depths seen in the Congo River."
Is this video fake? I thought Tesla coils only worked on AC,4692,"Tesla coils, indeed, typically operate with alternating current (AC) because they rely on the principle of electromagnetic induction to generate high-voltage electricity. Videos purporting to show Tesla coils working with direct current (DC) often involve additional circuitry to convert DC into AC or are manipulated for dramatic effect. If you're assessing a video showing such a phenomenon, it is likely that either an AC source is hidden or the video is not genuine."
Designing a lab NGS file database schema,4693,"Designing a database schema for Next-Generation Sequencing (NGS) files involves organizing data into tables with relationships. Key components include a table for raw sequence data, annotated sequence data, and sample metadata. Primary keys help link these tables, while indices on commonly queried fields improve performance. Ensure data types are appropriate for each field (like integers for counts, strings for sequences), and relationships are clearly defined to maintain data integrity. Including timestamps for data entries can also help track changes and updates over time."
What or Who is Biodynamic agriculture?,4694,"Biodynamic agriculture is an approach to farming that views the farm as a self-sustaining ecosystem. Based on principles introduced by Rudolf Steiner in the 1920s, it includes practices like crop diversification, composting, and adjusting planting times to lunar cycles. It emphasizes the use of natural fertilizers and minimal chemical inputs. For example, a biodynamic farmer might plant crops that complement each other to reduce pest problems naturally, promoting soil health and biodiversity."
What or Who is Sensor?,4695,"A sensor is a device that detects and responds to some type of input from the physical environment. The input could be light, heat, motion, moisture, pressure, or any other environmental factor. For instance, a temperature sensor in a thermostat detects the ambient temperature and signals the heating system to turn on or off. Sensors are widely used in everyday devices, from smartphones to home security systems, to collect data and automate processes."
How can I compute gene expression for a set of RNA reads?,4696,"To compute gene expression from a set of RNA reads, start by mapping the RNA sequences to a reference genome using software like STAR or HISAT. Next, use a tool such as featureCounts or HTSeq to count the number of reads aligning to each gene. These counts reflect gene expression levels. Finally, normalize the data with a method like TPM (Transcripts Per Million) or RPKM (Reads per Kilobase of transcript, per Million mapped reads) to account for differences in sequencing depth and gene length, providing a clearer comparison of expression across genes and samples."
"Is ""stainless"" a bulk or a surface property of stainless steel?",4697,"""Stainless"" is both a bulk and a surface property of stainless steel. Surface-wise, the chromium in stainless steel forms a thin, protective layer of chromium oxide that resists rust and corrosion. Bulk-wise, the alloy composition of the entire material ensures that this protective layer can regenerate if damaged. For instance, if a stainless steel knife gets a scratch, the underlying chromium can react with oxygen to reform the protective layer, maintaining its rust-resistant properties."
How can I extract only insertions from a VCF file?,4698,"To extract only insertions from a VCF (Variant Call Format) file, you need to filter the records based on the variant type. This can be done using tools like `bcftools` with a command like `bcftools view -i 'TYPE=""ins""' input.vcf -Oz -o insertions.vcf`. This command tells `bcftools` to filter and include only records that are classified as insertions and writes the result to a new VCF file named 'insertions.vcf'."
Why can you sign up for an email list instantly but to unsubscribe it can take up to 10 days? Is there an actual technical reason or is it a sales tactic to try to make you reconsider?,4699,"Signing up for an email list is instantaneous because it's an automated process. However, unsubscribing often involves multiple steps, sometimes including manual intervention to meet various anti-spam regulations or to allow a cooling-off period for changing your mind. Additionally, companies may delay processing unsubscribe requests as a tactic to retain subscribers. Legally, they might be allowed a specific timeframe to process these requests, typically up to 10 business days."
Is $7$ the only prime followed by a cube?,4710,"No, 7 is not the only prime followed by a cube. In the sequence of natural numbers, there are prime numbers that can be followed by cubes of integers. For example, the prime number 2 is followed by the cube of 1, which is also the number 1. However, 7 is uniquely followed by 8, which is the cube of 2, making it a special, small example of this occurrence."
What or Who is Richard Leakey?,4711,"Richard Leakey was a renowned paleoanthropologist and conservationist from Kenya. He made significant contributions to the field of human evolutionary studies, discovering notable fossils that shed light on early human ancestors. He also held various positions in wildlife conservation, leading efforts to combat poaching and preserve Kenya's natural heritage."
What or Who is Ordnance Survey National Grid?,4712,"The Ordnance Survey National Grid is a system used in the UK for mapping and identifying locations. It divides the UK into a grid using a series of letters and numbers to pinpoint precise locations on a map. This system helps in navigating, land planning, and emergency services."
Crossed vs nested random effects: how do they differ and how are they specified correctly in lme4?,4713,"In statistical modeling, crossed random effects occur when random factors are not hierarchically nested but occur in multiple dimensions and can interact. Nested random effects exist when one random factor is within another. In lme4, crossed effects are specified with multiple vertical bars (|), while nested effects use a combination of vertical bars and slashes (/). Correct specification ensures accurate model interpretation."
What or Who is Scoville scale?,4714,"The Scoville scale measures the spiciness or heat of chili peppers and other spicy foods. Named after its creator, Wilbur Scoville, it uses Scoville Heat Units (SHU) to quantify the capsaicin concentration, the compound responsible for the spicy sensation. For example, bell peppers have 0 SHU, while a habanero pepper can reach up to 350,000 SHU."
How do you melt metals with super high melting points?,4715,"Melting metals with very high melting points requires extremely high temperatures, often achieved using specialized furnaces like electric arc furnaces, induction furnaces, or plasma torches. These devices can generate the necessary heat to melt metals such as tungsten or molybdenum, which have melting points above 2,600 degrees Celsius."
How do you cut PCB?,4716,"Cutting a Printed Circuit Board (PCB) can be done using tools such as a saw, a shear, or a scoring knife. For precise cuts, a PCB shear or a laser cutter works well, ensuring clean, accurate edges. It's important to use the right protective gear to avoid inhaling dust or fumes generated during the cutting process."
"How 'heavy' should an element be, to be a ""Heavy Metal""?",4717,"A 'heavy metal' typically refers to elements with high atomic weights and densities, usually above 5 grams per cubic centimeter. Examples include lead, mercury, and cadmium. These metals often have significant environmental and health impacts due to their toxicity and persistence in ecosystems."
"Why doesn’t our moon rotate, and what would happen if it started rotating suddenly?",4718,"The moon does rotate, but it does so in synchronous rotation with the Earth, meaning it rotates on its axis in the same time it takes to orbit Earth. This is why we always see the same side of the moon. If the moon started rotating suddenly, it could disrupt its gravitational balance, potentially altering tides and even influencing Earth's rotation over time."
What or Who is William of Ockham?,4719,"William of Ockham was a medieval English philosopher and theologian known for Ockham's Razor, a principle stating that among competing hypotheses, the one with the fewest assumptions should be selected. This principle remains influential in scientific and philosophical reasoning today."
What or Who is Skeletor?,4720,"Skeletor is a character from the Masters of the Universe media franchise. He is the main antagonist and the archenemy of He-Man. Skeletor is a powerful sorcerer with a skull for a face and aims to conquer the mystical land of Eternia and the secrets held within Castle Grayskull. He is often depicted as cunning, ruthless, and resilient, continually plotting to defeat He-Man and take control of Eternia."
What or Who is Pattern recognition?,4721,"Pattern recognition is the ability to identify and understand recurring themes or relationships within a set of data or stimuli. It's a crucial aspect of human and machine learning, enabling the recognition of objects, sounds, and even abstract ideas. An example is recognizing handwritten numbers; despite different handwriting styles, we can identify the digit ‘5’. Machines use pattern recognition for applications like facial recognition and speech processing."
"Why do atoms ""want"" to have a full outer shell?",4722,"Atoms 'want' to have a full outer shell because a full outer shell makes them more stable. This stability occurs because electrons prefer to be in the lowest possible energy state. Atoms achieve a full outer shell by either sharing, gaining, or losing electrons, resulting in the formation of chemical bonds. For example, sodium (Na) loses one electron to achieve a full outer shell, while chlorine (Cl) gains that electron, leading to the formation of stable compounds like table salt (NaCl)."
When someone has cancer they typically lose a lot of weight. Is this due to an inability to eat due to nausea or is there something about fighting cancer that is metabolically expensive?,4723,"When someone has cancer, significant weight loss can occur due to multiple factors. Nausea and loss of appetite from treatments like chemotherapy can reduce food intake. Metabolically, cancer cells consume a lot of energy and nutrients to grow rapidly. The body's response to cancer also increases metabolic activity, which can lead to weight loss. These combined factors make fighting cancer metabolically expensive, contributing to the weight loss observed."
What or Who is Oxidizing agent?,4724,"An oxidizing agent is a substance that causes another substance to lose electrons during a chemical reaction. In simpler terms, it takes electrons from another molecule, which can lead to oxidation. A common example of an oxidizing agent is oxygen itself, which reacts with iron to form rust by taking electrons from iron atoms."
What makes Gorilla Glass more durable with each generation?,4725,"Gorilla Glass becomes more durable with each generation through improvements in its chemical composition and manufacturing process. By introducing elements like aluminum into the glass, the structure becomes more resistant to scratching and breaking. Additionally, enhanced tempering techniques make it tougher, allowing it to better withstand drops and impacts, ensuring higher durability and performance."
"How easy would it be to crack Nazi encrypted “Enigma"" machine with today’s technology?",4726,"Cracking the Nazi-encoded 'Enigma' machine with today's technology would be relatively easy compared to the 1940s. Modern computers are exponentially more powerful and can perform complex calculations at incredible speeds. Techniques like brute force attacks, which try all possible keys, can now be executed quickly. Additionally, advanced algorithms can decipher patterns much more efficiently than the early efforts during World War II."
Why does Jupiter have so many moons?,4727,"Jupiter has many moons due to its massive size and strong gravitational pull. This allows it to capture and retain various objects, from small rocks to larger celestial bodies, as moons. The planet's formation also played a role, as the leftover material in its orbit coalesced into moons. Jupiter’s significant gravitational influence extends far, allowing it to gather a diverse collection of natural satellites over time."
What or Who is Exothermic process?,4728,"An exothermic process is a chemical reaction that releases energy, usually in the form of heat, to its surroundings. This release happens because the energy used to break the reactants' bonds is less than the energy released when new bonds form in the products. A common example is the combustion of gasoline in a car engine, which releases heat and powers the engine."
Thermodynamic vs Kinetic Sulphonation of Naphthalene,4729,"Thermodynamic sulphonation of naphthalene focuses on stability and equilibrium, generally producing the most stable product under given conditions. Kinetic sulphonation, however, is determined by the reaction speed, leading to products formed quickest. For naphthalene, thermodynamic control favors the formation of the more stable 1-sulphonaphthalene, while kinetic control might lead to 2-sulphonaphthalene, which forms faster but is less stable."
"Why does water sometimes taste like nectar of the gods while other times its just, meh?",4730,"Water can taste different depending on its source, mineral content, and treatment. Minerals like calcium and magnesium can make it taste better, while contaminants might make it taste worse. Additionally, temperature can influence perception; cold water can feel more refreshing. Similarly, individual sensitivity varies, making the same water taste differently at different times. For instance, after exercise, water often tastes more appealing because the body craves hydration."
"Why was the number 299,792,458 chosen as the definiton of a metre instead of a more rounded off number like 300,000,000?",4731,"The number 299,792,458 meters per second was chosen based on precise scientific measurement. The speed of light in a vacuum is exactly 299,792,458 meters per second. This figure is based on experiments and has a high level of precision. Rounding it to 300,000,000 would introduce inaccuracy, which is undesirable in scientific contexts where precision is crucial."
Y Chromosome Aligned Reads in scATAC-seq data from a female-derived cell line?,4732,"Y Chromosome Aligned Reads in scATAC-seq data from a female-derived cell line could be due to contamination or sequence alignment errors. Females typically have two X chromosomes and no Y chromosome. However, if there is cross-contamination with male DNA or if the sequence reads are mistakenly aligned to the Y chromosome, this can occur. Ensuring strict laboratory protocols and using advanced bioinformatics tools can help minimize these errors."
Why do many laptops run on 19 volts?,4733,"Many laptops run on 19 volts due to a balance between efficiency and safety. Lower voltages like 5 or 12 volts would require higher currents for the same power, leading to bulkier components. Conversely, higher voltages would pose safety hazards and require stringent insulation. Nineteen volts is a practical medium that allows thin cables and compact designs without compromising too much on safety."
What or Who is Spirit level?,4734,"A spirit level, also known as a bubble level, is a tool used to indicate whether a surface is level or plumb. It consists of a sealed tube containing liquid and a bubble; when the bubble is centered, the surface is level. Accurate leveling is crucial in construction, carpentry, and many DIY tasks to ensure stability and precision."
"Why do shampoo ingredient labels feature the term ""Aqua""?",4735,"The term ""Aqua"" on shampoo ingredient labels is simply the Latin word for water. Using Latin terms in ingredient lists is standard practice in the cosmetic and pharmaceutical industries. This universal language helps ensure ingredients are clearly understood across different countries and languages."
What or Who is Europa Clipper?,4736,"The Europa Clipper is a NASA mission planned to explore Europa, one of Jupiter's moons. Scheduled for launch in the 2020s, it aims to study Europa's ice shell and subsurface ocean to assess its potential for supporting life. Instruments onboard will analyze surface composition, measure magnetic fields, and capture high-resolution images."
Why do Humans not produce Vitamin C like other mammals?,4737,"Humans do not produce Vitamin C due to a mutation in the GULO gene, which occurred millions of years ago. This gene is responsible for the last step in Vitamin C synthesis. Other mammals that still produce Vitamin C have an active version of this gene. Humans must obtain Vitamin C from dietary sources like fruits and vegetables to prevent deficiency diseases like scurvy."
What does the hidden layer in a neural network compute?,4738,"The hidden layer in a neural network processes inputs through neurons, performing transformations using weights and biases. These layers extract features and patterns from the input data. For example, in an image recognition task, early hidden layers might detect edges and colors, while deeper layers recognize complex shapes and objects."
Validation Error less than training error?,4739,"Validation error being less than training error can occur due to regularization techniques or dropout in neural networks, which help reduce overfitting. These methods make the model perform better on unseen data during validation than on the training set. It's also possible if the training set has noise or errors, causing higher training error."
"Why does using bar soap when washing my hands and/or body give it a very grippy feeling after using it, while liquid soap doesn’t?",4750,"When you use bar soap, it can leave a residue on your skin. This happens because bar soaps often have higher pH levels and some fat molecules that don’t wash off easily. This residue can create a 'grippy' feeling as it momentarily coats the skin. Liquid soap generally rinses off more thoroughly because it is formulated to be more soluble in water, often containing agents that make it rinse away completely, leaving your skin feeling smoother and less 'grippy.'"
Is there any role today that would justify building a large single dish radio telescope to replace Arecibo?,4751,"Building a large single-dish radio telescope to replace Arecibo isn’t as critical today because of advancements in interferometry, where multiple smaller telescopes are combined to simulate a much larger one. This allows for higher resolution and greater flexibility. However, a large single dish could still be useful for specific tasks like scanning large swathes of the sky more quickly or for roles in planetary defense by tracking near-Earth objects."
Explaining Dark Matter and Dark Energy to layman,4752,"Dark Matter and Dark Energy are mysterious components of the universe that we can’t see directly. Dark Matter acts like a glue holding galaxies together, suggesting there’s more mass than we can observe. Dark Energy is thought to be pushing the universe to expand at an accelerating rate. We infer their existence based on the gravitational effects on visible matter and the accelerated expansion of the universe, even though we can’t detect them with traditional instruments."
Why is saltatory conduction in myelinated axons faster than continuous conduction in unmyelinated axons?,4753,"Saltatory conduction is faster in myelinated axons because the electrical impulses jump between nodes of Ranvier (small gaps in the myelin sheath). This leapfrogging greatly speeds up transmission. In contrast, continuous conduction in unmyelinated axons requires the impulse to travel the entire length of the axon, which is much slower since it doesn’t benefit from the jump between nodes."
"Why does making a 3 degree difference in your homes thermostat feel like a huge change in temperature, but outdoors it feels like nothing?",4754,"A 3-degree difference in your home’s thermostat feels substantial because the indoor environment is more controlled and stable. Small changes are easily noticed against this stable background. Outdoors, temperatures fluctuate more widely and constantly, causing your sensory perception to adapt and making a 3-degree change feel minor in comparison."
What or Who is Process engineering?,4755,"Process engineering is a discipline focusing on the design, optimization, and oversight of industrial processes. It aims to improve efficiency, productivity, and safety in the production of goods and services. Process engineers analyze workflows, develop new processes, and apply technologies to manage resources effectively. Industries like chemicals, pharmaceuticals, and oil and gas heavily rely on process engineers."
"In HBO's Silicon Valley, they mention a ""decentralized internet"". Isn't the internet already decentralized? What's the difference?",4756,"The internet is indeed decentralized in how its nodes are distributed across the globe. However, the term 'decentralized internet' in HBO’s Silicon Valley refers to a more radical approach where control and data are not only spread out but also more resistant to central authority and failure. This enhanced decentralization often involves peer-to-peer networks and blockchain technology, ensuring no single entity has control over internet data and services."
What actually is the dial up internet noise?,4757,"The dial-up internet noise is a sequence of sounds made by a modem during the connection process. These sounds represent protocols and signals exchanged between your modem and the internet service provider’s computer, establishing a data link. It includes a handshake sequence for negotiating connection parameters and synchronizing data transmission to facilitate internet access over telephone lines."
Difference between standard error and standard deviation,4758,"Standard deviation measures the amount of variation or dispersion in a set of values, showing how spread out the values are from the mean. Standard error, on the other hand, measures the accuracy with which a sample represents a population. It is calculated by dividing the standard deviation by the square root of the sample size, providing insight into how much sampling variability there is."
Why is gold unreactive when only one electron is in the outer shell?,4759,"Gold is unreactive despite having one electron in its outer shell because it’s a heavy atom with a strong relativistic effect. The inner electrons travel close to the speed of light, increasing their mass and pulling them closer to the nucleus. This makes it harder for the outer electron to participate in chemical reactions, rendering gold highly resistant to corrosion and tarnish."
"If my voice sounds different to me than it does in a recording, then how am I able to accurately match my singing voice to the key of a song?",4760,"Your voice sounds different to you than in a recording because of how sound waves travel. When you speak, some sound waves travel through the air and some through your skull directly to your inner ear. This makes your voice sound deeper and fuller to you. Recordings capture only the air-transmitted waves, which is why it sounds different. When matching your singing voice to a song, you rely on auditory feedback from the air-transmitted waves, just like you would hear in a recording. With practice, your brain learns to correlate this external feedback with the sounds you intend to produce, allowing accurate pitch matching."
Online tool for making graphs (vertices and edges)?,4761,"An online tool for making graphs with vertices and edges is GraphVis. GraphVis allows you to create, edit, and visualize graphs easily. You can add nodes (vertices) and connect them with lines (edges) to represent relationships. The tool also offers options to label nodes and adjust the appearance of your graph. This can be useful in various applications like computer science, social network analysis, or visualizing complex relationships between data points."
Does convergence in $L^p$ imply convergence almost everywhere?,4762,"Convergence in $L^p$ does not necessarily imply convergence almost everywhere. Convergence in $L^p$ means that the mean of the p-th power of the absolute differences between functions goes to zero. However, almost everywhere convergence means that the functions converge at every point except for a set of measure zero. It's possible for a sequence of functions to converge in $L^p$ without converging pointwise almost everywhere. Therefore, these two types of convergence are different and one does not imply the other."
Why does the alignment evaluation image from JWST look like this?,4763,"The alignment evaluation image from the James Webb Space Telescope (JWST) shows a pattern because it represents how the telescope's mirrors are being fine-tuned. The image displays multiple versions of a single star, each corresponding to reflections from different mirrors. These separate images are adjusted until they align perfectly, creating a single, sharp image. This process ensures that all 18 segments of the telescope's mirror work together as a single optical surface for clear and focused observations."
What or Who is Figure of the Earth?,4764,"The Figure of the Earth refers to the shape and size of our planet. Rather than being a perfect sphere, the Earth is an oblate spheroid, which means it is slightly flattened at the poles and bulging at the equator. This shape is due to the rotation of the Earth, which causes the equatorial region to push outward. Understanding the Earth's figure is important for accurate geographical and navigational calculations, as well as in the study of geophysics and satellite positioning systems."
How to remove all BAM read groups from all reads (not just the header)?,4765,"To remove all BAM read groups from all reads, you can use a tool like `picard` or `samtools`. For example, using `picard`, you would run `picard AddOrReplaceReadGroups I=input.bam O=output.bam RGID=id RGLB=library RGPL=platform RGPU=unit RGSM=sample ` with placeholder values to overwrite existing read groups. Alternatively, with `samtools`, you can use `samtools view -h input.bam | grep -v '@RG' | samtools view -b -o output.bam -` to exclude read group information."
Are stars expected to become dimmer before a supernova?,4766,"Stars do not generally become dimmer before a supernova; instead, certain types of stars, particularly massive ones, may undergo periods of variability where their brightness changes. Right before a supernova, a star may exhibit significant changes in brightness due to instabilities in its core. However, predicting a supernova based on dimming is unreliable. More consistent signs include the star showing unusual spectral lines or increased neutrino emissions, indicating critical changes in the star's core processes."
What is the reason that a likelihood function is not a pdf?,4767,"A likelihood function measures the plausibility of parameter values given specific observed data, while a probability density function (pdf) describes the likelihood of different outcomes of a random variable. The key difference is the role of the parameters: in a likelihood function, parameters are fixed and data can vary; in a pdf, the parameters are fixed and determine the distribution of data. Therefore, a likelihood function doesn't integrate to one over its parameter space, unlike a pdf over its sample space."
"South Korea just got hit with a 5.4 magnitude earthquake. 3 days ago, North Korea carried out a nuclear weapons test that caused a 5.3 magnitude seismic event. Is it possible that today's earthquake is a result of the nuclear testing several days ago?",4768,"It is highly improbable that a nuclear test in North Korea caused an earthquake in South Korea. Earthquakes are usually caused by the movement of tectonic plates rather than human activities. While nuclear tests can create seismic events, their impact is typically localized. The 5.4 magnitude earthquake in South Korea is likely due to natural tectonic activities rather than being triggered by the earlier nuclear test. Scientific investigations would be required to establish any direct connection."
What or Who is Not even wrong?,4769,"'Not even wrong' is a phrase used to describe statements or theories that are so flawed that they cannot be tested or falsified. Originally coined by physicist Wolfgang Pauli, it signifies that a proposition does not meet the criteria of being a scientific hypothesis. It implies a lack of coherence or relevance to the subject matter, rendering it meaningless in a scientific context. For example, a theory that cannot be empirically tested or lacks clarity would be considered 'not even wrong'."
How does bowing work in Japanese culture. I've heard there are so many subtleties to bowing that a Westerner should never attempt it. Is this true? What are some of these subtleties?,4780,"Bowing in Japanese culture is a form of greeting, respect, and expressing gratitude or apology. The depth and duration of a bow can convey different levels of respect. For instance, a shallow bow (around 15 degrees) is common for informal settings, while a deeper bow (30-45 degrees) is used in formal contexts. Bowing is nuanced, and while a Westerner can attempt it with care, it's important to be aware of these subtleties to avoid unintentional disrespect. For example, maintaining eye contact while bowing is generally considered impolite. Mastering the subtleties involves practice and cultural immersion."
How are the standard errors of coefficients calculated in a regression?,4781,"The standard error of coefficients in a regression measures the accuracy of the coefficient estimates. It is calculated by taking the standard deviation of the residuals (differences between observed and predicted values) and scaling it according to the sample size and variance of the predictor variable. Mathematically, it's the square root of the variance of the estimate divided by the number of observations. This helps in understanding how much the estimated coefficients would vary if the experiment were repeated."
What roles do neutrons play in an atom?,4782,"Neutrons are neutral particles in an atom's nucleus that, along with protons, make up most of its mass. They help to stabilize the nucleus by reducing the electrostatic repulsion between positively charged protons. Neutrons also play a crucial role in nuclear reactions, such as fission and fusion. For example, in nuclear reactors, neutrons collide with uranium atoms to sustain a chain reaction that releases energy."
How is the GT field in a VCF file defined?,4783,"The GT field in a VCF (Variant Call Format) file represents the genotype of the sample at a particular genomic position. It indicates the alleles present in the individual, showing either homogeneity (e.g., 0/0 or 1/1) or heterogeneity (e.g., 0/1) of the variants. The numbers refer to the reference and alternate alleles listed in the file, making it possible to understand genetic variations."
What or Who is Functional medicine?,4784,"Functional medicine is a holistic approach to healthcare that focuses on identifying and addressing the root cause of diseases. Practitioners view the body as an interconnected system, rather than isolated organs, and emphasize personalized medicine based on genetic, environmental, and lifestyle factors. For example, instead of only treating symptoms, functional medicine looks into why those symptoms are occurring and how to address the underlying issue."
What or Who is Peer review?,4785,"Peer review is a process whereby scientists evaluate the quality and validity of each other's research before publication. It helps ensure the accuracy, reliability, and originality of scientific findings. During peer review, independent experts in the same field scrutinize the study's methodology, data, and conclusions. This process is crucial for maintaining scientific integrity and advancing knowledge."
How did Earth's plate tectonics start?,4786,"The Earth's plate tectonics likely started due to the planet cooling and solidifying after its formation. As the surface cooled, it cracked into plates. Heat from the mantle created convection currents, causing these plates to move. Over time, these movements led to the development of continents and ocean basins. For instance, the creation of the supercontinent Pangaea was a result of plate tectonic activities."
How does Walter White make pure crystal meth using a non-stereospecific reaction?,4787,"Walter White's method in the TV show 'Breaking Bad' is fictional and involves a non-stereospecific reaction, implying it doesn't favor the production of one enantiomer over another. In reality, making pure crystal methamphetamine would require careful control of reaction conditions and specific catalysts to favor one form, known as the 'R' or 'S' enantiomer, which are mirror images of each other."
What or Who is Isothermal process?,4788,"An isothermal process occurs when a system changes at a constant temperature. In such a process, the internal energy of an ideal gas remains unchanged, and any heat added to the system does work. For example, in a piston-cylinder apparatus, compressing or expanding the gas slowly while maintaining the temperature constant is an isothermal process."
How to visualize what ANOVA does?,4789,"ANOVA, or Analysis of Variance, helps determine if there are statistically significant differences between the means of three or more groups. Visualize it using box plots or histograms showing the distributions of each group. If the ANOVA results show significant differences, it means that at least one group mean is different. For example, in testing different fertilizers on plant growth, ANOVA could help determine which fertilizer works best."
"The freezing point of carbon dioxide is -78.5C, while the coldest recorded air temperature on Earth has been as low as -92C, does this mean that it can/would snow carbon dioxide at these temperatures?",4790,"Though carbon dioxide (CO2) can freeze into dry ice at -78.5°C, the Earth's atmosphere contains very little of it—about 0.04%. Snow typically forms from substances present in much higher quantities, like water. While -92°C is cold enough to freeze CO2, the minimal amount in the air means we wouldn't get significant snowy accumulation of CO2. Essentially, the rare presence of CO2 in the atmosphere would prevent snowfall of dry ice regardless of the low temperature."
"how come a cup of coffee doesn't seem to quench your thirst, even though it's mostly water?",4791,"A cup of coffee may not quench your thirst effectively due to several reasons. Firstly, coffee contains caffeine, a natural diuretic that can increase your body's excretion of water through urine. Additionally, coffee is acidic, which can sometimes irritate the stomach and digestive system, potentially creating a sensation of discomfort rather than thirst relief. Moreover, the heat from coffee can cause slight dehydration as your body uses water to cool down."
"How do we know what names mean? E.g. Hercules wife was called deinara, which means husband destroyer. In ancient greece was this woman literally called husband-destroyer?",4792,"Names in ancient cultures often carried meanings reflective of character traits or symbolic significance. 'Deinara' translates to 'husband-destroyer,' which may reflect her mythological story rather than her actual day-to-day name. Ancient Greeks used symbolic names like these in literature to provide insight into a person's character or destiny, rather than as literal translations of the person's everyday use name."
Why do tropical cyclones not tear themselves apart?,4793,"Tropical cyclones maintain their structure due to the continuous source of warm ocean water, which provides energy. The warm air rises, creating a low-pressure zone, which is then filled by cooler air, leading to a self-sustaining cycle of wind and rain known as the cyclone's circulation. This balance of heat, moisture, and air pressure prevents the cyclone from tearing itself apart as long as it remains over warm waters."
What or Who is Galileo (satellite navigation)?,4794,"Galileo is a global satellite navigation system developed by the European Union. It provides highly accurate positioning data for users worldwide and is intended to offer an independent alternative to other global navigation systems like GPS (USA) and GLONASS (Russia). Named after the famed astronomer Galileo Galilei, it aims to enhance navigation for civilian and commercial applications."
What or Who is Tabby's Star?,4795,"Tabby's Star, also known as KIC 8462852, is an unusual star located about 1,470 light-years from Earth, known for its bizarre and significant dimming events. Unlike normal stars, its brightness changes unpredictably, leading to various theories including the possibility of an irregular orbit of circumstellar material or larger structures blocking the light, although most explanations favor natural phenomena."
Does this recording sound like the pulses emitted by bats?,4796,"Without listening to the specific recording, it's difficult to confirm if it sounds like bat pulses, but bat echolocation typically consists of high-frequency chirps or clicks used to navigate and hunt. These sounds are often beyond human hearing, needing special devices to be detected. If the recording captures rapid, high-pitched sequences, it may resemble bat pulses."
Identifying Source of Periodic Artifact at Op-Amp Output,4797,"Identifying the source of periodic artifacts at an operational amplifier’s output involves examining various factors such as power supply noise, external electromagnetic interference, or feedback loop instability. Checking the circuit's layout, grounding, and shielding, as well as using an oscilloscope to trace the noise, can help pinpoint and resolve these periodic disturbances in the signal."
"Why are the tops of clouds all poofy and fun, but the bottoms are totally flat and boring?",4798,"Clouds appear poofy at the top because of the upward movement of warm, moist air. As this air rises, it cools and condenses to form cloud droplets, creating the fluffy appearance. The bottoms remain flat because they mark the altitude at which the rising air reaches the dew point and begins to condense, creating a uniform base where condensation starts."
Duplicate genes with RSEM counts: Which one to choose?,4799,"When dealing with duplicate genes in RNA-Seq data, like those measured by RSEM, it is essential to use biological context and additional data. Prioritize the gene exhibiting higher expression levels across samples or select based on functional studies, annotated databases, or specific experimental goals. This approach ensures more accurate and relevant analysis of gene expression."
When to use regularization methods for regression?,4800,"Regularization methods for regression are used when you want to prevent overfitting, which occurs when your model performs well on training data but poorly on new, unseen data. Overfitting usually happens when the model is too complex. Regularization techniques, such as Lasso or Ridge regression, add a penalty for larger coefficients, thereby simplifying the model. An example is predicting house prices with many predictors; without regularization, the model might be too tailored to the training data, not generalizing well to new data. Regularization helps maintain a balance between bias and variance, leading to better performance on new data."
"When our brain begins to lose its memory, is it losing the memories themselves or the ability to recall those memories?",4801,"When our brain begins to lose memory, it is generally losing the ability to recall those memories rather than the memories themselves. This decline in memory recall is often due to issues in the hippocampus, a region critical for retrieving stored information. For example, in Alzheimer's disease, the hippocampus deteriorates, making it difficult to access memories. While the memories might still exist within the brain, the pathways to retrieve them become compromised. This can be compared to having a library full of books but no index to find them."
When a woman is pregnant does the baby follow the same sleeping patterns as the mother? Or can they have 2 separate sleeping patterns?,4802,"When a woman is pregnant, the baby's sleeping patterns can be independent of the mother's. The fetus develops its own sleep cycles, which do not necessarily align with the mother's sleep. For instance, pregnant women often feel the baby kicking during the night, indicating fetal activity when the mother is trying to sleep. Babies have their own rhythms of activity and rest that are influenced by their development and the external environment, rather than directly mirroring the mother's sleep schedule."
What are some of the strongest theories against the existence of mantle plumes?,4803,"Some strong theories against the existence of mantle plumes include the Plate Tectonics theory and the alternative 'Top-Down' models. Plate Tectonics suggest surface movements and spreading centers drive volcanic activity, not deep mantle plumes. 'Top-Down' models argue that lithospheric processes, like near-surface fractures, can explain volcanic hotspots. For example, the volcanic activity in Yellowstone could be explained by decompression melting due to crust thinning, rather than a plume. These theories suggest that mantle dynamics are more complex and variable than a simple plume model can account for."
What or Who is World Geodetic System?,4804,"The World Geodetic System (WGS) is a standard for mapping and navigation. It provides a consistent coordinate frame for the Earth, which is important for GPS systems. The latest version, WGS 84, includes data on Earth's shape, gravity field, and rotational motion to ensure accuracy. For example, when you use GPS on your phone, WGS 84 allows it to pinpoint your location with high precision, integrating data from satellites orbiting Earth. The system is crucial for everything from aviation to smartphone navigation."
What makes ‘permanent’ markers more permanent than regular markers?,4805,"Permanent markers are more permanent than regular markers because they use solvents and pigments that adhere firmly to surfaces. Unlike water-based markers, permanent markers contain chemicals like xylene or toluene that evaporate quickly, leaving the ink to bond strongly with surfaces. For instance, writing on a plastic surface with a permanent marker produces a mark that resists rubbing off, whereas a regular marker's ink would smudge easily. The chemical composition and quick-drying behavior make these markers more durable and long-lasting."
Why are there no green stars?,4806,"There are no green stars because of how stars emit light and how our eyes perceive it. Stars emit a spectrum of colors, but when they are in a range where green would be dominant, they also emit enough red and blue light to appear white to our eyes. For example, our Sun emits across all visible wavelengths but appears white or yellowish because it's a mix of colors. Green stars would emit more uniformly in the green spectrum, but real stars instead emit a balanced spectrum that makes them appear white or other colors."
Do any animals other than humans undergo menopause?,4807,"Yes, some animals other than humans undergo menopause. Notably, some whale species such as orcas and pilot whales experience menopause. In these species, older females stop reproducing but continue to live long lives, contributing to their pods by sharing knowledge and helping to care for young whales. This phenomenon in whales is believed to enhance the survival and success of their families, providing evolutionary advantages similar to the role human grandmothers play in familial and social structures."
"What causes 'positive' lightning to be rarer, higher charged, and longer lasting than 'negative' lightning?",4808,"Positive lightning is rarer, higher charged, and longer-lasting than negative lightning because it originates from the top of a thunderstorm, where positive charges accumulate. This position requires it to travel a greater distance to the ground, accumulating higher voltage. For example, positive lightning can carry about ten times the charge of negative lightning, making it more powerful and destructive. The longer duration is due to the higher electrical potential needed to bridge the larger gap between cloud and ground, resulting in an extended discharge time."
Why does more transistors = more processing power?,4809,"More transistors equal more processing power because transistors are the building blocks of computer processors, acting as tiny switches that control electrical signals. More transistors allow for greater parallelism, meaning a processor can handle more tasks simultaneously. For example, in modern CPUs, billions of transistors enable complex computations and multitasking by dividing processes into smaller sub-tasks managed simultaneously. This enhances performance, allowing for faster and more efficient processing, as seen in high-performance applications like gaming, data analysis, and AI."
Can mining trigger earthquakes?,4810,"Yes, mining can trigger earthquakes. Mining involves removing large amounts of rock and minerals from the earth, creating voids and changing the underground pressure and stress conditions. This can destabilize the rock formations, leading to the adjustment of stresses in the Earth's crust, which can cause minor to moderate earthquakes. This phenomenon is known as induced seismicity. For example, coal mining in certain regions has been known to cause such seismic events due to the changes in subsurface stress and strain."
Is there a reason most mountain ranges seem to run parallel to coastlines?,4811,"Most mountain ranges run parallel to coastlines due to tectonic activity. Tectonic plates, which make up Earth's surface, move and interact at their boundaries. When an oceanic plate converges with a continental plate, the denser oceanic plate often gets pushed under the continental plate in a process called subduction. This creates pressure, causing the crust to crumple and form mountain ranges. The Andes in South America and the Rockies in North America are examples of such formations where the mountains parallel the coastline."
The Mars Perseverance Rover's Parachute has an asymmetrical pattern to it. Why is that? Why was this pattern chosen?,4812,"The asymmetrical pattern on the Mars Perseverance Rover's parachute serves two main purposes. Firstly, it helps engineers to determine the parachute's orientation and dynamics during descent, which is crucial for assessing the equipment's performance. Secondly, the pattern contains encoded information: it spells out the Jet Propulsion Laboratory's motto, 'Dare Mighty Things,' in binary code. This design showcases a blend of engineering functionality and a symbolic message, emphasizing the innovation behind the mission."
What or Who is Bayer process?,4813,"The Bayer process is an industrial method for refining bauxite to obtain aluminum oxide (alumina), which is a precursor for producing aluminum metal. Invented by Carl Josef Bayer in 1888, the process involves dissolving crushed bauxite in sodium hydroxide to separate alumina from the more inert materials. The alumina is then precipitated out of the solution, filtered, and calcined to remove water, leaving behind pure aluminum oxide. This method is critical for the large-scale production of aluminum."
"What is the difference between orthologs, paralogs and homologs?",4814,"Homologs refer to genes related by descent from a common ancestor. Orthologs are genes in different species that evolved from a common ancestral gene by speciation, typically retaining the same function. Paralogs are genes related by duplication within a genome and may evolve new functions. For instance, the gene for hemoglobin in humans is orthologous to the gene in mice as they serve the same function across species, while human hemoglobin and myoglobin are paralogs, emerging from gene duplication within the same organism."
"How can I understand and prove the ""sum and difference formulas"" in trigonometry?",4815,"To understand and prove the sum and difference formulas in trigonometry, start with basic trigonometric identities and geometric interpretations. For example, the sine formula for angles a and b, sin(a + b), can be derived using the unit circle and considering the coordinates of points corresponding to angles a and b. Visualizing sin(a + b) as the y-coordinates sum when projecting onto the unit circle can aid comprehension. Practicing derivations step-by-step ensures these relationships become clear and intuitive."
How are snakemake's --cluster and --drmaa options implemented?,4816,"Snakemake's --cluster and --drmaa options facilitate running jobs on compute clusters. The --cluster option allows Snakemake to submit jobs to any cluster by specifying a command-line template for job submission, letting you define resources and parameters. The --drmaa option uses the Distributed Resource Management Application API, enabling job submissions via DRMAA-compliant job schedulers without needing specific templates. Both options are crucial for scaling workflow execution in high-performance computing environments."
Is the following matrix invertible?,4817,"To determine if a matrix is invertible, check if it is square (same number of rows and columns) and if its determinant is non-zero. For example, the 2x2 matrix [[a, b], [c, d]] is invertible if ad - bc ≠ 0. For larger matrices, the determinant should be calculated. If the determinant is zero, the matrix is singular and not invertible."
what does ‘I think therefore I am’ mean and why is it a big deal?,4818,"'I think, therefore I am,' coined by philosopher René Descartes, means that the very act of doubt or thought implies a thinking being's existence. This statement is foundational in Western philosophy as it establishes the self-evident truth of one’s existence through conscious thought, forming the basis for Descartes' theory of knowledge and existence."
Is there really no better way to diagnose mental illness than by the person's description of what they're experiencing?,4819,"While personal descriptions are crucial in diagnosing mental illness, other tools are also used. These include psychological tests, behavioral assessments, and sometimes biological measures such as brain imaging or blood tests. A comprehensive approach often yields a more accurate diagnosis, combining subjective reports with objective evaluations to understand mental health conditions better."
What or Who is Exoplanet?,4820,"An exoplanet is a planet that orbits a star outside our solar system. These celestial bodies are similar to the planets in our own solar system but exist in distant star systems. Astronomers discover exoplanets primarily by observing the dimming of a star when a planet crosses in front of it or by detecting slight wobbles in the star's position. An example is Proxima Centauri b, an exoplanet orbiting the closest star to the Sun."
Why don't gases escape Earth's atmosphere?,4821,"Gases do not escape Earth's atmosphere primarily due to gravity. Earth’s gravitational force attracts gas molecules towards the planet and keeps them from drifting into space. Additionally, the Earth's atmosphere is layered, with each layer having different temperatures and pressures that further contain the gases. For example, the uppermost layer, the exosphere, gradually thins out into space but still retains some gas molecules due to gravity."
What or Who is Statistical inference?,4822,"Statistical inference is a method used to make conclusions about a population based on a sample of data from that population. It involves techniques, such as hypothesis testing and confidence intervals, which allow scientists to make predictions or decisions about the larger group. For instance, a medical researcher might use statistical inference to determine if a new drug is effective based on test results from a smaller group of patients."
A good tool for gene locus visualization,4823,"A good tool for gene locus visualization is a genome browser. Genome browsers, such as the UCSC Genome Browser or Ensembl, provide detailed views of genomic regions, allowing researchers to explore genes, their loci, and related annotations. These tools display various data tracks, such as gene positions, expression levels, and variant information, making it easier to study genetic features and their locations."
"How do veterinarians determine if animals have certain medical conditions, when normally in humans the same condition would only be first discovered by the patient verbally expressing their pain, etc.?",4824,"Veterinarians diagnose animals using several methods. They rely on physical exams, where they look for visual signs of illness or injury, and on diagnostic tests like blood tests, X-rays, or ultrasounds to detect internal issues. Behavioral changes, such as a loss of appetite or lethargy, are also important indicators. For example, a limping dog may prompt an X-ray to check for fractures or arthritis."
What or Who is Vernier scale?,4825,"A Vernier scale is a measuring instrument used to read precise measurements on manual calipers, micrometers, or other devices. It consists of a main scale and a sliding Vernier scale. The user reads the main scale first, then the Vernier scale, which improves accuracy by offering fractional readings. For instance, a caliper with a Vernier scale can measure dimensions up to a hundredth of a millimeter."
How do urban areas affect rain?,4826,"Urban areas affect rain through the urban heat island effect, where cities with concrete and asphalt surfaces absorb more heat, leading to increased local temperatures. This heat causes more air to rise and cool, forming clouds and increasing rainfall. Pollution particles in cities can also promote cloud formation by acting as nuclei for raindrop formation. An example is increased rainfall observed over large cities like New York."
"Are the terms ""nuclear"" and ""thermonuclear"" considered interchangeable when talking about things like weapons or energy generating plants or the like?",4827,"The terms 'nuclear' and 'thermonuclear' are not interchangeable. 'Nuclear' refers to reactions that involve changes in the nucleus of an atom, including fission (splitting of atoms) and fusion (combining of atoms). 'Thermonuclear' specifically refers to fusion reactions that occur at extremely high temperatures, such as those in hydrogen bombs or the sun's core. Nuclear reactors use fission, while thermonuclear weapons use fusion."
Softmax vs Sigmoid function in Logistic classifier?,4828,"The Softmax function and the Sigmoid function are both used in logistic classifiers to transform raw scores into probabilities. The Sigmoid function is used in binary classification and outputs values between 0 and 1. The Softmax function is used in multi-class classification, converting each class score into a probability, ensuring they sum to 1 across all classes. For example, in classifying images of digits, Softmax would assign probabilities to each possible digit, while Sigmoid would indicate the likelihood of a binary outcome like 'is a digit.'"
How does JWST position itself to see and resolve an exact target?,4829,"The James Webb Space Telescope (JWST) positions itself using a combination of gyroscopes, reaction wheels, and star trackers. Gyroscopes maintain the telescope’s orientation, while reaction wheels adjust its position. Star trackers provide precise location information by identifying known stars. Together, these tools enable the JWST to pinpoint and stabilize its view on specific cosmic targets, ensuring high-quality observations."
"if the colon has no pain receptors, why does trapped gas hurt so much?",4830,"The colon itself does not have pain receptors; however, it is surrounded by other tissues and structures that do. When gas becomes trapped, it can stretch and strain these surrounding tissues, leading to discomfort and pain. This stretching can activate pain receptors in these nearby areas, causing the sensation of pain, bloating, and cramps. It is similar to filling a balloon within a rigid container—the pressure on the container walls leads to discomfort."
What or Who is Ohio State University Radio Observatory?,4831,"The Ohio State University Radio Observatory, also known as the Big Ear, was a radio telescope in Ohio, USA. It was used to search for extraterrestrial radio signals as part of the SETI project. The Big Ear made significant contributions to radio astronomy, including the detection of the famous 'Wow! signal' in 1977, which remains a subject of interest and curiosity because its origin is still unexplained."
"How many mosquitoes would it take to ""drain"" enough blood to put a person into shock?",4832,"A single mosquito extracts a very small amount of blood—approximately 0.01 milliliters per bite. To produce shock from blood loss, about 1,500 milliliters (or 1.5 liters) of blood loss is generally needed. This would require approximately 150,000 mosquito bites in a short period to cause such a condition, making this scenario highly improbable under normal circumstances."
What or Who is Konstantin Tsiolkovsky?,4833,"Konstantin Tsiolkovsky was a Russian rocket scientist and pioneer of astronautics. He is best known for his foundational work in rocket theory, including the Tsiolkovsky rocket equation, which describes the motion of vehicles in space. His vision of space exploration and theoretical contributions laid the groundwork for modern astronautics and rocketry."
Is normality testing 'essentially useless'?,4834,"Normality testing aims to determine if data follows a normal distribution, a key assumption in many statistical methods. Critics argue it's often unnecessary because many robust statistical tests do not require normality. However, it can still be useful for understanding data characteristics and guiding the selection of appropriate methods. So, its usefulness depends on the context of the analysis."
"If a nuclear bomb went off in Boston harbor could scientists tell after the fact who had manufactured it, do they leave distinct radioactive signatures?",4835,"Yes, a nuclear bomb leaves distinct radioactive signatures that can provide clues about its origin. Scientists analyze the radioactive fallout for unique isotopic compositions specific to the materials and processes used in its manufacture. This forensic technique is part of nuclear forensics, which helps identify the source and the designer of the weapon post-detonation."
How does the White House prevent visitors or the press pool from planting a bug in the Oval Office? Do they sweep it after every visit?,4836,"The White House employs extensive security measures to prevent eavesdropping, including regular sweeps for electronic bugs in sensitive areas like the Oval Office. These sweeps are conducted by specialized teams using advanced detection equipment to find and neutralize hidden surveillance devices after visits and before important meetings."
What or Who is Arecibo Observatory?,4837,"The Arecibo Observatory was a large radio telescope located in Puerto Rico. It was famous for its research in radio astronomy, atmospheric science, and radar observations of planets. Known for its role in the search for extraterrestrial intelligence (SETI), it also provided significant data on various celestial phenomena before structural damage led to its collapse in 2020."
What is the accepted theory as to why Uranus' axis is tilted so severely?,4838,"The accepted theory for Uranus' extreme axial tilt is that it experienced a colossal collision with an Earth-sized object early in its history. This impact likely knocked the planet onto its side, resulting in its approximately 98-degree tilt. This event also influenced the planet's rotational dynamics and possibly its moons' orbits."
"Why can't we just inject a ton of power into a phone at once to instantly charge it? Is that just too dangerous, or just not possible?",4839,"Instantly charging a phone by injecting a large amount of power is not feasible due to the limitations of battery chemistry and safety concerns. Batteries can overheat, degrade, or even explode if charged too quickly. Electrical components and circuitry are also designed to handle power within specific limits to ensure safe and efficient charging."
What or Who is Transmission electron microscopy?,4840,"Transmission electron microscopy (TEM) is a powerful imaging technique used to view the internal structure of cells and materials at a very high resolution. Unlike light microscopes, which use light to illuminate the specimen, TEM uses a beam of electrons. These electrons pass through an extremely thin sample, and because electrons have a much shorter wavelength than light, they can reveal much finer details. Scientists use TEM to study the detailed architecture of cells, viruses, and even the fine structure of materials like metals and polymers."
Why isn't vomit corrosive?,4841,"Vomit isn't typically corrosive because it mainly consists of stomach contents, such as partially digested food, water, and a relatively small amount of stomach acid. The concentration of the acid in vomit is much lower compared to the concentrated hydrochloric acid in your stomach that helps digest food. This dilution, combined with the neutralizing effects of food and digestive fluids, reduces the corrosive properties of vomit."
"Why does a laptop say it's at 6-8% charge, and then it dies, but when it's at a higher charge, going from 60% to 59% takes a while?",4842,"A laptop's battery indicator isn't always precise. When a high charge is indicated, the battery discharges more slowly, giving you time to notice the drop. However, at lower charges, the battery's chemical reactions deplete more quickly, leading to a rapid decline. Battery degradation over time also causes inconsistency in charge readings, making it seem like the battery dies quickly after reaching a low percentage."
What or Who is Shuttle Carrier Aircraft?,4843,"Shuttle Carrier Aircraft (SCA) refers to two specially modified Boeing 747 jetliners used by NASA to transport Space Shuttle orbiters. These aircraft carried shuttles on their back from landing sites to launch facilities. The SCAs were integral to the Space Shuttle program, ensuring that shuttles could be transported for necessary repairs, maintenance, or future missions."
"Why does a very strong BLAST hit get lost when I change num_alignments, num_descriptions or max_target_seqs parameter?",4844,"In BLAST (Basic Local Alignment Search Tool), changing parameters like num_alignments, num_descriptions, or max_target_seqs alters the number of results displayed. A very strong match might seem 'lost' if the new settings restrict output to a fewer number of alignments or targets, potentially placing the strong match outside the range of displayed results. Adjusting these parameters helps balance sensitivity and manageability of search results."
Why can't moon light (reflected sun light) turn the sky blue?,4845,"Moonlight, which is reflected sunlight, is too faint to scatter significantly in the Earth's atmosphere. The blue sky during the day is caused by Rayleigh scattering, where shorter blue light waves scatter more than longer wavelengths. Moonlight is about 400,000 times dimmer than sunlight, so it doesn't have enough intensity to cause noticeable scattering and turn the sky blue."
"animals that express complex nest-building behaviours (like tailorbirds that sew leaves together) - do they learn it ""culturally"" from others of their kind or are they somehow born with a complex skill like this imprinted genetically in their brains?",4846,"Many animals exhibit complex behaviors such as nest-building through instinct, which is genetically imprinted in their brains. For instance, tailorbirds innately know how to sew leaves together without learning from others. While some animals can learn behaviors socially or culturally, the most intricate behaviors are often hardwired into their genetic code."
"Why is our brain programmed to like sugar, salt and fat if it's bad for our health?",4847,"Our brain is programmed to like sugar, salt, and fat because they were vital for survival in the past. Sugar provides immediate energy, salt is essential for bodily functions, and fat offers long-term energy storage. Ancient humans needed to seek out these nutrients, helping them survive when food was scarce. Although these cravings can be detrimental in modern times with abundant access to food, they were once critical for survival."
What or Who is Cabinet of curiosities?,4848,"A Cabinet of curiosities, also known as a Wunderkammer, was a popular collection in Renaissance Europe showcasing a wide variety of objects, including natural specimens, artifacts, and art. These 'cabinets' were precursors to modern museums and reflected the collector's interests and the interconnectedness of human knowledge."
How GFF3 attributes (9th column) varies from one gene prediction algorithm to another,4849,"GFF3 attributes (9th column) in gene prediction algorithms can vary due to differences in how each algorithm interprets genomic data. Attributes may include gene ID, name, and functional annotations, which can differ based on algorithmic criteria and training datasets. Consequently, the data output from different algorithms may provide varied insights and annotations for the same genomic regions."
How do hackers remain anonymous when they are directly connected to an ISP?,4850,"Hackers use various methods to remain anonymous despite being connected to an ISP (Internet Service Provider). One common method is using a VPN (Virtual Private Network), which encrypts internet traffic and masks the IP address. Another technique involves the Tor network, which routes internet traffic through multiple servers worldwide, making it difficult to trace. Additionally, hackers might use public Wi-Fi networks or proxy servers to hide their activities. These methods help obscure their true location and identity, thwarting attempts to trace them back to their ISP connection."
What or Who is Mathematical beauty?,4851,"Mathematical beauty refers to the aesthetic pleasure derived from the elegance and simplicity of mathematical theories, equations, and proofs. It is the sense of beauty experienced when solutions reveal deeper insights with clarity and minimal complexity. An example can be found in Euler's identity, e^(iπ) + 1 = 0, which connects fundamental mathematical constants in a surprisingly simple yet profound equation. This sense of beauty often influences mathematical discovery and appreciation."
What or Who is Data analysis?,4852,"Data analysis is the process of inspecting, cleaning, and modeling data to discover useful information and support decision-making. By using various techniques—like statistical analysis, data mining, and machine learning—patterns and trends in data can be identified. For instance, businesses use data analysis to understand customer behavior and enhance marketing strategies. The end goal is to convert raw data into actionable insights."
Why do mints make your mouth feel cold?,4853,"Mints make your mouth feel cold because of a compound called menthol. When you consume mints, menthol activates TRPM8 receptors in your mouth, which are normally sensitive to cold temperatures. These receptors send signals to your brain that mimic the sensation of coldness. Therefore, even though the temperature in your mouth doesn’t actually change, you perceive a cooling effect."
How fast can a submarine surface?,4854,"The speed at which a submarine can surface depends on its design and operational procedures. Modern submarines can surface relatively quickly by expelling water from their ballast tanks and using propulsion systems. In emergency situations, a controlled blow of high-pressure air can rapidly empty ballast tanks, allowing the submarine to surface in minutes. However, this rapid surfacing can subject the crew to physiological stresses."
"Why is the Penrose triangle ""impossible""?",4855,"The Penrose triangle is considered 'impossible' because it is an optical illusion that cannot exist in three dimensions. It appears as a solid object, but its structure defies the basic rules of geometry; all three of its beams seem to connect in a way that is visually fascinating but structurally contradictory. Attempts to construct a Penrose triangle in real life result in a paradox where the object's edges don't align in a way that is feasible in physical space."
What or Who is Dioptre?,4856,"A dioptre is a unit of measurement for the optical power of a lens or curved mirror. It is defined as the reciprocal of the focal length in meters. For example, a lens with a focal length of 1 meter has a power of 1 dioptre (1/1 = 1D). Dioptres are commonly used in the field of optometry to prescribe eyeglasses, where lenses are labeled by their corrective power."
Are there any trinary stars systems?,4857,"Yes, there are trinary star systems, which consist of three stars gravitationally bound to each other. One well-known example is Alpha Centauri, which includes Alpha Centauri A, Alpha Centauri B, and the distant Proxima Centauri. These systems can have complex orbital dynamics, with stars orbiting a common center of mass. Trinary star systems offer unique opportunities to study stellar interactions and dynamics."
"How is peach flavoring so easily captured in gummies, water, etc, when so many other flavors taste obviously fake?",4858,"Peach flavoring is effectively captured in products because of the use of specific aroma compounds, such as lactones, which are key to peach's scent. Food scientists can isolate and replicate these compounds to create an authentic peach flavor. Unlike some other fruits, peach aroma compounds are well-understood and stable, making them easier to reproduce accurately in various food products."
How does an ant not die when flicked full force by a human finger?,4859,"An ant can survive being flicked by a human finger due to its small size and light weight. The force from the flick is distributed over a large surface area relative to the ant's body mass, resulting in a lower impact force per unit area. Additionally, ants have a robust exoskeleton that provides protection against physical shocks. Their small mass also means they experience less trauma upon impact compared to larger animals."
"If you are in water right underneath the moon and the moon is at it's closest, do you float better than other places on earth?",4860,"Being directly underneath the moon when it is closest doesn’t significantly affect your ability to float. Floating in water depends mainly on the buoyancy force, which is determined by the density of the water and your own density. The moon does exert a tidal force, causing tidal bulges, but this effect is very minimal at an individual scale, far less influential than the buoyancy forces at work."
Why do certain foods (i.e. vanilla extract) smell so sweet yet taste so bitter even though our smell and taste senses are so closely intertwined?,4861,"Our sense of smell and taste are closely linked, but they detect different chemicals. Vanilla extract smells sweet due to its high content of vanillin, which our nose perceives as pleasant. However, the taste receptors on our tongue detect alcohol and other compounds in the extract, which taste bitter. This divergence happens because smell and taste engage separate sensory pathways that sometimes interpret the same substance differently."
Why do we put horseshoes on horses? Are wild horses running around with sore feet?,4862,"Horseshoes are worn by domesticated horses to protect their hooves from wear and damage caused by hard surfaces, like roads and rocky paths. Wild horses typically don't need shoes because they naturally traverse softer, varied terrains, which don't cause the same level of wear. Moreover, their lifestyle allows natural hoof trimming and strengthening, maintaining healthy hoof structures without human intervention."
What or Who is Least count?,4863,"Least count refers to the smallest measurement increment that an instrument can detect. For example, in a ruler with millimeter markings, the least count is one millimeter. This is important in measurement accuracy because it defines the precision limit of the instrument."
Covariance and independence?,4864,"Covariance indicates the degree to which two variables change together. If they increase together, covariance is positive; if one increases while the other decreases, it's negative. Independence means the variables do not affect each other; their covariance is zero. Therefore, independent variables always have zero covariance, but zero covariance does not always imply independence."
What or Who is Dendrochronology?,4865,"Dendrochronology is the scientific method of dating tree rings to the exact year they were formed. This method helps researchers understand past climates, ecological changes, and even date old wooden structures. By examining the sequence of tree rings, scientists can infer a lot about historical environmental conditions."
Near-Earth supernova,4866,"A near-Earth supernova is a supernova, an exploding star event, occurring close to our solar system. If such an event were to happen within about 30 light-years, it could significantly impact Earth by possibly stripping away the ozone layer, leading to increased harmful solar radiation. However, such close events are exceedingly rare and none are expected in the near future."
Do all salts taste salty?,4867,"Not all salts taste salty. Table salt (sodium chloride) is what we typically think of as salty. However, other salts, such as potassium chloride or magnesium sulfate, have different tastes. For example, potassium chloride often tastes bitter. The taste depends on the specific chemical composition of the salt."
What or Who is Plumb bob?,4868,"A plumb bob is a weight, usually with a pointed tip on the bottom, suspended from a string and used as a vertical reference line, or plumb-line. It helps in determining the verticality of a structure or aid in the alignment of objects in construction and surveying."
What or Who is Universal Transverse Mercator coordinate system?,4869,"The Universal Transverse Mercator (UTM) coordinate system is a global map projection system that divides the world into a series of zones, each with a unique coordinate grid. This system allows for accurate position referencing globally and is commonly used for navigation, mapping, and land surveying."
Under what conditions does correlation imply causation?,4870,"Correlation implies causation under very specific conditions where rigorous scientific methods demonstrate a direct cause-and-effect relationship. Controlled experiments, where only one variable is changed while others are kept constant, are vital. This can rule out other influencing factors. For example, smoking is correlated with lung cancer, and extensive research with control groups has confirmed that smoking causes lung cancer. Without such stringent evidence, correlation alone does not imply causation as it might be due to coincidence or other hidden variables."
"Soaps come in different colors, but why is soap lather always white?",4871,"Soap lather appears white due to the scattering of light by tiny bubbles within the soap. Each bubble's wall reflects and refracts light in many directions, a phenomenon called Mie scattering. Even if the soap itself is colored, the multitude of small air bubbles within the lather scatter all wavelengths of light, combining them to appear white to the human eye. This is similar to why snow, which is made up of clear ice crystals, also looks white."
Do heavily forested regions of the world like the eastern United States experience a noticeable difference in oxygen levels/air quality during the winter months when the trees lose all of their leaves?,4872,"In heavily forested regions, the difference in oxygen levels and air quality during winter is minimal. Trees do produce oxygen and help filter air, but the overall atmospheric oxygen concentration is stable globally. While trees losing leaves in fall means less local photosynthesis, the residual plant life and other factors maintain relatively constant air quality. For example, emissions from human activity remain the primary influence on air quality, not seasonal changes in foliage."
What or Who is History of cartography?,4873,"The History of Cartography is the study of maps and mapmaking through time, exploring how geographic representations have evolved. It involves examining different cultures' contributions to cartography, understanding ancient and modern mapping techniques, and the impact of technological advancements. This field covers notable figures like Gerardus Mercator and the development of tools like the compass and GPS."
Why don't cold fronts and other steep-gradient weather effects just dissipate?,4874,"Cold fronts and steep-gradient weather effects don't dissipate quickly due to the significant energy differences between air masses. When a cold air mass meets a warm one, the cold air, being denser, forces the warm air upwards. This leads to rapid cooling, condensation, and often precipitation. The momentum and energy transitions involved in these processes maintain the front's dynamics. For instance, thunderstorms can be a result of these rapid weather changes."
Can a cancerous cell from outside cause cancer in a healthy person?,4875,"A cancerous cell from outside cannot cause cancer in a healthy person under normal circumstances. The human immune system is designed to recognize and destroy foreign cells, including potential cancer cells from another person. Moreover, the genetic makeup of an individual's cells is unique, making it highly unlikely for a foreign cancerous cell to adapt and proliferate. However, in rare cases like organ transplants, where the immune system may be suppressed, there is a slight risk."
What or Who is Latin square?,4876,"A Latin square is a mathematical concept involving an arrangement of symbols in a grid where each symbol occurs exactly once in each row and column. It is used in statistical design of experiments, puzzle design like Sudoku, and error detection in information theory. Imagine a 3x3 grid where each row and column contains numbers 1, 2, and 3 exactly once – that's a simple Latin square."
"why are so many German roofs built very steep so snow falls off, then with little fences so snow doesn't fall off?",4877,"The steep design of German roofs ensures snow slides off easily to prevent the weight from accumulating and potentially damaging the structure. However, the little fences, known as snow guards, are installed to catch the sliding snow, preventing it from falling onto pedestrians, cars, or causing other hazards. This combination of steep roofs and snow guards balances efficient snow management and safety."
What or Who is Superfluidity?,4878,"Superfluidity refers to a phase of matter where a fluid can flow without viscosity, allowing it to move through tiny channels without any friction. Helium-4, when cooled close to absolute zero, becomes a superfluid and can exhibit strange behaviors like climbing walls and remaining motionless when stirred. This property is important in fields like quantum mechanics and low-temperature physics."
Are fgsea and Broad Institute GSEA equivalent?,4879,"fgsea (fast gene set enrichment analysis) and Broad Institute's GSEA (gene set enrichment analysis) are related but not equivalent. Both aim to identify whether predefined sets of genes show statistically significant differences between two biological states. However, fgsea is an optimized algorithm designed for faster computation, particularly with large datasets, while the Broad Institute's GSEA is the original method, known for its robustness and comprehensive accompanying tools."
What or Who is High-temperature superconductivity?,4880,"High-temperature superconductivity refers to the phenomenon where certain materials exhibit superconductive properties at temperatures much higher than traditional superconductors, which operate at near absolute zero. Discovered in 1986, these materials allow electrical current to flow with no resistance at temperatures attainable with liquid nitrogen cooling, rather than the colder liquid helium. Examples include ceramic compounds like yttrium barium copper oxide. Understanding this phenomenon could revolutionize energy transmission if replicated at even higher, more practical temperatures."
What or Who is The Magic School Bus Rides Again?,4881,"""The Magic School Bus Rides Again"" is an educational animated children's series that is a reboot of the 1994 series ""The Magic School Bus."" This updated series follows Ms. Frizzle's younger sister, Fiona Frizzle, and her students as they embark on new science-filled adventures aboard their magical school bus. Each episode is designed to teach children various scientific concepts through engaging stories and imaginative exploration."
"If Blue, Red and Yellow are the primary colors then why are Blue, Red and Green (RBG) used for generating colors in computer programs?",4882,"In computer programs, the RGB color model (Red, Green, Blue) is used because it aligns with how digital screens work. Screens emit light, and these three colors can be combined in various ways to create a broad spectrum of colors. For example, combining red and green light makes yellow, and combining all three at full intensity makes white. This differs from mixing paint or pigments, where primary colors (blue, red, and yellow) are combined subtractively."
How do we know dinosaurs didn't have cartilage protrusions like human ears and noses?,4883,"We determine dinosaur features based on fossil evidence. Bones fossilize well, providing detailed skeletal structures. Soft tissues like cartilage rarely fossilize, but their positions can be inferred from bone attachment points and comparative anatomy with modern animals. For example, living reptiles and birds don't have external ears like humans, suggesting dinosaurs likely didn't either. Literate exceptions are speculative and lack fossil support."
"If I squash an insect and it produces red ""juice"", does it always mean it is a blood-sucking type?",4884,"No, red "
"If our tears are salty, by don’t hurt, then why the hell does it burn when you get saltwater in your eye?",4890,"The reason saltwater burns your eyes but your tears don't is due to concentration differences. Your tears have a salt concentration similar to body fluids, making them isotonic and comfortable for your eyes. Ocean water, however, has a much higher salt concentration, leading to a hypertonic solution. When this saltier solution comes into contact with your eyes, it disrupts the balance of water and salt, causing a stinging sensation."
"If fevers are the immune system's response to viral/bacterial infection, why do with try to reduce them? Is there a benefit to letting a fever run its course vs medicinal treatment?",4891,"Fevers are part of the immune response to infection, increasing body temperature to create an environment less favorable to pathogens. However, excessively high fevers can be dangerous, potentially causing seizures or other severe effects. Reducing a fever can bring comfort and prevent these risks. While moderate fevers can aid immune response, they should be monitored and controlled if too high or uncomfortable."
Tradeoffs when considering SPI or I2C?,4892,"SPI (Serial Peripheral Interface) and I2C (Inter-Integrated Circuit) are protocols for communication between electronic devices. SPI is faster with full-duplex communication but requires more pins, making it ideal for high-speed peripherals like sensors. I2C is slower, uses fewer pins, and allows multiple devices on a single bus with more straightforward wiring, making it suitable for simple, cost-sensitive applications. The choice depends on speed, pin availability, and complexity requirements."
"Is the earth pulled toward where the sun is now, or where the sun was 8 minutes ago?",4893,"The Earth is pulled toward the Sun's current position, not where it was 8 minutes ago. This is because gravitational effects propagate at the speed of light, but the curvature of spacetime, as described by General Relativity, accounts for this. So, the Earth's orbit responds to the Sun's immediate gravitational influence rather than its past location."
What or Who is Agronomy?,4894,"Agronomy is the science of soil management and crop production. Agronomists work to improve farming techniques, soil fertility, and crop yield, ensuring sustainable and efficient agricultural practices. They study a variety of factors such as soil composition, climate, and plant physiology to develop better farming methods."
"Metallicity of Celestial Objects: Why ""Metal = Non-metal""?",4895,"In astronomy, 'metallicity' refers to the proportion of elements in celestial objects that are heavier than hydrogen and helium. This makes elements like carbon and oxygen 'metals' to astronomers. It's a simpler classification system used to discuss the composition of stars and other celestial bodies, helping to understand their formation and evolution."
"How do RV dealerships really work? Every dealership, it seems like hundreds of RVs are always sitting on the lot not selling through year after year. Car dealerships need to move this year’s model to make room for the next. Why aren’t dealerships loaded with 5 year old RVs that didn’t sell?",4896,"RV dealerships often operate on a consignment or floor plan basis, where manufacturers own the RVs and dealerships pay for them when sold. This helps avoid the financial burden of unsold inventory. Unlike cars, RV models don't change significantly yearly, reducing the urgency to clear out inventory. Thus, RVs on lots longer than cars is common and doesn't indicate a sales problem."
"what happens to all those amazing discoveries on reddit like ""scientists come up with omega antibiotic, or a cure for cancer, or professor founds protein to cure alzheimer, or high school students create $5 epipen, that we never hear of any of them ever again?",4897,"Many impressive scientific discoveries reported online require extensive validation and trials before becoming mainstream. This process can take years and might not always result in practical, approved solutions. While initial findings are promising, they undergo rigorous scrutiny, regulatory hurdles, and may face financial or logistical challenges before widespread adoption."
How far do you have to go beneath the ocean floor before the earth becomes dry again?,4898,"Beneath the ocean floor, the Earth becomes 'dry' again at the point where the solid seabed ends and the Earth's continental crust begins. This layer, called the 'Moho' (Mohorovičić discontinuity), varies in depth but typically lies about 5-10 kilometers below the ocean floor. Beyond this point, the rock is generally free from water except for possible trapped fluids."
What or Who is Syzygy (astronomy)?,4899,"Syzygy in astronomy refers to the alignment of three celestial bodies in a straight line, such as during an eclipse when the Sun, Earth, and Moon align. Syzygy highlights these alignments and their observable phenomena, like solar and lunar eclipses, which occur during new or full moons when these alignments take place."
What or Who is Bonsai Kitten?,4900,"Bonsai Kitten was a hoax website claiming that kittens could be grown in jars to take on the shape of the container, similar to bonsai trees. This was purely fictional and meant as satire, but it generated controversy and fueled discussions about animal cruelty."
What or Who is Likert scale?,4901,"A Likert scale is a common survey tool used to measure people's attitudes or feelings towards a statement. Respondents are asked to indicate their level of agreement on a symmetric agree-disagree scale, usually ranging from 'strongly agree' to 'strongly disagree', allowing quantification of subjective opinions."
"In 'Interstellar', shouldn't the planet 'Endurance' lands on have been pulled into the blackhole 'Gargantua'?",4902,"In 'Interstellar', the planet 'Endurance' lands on, called Miller's planet, is in close orbit around the black hole Gargantua. Its gravitational forces create time dilation but do not necessarily pull the planet in. Theoretical physics suggests that stable orbits around black holes are possible within specific conditions as depicted in the movie."
"Why do mountains have peaks instead of having ""flat tops""?",4903,"Mountains have peaks primarily due to erosion and the geological processes of uplift. Over millions of years, tectonic forces push up the Earth's crust, creating elevations. Erosion by wind, water, and other natural forces gradually sharpens these elevations into peaks, rather than flat tops."
Why does regular exercise increase brain volume?,4904,"Regular exercise increases brain volume through several mechanisms. Physical activity boosts blood flow, oxygen, and nutrient delivery to the brain, promoting the growth of new brain cells and connections. It also enhances the production of neurotrophic factors that support brain health, which collectively lead to increased brain volume."
What or Who is SQUID?,4905,"SQUID stands for Superconducting Quantum Interference Device. It is a highly sensitive instrument used to measure extremely subtle magnetic fields. SQUIDs are utilized in various scientific and medical applications, such as detecting brain activity in magnetoencephalography (MEG)."
Why is it children’s shampoo is “tear free” while regular shampoo burns like all hell in the eyes?,4906,"Children’s shampoo is formulated to be 'tear-free' by adjusting its pH to be closer to that of tears and by using milder cleansing agents. Regular shampoos often contain harsher ingredients that can irritate the eyes, causing a burning sensation."
What or Who is Antoine Lavoisier?,4907,"Antoine Lavoisier was an 18th-century French chemist known as the 'Father of Modern Chemistry.' He discovered the role of oxygen in combustion, helped develop the metric system, and formulated the law of conservation of mass, which states that matter is neither created nor destroyed in chemical reactions."
Is this Batman equation for real?,4908,"Without specific details, it's difficult to confirm the validity of the 'Batman equation.' However, in popular culture, equations related to superheroes are often fictional and meant for entertainment rather than scientific rigor."
What or Who is Location hypotheses of Atlantis?,4909,"The location hypotheses of Atlantis refer to various proposed sites where the legendary island, described by the ancient philosopher Plato, might have been. These hypotheses range from locations in the Mediterranean Sea to the Caribbean, but there is no conclusive evidence supporting any specific site."
Should one remove highly correlated variables before doing PCA?,4910,"Yes, it is generally advisable to remove highly correlated variables before performing Principal Component Analysis (PCA). PCA works by identifying directions, or principal components, that capture the maximum variance in the data. Highly correlated variables contribute redundant information, which can skew the results and blur the clarity of these principal directions. By removing these variables, you ensure that the PCA focuses on the most informative and distinct aspects of the data. For example, if you are analyzing height and weight, which are often correlated, removing one of these can help PCA to more effectively highlight other patterns in your data."
What or Who is System of units of measurement?,4911,"A system of units of measurement is a set of standardized units used to quantify physical properties such as length, mass, time, and temperature. The most widely used system today is the International System of Units (SI), which includes units like the meter for length, the kilogram for mass, and the second for time. SI units provide a universal framework for scientific and everyday measurements, ensuring consistency and comparability across different contexts and regions. For instance, when scientists from different countries share their findings, using SI units helps them communicate their results clearly and accurately."
What or Who is ChAdOx1?,4912,"ChAdOx1 refers to a viral vector platform used in vaccine development, specifically the ChAdOx1 nCoV-19 vaccine developed by Oxford University and AstraZeneca for COVID-19. ChAdOx1 is derived from a chimpanzee adenovirus that has been modified to include the genetic material for the SARS-CoV-2 spike protein. This alteration prompts an immune response without causing the disease, thus preparing the body's immune system to fight off the actual virus if encountered. The ChAdOx1 nCoV-19 vaccine helps reduce the severity and spread of COVID-19, contributing significantly to global efforts to control the pandemic."
Why does a good pair of headphones/earphones make it feel like the sound is coming from inside the middle of your head?,4913,"A good pair of headphones or earphones can make it feel like the sound is coming from inside the middle of your head primarily due to the way they deliver sound directly into your ears. This phenomenon, known as 'binaural audio,' occurs because headphones isolate each ear from ambient sounds, allowing precise control over the timing and volume differences between the left and right ears. These small differences mimic the way we naturally perceive sound direction, creating a 3D audio effect that can feel as though the sound source is inside your head. For example, a high-quality headphone playing a stereo track can give the sensation of instruments and vocals surrounding you in a spatial arrangement."
Why does seafood go bad faster than meat?,4914,"Seafood goes bad faster than meat primarily due to the higher levels of enzymes and bacteria present in fish, which expedite spoilage. Fish muscle also contains more unsaturated fats, which are prone to oxidation, a process that produces off-flavors and odors. Additionally, the microorganisms that thrive in cold ocean environments can remain active at typical refrigeration temperatures, speeding up decay even when stored in a fridge. For example, a piece of fish left at room temperature will spoil much faster than a piece of beef due to these biological and chemical factors."
Are humans closer in relative size to the planck length or the entire observable universe?,4915,"Humans are closer in relative size to the Planck length than to the entire observable universe. The Planck length, approximately 1.6 x 10^-35 meters, is considered the smallest measurable length, while the observable universe stretches about 8.8 x 10^26 meters. Humans, averaging around 1.7 meters, are vastly closer in size to the astronomical scale of the universe compared to the minuscule Planck length, but when using a logarithmic scale, the relative proximity is greater to the Planck length. This illustrates how vast the scale of the universe is compared to the microscopic quantum realm."
What or Who is Degrees of freedom?,4916,"Degrees of freedom refer to the number of independent variables or values that can vary in a statistical calculation without violating any constraints. In simpler terms, it’s the number of values in a dataset that can be freely changed while maintaining the same restrictions or rules. For example, if you have three data points that must sum to a particular total, you can freely change the values of two points, but the third value is fixed once those two are set. Understanding degrees of freedom is crucial in various statistical analyses and hypothesis testing, helping to ensure accurate and reliable results."
Will tropical cyclones form and be sustained in areas they previously were not due to global climate change?,4917,"Yes, tropical cyclones can form and be sustained in areas previously less affected due to global climate change. As the planet warms, sea surface temperatures rise, providing more energy for the formation and intensification of cyclones. Additionally, changing atmospheric patterns can shift where and how cyclones develop and travel. For instance, regions that traditionally experienced fewer cyclones might see an increase in frequency and intensity. This shift is partly because warmer waters expand the potential breeding grounds for these powerful storms, posing new risks to regions unaccustomed to such events."
What or Who is Atoll?,4918,"An atoll is a ring-shaped coral reef, island, or series of islets that encircle a lagoon, either partially or completely. Atolls typically form from the growth of coral reefs around the sinking or subsiding remnants of volcanic islands. Over time, as the volcanic island erodes and sinks, the coral continues to grow upwards towards the sunlight. This process eventually leaves a ring of coral with a lagoon in the center. The Maldives in the Indian Ocean and Bikini Atoll in the Pacific are famous examples of atolls, showcasing their unique structure and ecological importance."
Why does F replace the axial bond in PCl5?,4919,"Fluorine (F) replaces the axial bond in PCl5 due to its small size and high electronegativity. PCl5 has a trigonal bipyramidal structure with three equatorial positions and two axial positions. The axial positions are typically more exposed and have longer bond lengths than the equatorial ones. Fluorine's small size allows it to fit better in the less spatially demanding axial sites while its high electronegativity creates a stronger bond with phosphorus, thus stabilizing the structure more effectively than chlorine (Cl). Hence, when PCl5 is fluorinated, the replacement preferentially occurs at the axial positions."
How to get cell indices from latitude and longitude in WRF model grids?,4920,"To convert latitude and longitude to cell indices in the Weather Research and Forecasting (WRF) model, you generally need to use the WRF model's coordinate system which is based on map projections such as Lambert Conformal. The process involves using software tools like the WRF-User API or Python libraries to match geographic coordinates to the model grid coordinates. This requires inputting the latitude and longitude into a function that computes the corresponding grid cell indices (i, j), allowing you to pinpoint the exact cell on the model grid."
What or Who is Project Gemini?,4921,"Project Gemini was NASA's second human spaceflight program, following Mercury and preceding Apollo. Conducted between 1961 and 1966, its goals included testing space travel techniques needed for the upcoming Apollo missions to the Moon. The program successfully achieved critical milestones, such as long-duration flights, orbital rendezvous and docking, and extravehicular activity (spacewalks). By doing so, Gemini laid much of the groundwork for the future success of the Apollo Moon landings."
Do giraffes get struck by lightning more often than other animals?,4922,"There is no evidence to suggest that giraffes get struck by lightning more often than other animals. While giraffes are tall and may seem like they could be more susceptible, lightning usually strikes the highest point in an area. In the wild, many other factors such as geography and behavior influence the risk of lightning strikes. Therefore, giraffes are not statistically singled out by lightning more frequently than other animals in their habitats."
What or Who is Gartner hype cycle?,4923,"The Gartner Hype Cycle is a graphical representation that describes the maturity, adoption, and social application of specific technologies. The cycle consists of five phases: the Technology Trigger, Peak of Inflated Expectations, Trough of Disillusionment, Slope of Enlightenment, and Plateau of Productivity. Organizations use this tool to understand how new technologies evolve over time and to make better decisions about technology investments."
Do rainbows also have sections in the infrared and/or ultraviolet spectrum?,4924,"Rainbows are formed by the reflection, refraction, and dispersion of light in water droplets, resulting in a spectrum of visible light. However, rainbows do not extend into the infrared or ultraviolet spectrum because the human eye cannot detect these wavelengths. While infrared and ultraviolet light is present, it doesn’t contribute to the rainbow observed by humans."
How does “activated charcoal” work and why has it become so wildly popular in beauty/cosmetic products?,4925,"Activated charcoal works through adsorption, binding substances on its surface due to its high surface area and porous structure. In beauty products, it is believed to cleanse the skin by drawing out impurities, toxins, and excess oils. This mechanism has led to its popularity, although scientific evidence supporting these claims in cosmetic use is limited. Despite this, the appeal of activated charcoal stems from its established uses in medical detoxification and water purification."
What or Who is Earth's circumference?,4926,"The Earth's circumference is the distance around the planet. Measured at the equator, it is about 40,075 kilometers (24,901 miles). This measurement varies slightly depending on whether it's taken around the equator or the poles, due to the planet's equatorial bulge. Knowledge of Earth's circumference dates back to ancient Greek scholars who made remarkably accurate calculations using simple geometric methods and observational data."
"why is it that estrogen is the female hormone that makes us develop feminine features, but birth control is just more estrogen that prevents pregnancy?",4927,"Estrogen is a key hormone responsible for the development of female secondary sexual characteristics such as breast development and menstrual cycle regulation. Birth control pills typically contain synthetic hormones that mimic estrogen and progesterone. These hormones work to prevent pregnancy primarily by inhibiting ovulation, thickening cervical mucus to block sperm, and thinning the uterine lining to prevent implantation. The dosage and combination of hormones in birth control pills are designed to control and maintain these conditions."
What or Who is Nibiru cataclysm?,4928,"The Nibiru cataclysm is a supposed disastrous encounter between Earth and a large planetary object, often referred to as 'Planet X' or 'Nibiru.' This theory, largely discredited by scientists, gained popularity through conspiracy theories and doomsday predictions suggesting catastrophic events on Earth. Astronomers and scientists confirm there is no evidence supporting the existence of such a planet or its effect on Earth."
"Why when you rub your eyes for long enough do you begin to see shapes, grids, and other stuff?",4929,"When you rub your eyes, you stimulate the cells in your retina, creating pressure that causes them to send random signals to your brain. These signals can be interpreted as various shapes, patterns, and colors, which are known as phosphenes. Phosphenes have been described as seeing star-like or grid-like visual patterns even when there is no actual light entering the eye."
How do we know the asteroids formed at the same time as earth?,4930,"Scientists have evidence that asteroids and Earth formed around the same time because of the age dating of meteorites, which are fragments from asteroids. These meteorites contain isotopes, or forms, of elements like uranium that decay over time at a predictable rate. By measuring these isotopes, scientists can estimate their age. Both Earth rocks and meteorites have been dated to about 4.5 billion years old, suggesting they formed during the same period early in the solar system's history."
"How come when you burp while drinking soda and exhale the air through your nose, it stings?",4931,"When you burp while drinking soda and exhale through your nose, it stings because of the carbon dioxide gas in the soda. Carbon dioxide can irritate the mucous membranes in the nasal passages. Additionally, soda is acidic due to carbonic acid formed when carbon dioxide dissolves in water. This acidity can further irritate sensitive tissues in your nose, causing the stinging sensation."
Milky Way Galaxy from Earth,4932,"The Milky Way Galaxy is our cosmic home, viewed from Earth as a dense, cloudy band of stars stretching across the sky. This is because we are looking at the galaxy's disk from within. The Milky Way is a spiral galaxy consisting of billions of stars, including our Sun, along with gas and dust, all orbiting a central bulge. On a clear night, away from city lights, this band becomes visible, showcasing the galaxy's vastness and our small place within it."
What or Who is Actor–network theory?,4933,"Actor–network theory is a social science approach that examines how various entities, both human and non-human, interact within a network. Developed by Bruno Latour, Michel Callon, and John Law, it suggests that networks are composed of 'actors' which can be people, technologies, or even concepts. Each actor plays a role, and the network's structure and dynamics are shaped by their interactions. The theory emphasizes that everything in the network influences outcomes and events."
"How does the eardrum keep itself clear of earwax, dead skin and other debris?",4934,"The eardrum keeps itself clear through a process involving the movement of earwax, also called cerumen, and the shedding of old skin cells. Earwax is produced by glands in the ear canal and slowly moves outward, carrying debris with it. Jaw movements, like chewing and talking, help this process by shifting the ear canal walls. Once earwax reaches the outer ear, it can be easily wiped away during normal hygiene routines."
Do other Great apes pee holding their penises with their hands or is that just humans?,4935,"Great apes, like humans, have hands similar to ours but do not typically hold their penises while urinating. Their posture and anatomy allow them to urinate without using their hands for direction. Humans have developed the habit of holding their penises while urinating for better control and hygiene, influenced by cultural practices rather than biological necessity."
Is activated carbon classified as organic or inorganic?,4936,"Activated carbon is classified as organic, meaning it is based on carbon atoms. It is produced by processing carbon-containing substances like wood, coal, or coconut shells at very high temperatures, creating a highly porous material. These pores provide a large surface area, making activated carbon extremely effective at trapping contaminants in air and water, thanks to physical adsorption and sometimes chemical reactions."
"If bruises are from bleeding underneath the skin, where does all the blood go when it heals?",4937,"Bruises are caused by bleeding under the skin when small blood vessels break due to an injury. As a bruise heals, the body reabsorbs the blood. White blood cells break down the red blood cells present in the bruise. The hemoglobin in the red blood cells is also broken down, producing the color changes seen in a healing bruise, from blue-black to green, yellow, and eventually normal skin color as the process completes."
What or Who is Azeotrope tables?,4938,"Azeotrope tables provide data on azeotropic mixtures, which are liquid mixtures that boil at a constant temperature and composition. These tables list various azeotropes along with their boiling points and compositions. This information is crucial in chemical engineering and distillation processes because azeotropes cannot be separated into their components by simple distillation due to their unique boiling characteristics."
What or Who is Flower?,4939,"A flower is the reproductive structure of flowering plants. It facilitates the pollination and development of seeds. Flowers are typically composed of several parts: petals attract pollinators, stamens produce pollen, and the pistil contains the ovary where seeds form. For example, a sunflower's bright yellow petals attract bees that transfer pollen, enabling fertilization and the growth of new plants. Flowers are essential for plant reproduction, biodiversity, and human agriculture and enjoyment."
What or Who is Rotational spectroscopy?,4940,"Rotational spectroscopy is a technique used to study the rotation of molecules. When molecules rotate, they absorb and emit electromagnetic radiation at specific frequencies. By measuring these frequencies, scientists can determine molecular structure, bond lengths, and other physical properties. For example, water vapor's rotational spectrum can provide insights into its molecular geometry. This technique is especially useful in identifying molecules in interstellar space, where other methods might fail."
Scaling by linear regression against the number of reads,4941,"Scaling by linear regression against the number of reads is a method used to normalize data, particularly in genetic sequencing. When sequencing DNA, the number of reads (or times a segment of DNA is read) can vary. Linear regression helps create a consistent baseline by adjusting data to reflect this variability. Imagine counting apples in different baskets; if some baskets are measured several times and others only once, linear regression helps adjust to compare totals accurately."
What detail can Hubble see on Mars?,4942,"The Hubble Space Telescope can see remarkable details on Mars, including surface features like mountains, valleys, and large weather phenomena such as dust storms. Hubble's resolution allows it to capture images of Martian surface formations as small as 30-50 miles across. For instance, it can observe the polar ice caps and track seasonal changes, providing valuable information about Mars' climate and terrain."
How can HISAT2/StringTie report decimal coverage values,4943,"HISAT2 and StringTie can report decimal coverage values due to their methods of aligning reads and estimating transcript abundances. When sequencing RNA, not all reads align perfectly and some regions get partial coverage. By using sophisticated algorithms, these tools can calculate fractional coverage for regions of the genome or transcriptome, providing more precise data about gene expression levels."
Was the 1918 pandemic virus more deadly than Corona? Or do we just have better technology now to keep people alive who would have died back then?,4944,"The 1918 pandemic virus, known as the Spanish flu, had a higher mortality rate compared to COVID-19, partly due to the lack of modern medical technology and treatments. Back then, there were no antibiotics to treat secondary bacterial infections, limited medical care, and no vaccines. Today, advances in medical technology, hygiene practices, and healthcare systems have greatly increased our ability to treat and manage infectious diseases, reducing mortality rates associated with viruses like COVID-19."
"Conventional matter to dark matter ratio, outside of galaxies",4945,"The conventional matter to dark matter ratio outside of galaxies is approximately 1:6. This means that for every unit of conventional matter, there are about six units of dark matter. Conventional matter includes atoms, stars, and planets, while dark matter is a mysterious substance that doesn't emit light but exerts gravitational forces. Observations of galaxy rotations and cosmic background radiation help scientists estimate this ratio."
What or Who is Haber process?,4946,"The Haber process is an industrial method for synthesizing ammonia from nitrogen and hydrogen gases. Developed by Fritz Haber and Carl Bosch in the early 20th century, this process combines nitrogen from the air with hydrogen, usually derived from natural gas, under high pressure and temperature in the presence of a catalyst. The ammonia produced is essential for fertilizers, which significantly boosted food production worldwide."
Why is the temperature range of industrial and military products so high?,4947,"The temperature range for industrial and military products is high to ensure reliability and functionality in extreme conditions. Industrial products might be used in environments like factories or outdoor installations with varying temperatures, while military equipment needs to perform under diverse and harsh conditions. For instance, military electronics are designed to work from -40°C to 85°C, accommodating both arctic and desert environments."
What or Who is Fred Talbot?,4948,"Fred Talbot is a British television presenter and meteorologist known for his work on the show 'This Morning' and other programs. He became well-known for presenting weather forecasts using a large floating map of the British Isles. However, later in his career, he was convicted of historical sexual offenses, affecting his public image and career."
What or Who is Highly composite number?,4949,"A highly composite number is a positive integer with more divisors than any smaller positive integer. For example, 12 is a highly composite number because it has six divisors (1, 2, 3, 4, 6, and 12), and no smaller number has more. These numbers are significant in number theory and have applications in fields requiring extensive factorization, such as cryptography and computer science."
Why can't we feel the Earth's revolution?,4950,"We can't feel the Earth's revolution because the Earth moves at a constant speed in a stable orbit, resulting in minimal acceleration. This lack of sudden changes means we don't sense the movement. Comparatively, on a smoothly moving train, you don’t feel the motion until the train accelerates or decelerates."
What does AUC stand for and what is it?,4951,"AUC stands for Area Under the Curve. In various scientific fields, it represents the integral or total value under a plotted curve. For example, in pharmacokinetics, AUC indicates the total exposure of the body to a drug over time, providing insights into its absorption and elimination."
"Where do we define the ""surface"" of a gas planet?",4952,"Defining the 'surface' of a gas planet like Jupiter or Saturn is challenging since they lack a solid surface. Scientists typically refer to the level where atmospheric pressure equals 1 bar, similar to sea level on Earth. This is considered the 'surface' for scientific and observational purposes."
What or Who is Glossary of psychiatry?,4953,"The 'Glossary of Psychiatry' is a comprehensive compilation of terms used within the field of psychiatry. It serves as a reference to ensure consistent usage and understanding of psychiatric terminology among professionals, students, and researchers."
Can beavers control the direction a tree falls?,4954,"Yes, beavers can control the direction a tree falls by gnawing strategically at the base. They make an angled cut on the side they want the tree to fall and a horizontal cut on the opposite side, ensuring it falls in the desired direction, usually toward water for easier transportation."
"When a photon is emitted, what determines the direction that it flies off in?",4955,"When a photon is emitted, its direction is determined by the orientation of the emitting atom or molecule and quantum mechanics principles. The process is inherently probabilistic, with certain directions more likely depending on factors like the photon's energy and the emitting particle's state."
What or Who is Homeopathy?,4956,"Homeopathy is an alternative medicine system based on the principle that 'like cures like.' It involves using highly diluted substances, which practitioners believe trigger the body's natural healing processes. This practice is controversial as scientific evidence of its efficacy is limited and often debated."
Does anyone know of a comprehensive listing of geostationary weather satellites?,4957,"A comprehensive listing of geostationary weather satellites can be found in databases maintained by space agencies like NASA and the European Space Agency (ESA). These resources offer detailed information about the satellites' positions, purposes, and operational statuses."
Using a CPAP can increase the life span of a Sleep Apnea patient by 7 years. What does Sleep Apnea do to the body that reduces life expectancy this much?,4958,"Sleep Apnea reduces life expectancy by causing repeated interruptions in breathing during sleep, leading to reduced oxygen levels. This stresses the cardiovascular system, increasing risks of hypertension, heart disease, stroke, and diabetes. Using a CPAP device ensures continuous airflow, improving overall health and lifespan."
What specifically makes it hard for millions of sperm on their journey to reach an egg?,4959,"Several factors make it hard for sperm to reach an egg: the acidic environment of the vagina, the female reproductive tract's mucus, and the long journey through the uterus and fallopian tubes. These obstacles significantly reduce the number of sperm that successfully reach the egg."
Why does pee becomes harder to stop once you started peeing?,4960,"Once you start peeing, your bladder contracts to push urine out. The contraction reflex is strong and involuntary, making it difficult to stop. Think of it like squeezing a tube of toothpaste: It's easy to start squeezing, but stopping halfway requires a lot of effort and control."
What are t2g and eg in CFT?,4961,"In Crystal Field Theory (CFT), 't2g' and 'eg' refer to sets of orbitals that experience different energy levels when metal ions are placed in a crystal field. The 't2g' orbitals (dxy, dxz, dyz) are lower in energy because they face less repulsion from the surrounding ligands, while the 'eg' orbitals (dz2, dx2-y2) are higher in energy due to more direct interaction with the ligands."
How come small cuts on the anus from over wiping or hemorrhoids does not cause serious septicemia?,4962,"Small cuts on the anus, such as those from over wiping or hemorrhoids, usually do not cause serious septicemia because the area has a good blood supply that helps with rapid healing and the immune system is effective at controlling minor infections. Moreover, the body's natural defenses and hygiene practices generally prevent bacteria from spreading into the bloodstream."
Does a fully charged cell phone have enough charge to start a car?,4963,"A fully charged cell phone does not have enough power to start a car. Car batteries deliver several hundred amps of current, while phone batteries provide far less power, typically in milliamps. The voltage and amperage needed to turn a car’s engine are far greater than what a cellphone can supply."
Is there a technical reason why most touch screens use glass rather than plastic?,4964,"Touch screens use glass rather than plastic because glass has superior durability, scratch resistance, and clarity. Glass can withstand more wear and tear without degrading, ensuring that the touch functionality and display clarity remain high over time. Plastic screens, while more flexible, are prone to scratches and can become cloudy, impairing touch sensitivity and visibility."
"How do we know the age of the universe, specifically with a margin of error of 59 million years?",4965,"We determine the age of the universe using measurements of the Cosmic Microwave Background (CMB) radiation and the rate of expansion, known as the Hubble constant. The CMB provides a snapshot of the early universe, while the Hubble constant tells us how fast the universe is expanding. Combining these data with models of cosmic evolution gives us an age estimate with a margin of error. Current observations and physics models place the age of the universe at about 13.8 billion years, with a margin of error of about 59 million years."
"Does the recent news of ""ten times more galaxies"" imply that there is correspondingly less dark matter?",4966,"The discovery of ten times more galaxies suggests that our estimate of the amount of dark matter in the universe may need to be revised. However, it does not directly imply there is less dark matter. The distribution and behavior of dark matter are complex and require further study to understand how it correlates with the newly observed galaxies."
What or Who is Mongoloid?,4967,"'Mongoloid' is an outdated and offensive term that was once used in anthropology to describe people from East Asia, Southeast Asia, and the Arctic region. It is now considered inappropriate and has been replaced by more accurate and respectful terms to describe human diversity. The use of this term is discouraged in modern language and scientific study."
What or Who is Silent Spring?,4968,"'Silent Spring' is a groundbreaking book written by Rachel Carson in 1962. It documented the environmental damage caused by indiscriminate use of pesticides, particularly DDT. The book is credited with launching the modern environmental movement and led to policy changes and increased awareness about the impact of chemicals on ecosystems."
Sum of First $n$ Squares Equals $\frac{n(n+1)(2n+1)}{6}$,4969,The formula for the sum of the first n squares is derived from mathematical induction or by understanding the sum of series. The sum of the first n squares can be expressed as (n(n+1)(2n+1))/6. This can be demonstrated through techniques involving algebraic manipulation or geometric visualization.
What or Who is Gravity?,4970,"Gravity is a natural force that pulls objects toward one another. It gives weight to physical objects and causes them to fall towards the ground when dropped. For example, when you jump, gravity pulls you back down. The force of gravity depends on the masses of the objects and the distance between them. The concept of gravity was first fully described by Sir Isaac Newton, and later enhanced by Albert Einstein's theory of General Relativity."
What or Who is Electricity meter?,4971,"An electricity meter is a device that measures the amount of electrical energy consumed by a residence, business, or electrically powered device. It typically records consumption in kilowatt-hours (kWh). For example, when you use a washing machine, the meter tracks how much electricity it uses. Power companies use these readings to bill customers for the electricity they have used over a billing period."
"If identical twins have the exact same DNA, why do they often look slightly different than one another?",4972,"Identical twins have the same DNA, but they can look slightly different due to environmental factors and individual experiences. These factors include differences in nutrition, physical activity, and even minor variations in their environment. For example, if one twin spends more time in the sun, they might have a darker complexion compared to the other twin. These small differences accumulate over time, leading to slight variations in appearance."
What or Who is Astronomical symbols?,4973,"Astronomical symbols are graphical representations used to denote celestial objects, events, or observatory equipment in astronomy. For instance, the symbol for the Sun is a circle with a dot in the center, and the symbol for Earth is a circle with a cross inside. These symbols help astronomers communicate complex concepts more easily in written and visual formats."
What or Who is Negroid?,4974,Negroid is an outdated and discredited racial classification term that was historically used to describe people of Sub-Saharan African descent. Modern science has rejected racial categorizations based on physical traits as there is more genetic diversity within so-called 'races' than between them. Current understanding emphasizes the concept of race as a social construct rather than a biological one.
Effect of drinking ultra-pure water,4975,"Drinking ultra-pure water can be harmful because it lacks essential minerals, such as calcium and magnesium, that are necessary for bodily functions. Regular intake may disrupt the balance of electrolytes in the body, leading to potential health issues such as electrolyte imbalance or even heart problems. For example, distilled water, a type of ultra-pure water, is generally safe in small quantities but not recommended as the primary drinking water source."
What is the difference between a consistent estimator and an unbiased estimator?,4976,"A consistent estimator is one that, as the sample size increases, produces values closer to the parameter being estimated. An unbiased estimator is one whose expected value equals the true parameter value. For example, the sample mean is both an unbiased and consistent estimator of the population mean. The key difference is that consistency focuses on the long-term behavior as sample size grows, while unbiasedness focuses on the accuracy of the estimator for any given sample size."
Microcontroller shelf life,4977,"The shelf life of a microcontroller largely depends on its storage conditions. When stored in a sealed, anti-static bag and kept in a cool, dry place, microcontrollers can last for many years, often over a decade. However, exposure to moisture, static electricity, or extreme temperatures can degrade their components, significantly shortening their effective shelf life. Proper handling and storage are crucial to maintaining their longevity."
What or Who is Interferometry?,4978,"Interferometry is a technique used to measure waves, such as light or sound, by analyzing the patterns created when two or more waves overlap. This method is commonly used in astronomy to study distant stars and galaxies. For instance, combining the light from multiple telescopes can create images with higher resolution than what a single telescope could achieve. This allows astronomers to observe fine details of celestial objects."
What or Who is Dead zone (ecology)?,4979,"A dead zone in ecology refers to an area in a body of water with very low oxygen levels, where most marine life cannot survive. These zones are typically caused by nutrient pollution from human activities, such as agriculture runoff. For example, the Gulf of Mexico has a large dead zone created by excess nutrients from the Mississippi River, resulting in massive fish kills and disrupted ecosystems."
"In 2024 if NASA do get to and land on the moon, will novice photographers or people with telescopes be able to see any of the mission?",4980,"In 2024, if NASA lands on the moon, novice photographers or people with telescopes will not be able to see the mission in detail. The moon is about 384,400 kilometers (238,855 miles) away from Earth. Even the best consumer telescopes lack the resolution to clearly see small objects on the moon, such as spacecraft or human activities. Professional observatories and space telescopes might offer better views, but not at a detailed level. The most accurate representations will come from NASA's own high-resolution imagery and live streams of the mission."
Why do we use an autoclave at 121°C (250F)? (Origin),4981,"We use an autoclave at 121°C (250F) because it is an optimal temperature for sterilization. This temperature, combined with high pressure (usually 15 psi), can kill all forms of microbial life, including bacteria, viruses, spores, and fungi. The origin of this practice dates back to the late 19th century when scientists like Louis Pasteur and Robert Koch demonstrated the need for sterilization to prevent infections. The sustained heat at this temperature disrupts the protein structures of microorganisms, rendering them inactive and ensuring a sterile environment."
"[Neuroscience] Why can't we use adrenaline or some kind of stimulant to wake people out of comas? Is there something physically stopping it, or is it just too dangerous?",4982,"Adrenaline or stimulants can't be used to wake people out of comas because a coma often involves extensive damage or dysfunction in the brain. Comas can result from various causes, such as traumatic brain injury, lack of oxygen, or severe illness, which impair complex brain functions. Stimulants might temporarily increase alertness but won't repair the underlying damage. Additionally, the introduction of such drugs could be dangerously stimulating to an already compromised system, potentially leading to harmful effects on the heart or other organs."
"Why does touching tinfoil with your teeth, especially when you have fillings, hurt so much?",4983,"Touching tinfoil with your teeth, especially if you have fillings, can cause sharp pain due to a phenomenon called electrochemical reaction. When aluminum foil contacts amalgam fillings in your teeth, these two metals create a small electric current in the presence of saliva, which is a conductive fluid. This current stimulates the nerves in your teeth, resulting in sudden pain. This effect is essentially a tiny battery being created in your mouth, leading to the sensory experience of pain."
What or Who is Web analytics?,4984,"Web analytics is the process of analyzing the behavior of visitors to a website. This includes tracking metrics like page views, time spent on pages, and the routes users take through a site. Tools such as Google Analytics help website owners understand how users interact with their site, which can inform decisions about design, content, and marketing strategies. The goal is to optimize user experience and improve website performance based on data-driven insights."
Do dead insects “go bad” for other insects that eat them such as spiders?,4985,"Dead insects do not necessarily “go bad” for other insects that eat them, such as spiders, but they can decompose. Decomposition is simply the breakdown of organic material by bacteria and fungi. While some predators, like spiders, prefer fresh prey because they are more nutritious, they will often eat dead insects if they are within a timeframe where the decomposition hasn't significantly altered the nutritional value or made the prey toxic. Environmental conditions also play a role in how quickly and severely an insect decomposes."
"What's the deepest hole we could reasonably dig with our current level of technology? If you fell down it, how long would it take to hit the bottom?",4986,"The deepest hole ever dug by humans is the Kola Superdeep Borehole in Russia, which reached about 12.3 kilometers (7.6 miles). With current technology, it's unlikely we could go much deeper, primarily due to the increasing heat and pressure. If you fell down a hole this deep, without considering air resistance, it would take roughly 15-20 seconds to reach the bottom, depending on the acceleration due to gravity. The deeper you dig, the more challenging it becomes to manage these extreme conditions."
Why deep ocean didn't freeze during snowball Earth?,4987,"During the Snowball Earth periods, the deep ocean didn't freeze due to several factors. One crucial reason is the immense pressure at great depths, which lowers the freezing point of water. Additionally, geothermal heat from the Earth’s interior continually warms the ocean floor. This combination of pressure and heat ensures that even if the surface and shallower layers were frozen, the deep ocean remained liquid, allowing life to survive in these refuge areas."
"Why are There No ""Triernions"" (3-dimensional analogue of complex numbers / quaternions)?",4988,"There are no 'triernions' because extending the concept of complex numbers to three dimensions fails to preserve the necessary mathematical properties. Complex numbers exist in 2D with useful properties like multiplication and division. Quaternions extend this into 4D while preserving those properties. In 3D, forming a number system that maintains properties like associativity and distributivity becomes mathematically inconsistent and doesn't offer the same utility."
Why is the Hydra Biologically Immortal?,4989,"The Hydra is considered biologically immortal because it lacks senescence, the process of aging in which organisms accumulate damage over time. Hydras have powerful regenerative abilities due to their simple structure and the high rate of stem cell activity. They constantly renew their cells, replacing old or damaged ones, which prevents the accumulation of cellular damage that typically leads to aging and death in other organisms. This allows them to potentially live indefinitely under the right conditions."
What exactly is dust? Where does it come from and how the heck does it get everywhere regardless of what measures you take (e.g. covering things in plastic)?,4990,"Dust is made up of tiny particles from various sources like skin cells, fabric fibers, pollen, and even tiny bits of soil. It gets everywhere due to its small size and light weight, making it easily carried by air currents. Even if you cover things in plastic, dust can still settle on exposed surfaces and be reintroduced when covers are removed. Air circulation in homes and the everyday movement of people and pets contribute to its widespread distribution."
"Do insects have muscles? If so, are they structurally similar to ours, and why can some, like ants, carry so much more weight than us proportionally? If not, what to they have that acts as a muscle?",4991,"Yes, insects have muscles. These muscles are structurally different from ours and are attached to their exoskeletons. Unlike human muscles that are anchored to bones, insect muscles are connected directly to their external shell. Ants can carry proportionally heavier loads because their muscles are arranged to allow greater leverage and their small size means that their muscle fibers can generate relatively more force compared to their body weight."
What or Who is Slide rule?,4992,"A slide rule is a manual tool used for calculation, consisting of a ruler and a sliding central strip. It was widely used before electronic calculators became available. It works through logarithmic scales which allow users to perform multiplication and division, as well as functions such as roots and trigonometry, by aligning different points on the scales."
Using the t-SNE algorithm on microarray data + an error bonus,4993,"Using the t-SNE algorithm on microarray data involves a process to visualize the high-dimensional data by reducing it to two or three dimensions. This makes it easier to identify patterns or clusters in the data. The error bonus may relate to the algorithm's ability to handle noise in the data, providing more accurate results despite potential errors in the dataset."
Where do bad smells eventually go?,4994,Bad smells are volatile compounds that eventually disperse into the air and become diluted to the point where they are no longer detectable. They can also be absorbed by surfaces or broken down by natural processes such as oxidation or microbial activity. Airflow helps in spreading these molecules out until they are too sparse to be smelled.
"What's the difference between an Ave, Rd, St, Ln, Dr, Way, Pl, Blvd etc. and how is it decided which road is what?",4995,"The terms Ave (Avenue), Rd (Road), St (Street), Ln (Lane), Dr (Drive), Way, Pl (Place), Blvd (Boulevard), etc., each typically refer to different types of roadways, often based on size, function, or layout. For instance, a Boulevard is usually a wide street with multiple lanes and often landscaped, while a Lane is a narrow road. Local governments or city planners decide these names typically based on historical or practical reasons."
"If hand sanitizer kills 99.99% of germs, then won't the surviving 0.01% make hand sanitizer resistant strains?",4996,"While hand sanitizers kill 99.99% of germs, the remaining 0.01% is less likely to cause resistant strains because they may lack the specific traits needed to survive and multiply. Proper use of sanitizers along with other hygiene measures helps minimize the chances of resistant germs."
"Decoupling caps, PCB layout",4997,Decoupling capacitors are used in PCB (Printed Circuit Board) layouts to filter out noise and stabilize the voltage supply. They are critical in ensuring that electronic components operate without interference. Proper placement near power pins of ICs (Integrated Circuits) is essential for optimal performance.
What's radiating on my PCB?,4998,"On a PCB, radiation can come from various components like oscillators, microprocessors, or communication modules due to electromagnetic interference (EMI). This can affect the performance of the board or neighboring devices, thus requiring design considerations to mitigate it."
"Why do ""red skies at morning"" mean it's going to storm later that day?",4999,"The saying 'red skies at morning' refers to a meteorological phenomenon where the sky appears red due to scattering of sunlight by atmospheric particles. In the morning, this can indicate that a storm system may be moving in from the west, bringing bad weather."
Can we really travel through earth's core?,5000,"Traveling through Earth's core is currently beyond our technological capabilities. The Earth's core is composed of extremely hot and dense materials, including molten iron and nickel. The core's temperature exceeds 9,000 degrees Fahrenheit, and the immense pressure would crush any known materials. Instead, scientists study the core using indirect methods like seismic waves generated by earthquakes, which provide valuable information about the core's properties without direct access."
What or Who is Astrolabe?,5001,"An astrolabe is an ancient scientific instrument used for solving problems related to time and the position of the stars and planets. It was particularly important for astronomers and navigators before the invention of more modern devices. By measuring the angle of a star above the horizon, an astrolabe could help determine the time of day or the latitude of the observer. This tool dates back to ancient Greece and was heavily used in the Islamic Golden Age."
Python as a statistics workbench,5002,"Python is highly effective as a statistics workbench due to its versatility and the extensive library support. With libraries like numpy, pandas, and scipy, Python allows data manipulation, analysis, and complex statistical computations to be performed easily. Additionally, visualization libraries like matplotlib and seaborn enable the creation of informative graphs and plots, making Python a comprehensive tool for both simple and advanced statistics projects."
What or Who is Sputnik crisis?,5003,"The Sputnik crisis refers to the period of public fear and anxiety in the United States that followed the Soviet Union's launch of Sputnik 1, the first artificial Earth satellite, on October 4, 1957. This event marked the beginning of the space race and led to significant investments in American scientific research and education, as it highlighted the potential for Soviet superiority in missile technology and space exploration."
What or Who is Stargate Project?,5004,"The Stargate Project was a secret U.S. Army unit established in 1978 to investigate the potential for psychic phenomena in military and domestic intelligence applications, particularly 'remote viewing,' where individuals would attempt to visualize distant or unseen targets. The program was eventually declassified and terminated in 1995, as evaluations concluded it had not provided useful intelligence information."
What is the speed of blood?,5005,"The speed of blood varies within the human circulatory system. In the arteries, blood can travel at a speed of about 1 foot per second, comparable to a slow walk. In the capillaries, blood flow slows significantly to allow for the exchange of oxygen, nutrients, and wastes between blood and tissues, traveling less than 1 millimeter per second. This variability ensures efficient transportation and exchange of vital substances throughout the body."
"Given recent developments in our understanding of water/ice bodies on Mars, is it possible that we could one day be surprised by Martian fossils? Or do we have reason to believe that Martian life would be limited to microorganisms?",5006,"The discovery of water/ice on Mars has fueled speculation about the possibility of past life. While most scientists believe Martian life, if it existed, would likely be limited to microorganisms due to the harsh conditions, it's still conceivable that future missions could uncover more complex fossils. Mars has experienced varying climatic conditions over billions of years, providing a historical window where life, more complex than microorganisms, might have once existed."
What or Who is Fermi problem?,5007,"A Fermi Problem, named after physicist Enrico Fermi, is a question designed to teach estimation skills by breaking down complex, seemingly unapproachable problems into simpler, more manageable parts. For instance, estimating the number of piano tuners in a city involves rough calculations about the number of households, pianos, and the frequency of tuning services. This helps develop analytical thinking and approximation techniques."
What or Who is Avi Loeb?,5008,"Avi Loeb is an Israeli-American astrophysicist and a professor of science at Harvard University. He is known for his research in black holes, the first stars, and galaxy formation. In the public sphere, he has attracted attention for his hypothesis that Oumuamua, an object passing through our solar system, might be of extraterrestrial origin. Loeb advocates for rigorous scientific exploration of the possibility of intelligent life beyond Earth."
What or Who is Equator?,5009,"The Equator is an imaginary line around the center of the Earth, equidistant from the North and South Poles. It divides the planet into the Northern and Southern Hemispheres. The Equator is significant because it is the point on Earth's surface where the sun can be directly overhead at noon during the equinoxes, leading to equal lengths of day and night. This region usually experiences a tropical climate with minimal variation in temperature throughout the year."
Why does the moon look huge in the distance when poping over a mountain but small on a picture or a video?,5010,"The moon appears huge when it rises over a mountain due to an optical illusion called the 'Moon Illusion.' This phenomenon occurs because our brain interprets the moon as larger than it actually is when it's near the horizon and we can compare it with other objects, like mountains. In contrast, when you take a picture or video, the camera lacks this context and the moon appears smaller, as the lens captures it without the surrounding references that our brain uses to gauge size."
How can I improve the yield of MinION sequencing runs?,5011,"To improve the yield of MinION sequencing runs, ensure high DNA quality and quantity, as degraded samples can reduce read length and accuracy. Optimize the library preparation process by following best practices for your specific kit. Maintain the MinION device and flow cells properly, as any contamination or damage can hinder performance. Calibration and regular software updates can also enhance sequencing efficiency by reducing errors and improving read quality."
What or Who is Channel Zero (TV series)?,5012,"Channel Zero is a television horror anthology series created by Nick Antosca. Each season adapts a popular 'creepypasta'—a form of user-generated horror fiction published online. The show features different stories and characters each season, exploring various eerie and unsettling narratives. Known for its disturbing and surreal imagery, Channel Zero gained attention for its unique storytelling approach and atmospheric tension."
What is the difference between Flash memory and EEPROM?,5013,"Flash memory and EEPROM are both types of non-volatile memory, meaning they retain data when power is off. The main difference lies in how they are erased and rewritten. Flash memory erases data in large blocks, making it suitable for applications where data is overwritten in large batches. EEPROM (Electrically Erasable Programmable Read-Only Memory), on the other hand, allows data to be erased and written at the byte level, offering finer control, which is useful for storing small amounts of data that change frequently."
"If sitting down for long periods is bad for us, then why is walking or standing up all day cause lower back pain?",5014,"Both prolonged sitting and standing can cause lower back pain because static postures lead to muscle fatigue and strain. When sitting, especially with poor posture, the lumbar spine can become overly flexed, stressing ligaments and discs. Standing all day can compress the spinal vertebrae and strain the lower back muscles due to constant use. Alternating between sitting, standing, and walking relieves this pressure by distributing strain across different muscle groups and promoting circulation."
What or Who is Alzheimer's disease?,5015,"Alzheimer's disease is a progressive neurodegenerative disorder that primarily affects memory, thinking, and behavior. It is the most common cause of dementia among older adults. Characterized by the build-up of amyloid plaques and neurofibrillary tangles in the brain, Alzheimer's disrupts neuronal communication, leading to cognitive decline. Symptoms start mildly but progressively worsen, significantly impairing daily functioning."
Why is there so much salt in the ocean? Where does it come from?,5016,"The ocean is salty because of the natural process involving the erosion of rocks on land. Rainwater dissolves minerals and carries them to rivers, which eventually flow into the ocean. Over millions of years, these dissolved minerals, primarily sodium and chloride, accumulate, creating the salty ocean we know today. Additional sources include underwater volcanic activities and hydrothermal vents, which release minerals directly into the sea."
What or Who is Integer factorization?,5017,"Integer factorization is a mathematical process of breaking down a composite number into its prime factors. For example, the number 15 can be factorized into 3 and 5, which are prime numbers. It's a fundamental problem in number theory and computer science, forming the basis for various cryptographic algorithms like RSA, where the difficulty of factorizing large numbers ensures data security."
What or Who is Hessdalen lights?,5018,"Hessdalen lights are unexplained light phenomena observed in the Hessdalen valley in Norway. These lights appear as bright orbs or flashes of light hovering above the ground or moving through the air. Despite extensive research, their exact cause remains uncertain. Hypotheses include natural explanations like piezoelectricity from quartz-bearing rocks, plasma formations, or even man-made attempts to observe electromagnetic activity."
Why is there no `nand` instruction in modern CPUs?,5019,"There is no `nand` instruction in modern CPUs because NAND gates are primarily a hardware concept used to build more complex logic circuits. While the `nand` operation itself is fundamental in electronics, CPUs use a combination of simpler instructions to perform logical operations. This allows more flexibility and efficiency in programming and execution. Furthermore, modern CPU design focuses on optimizing existing instructions through microcode and other techniques rather than adding new low-level operations."
"We see videos of meteors falling, burning bright, ets. However they appear to always travel at a steep angle. Is there a reason why meteors can not fall to the earth at a perfect perpendicular to the earths surface?",5020,"Meteors often appear to travel at a steep angle because they are typically coming from space at high velocities. In space, there are no forces stopping or diverting them except Earth's gravity. When a meteor enters Earth's atmosphere, it travels along a path influenced by its initial trajectory and Earth's gravitational pull. This path usually results in an angled entry. A perfect perpendicular fall is rare since it would require extremely precise conditions, with the meteor's trajectory aligning directly with a point on Earth's surface, which is statistically unlikely."
How do I go from an Arduino on a breadboard to creating a real device?,5021,"To move from an Arduino on a breadboard to a real device, start with designing a custom PCB (Printed Circuit Board). First, finalize your circuit design in software like Eagle or KiCad. Then, create a schematic and layout for your PCB. Once the design is ready, send it to a fabrication service to produce the board. After receiving the PCB, solder your components onto it, ensuring you follow safety and accuracy guidelines. Finally, encase your device in a suitable enclosure to protect and present your project more professionally."
The sum of an uncountable number of positive numbers,5022,"The sum of an uncountable number of positive numbers can be infinite. Uncountable refers to a quantity larger than any finite or countable number, like the number of points on a line segment. If each of these uncountable quantities is positive, their sum cannot be finite because even a tiny positive contribution from each point would still result in an infinite total. For instance, summing up all points between 0 and 1 on the real number line, each contributing a tiny positive value, yields an infinite result."
How does the correlation coefficient differ from regression slope?,5023,"The correlation coefficient and the regression slope are measures used in statistics but serve different purposes. The correlation coefficient (r) quantifies the strength and direction of the linear relationship between two variables, ranging from -1 to 1. The regression slope, on the other hand, represents the rate of change of the dependent variable as the independent variable changes. While correlation gives a measure of how well the variables correlate, the regression slope gives the actual equation (y = mx + b) defining the relationship, where 'm' is the slope."
What or Who is Beatrix Potter?,5024,"Beatrix Potter was an English author, illustrator, and conservationist known for her children's books featuring animals, such as 'The Tale of Peter Rabbit'. Born in 1866, she created many beloved characters, including Jemima Puddle-Duck and Mrs. Tiggy-Winkle. Aside from her literary work, Potter was also dedicated to land conservation, purchasing large tracts of land to preserve its natural beauty. Her stories have become classics, cherished by generations of readers worldwide."
What or Who is Conversion of units?,5025,"Conversion of units is the process of changing measurements from one unit to another, keeping the amount the same. This often involves multiplying by conversion factors, which are specific numerical values used to change one unit into another. For example, converting inches to centimeters requires multiplying by 2.54 because there are 2.54 centimeters in an inch. This practice ensures consistency and accuracy in measurements across different systems, like metric and imperial."
Why do you need 2 resistors when hooking up a transistor as a switch,5026,"Two resistors are used when hooking up a transistor as a switch to ensure proper operation. The resistor connected to the base limits the current flowing into the base-emitter junction, preventing damage to the transistor. The resistor in the collector path controls the current through the load. Without these resistors, the transistor could receive too much current and be damaged, or not operate efficiently as a switch."
What or Who is International Union of Pure and Applied Chemistry?,5027,"The International Union of Pure and Applied Chemistry (IUPAC) is a global scientific organization responsible for standardizing chemical nomenclature, terminology, and data. Founded in 1919, IUPAC aims to promote international collaboration in chemistry and contributes to various scientific publications, including the periodic table updates and standardized chemical naming conventions. This ensures uniformity and clarity in the communication of chemical information globally."
"How does gravity ""bend"" time?",5028,"Gravity bends time, a concept explained by Einstein's theory of general relativity. According to this theory, massive objects like stars and planets distort space-time, creating a 'curvature'. When an object is in a gravitational field, time appears to move slower compared to an area with less gravity. For instance, a clock placed near a massive object would tick slower than one farther away. This effect has been confirmed through experiments, such as those measuring time differences between clocks on airplanes and those on the ground."
What or Who is Fold change?,5029,"Fold change is a simple way to describe the change in quantity between two conditions, often used in sciences like biology. It is calculated by dividing the final value by the initial value. For example, if a protein's concentration increases from 2 to 8 units, the fold change is 4 (8 divided by 2). This term helps in understanding the magnitude of change, indicating how many times greater or smaller something is compared to its original state."
What or Who is Rare Earth hypothesis?,5030,"The Rare Earth hypothesis suggests that the emergence of complex life in the universe is rare because it requires a very specific set of conditions. These include having a planet in the habitable zone, a magnetic field, a stable star, and the presence of elements like carbon and oxygen. The hypothesis argues that while simple microbial life might be common, advanced life forms are extremely rare due to these stringent conditions."
Why does a commercial PCB need this much rework?,5031,"Commercial Printed Circuit Boards (PCBs) require significant rework due to various factors such as design errors, manufacturing defects, or the need to update the design to accommodate new features. Rework involves fixing these issues to ensure the PCB functions correctly, which is crucial in high-reliability applications like aerospace, medical devices, and consumer electronics where even minor defects can lead to major failures."
What or Who is Atomic absorption spectroscopy?,5032,"Atomic Absorption Spectroscopy (AAS) is a technique used to analyze the concentration of metals in a sample. It involves atomizing the sample and measuring the absorption of light by free atoms within a specific wavelength. This method helps identify and quantify elements like lead or mercury in various materials, making it essential in fields like environmental testing, food safety, and clinical diagnostics."
Free statistical textbooks,5033,"Free statistical textbooks can be found online through resources like OpenStax, Project Gutenberg, or educational institutions' websites. These textbooks cover topics ranging from basic probability to advanced statistical methods, making them accessible for students, educators, and self-learners aiming to build or enhance their understanding of statistics."
Determinant of a non-square matrix,5034,"The determinant is a mathematical concept that applies only to square matrices, meaning matrices with the same number of rows and columns. Non-square matrices, such as those with different numbers of rows and columns, do not have a determinant. The concept is often used in solving systems of linear equations, performing matrix inversions, and in eigenvalue calculations."
Is there a name for the phenomenon of false positives counterintuitively outstripping true positives,5035,"The phenomenon where false positives outnumber true positives is known as the base rate fallacy or sometimes referred to as the false positive paradox. This occurs when the prevalence of the condition being tested for is low, making the probability of a false positive high compared to that of a true positive, even if the test is accurate."
What or Who is Ionization energy?,5036,"Ionization energy is the amount of energy required to remove an electron from an atom or molecule in its gaseous state. It indicates how strongly an atom holds onto its electrons. Elements with high ionization energies, like noble gases, are less likely to lose electrons and form positive ions, while those with low ionization energies, like alkali metals, readily lose electrons."
What or Who is OpenSUSE?,5037,"OpenSUSE is a Linux-based operating system developed by the openSUSE Project. It is known for its stability, security, and ease of use, making it popular among developers, system administrators, and desktop users. OpenSUSE provides two main versions: Leap, which is stable and suitable for enterprise use, and Tumbleweed, which offers rolling releases for latest software."
What or Who is Bicameral mentality?,5038,"Bicameral mentality is a psychological hypothesis proposed by Julian Jaynes, suggesting that ancient humans' brains operated in a 'bicameral' state. This means they perceived their thoughts as coming from external divine sources rather than their own minds. Jaynes theorized that this mentality shifted to modern consciousness around 3,000 years ago, as humans developed more complex language and introspection."
What or Who is Mpemba effect?,5039,"The Mpemba effect is a phenomenon where hot water can freeze faster than cold water under certain conditions. Named after Tanzanian student Erasto Mpemba, who observed it in the 1960s, the effect is still not fully understood. Possible explanations include evaporation reducing the volume of hot water, differences in dissolved gases, and convection currents leading to different cooling rates."
Was the Milky Way ever a quasar?,5040,"The Milky Way was likely never a quasar. Quasars are extremely luminous objects found at the centers of some galaxies, powered by supermassive black holes actively accreting vast amounts of material. While the Milky Way contains a supermassive black hole, it is not currently in an active state comparable to a quasar. Thus, it is unlikely that our galaxy went through such a phase. Quasars are typically found in the ancient, early Universe when galaxies were more prone to these high-energy processes."
"When searching for life on other planets, why do we look for oxygen when the species there could have a completely different structure where they don't need oxygen at all?",5041,"While it's true that extraterrestrial life might not require oxygen, scientists search for oxygen because it is a strong indicator of biological activity as we know it. On Earth, oxygen is produced by plants and microorganisms through photosynthesis. Finding oxygen in another planet's atmosphere would suggest that similar biological processes could be occurring. This doesn't rule out other forms of life, but oxygen is a practical starting point given our current understanding and technology."
What or Who is Future?,5042,"'Future' typically refers to the time that is yet to come, following the present. It can also denote the concept of possibilities, events, or conditions that have not yet occurred. While often associated with time, 'future' can also be used to discuss potential developments or advancements in various fields, such as technology or society."
What is the line crossing the Pacific Ocean that is shown on maps?,5043,"The line crossing the Pacific Ocean shown on maps is the International Date Line. It is an imaginary line roughly following the 180-degree line of longitude, deviating to pass around some territories and island groups. This line marks the place where each calendar day begins, helping to standardize the world's timekeeping. Crossing the line can either add or subtract a day, depending on the direction of travel."
ow does the start/stop feature in newer cars save fuel and not just wear out the starter?,5044,"The start/stop feature in newer cars helps save fuel by automatically turning off the engine when the car is not moving, such as at traffic lights, and restarting it when the driver is ready to move again. Modern starters and batteries are designed to handle these frequent starts and stops, minimizing wear and tear. Advanced engines require less fuel to restart than they would consume by idling, leading to improved fuel efficiency over time."
What is the difference between gas and dust in astronomy?,5045,"In astronomy, gas refers to individual atoms or molecules, primarily hydrogen and helium, existing in space. Dust consists of tiny solid particles composed of heavier elements like carbon, silicon, and metals. While gas is more evenly distributed, dust often collects in clouds and nebulae. Together, gas and dust are essential components in the formation of stars and planets."
What or Who is Shot glass?,5046,"A shot glass is a small glass used to measure or serve spirits and liqueurs. Typically holding around 1.5 ounces (44 milliliters), it is a standardized way to serve and consume alcohol in measured amounts. Shot glasses often have markings indicating different volumes."
What or Who is History of chemistry?,5047,"The history of chemistry traces the development of modern chemistry from ancient times. Early practices like alchemy sought to transform base metals into gold. The scientific method, developed in the Renaissance, revolutionized the field, leading to key discoveries such as the periodic table and chemical bonding. Landmark figures include Antoine Lavoisier, who established the law of conservation of mass, and Dmitri Mendeleev, who created the periodic table."
What or Who is Starship HLS?,5048,"Starship HLS (Human Landing System) is a version of SpaceX's Starship spacecraft designed to land astronauts on the Moon. Selected by NASA for the Artemis program, it aims to carry astronauts from lunar orbit to the Moon's surface and back. This reusable system supports NASA's goal of sustainable lunar exploration."
What or Who is Cyberchase?,5049,"Cyberchase is an educational animated TV series for children that focuses on teaching math and problem-solving skills. The show follows three kids and a bird named Digit as they protect the digital universe from the villain Hacker. Through their adventures, the characters solve various challenges using mathematical concepts."
What or Who is Analytics?,5050,"Analytics refers to the systematic computational analysis of data or statistics. It is used to discover, interpret, and communicate meaningful patterns in data. For example, businesses use analytics to determine customer preferences and to improve their services."
Why do we write NH3?,5051,"We write NH3 to represent ammonia, a compound comprising one nitrogen (N) atom and three hydrogen (H) atoms. This formula follows from chemical principles that describe how these atoms bond based on their valence electrons, resulting in the stable formation of NH3."
If you had a pinhole camera with an aperture that only let one photon in at a time- what would its pictures look like?,5052,"If a pinhole camera only let in one photon at a time, its pictures would initially appear as random dots. Over time, as more photons accumulate, a clearer image would form, resembling a traditional photograph but only after a significant amount of data collection."
What or Who is Space Shuttle Challenger disaster?,5053,"The Space Shuttle Challenger disaster occurred on January 28, 1986, when the NASA Space Shuttle Challenger broke apart 73 seconds into its flight, leading to the deaths of its seven crew members. The accident was caused by the failure of an O-ring seal in its right solid rocket booster."
Why do the two COVID-19 vaccine candidates require different storage conditions?,5054,"Different COVID-19 vaccine candidates require different storage conditions due to their unique compositions. For example, mRNA vaccines like Pfizer's need ultracold temperatures to remain stable, while others like Johnson & Johnson's use viral vectors that are stable at standard refrigeration temperatures."
What or Who is Chemical vapor deposition?,5055,"Chemical Vapor Deposition (CVD) is a process used in the production of high-quality, solid materials, typically under vacuum. It involves depositing a thin film of material from a vapor onto a substrate. This technique is crucial in the semiconductor industry for creating silicon wafers."
Does the US National Weather Service use Celsius or Fahrenheit?,5056,The US National Weather Service primarily uses Fahrenheit when reporting weather conditions because it is the standard measure of temperature in the United States. It helps provide information that is easily understood by the general public.
What or Who is Evidence?,5057,"Evidence refers to information or facts that help support or refute a belief or proposition. In science, evidence gathered from experiments and observations helps form or challenge theoretical understandings. For instance, fossil records provide evidence for evolution."
Single-sample vs. joint genotyping,5058,"Single-sample genotyping identifies genetic variants in an individual sample, often used in personalized medicine. Joint genotyping, however, analyzes multiple samples simultaneously to identify shared and unique genetic variants, thus improving accuracy and context for genetics research."
"How old could the average rock be, how young? Are most very old? How old? How long does it take to make an average round rock? How does it happen?",5059,"Rocks can be billions of years old or form relatively quickly, depending on their type. Sedimentary rocks, for example, can form over millions of years from deposited material. A round rock, like a river pebble, typically forms from continuous erosion and movement over time."
What or Who is Image editing?,5060,"Image editing is the process of altering images, whether they are digital photographs, traditional analog photographs, or illustrations. This can involve basic tasks like cropping, resizing, and adjusting colors, as well as more complex manipulations such as blending images together, removing unwanted elements, or adding effects. Popular software for image editing includes Adobe Photoshop and GIMP. For example, a photographer might edit a picture to enhance its colors and remove blemishes to make it more visually appealing."
"For humans, sea water is not drinkable due to its high salt content. How do whales, manatees, seals, and other sea faring mammals stay hydrated?",5061,"Marine mammals like whales, manatees, and seals stay hydrated primarily by metabolizing the water from the food they eat, such as fish and plankton, which contain fresh water. Additionally, their kidneys are highly efficient at conserving water and excreting excess salt, allowing them to maintain hydration despite the salty environment. Some species can also drink seawater and then expel the excess salt through specialized glands or highly concentrated urine. Hence, their unique adaptations allow them to thrive in marine habitats that are inhospitable to humans."
How do scientists know mitochondria was originally a separate organism from humans?,5062,"Scientists believe mitochondria were originally separate organisms because of their unique features. Mitochondria have their own DNA, which is distinct from the human nuclear DNA and resembles bacterial DNA. They also replicate independently within the cell and have double membranes, suggesting they were engulfed by a primitive cell. This theory, known as the endosymbiotic theory, is supported by the observation that mitochondria share many similarities with ancient bacteria, indicating a common ancestry."
If $AB = I$ then $BA = I$,5063,"If AB = I, then it implies that A is the inverse of B. However, for BA to equal I as well, both A and B must be invertible (nonsingular) matrices. In general, if either A or B is not invertible, we cannot conclude that BA = I. Therefore, while AB = I always means A is a left-inverse of B and vice versa, both must be square and invertible for BA = I to necessarily hold true."
What or Who is Combustibility and flammability?,5064,"Combustibility and flammability refer to how easily a material can catch fire. Combustibility describes a material's ability to burn when exposed to an ignition source, while flammability specifically indicates how easily a material can ignite and sustain a fire. For example, materials like wood and paper are both combustible and flammable. In contrast, metals like steel are combustible under certain conditions but generally not flammable. It's important to understand these properties to ensure safety in various environments."
Why do smaller mammals move intermittently?,5065,"Smaller mammals often move intermittently due to their high energy expenditure and predation risks. By moving in short bursts and then pausing, they conserve energy and remain less visible to predators. This behavior also allows them to assess their surroundings frequently, ensuring they have enough food and safety from threats. For example, a squirrel might dash a few feet, stop to look around, and then continue, balancing the need for speed and vigilance."
What or Who is Crash Course (web series)?,5066,"Crash Course is a popular educational YouTube web series that offers courses on various subjects, including history, science, economics, and literature. Created by John and Hank Green, the series aims to provide high-quality, accessible educational content in a fun and engaging manner. Each series is hosted by experts in the field and presents complex topics in an easy-to-understand way, often using animations and graphics to illustrate key points."
What or Who is Error?,5067,"An error refers to a mistake or inaccuracy that occurs when a result or outcome deviates from the expected or intended outcome. Errors can occur in various contexts, such as data collection, software programming, human judgment, and scientific experiments. For example, a typographical error in a text document occurs when a letter or word is typed incorrectly, leading to potential misunderstandings or miscommunication."
How does boiling water clean it? What can it NOT clean?,5068,"Boiling water cleans it by killing harmful microorganisms like bacteria, viruses, and parasites due to the high temperature. Boiling for at least one minute is typically effective for purification. However, boiling cannot remove chemical contaminants, heavy metals, or toxins present in the water. Therefore, while boiling is a good method for dealing with biological contamination, additional treatments like filtration or chemical disinfection may be needed to address other types of pollutants."
"How does, at the point right after male orgasm, genital stimulation go from pleasurable to not when the nerves are being stimulated in the exact same way?",5069,"After male orgasm, genital stimulation can become uncomfortable or painful due to a temporary decreased sensitivity and overstimulation of nerve receptors. Following orgasm, the body goes through a refractory period where the nerves and tissues involved in arousal are reset, leading to a shift from pleasurable sensations to discomfort if stimulation continues. This biological response helps to signal the end of sexual activity, allowing the body time to rest and recover."
What are the labels in my rstats distance matrix?,5070,"In your rstats distance matrix, the labels refer to the identifiers for the rows and columns, typically corresponding to the items being compared. For example, in a distance matrix of cities, each row and column label might be a city name, indicating the distance between pairs of cities. These labels help you understand which elements are being compared within the matrix."
What is the influence of C in SVMs with linear kernel?,5071,"In Support Vector Machines (SVMs) with a linear kernel, the parameter C controls the trade-off between achieving a low training error and a low testing error, effectively balancing model complexity and accuracy. A high C value tries to classify all training examples correctly, leading to less margin but possibly overfitting. In contrast, a low C value allows a larger margin with more tolerance for misclassifications, which could improve generalization."
Does this smartphone photo show Mars just below the Sun?,5072,"No, a smartphone photo does not show Mars just below the Sun, as Mars is usually not visible near the Sun due to the brightness of the Sun overpowering Mars' visibility. Additionally, observing Mars so close to the Sun in the sky would be dangerous without proper solar filters. Planetary positions also shift, so such an alignment is rare."
Why did LEDs take so long to appear as light bulbs?,5073,"LEDs took a long time to appear as light bulbs due to initial inefficiencies in producing visible light, high production costs, and limited material technology. Early LEDs emitted infrared light and were used in electronics. Advancements in semiconductor materials and manufacturing eventually allowed LEDs to be energy-efficient, durable, and cost-effective for general lighting, leading to their widespread adoption."
What would be the temperature of earth if there was no atmosphere?,5074,"If Earth had no atmosphere, its average temperature would be around -18°C (0°F). This estimation arises because the atmosphere currently traps heat through the greenhouse effect, raising surface temperatures by about 33°C (59°F) from what they would be otherwise. Without an atmosphere, the planet would lose heat more rapidly, resulting in a much colder environment."
Why do we age? or Do we have a theory of senescence?,5075,"Aging, or senescence, occurs due to the gradual decline in cellular and molecular function over time. Multiple theories exist, including the accumulation of genetic mutations, shortening of telomeres, and damage from free radicals. Senescence may also be an evolutionary adaptation where energy is prioritized for reproduction rather than indefinite survival, contributing to the cycle of life."
How were the first microprocessors programmed?,5076,"The first microprocessors were programmed using machine language, which consists of binary code directly understood by the CPU. Programmers wrote sequences of binary instructions, often manually, using punch cards or switches. Assembler programs, which translate human-readable code into machine language, later simplified this process."
Why is untreated trypanosomiasis invariably fatal in humans?,5077,"Untreated trypanosomiasis, also known as sleeping sickness, is fatal because the parasite that causes it, Trypanosoma, invades the central nervous system, causing severe neurological symptoms. Without treatment, the infection disrupts sleep cycles, damages the brain, and eventually leads to coma and death."
Why wasn't the planet Uranus recognized by ancient cultures?,5078,"Ancient cultures did not recognize Uranus because it is not visible to the naked eye without modern telescopes. Uranus has a dim brightness and a slow orbit, which makes it appear as a faint star rather than a distinct planet. Its discovery only became possible with the advent of telescopic technology in the 18th century."
"What do weather forecasters mean when they say ""50% chance of rain""?",5079,"When weather forecasters say there is a '50% chance of rain,' they mean there is a 50% probability that rain will occur in the forecasted area within a specified time frame. This percentage reflects uncertainty in predictions and suggests that, based on current data, rain is just as likely to happen as it is not to happen."
Will social distancing make viruses other than covid-19 go extinct?,5080,"Social distancing alone is unlikely to make other viruses go extinct. While it reduces transmission, viruses can survive in other hosts or re-emerge when social distancing measures are lifted. Virus extinction requires extreme measures or lacks a host entirely, which is uncommon with purely behavior-based interventions like social distancing. For example, the measles virus remains in global circulation despite vaccination efforts because it finds unvaccinated hosts to infect."
How to make chromosome color maps for bed ranges,5081,"To make chromosome color maps for bed ranges, start by understanding that 'bed' is a format used in genomics to define regions of interest on chromosomes. Use software like UCSC Genome Browser or IGV to visualize these regions. Assign different colors to specific ranges to easily distinguish them. Colors can help identify patterns, such as gene density or variant regions. This visualization aids research by providing a clear, color-coded map that simplifies analysis and interpretation of complex genomic data."
Why does the 3rd electron shell start filling up with scandium?,5082,"The 3rd electron shell begins to fill with scandium because of the arrangement of electrons around the nucleus in a pattern known as electron configuration. Scandium has an atomic number of 21, meaning it has 21 electrons. The first two shells fill to their maximum capacities (2 and 8 electrons, respectively). The third shell can hold more electrons but at scandium, it has 10 electrons, reaching from 1s to 3p sub-shells, and then the remaining electrons begin to fill the 4s before filling 3d, following the Aufbau principle."
What or Who is Subspecies?,5083,"A subspecies is a taxonomic category that ranks below a species. Members of a subspecies are capable of interbreeding with other subspecies within the same species but exhibit distinct physical or genetic characteristics due to adaptations to different environments. For example, the Bengal tiger and the Siberian tiger are subspecies of Panthera tigris, distinguished by their size, coat color, and habitats."
Why are people’s palms never dark?,5084,"People’s palms are never dark because of lower melanin levels in these areas. Melanin is the pigment that gives skin its color and is less concentrated in the palms and soles. Evolutionarily, this might be due to these areas needing higher sensitivity to touch, which is facilitated by lighter skin. Moreover, these regions experience less sun exposure, reducing the need for melanin’s protective effects."
"Why is it that we think of mirrors as being silver colored, even though they reflect the exact colors of objects around them?",5085,"Mirrors are often thought to be silver-colored because traditional mirrors are made with a thin layer of silver or aluminum behind a sheet of glass. This layer reflects light very effectively, creating a nearly perfect reflection. When looking at a mirror’s edge or from an angle, you might see the actual material, which appears silver. However, mirrors reflect the colors of objects in front of them without bias, giving the illusion of being colorless in their reflections."
Why is the Oort cloud presumed to be spherical?,5086,"The Oort cloud is presumed to be spherical because of how it likely formed from the gravitational interactions that occurred in the early solar system. These interactions would have flung icy objects in all directions, creating a roughly spherical distribution. Observations of comets, believed to originate from the Oort cloud, arrive from all different directions, supporting this spherical hypothesis."
"What has made solar energy so much more expensive in the past, and what developments are most important to further reduce the cost in the future?",5087,"Historically, solar energy was expensive due to high production costs of photovoltaic cells and limited efficiency. Advances in materials science, manufacturing processes, and economies of scale have reduced costs significantly. Further developments, such as improvements in energy storage, conversion efficiency, and grid integration, are crucial for continuing to lower the costs. Enhanced regulatory policies and economic incentives also play important roles in making solar energy more affordable and widespread."
$\int_{-\infty}^{+\infty} e^{-x^2} dx$ with complex analysis,5088,"To evaluate the integral $
=
_{-
^{
}}^+
 e^{-x^} dx$ using complex analysis, recognize it as a Gaussian integral. Convert it to polar coordinates and integrate over the complex plane. This approach shows that $
_{
(infty)}^
 e^{-x^} dx = √ π$."
Can an insect be “fat”? How do they store energy?,5089,"Insects can store energy but generally do not become 'fat' in the same way mammals do. Insects store energy in the form of glycogen or lipids within their fat bodies, which are distributed throughout their bodies as opposed to being concentrated in a single area. For example, a caterpillar will accumulate nutrient reserves in its fat body to fuel its transformation into a butterfly."
Using volatile in embedded C development,5090,"In embedded C development, the keyword 'volatile' is used to tell the compiler that a variable's value can change at any time without any action taken by the code. This is often used with hardware registers or global variables modified by an interrupt service routine. Without 'volatile,' the compiler might optimize and 'assume' values of variables, potentially leading to incorrect operations. For example, suppose a variable is used to indicate an external hardware state change; 'volatile' ensures each read fetches the current state rather than using a possibly outdated cached value."
What or Who is Empiricism?,5091,"Empiricism is a philosophical approach that emphasizes knowledge arising from sensory experiences. It suggests that all concepts and knowledge are ultimately derived from our senses, like sight and hearing, rather than inherited or otherwise innate. Empiricism forms the foundation of the scientific method, requiring observations and experiments. For example, scientists conduct experiments and make observations to understand natural phenomena, rather than relying solely on theoretical predictions or existing beliefs."
What is a data scientist?,5092,"A data scientist is a professional who collects, analyzes, and interprets large amounts of data using various tools and techniques. Their goal is to extract useful insights that can help solve problems or identify opportunities. Data scientists often use programming languages, statistics, and machine learning algorithms. For example, a data scientist might analyze customer data to predict buying trends, helping businesses tailor their marketing efforts more effectively."
What or Who is A3 problem solving?,5093,"A3 problem solving is a structured problem-solving approach named after the A3 paper size used to summarize the process. It originates from Toyota's Lean manufacturing and focuses on understanding the problem, identifying root causes, and implementing solutions. This method uses a single A3-sized piece of paper to present all necessary information to promote clarity and conciseness. For example, a team might use an A3 report to address production line inefficiencies, outlining actions to enhance workflow and increase productivity."
"If both ADHD and autism are considered neurodivergent, why do we only have ADHD stimulants but no medication to treat autism?",5094,"ADHD and autism both fall under the umbrella of neurodivergent conditions, which means they involve different wiring of the brain. However, ADHD is characterized by attention difficulties and hyperactivity, often treatable with stimulants that help improve focus. Autism, a spectrum condition, involves diverse interaction and sensory processing, making it more complex. There isn’t a one-size-fits-all medication for autism because it manifests uniquely in individuals, requiring tailored therapies rather than a universal drug solution."
"Besides cilantro, are there any other ingredients that have been identified to taste different to people based on their genetics?",5095,"Yes, other ingredients can taste different to people based on their genetics. A notable example is the bitter compound phenylthiocarbamide (PTC). Some people find it extremely bitter due to genetic differences, while others cannot taste it at all. Another example is the genetic sensitivity to the compound s-methyl-thioester found in cooked Brassica vegetables like broccoli and Brussels sprouts, which can taste unpleasantly bitter to certain individuals due to specific genetic receptors."
Is there a database of global rainfall time series?,5096,"Yes, there are databases of global rainfall time series. One prominent example is the Global Precipitation Climatology Project (GPCP), which provides monthly and daily precipitation data worldwide. These datasets are vital for understanding climate patterns, conducting weather forecasts, and studying hydrological cycles. Another example is NASA’s Tropical Rainfall Measuring Mission (TRMM), which offers detailed rain measurements, particularly over tropical regions."
Is the Earth going to evolve towards Mars' fate or Venus' fate?,5097,"The Earth is not likely to evolve towards the specific conditions of either Mars or Venus in the foreseeable future. Mars is cold and has a thin atmosphere, while Venus is extremely hot with a thick, toxic atmosphere. Earth’s future environment will depend on various factors, including human impact on climate change, which could make conditions more extreme. However, Earth’s path differs due to its unique position, atmospheric composition, and biological factors."
Can humans eat grass?,5098,"Humans can eat grass, but it’s not nutritionally practical. Grass contains cellulose, a substance humans lack the necessary enzymes to break down into digestible components. Unlike cows or other ruminants, human stomachs cannot process grass efficiently to extract nutrients. While chewing grass is not harmful, it offers little nutritional value and can be difficult to digest, potentially leading to discomfort and digestive issues."
Is the dark side of the earth protected from the risks of solar flares?,5099,"The 'dark side' of the Earth, or the side facing away from the sun, is not protected from solar flares. Solar flares are intense bursts of radiation and charged particles from the sun that affect the whole planet by interacting with the Earth’s magnetic field. Though the side facing the sun takes the initial impact, the effects, such as geomagnetic storms, can influence the entire Earth, affecting satellite communications, power grids, and navigation systems."
What or Who is Astrobiology?,5100,"Astrobiology is the scientific study of life in the universe. It's concerned with the origins, evolution, distributions, and future of life on Earth and beyond. Researchers in astrobiology explore extreme environments on Earth to understand how life might evolve on other planets. They also study planets and moons in our solar system, such as Mars and Europa, for signs of life. Astrobiology is interdisciplinary, combining elements of biology, chemistry, geology, and astronomy to address its questions. For example, scientists investigate microbial life in Earth's deep-sea vents to hypothesize about life under the icy crust of Europa."
How do we think about moving our body without actually moving it?,5101,"We can think about moving our body without doing it because of the brain's ability to simulate actions. When we imagine a movement, neurons in the motor areas of our brain become active, similar to when we actually perform the movement. This process involves motor imagery, where the brain rehearses the action internally. For instance, athletes visualize their actions to improve performance. This mental rehearsal helps in muscle memory and learning complex tasks without physical execution, reflecting how our brain integrates imagination and motor control."
Understanding the role of the discount factor in reinforcement learning,5102,"The discount factor in reinforcement learning determines how much future rewards are valued compared to immediate rewards. It is typically a value between 0 and 1. A discount factor close to 1 means future rewards are highly valued, thereby encouraging long-term benefits. Conversely, a discount factor near 0 emphasizes immediate rewards. This balance helps in decision-making processes where an agent learns the best strategies to maximize their cumulative reward over time. For example, in a game setting, a higher discount factor would encourage a strategy that leads to the highest score in the long run."
"Does Earth's core actually turn ""backwards"" at times?",5103,"Recent studies suggest that Earth's inner core may exhibit periods of differential rotation, meaning it might rotate at slightly different speeds compared to the mantle and crust. This phenomenon is sometimes described as the core 'turning backward,' though it's more about varying speeds of rotation rather than a literal reverse spin. These variations can influence magnetic field dynamics and are studied through seismic wave observations. However, this process is complex and still under scientific investigation, emphasizing the intricate nature of Earth's internal structure."
Multiple-choice question about the probability of a random answer to itself being correct,5104,"If you are answering a multiple-choice test and one of the options asks about the probability of choosing a random answer to itself being correct, it generally implies understanding the basics of probability. Assuming each answer choice is equally likely and there are N choices, the probability of randomly selecting the correct one is 1/N. For example, if there are four options, the probability of picking the correct one at random is 1/4 or 25%. This illustrates the concept of equally likely outcomes in probability theory."
Is buckminsterfullerene aromatic?,5105,"Buckminsterfullerene, also known as C60, is a molecule made up of 60 carbon atoms arranged in a structure resembling a soccer ball. Although it has conjugated double bonds, it is not considered aromatic due to its lack of significant delocalized electrons that would confer special stability. Aromatic compounds typically follow Hückel's rule, having (4n + 2) π-electrons, which buckminsterfullerene does not fulfill. Thus, despite its unique structure, it does not exhibit the characteristics of aromaticity found in compounds like benzene."
Why do neural network researchers care about epochs?,5106,"In neural network training, an epoch is a full pass through the entire training dataset. Researchers care about epochs because repeating the training data multiple times helps the model learn patterns and improve its accuracy. Each epoch provides the model an opportunity to update its weights based on errors from predictions. For instance, if a neural network takes 10 epochs to achieve accurate image recognition, it means the data was revisited 10 times to minimize the prediction error. This iterative process helps in refining the model's performance."
How to represent random sequence elements in SBOL?,5107,"SBOL (Synthetic Biology Open Language) is used to represent and share information about biological designs. To represent random sequence elements, SBOL provides a way to specify constraints rather than exact sequences. For instance, a random DNA sequence might be represented by defining the length and nucleotides range without giving a specific sequence. This can be useful in designing variable regions within synthetic constructs where exact sequences are not predetermined."
What or Who is Deep-sea fish?,5108,"Deep-sea fish are species that inhabit the deepest regions of ocean waters, often below 200 meters where sunlight is minimal or nonexistent. These fish have adapted to extreme pressure, cold temperatures, and dark environments. Examples include the anglerfish, which has a bioluminescent lure to attract prey, and the deep-sea dragonfish, which has light-producing organs to find mates and catch food. Studying deep-sea fish helps scientists understand adaptation mechanisms and the biodiversity of Earth's oceanic depths."
What or Who is Artemis program?,5109,"The Artemis program is a NASA-led initiative aimed at returning humans to the Moon and potentially enabling subsequent missions to Mars. Named after the Greek goddess of the Moon, Artemis, the program plans to land the first woman and the next man on the lunar surface by focusing on sustainable exploration. The mission will utilize the Space Launch System (SLS) and the Orion spacecraft. By establishing a human presence on the Moon, Artemis aims to develop new technologies and methods for survival in space, paving the way for future interplanetary missions."
"If you were to fall down a skyscraper's elevator shaft, would the Coriolis effect cause you to hit the sides?",5110,"The Coriolis effect, caused by Earth's rotation, could influence a falling object, but in the confined space of an elevator shaft, its influence would be minimal. The narrow walls and relatively short duration of the fall limit Coriolis forces. However, other factors like air resistance and the shaft's construction would more significantly impact whether you'd hit the sides. Thus, while theoretically present, the Coriolis effect would not cause you to hit the sides noticeably."
How is it possible that we haven't discovered anything in the Oort cloud yet?,5111,"The Oort cloud, a distant spherical shell of icy objects surrounding the solar system, remains undetected mainly due to its vast distance—up to a light year away. Objects here are small, dark, and cold, making them very faint and challenging to observe with current technology. Additionally, their slow movement makes it hard to differentiate them from distant stars. Future advancements in telescopes and detection methods may eventually reveal these elusive objects."
Ceramic caps vs electrolytic. What are the tangible differences in use?,5112,"Ceramic capacitors and electrolytic capacitors serve different purposes in electronic circuits. Ceramic capacitors are small, reliable, and have fast response times, making them ideal for high-frequency applications like filtering. Electrolytic capacitors, on the other hand, can store much larger amounts of charge, suited for applications needing significant power storage, such as power supply filtering. The key differences lie in their capacity, size, and suitable frequency range."
What or Who is Faster-than-light?,5113,"Nothing in physics can travel faster than light in a vacuum, according to Einstein's theory of relativity. However, theoretical particles called tachyons are hypothesized to move faster than light, although they remain unproven. In fiction, characters like The Flash and concepts like warp drives explore faster-than-light travel. But in reality, achieving or surpassing the speed of light remains beyond our current scientific understanding."
Formula for k-mer coverage,5114,"The k-mer coverage formula usually involves the total number of k-mers (subsequences of length k) in the genome and the number of times each k-mer appears. Generally, average k-mer coverage can be calculated by dividing the sum of all k-mer counts by the total number of possible k-mers. This helps estimate the depth of sequencing coverage."
What or Who is Null hypothesis?,5115,"The null hypothesis is a fundamental concept in statistics, representing the default assumption that there is no effect or no difference between groups being studied. For instance, in a drug efficacy test, the null hypothesis might state that the new drug has no different effect than a placebo. Scientists aim to reject the null hypothesis to provide evidence supporting an alternative hypothesis."
Are metals and other elements in every continent?,5116,"Yes, metals and other elements are found on every continent. Earth's crust contains a variety of elements, including abundant ones like iron, aluminum, and silicon, as well as valuable metals like gold and rare earth elements. Mining and extraction of these elements occur worldwide, with specific elements more concentrated in certain geological formations."
How long can an octopus survive out of the water?,5117,"An octopus can survive out of water for only a brief period. Typically, they can stay out for about 20-30 minutes, depending on the conditions. They must remain moist to facilitate oxygen absorption through their skin. However, prolonged exposure to air leads to dehydration and difficulty breathing, which can be fatal."
What is the best way to account for GC-content shift while constructing nucleotide-based phylogenetic tree?,5118,"To account for GC-content shift when constructing a nucleotide-based phylogenetic tree, normalizing the sequence data is crucial. One effective method is to use models that account for base composition bias, such as the GC-content aware models. Software tools like RAxML or PhyML offer such models, ensuring more accurate phylogenetic inferences despite varying GC content."
Why is snow white?,5119,"Snow appears white because it reflects most of the visible light spectrum. Each snowflake is made up of tiny ice crystals that scatter light in many directions. This scattering diffuses the light, reflecting all colors equally, which our eyes perceive as white. Despite individual ice crystals being clear, the collective scattering effect creates the whiteness of snow."
What or Who is Ghost hunting?,5120,"Ghost hunting is the practice of investigating locations allegedly haunted by ghosts. Individuals, known as ghost hunters, use various equipment like cameras, audio recorders, and electromagnetic field detectors to try and capture evidence of paranormal activity. While some people do this out of a genuine belief in ghosts, others see it as a form of entertainment. It's important to note that scientific consensus does not support the existence of ghosts, and many supposed 'evidences' can be explained by natural phenomena or psychological factors like suggestibility and pareidolia."
What is the mechanism that make men stop immediately being horny after orgsam?,5121,"The immediate cessation of sexual arousal in men after orgasm is primarily due to a complex interplay of hormones and neurotransmitters. After ejaculation, the body releases prolactin, a hormone that reduces sexual desire. Additionally, the brain increases the production of serotonin and oxytocin, further promoting a state of relaxation and reducing arousal. This period, known as the 'refractory period,' varies in length among individuals and can be influenced by factors like age and overall health."
Why do we need so many transistors?,5122,"Transistors are essential components in modern electronics, acting as tiny switches that control electrical currents. They serve multiple functions, including amplification of signals, switching, and powering computational processes. The reason we need so many transistors, especially in devices like microprocessors, is due to the complexity of tasks these devices perform. Each transistor helps manage a small part of a larger operation, allowing for the processing of vast amounts of data at high speeds. For example, a modern smartphone contains billions of transistors to handle everything from running apps to connecting to the internet."
"How does therapy actually work, how do you find a good one, and what's the difference between counseling/therapy/psychiatrists/psychologists/etc.?",5123,"Therapy involves talking with a trained professional to address psychological issues and improve mental health. It can help individuals understand their emotions, cope with stress, and make positive changes. Therapists can be found through recommendations, professional directories, or medical providers. There are distinctions among professionals: counselors offer general guidance, therapists provide specialized psychological treatment, psychologists often conduct research and therapy, and psychiatrists are medical doctors who can prescribe medication. Each plays a unique role but often collaborates to provide comprehensive care."
"I have recently heard that astronomers have found an ""exomoon"". I am quite scientifically illiterate so what exactly is an exomoon and how could it affect us on Earth?",5124,"An exomoon is a moon that orbits a planet outside our Solar System. These moons are fascinating to astronomers because they can give insights into the formation and composition of other solar systems. While the discovery of exomoons doesn't directly affect life on Earth, it expands our understanding of the universe and could potentially inform the search for extraterrestrial life. The study of these distant moons helps scientists refine their models of celestial dynamics and planetary evolution."
"Why is time referred to as ""The"" capital T 4th dimension?",5125,"Time is referred to as the fourth dimension in the context of space-time, a concept in physics that fuses the three dimensions of space with the dimension of time into a single four-dimensional continuum. This idea helps describe the fabric of our universe, where every event occurs at a particular point in space and a specific moment in time. Albert Einstein's theory of relativity fundamentally connects space and time, showing that they are intertwined and that the perception of time can change depending on factors like velocity and gravity."
Do parrots and other talking birds teach wild birds to talk when released into the wild?,5126,"Parrots and other talking birds can mimic human speech and other sounds, but there is little evidence to suggest that they teach wild birds to 'talk' upon being released into the wild. Wild birds communicate using sounds specific to their species for mating and signaling danger, and these innate calls are essential for their survival. While a released parrot might produce human-like sounds initially, it is unlikely to significantly influence the communication methods of wild birds."
How do I identify SMD components? (or how do I identify any component),5127,"To identify Surface-Mount Device (SMD) components or any electronic component, you can start by looking for markings and codes on the component itself. These markings often correspond to part numbers that can be cross-referenced with manufacturer datasheets. Using a magnifying tool or microscope may help read tiny labels. Additionally, using a multimeter to test electronic properties and referencing circuit diagrams can assist in identifying components. Online databases and component identification tools also provide valuable resources."
"Why does a woman’s risk of having a baby with Down Syndrome increase with her age, when women are born with all the eggs they will ever ovulate?",5128,"A woman's risk of having a baby with Down Syndrome increases with age due to the aging process of her eggs. Women are born with a fixed number of eggs, and as a woman ages, the eggs also age, increasing the likelihood of chromosomal abnormalities, such as an extra copy of chromosome 21, which causes Down Syndrome. This increase in risk becomes significant for women aged 35 and older, as the chances of errors during cell division become more prevalent with age."
What is the relation between FFT length and frequency resolution?,5129,"The relationship between the Fast Fourier Transform (FFT) length and frequency resolution is directly proportional. The FFT is an algorithm used to compute the Discrete Fourier Transform (DFT) of a sequence of numbers, often used in signal processing. The length of the FFT refers to the number of points used in the transform. Higher FFT lengths provide better frequency resolution, meaning the ability to differentiate between closely spaced frequencies. For example, doubling the FFT length halves the minimum frequency interval that can be resolved."
"Why does the electron just orbit the nucleus instead of colliding and ""gluing"" to it?",5130,"Electrons orbit the nucleus due to the balance between electromagnetic forces and quantum mechanics. The electromagnetic force, which attracts the negatively charged electrons to the positively charged nucleus, is countered by the principles of quantum mechanics, specifically the Heisenberg Uncertainty Principle. This principle states that an electron's position and momentum cannot both be precisely known, causing the electron to exist in a 'cloud' around the nucleus at certain energy levels, instead of collapsing into it. For example, imagine spinning a ball on a string: the tension in the string (electromagnetic force) pulls the ball inward, but its motion (quantum mechanics) keeps it from falling straight in."
What or Who is Efflorescence?,5131,"Efflorescence refers to the process where salt moves to the surface of a porous material, such as brick or concrete, and forms a white, powdery deposit. Water inside the material dissolves the salts, which then migrate to the surface as the water evaporates, leaving the salts behind. An example is the white crust seen on brick walls after rain."
What are Kepler's laws (as he wrote them)?,5132,"Johannes Kepler formulated three laws of planetary motion which describe the orbits of planets around the Sun. His first law states that planets orbit the Sun in ellipses, with the Sun at one focus. The second law asserts that a line segment joining a planet and the Sun sweeps out equal areas during equal intervals of time. The third law states that the square of the orbital period of a planet is proportional to the cube of the semi-major axis of its orbit."
What or Who is Gravitational wave?,5133,"Gravitational waves are ripples in spacetime caused by certain movements of mass, such as colliding black holes or exploding stars. Predicted by Einstein's General Theory of Relativity, these waves stretch and compress space as they travel through it. Observatories like LIGO have detected these waves, confirming their existence."
"For automated processes, for example online banking, why do ""business days"" still exist?",5134,"Business days still exist in automated processes like online banking due to the traditional banking system needing time to process transactions and for operational and regulatory reasons. Financial institutions batch and reconcile transactions to ensure accuracy and reduce fraud risk, necessitating delays over weekends and holidays."
Good abstract algebra books for self study,5135,"For self-study in abstract algebra, some recommended books include 'A Book of Abstract Algebra' by Charles Pinter, which provides an approachable introduction with numerous examples and exercises, and 'Abstract Algebra' by David S. Dummit and Richard M. Foote, which is more comprehensive and detailed, suitable for those seeking a deeper understanding."
Why do atoms generally become smaller as one moves left to right across a period?,5136,"As one moves left to right across a period on the periodic table, atoms generally become smaller due to the increase in the number of protons in the nucleus. This increase causes a greater positive charge, pulling the electrons closer to the nucleus. For instance, the atomic radius of carbon is smaller than that of lithium because carbon has more protons, creating a stronger attraction to its electrons."
Is there any evidence that sexual selection may lead to extinction of species?,5137,"There is some evidence that sexual selection can contribute to the extinction of species. For example, traits favored by sexual selection, such as the elaborate feathers of the peacock, can sometimes become maladaptive in changing environments, leading to difficulties in survival and reproduction."
"Is cis-1,2-dimethylcyclohexane a meso compound?",5138,"Cis-1,2-dimethylcyclohexane is not a meso compound. A meso compound must have multiple chiral centers and an internal plane of symmetry that makes one half of the molecule a mirror image of the other. Cis-1,2-dimethylcyclohexane does not meet these criteria due to its asymmetric structure."
Can you be 1/12th Cherokee?,5139,"Yes, you can be 1/12th Cherokee. This fraction of heritage means that one of your ancestors, eight generations back, was fully Cherokee. It is a way to acknowledge having some Cherokee ancestry, even if it does not necessarily confer official tribal membership or benefits."
"If you were to sky-dive in the rain, would water hit your stomach, back, or both?",5140,"When skydiving in the rain, water would primarily hit your stomach. This is because when you skydive, you generally fall face-down with your stomach facing forward. As you fall, the air resistance pushes against your body, and the rain, which falls vertically, would make contact with the front part of your body."
Why does a firefly light up? Is it a defense mechanism?,5141,"A firefly lights up through a chemical reaction in its lower abdomen, involving a substance called luciferin, an enzyme called luciferase, oxygen, and ATP. This bioluminescence is used primarily for mating purposes, where males and females signal to each other. It can also serve as a defense mechanism to warn predators of their unpalatable taste."
What or Who is Quantity?,5142,"In general terms, 'quantity' refers to an amount or number of something. It can be applied to anything measurable, such as weight, volume, or count. In mathematics, quantity is a property that can exist as a multitude or magnitude, allowing it to be counted or measured."
What's the chance of having drunk the same water molecule twice?,5143,"The chance of having drunk the same water molecule twice is surprisingly high due to the vast number of water molecules and the extensive recycling in the Earth's hydrological cycle. Water molecules evaporate, form clouds, and precipitate as rain, continuously cycling through bodies of water and living organisms."
Having a job in data-mining without a PhD,5144,"It is possible to have a job in data mining without a PhD. Many positions value practical experience, knowledge of data analysis, programming skills, and familiarity with databases and machine learning. Online courses, certifications, and hands-on projects can also bolster one’s qualifications for such roles."
Why do uneducated people tend to have more children?,5145,"Uneducated people may tend to have more children due to differing socio-economic factors and cultural beliefs. Limited access to education and family planning resources, along with higher child mortality rates in lower-income regions, can contribute to larger family sizes. Additionally, in some cultures, having more children is seen as a sign of prosperity and support for parents in old age."
What is the armpit hair for?,5146,"Armpit hair helps reduce friction between the skin of the armpits and the arms during movement. This can prevent skin irritation. It also assists in the dispersal of natural body scents, which historical evidence suggests played a role in mating and social communication."
Why is absolute zero unattainable?,5147,"Absolute zero, or 0 Kelvin (-273.15°C), is unattainable because it would require removing all kinetic energy from particles. Due to quantum mechanical principles, particles always retain some minimal, zero-point energy, making it impossible to reach a state where they are completely devoid of movement."
Do variant calls change when you call from CRAM?,5148,"Variant calls, which identify genetic alterations, generally do not change when you call from CRAM format instead of BAM format. CRAM is a compressed version of BAM that contains the same information but in a more storage-efficient form. The variant calling algorithms can read either format to produce equivalent results."
"Why is it so difficult to type (i.e. move your fingers quickly and precisely, or even at all) when your hands are very cold?",5149,"Typing becomes difficult when your hands are very cold due to reduced blood flow, which limits the supply of oxygen and nutrients to your fingers. This leads to slower nerve transmission and muscle response times, making it challenging to move your fingers quickly and precisely."
Why don't equivalent hydrogens cause splitting in NMR?,5150,"In nuclear magnetic resonance (NMR) spectroscopy, equivalent hydrogens do not cause splitting because they are in the same chemical environment and experience the same magnetic field. When hydrogens are equivalent, they resonate at the same frequency and produce a single peak. Splitting occurs when hydrogens are in different environments and influence each other's magnetic fields, leading to multiple peaks. For example, in ethanol (CH3CH2OH), the hydrogens in the CH3 group are equivalent and produce one peak, while those in the CH2 group, which are different, interact and split each other’s signals."
"if fruit is sweet to encourage animals to eat it and carry the seeds away from the parent tree, how do lemons and limes fit into this mix?",5151,"Lemons and limes, despite their sour taste, fit into the plant strategy of seed dispersal differently than sweet fruits. They evolved to attract a specific set of animals that are adapted to their sourness or to ensure that only certain animals eat them. Additionally, their strong taste might discourage some animals from eating the fruit before the seeds are ready for dispersal. Another possibility is that these fruits have other ways of dispersal, such as rolling away from the parent tree due to their shape."
"If you keep a metal next to a magnet long enough, will the metal change shape?",5152,"If you keep metal next to a magnet long enough, the metal will not change shape due to the magnetic field alone. However, it may become magnetized if it is ferromagnetic, like iron. This means that its atoms align in the direction of the magnetic field, but this alignment does not alter its shape. Shape changes in metals typically require physical force or heat, not magnetism."
Why can we still breathe in valleys?,5153,"We can still breathe in valleys because the atmosphere contains enough oxygen at lower altitudes to sustain life. Air pressure is higher in valleys, which means that the air is denser and contains more oxygen molecules per volume than in higher altitudes. This ensures that our lungs can efficiently extract the required oxygen even when we are at lower elevations."
What or Who is Carl Sagan?,5154,"Carl Sagan was an American astronomer, cosmologist, and science communicator known for his work on extraterrestrial life and his ability to explain complex scientific concepts to the general public. He authored books like 'Cosmos' and hosted the television series of the same name. His efforts have inspired public interest in science and the universe."
What or Who is Cracking (chemistry)?,5155,"Cracking in chemistry refers to the process of breaking down large hydrocarbons into smaller ones, often to improve the fuel quality from crude oil. This is done using heat, pressure, and sometimes catalysts. For example, heavy oils can be cracked to produce gasoline, which is more useful as a fuel. This process helps in making various useful products from crude oil."
"We're told for muscle growth you need to eat enough protein, but how important is the type of protein?",5156,"For muscle growth, both the amount and type of protein are important. Proteins are made up of amino acids, which are the building blocks for muscle repair and growth. Animal proteins like chicken or fish contain all essential amino acids, making them 'complete' proteins, while many plant proteins might lack one or more essential amino acids. However, combining different plant proteins can provide all essential amino acids, supporting muscle growth effectively."
What or Who is Elastic therapeutic tape?,5157,"Elastic therapeutic tape, often known as kinesiology tape, is a stretchy tape used in physical therapy to support muscles and joints without restricting movement. It is believed to help reduce pain, improve circulation, and assist in the healing process by lifting the skin slightly, which can enhance blood flow and lymphatic drainage."
Exterior Derivative vs. Covariant Derivative vs. Lie Derivative,5158,"The exterior derivative, covariant derivative, and Lie derivative are mathematical tools used in differential geometry. The exterior derivative deals with the calculus of differential forms, the covariant derivative describes how vectors change in curved spaces, and the Lie derivative measures the change with respect to the flow of a vector field. Each plays a distinct role in understanding the properties and behaviors of geometric objects."
What is the “pins and needles” feeling that happens when you cut off circulation to a part of your body?,5159,"The 'pins and needles' feeling, or paresthesia, occurs when you cut off circulation to a part of your body, usually due to pressure on nerves. The lack of blood flow prevents nerves from getting the oxygen and nutrients they need, leading to abnormal nerve signals. When circulation returns, normal nerve function resumes, causing the tingling sensation as the nerves ‘wake up’."
What is the environmental impact of air conditioning?,5160,"The environmental impact of air conditioning is multifaceted. First, air conditioners consume electricity, often derived from fossil fuels, contributing to greenhouse gas emissions. Second, they release refrigerants that can be potent greenhouse gases if leaked. For example, older systems may use hydrofluorocarbons (HFCs), which have a high global warming potential. Thus, the wide use of air conditioning exacerbates climate change and contributes to global warming."
What % of my weight am I actually lifting when doing a push-up?,5161,"When doing a push-up, you lift approximately 64% of your body weight. This percentage can vary depending on your body composition and form. In a push-up, your hands support about 64% of your weight while your feet support the rest. This exercise is effective for strengthening the upper body, including the chest, shoulders, and triceps, as well as engaging the core muscles."
What or Who is John Stuart Mill?,5162,"John Stuart Mill was a British philosopher and political economist who lived in the 19th century. He is best known for his contributions to utilitarianism, a moral theory that advocates actions that maximize happiness and well-being for the majority. Mill also championed individual rights, freedom of speech, and social equality, influencing modern liberal thought."
What or Who is Mars 2020?,5163,"Mars 2020 is a NASA mission that launched the Perseverance rover to explore the surface of Mars. Its primary goal is to search for signs of past microbial life, collect rock and soil samples, and prepare for future human missions. The rover is equipped with instruments to analyze the Martian environment and test technologies for producing oxygen from the Martian atmosphere."
Why does whipped cream use nitrous oxide instead of nitrogen gas?,5164,"Whipped cream uses nitrous oxide instead of nitrogen gas because nitrous oxide is readily soluble in cream. When the canister is pressurized, the gas dissolves in the cream. Upon dispensing, the decrease in pressure causes the gas to come out of solution, creating the foam that forms whipped cream. Nitrogen gas is less soluble in cream, making nitrous oxide the better choice for creating a stable, airy texture."
Why there is no smoke around the Sun?,5165,"There is no smoke around the Sun because smoke consists of solid particles, whereas the Sun is composed primarily of hot ionized gases, or plasma. The Sun's high temperatures cause any particles to vaporize, leaving no solid matter to form smoke. Additionally, the Sun's powerful solar winds blow away any particulates that might be present."
How to 'sum' a standard deviation?,5166,"To combine standard deviations, you use a formula, not straightforward addition. For independent variables, you square each standard deviation to get the variance, sum these variances, and then take the square root of the sum to return to standard deviation. This method ensures you accurately account for the spread of combined data sets."
What or Who is Habitable zone?,5167,"The habitable zone, also known as the Goldilocks zone, is the region around a star where conditions might be right for liquid water to exist on a planet's surface. This zone is neither too hot nor too cold, allowing for the possibility of life as we know it. Earth is within the Sun's habitable zone, making it capable of supporting life."
Why can we smell copper?,5168,"We can smell copper not because copper atoms themselves have a smell, but due to a reaction between our skin oils and the metal. When our skin comes into contact with copper, it forms copper salts or other compounds that evaporate, creating the metallic odor we associate with copper. This is a form of interaction between the metal and our body chemistry."
What makes protoplanetary disks start rotating? (Initial energy needed to rotate),5169,"Protoplanetary disks start rotating due to the conservation of angular momentum. Initially, a molecular cloud collapses under gravity. As the cloud shrinks, it begins to spin faster, just like a figure skater pulling in their arms to spin faster. This initial spin causes the gas and dust to flatten into a rotating disk, eventually leading to star and planet formation."
Why does mint oil feel cold on the skin?,5170,"Mint oil feels cold on the skin because it contains a substance called menthol. Menthol interacts with a receptor in our skin known as the TRPM8 receptor. This receptor is normally activated by cold temperatures, so when menthol binds to it, our brain gets a signal that makes us think we are feeling cold. This sensation is similar to eating mint-flavored candies, which can make your mouth feel cool, even though the temperature hasn't changed."
Is the inverse of a symmetric matrix also symmetric?,5171,"Yes, the inverse of a symmetric matrix is also symmetric. A symmetric matrix is one where the elements are mirrored across the diagonal, meaning the element at row i, column j is equal to the element at row j, column i. When you invert a symmetric matrix, this property remains. That means the inverse still has the same mirrored structure, preserving its symmetry."
What or Who is World Wide Web?,5172,"The World Wide Web, often just called 'the web,' is a system of interlinked hypertext documents and multimedia content that can be accessed via the internet. Created by Tim Berners-Lee in 1989, it allows users to navigate through web pages using hyperlinks. It is a crucial part of the internet as we know it today, enabling the sharing of information globally across various platforms."
What or Who is Summer solstice?,5173,"The Summer Solstice is an astronomical event that occurs each year when one of Earth's poles has its maximum tilt toward the Sun. It happens around June 21st in the Northern Hemisphere and around December 21st in the Southern Hemisphere. During the Summer Solstice, the Sun reaches its highest position in the sky, leading to the longest day and shortest night of the year."
Great Pacific Garbage Patch Equilibrium Points,5174,"The Great Pacific Garbage Patch does not have fixed equilibrium points because it consists of floating debris concentrated by the ocean's currents. However, its general location is maintained by the North Pacific Gyre, a large system of rotating ocean currents. While the exact points may shift, the debris tends to accumulate within this gyre, creating a semi-stable area of concentration."
What or Who is Polygraph?,5175,"A polygraph, commonly known as a lie detector, is a device used to measure and record several physiological indicators such as blood pressure, pulse, respiration, and skin conductivity. The underlying idea is that false answers will produce distinctive measurements due to physiological responses to lying. Although widely known, its accuracy and reliability as a lie-detection tool are subjects of ongoing debate."
Are there stars so hot they would appear black to the human eye?,5176,"There are no stars so hot they would appear black to the human eye. The color of a star is determined by its temperature and ranges from red to blue. Even the hottest stars emit visible light. Black objects, by definition, do not emit visible light. The closest concept is a blackbody, which is something that absorbs all light but even these objects emit radiation when they are hot."
"One question to know if the number is 1, 2 or 3",5177,"To determine if a number is 1, 2, or 3 with one question, one could ask: 'Is the number greater than 1 and less than 3?' A 'yes' answer means the number is 2. A 'no' answer leaves two possibilities -- the number is either 1 or 3. If it's neither, then it's 2. Further clarification can be obtained by asking auxiliary questions based on context."
How to find the second order perturbation to wave function?,5178,"Second-order perturbation theory in quantum mechanics involves calculating corrections to the wave function due to a small, external influence acting on a system. This process necessitates the use of advanced mathematical tools like second-order energy corrections and the application of perturbation operators to solve the Schrödinger equation. For simplicity, it typically involves detailed calculus-based steps accessible through specific physics textbooks."
"What do the prefixes meta, ortho, pyro mean in inorganic chemistry?",5179,"In inorganic chemistry, 'meta,' 'ortho,' and 'pyro' prefixes indicate different structures of oxyanions. 'Meta' refers to the basic form of the ion, 'ortho' signifies the ion with extra water molecules, and 'pyro' describes a form where two units have combined, typically with the loss of water. For example, orthophosphate is PO₄³⁻, while pyrophosphate is P₂O₇⁴⁻."
What is the difference between regression and classification?,5180,"Regression and classification are two types of predictive modeling. Regression is used to predict a continuous outcome, such as predicting the price of a house based on its features. Classification is used to predict a categorical outcome, such as determining whether an email is spam or not. In simple terms, regression deals with predicting 'how much' or 'how many,' while classification deals with predicting 'this or that.' Both methods use historical data to make these predictions, but their objectives differ."
"If you are 6x lighter on the moon than on earth, does that mean you can fall from a distance 6x farther than on earth without sustaining injury?",5181,"No, being 6x lighter on the moon does not mean you can fall from a distance 6x farther without injury. The gravitational force on the moon is about 1/6th of that on Earth, which means objects fall slower there. However, the potential for injury from a fall also depends on factors such as the impact velocity and the body's resistance to impact. Although you might fall more slowly, the decreased lunar gravity doesn't proportionally increase the safe falling distance by exactly 6 times."
What or Who is Solar symbol?,5182,"A solar symbol is a symbol that represents the sun and is used in various contexts, including religious, mythological, and astrological traditions. It often appears as a simple circle with or without rays emanating from it. Historically, solar symbols can be found in many cultures and usually signify life, energy, and power due to the sun's fundamental role in sustaining life on Earth."
What or Who is Scanning electron microscope?,5183,"A Scanning Electron Microscope (SEM) is a type of microscope that uses electrons instead of light to form an image of the sample. This allows for much higher magnifications and better resolution, making it possible to see extremely small details on the surface of specimens. In simple terms, an SEM 'scans' a sample with a focused beam of electrons, which interact with the atoms in the sample to produce detailed images."
Introduce errors in reference transcripts according to external dataset error model,5184,"Introducing errors into transcripts based on an external dataset error model involves intentionally inserting mistakes to simulate real-world inaccuracies. This helps researchers in developing and testing error-correction algorithms or improving transcription accuracy in speech recognition systems. Errors can be repetitions, substitutions, deletions, or insertions, and must mimic those found in the dataset to be effective for training or evaluation purposes."
Why is it so important to finish the whole course of antibiotics?,5185,"Completing the full course of antibiotics is crucial to ensure that all bacteria causing the infection are killed. If you stop taking antibiotics early, some bacteria may survive and become resistant to the medication. These resistant bacteria can multiply, making the infection harder to treat and increasing the risk of spreading resistant bacteria to others. Each dose helps reduce the bacteria count, curbing their ability to become resistant over time."
Alternatives to NCBI BLAST during US government shutdowns?,5186,"During US government shutdowns, alternatives to NCBI BLAST for sequence alignment include tools like BLAT (BLAST-Like Alignment Tool), which is known for its speed. Another option is using local versions of BLAST if previously downloaded, or leveraging cloud-based services like DNAnexus or Google Genomics. Researchers may also turn to various aligners like Bowtie or BWA, depending on their specific needs."
What or Who is Walden?,5187,"Walden is a book written by Henry David Thoreau, published in 1854. It is a reflection on simple living in natural surroundings. Thoreau spent two years in a small cabin near Walden Pond in Massachusetts, documenting his experiences and thoughts on self-sufficiency, nature, and the pursuit of a meaningful life. The book is often considered a cornerstone of American literature and transcendentalist thought."
Is kissing a natural human activity?,5188,"Yes, kissing is a natural human activity that can be observed in many cultures worldwide. It is believed to have evolutionary roots, playing a role in bonding, showing affection, and even assessing compatibility through subconscious signals exchanged during a kiss. The act of kissing releases hormones like oxytocin, which helps reinforce social bonds and feelings of love and attachment."
What or Who is Multimeter?,5189,"A multimeter is a versatile electrical instrument used to measure various electrical parameters such as voltage, current, and resistance. It combines the functions of a voltmeter, ammeter, and ohmmeter into one device. Multimeters are commonly used in electrical and electronic work to diagnose problems, test circuits, and verify the operation of components. They come in analog and digital forms, the latter being more prevalent today."
How many times did terrestrial life emerge from the ocean?,5190,"Terrestrial life has emerged from the ocean multiple times throughout Earth's history. The first known major transition was around 500 million years ago during the Cambrian period when some aquatic plants and simple invertebrates began to colonize land. Later, vertebrates such as fish evolved into amphibians, emerging from the water onto the land around 375 million years ago. These transitions have resulted in the diverse terrestrial ecosystems we see today."
How does an antenna radiate (how do currents flow through the wire),5191,"An antenna radiates electromagnetic waves by creating alternating current within the wire. When an alternating current flows through an antenna, it accelerates electrons back and forth. This changing motion of electrons generates varying electric and magnetic fields, which travel outward from the antenna as electromagnetic radiation. This process enables signals, such as radio waves, to be transmitted over distances."
What or Who is All models are wrong?,5192,"""All models are wrong"" is a famous quote by statistician George Box. It implies that while all scientific models are simplifications of reality and thus inherently contain inaccuracies, they can still be useful in understanding and predicting phenomena. The emphasis is on the practicality of models despite their imperfections."
What are we smelling when we open a fresh can of tennis balls?,5193,"When you open a fresh can of tennis balls, you smell the off-gassing of chemicals used in the manufacturing process. Tennis balls are made from rubber and other materials that release volatile organic compounds (VOCs) when initially sealed. These compounds evaporate and create the distinctive new tennis ball smell when the can is opened."
How is nerve damage repaired? Is there a way to tell if nerves are permanently damaged?,5194,"Nerve damage can be repaired by the body, but the process is complex and varies with the type and extent of the injury. Peripheral nerves have a better capacity to regenerate compared to nerves in the central nervous system. Signs of nerve regeneration include gradual return of function and sensation. However, if there is no improvement over time, it might indicate permanent damage, which can be confirmed through medical imaging and nerve conduction studies."
"The state, limitations and comparisons of large variant stores",5195,"Large variant stores refer to databases or repositories where genetic variations (mutations, polymorphisms) are stored and accessed. These stores have limitations such as data accuracy, completeness, and privacy concerns. Comparisons between different databases involve assessing their coverage, update frequency, and usability for research or clinical applications. Improvements in bioinformatics are continually addressing these limitations."
What causes fingerprints to form and why is the pattern formed unique?,5196,"Fingerprints form in the developing fetus around the 10th week of gestation. The unique patterns arise due to genetic and environmental influences, such as pressure and hormone levels in the womb, which affect the dermal ridges on the fingers. This combination of genetic and random effects leads to the uniqueness of each individual's fingerprint."
XKCD's modified Bayes theorem: actually kinda reasonable?,5197,"XKCD's modified Bayes theorem is a humorous take on the actual statistical method but touches on a rational concept. Bayes' theorem updates the probability of a hypothesis based on new evidence. The comic suggests that even simplified, intuitive applications of Bayesian thinking can offer reasonable improvements over uninformed guesses."
Why does time slow down at high speeds?,5198,"Time slows down at high speeds due to the effects of special relativity, a theory proposed by Albert Einstein. As an object approaches the speed of light, its time relative to a stationary observer dilates, meaning it passes slower. This is because the speed of light is constant, and to preserve this constancy, time must adjust when objects move very fast."
Are there any ionic amorphous solids?,5199,"Yes, ionic amorphous solids do exist, although they are less common than other types. In these solids, ions are arranged without long-range order, creating a disordered structure. An example of an ionic amorphous solid is glass made with certain ion-containing compounds, like phosphate glasses."
What or Who is Definition?,5200,"A definition is a statement that explains the meaning of a word or phrase. It provides clarity and helps in understanding what a term specifically refers to. For example, defining 'photosynthesis' as the process by which green plants use sunlight to make food gives a clear explanation of that biological phenomenon. Definitions are essential in communication, education, and various fields of knowledge to ensure everyone has a common understanding of terms."
Ring contraction in a carbocation due to ring strain and back bonding,5201,"Ring contraction in a carbocation occurs when a cyclic molecule, carrying a positively charged carbon atom, rearranges to form a smaller ring. This can happen due to ring strain, which is the tension caused by bonds in the ring being distorted from their ideal angles. Back bonding, where electrons from a neighboring atom or bond stabilize the positive charge, also facilitates this rearrangement. For example, a six-membered ring might contract to a five-membered ring with a more stable structure."
What or Who is Nondestructive testing?,5202,"Nondestructive testing is a method of inspecting materials or structures without causing damage. This type of testing is crucial in various industries, such as aerospace, construction, and manufacturing, to ensure the integrity and safety of components. Examples include X-rays to check for internal cracks in metals, ultrasound to detect flaws in pipelines, and magnetic particle testing to find surface imperfections in ferromagnetic materials."
"How does the immune system ""learn"" from a vaccine?",5203,"Vaccines help the immune system 'learn' by exposing it to a harmless part of a pathogen, like a protein or an inactivated virus. This exposure trains the immune cells to recognize and remember the pathogen. If the real pathogen later invades, the immune system can respond quickly and effectively. For example, the flu vaccine introduces proteins from the virus, prompting the body to develop antibodies that will fight the actual flu virus if encountered."
"Why do humans suffer anxiety when they view ""Trypophobia trigger images""?",5204,"Humans may suffer anxiety when viewing Trypophobia trigger images, which contain clusters of small holes or bumps, due to an evolved instinct to avoid patterns associated with disease or decay. These visual patterns can subconsciously signal danger, such as skin infections or parasites, leading to discomfort or fear. Another theory suggests these patterns may overload visual processing centers in the brain, causing an uneasy sensation."
What or Who is Wormhole?,5205,"A wormhole is a hypothetical tunnel in space-time that connects two separate points in the universe. Think of it as a shortcut that allows travel between distant locations much quicker than normal space travel. Wormholes arise from solutions to Einstein's equations of general relativity. They remain theoretical, as we have no experimental evidence of their existence. An example is the 'Einstein-Rosen bridge,' a concept introduced by physicists Albert Einstein and Nathan Rosen."
Why does potassium react more violently with water than lithium?,5206,"Potassium reacts more violently with water than lithium because it is farther down the periodic table and has only one valence electron that is more easily lost due to its greater atomic size and lower ionization energy. When potassium meets water, it releases more energy, resulting in a vigorous reaction producing potassium hydroxide and hydrogen gas. In contrast, lithium has a smaller atomic radius and higher ionization energy, making its reaction with water less intense."
Why (actually) is the night sky so bright in the city? How far up is that happening?,5207,"The night sky appears bright in cities mainly due to light pollution, which is the excessive and misdirected artificial light from streetlamps, buildings, and cars. This light scatters in the atmosphere, creating a glowing sky. Lower parts of the atmosphere, closer to the Earth's surface, are most affected. This brightness obscures the stars and planets that would otherwise be visible in a dark, rural sky. Efforts to reduce light pollution include using shielded lighting and lower-intensity bulbs."
Why can current only flow in loops?,5208,"Current can only flow in loops because an electric circuit needs a complete path for electrons to move. Imagine a battery connected by wires to a bulb; the electrons flow from the battery, through the bulb, and back to the battery, forming a loop. If the circuit is broken anywhere, electrons cannot move, and current stops. This closed-loop is essential for devices to function, analogous to water needing a continuous pipe system to circulate."
Are black holes spherical during merger?,5209,"Black holes are not perfectly spherical during a merger. When two black holes come close, their immense gravitational fields distort each other, creating elongated shapes known as 'dumbbells' before they finally merge. The dynamics of this process involve complex interactions predicted by Einstein’s theory of general relativity. Once merged, the resulting black hole typically settles into a roughly spherical shape due to the phenomenon of ring-down, where the black hole expels its deformation through gravitational waves."
"In 1899 ""Mile-a-Minute"" Charles Murphy set a bicycle world record of 60 mph by riding behind a train to reduce drag, would this approach work for human runners as well to break the elusive 30 mph threshold?",5210,"In 1899, Charles Murphy set a bicycle world record by riding behind a train to reduce air resistance, which is the force that pushes against a moving object. This technique worked for Murphy because the train blocked the wind, making it easier to pedal faster. While the same principle might help a runner by reducing air resistance, human biomechanics and energy limitations make it highly unlikely for a runner to achieve 30 mph. The physical demands on muscles and endurance are far greater for running than for cycling, making this approach impractical for human runners."
What or Who is Conflict of interest?,5211,"A conflict of interest occurs when an individual or organization is involved in multiple interests, and serving one interest could involve working against another. This often happens when a person's personal interests might interfere with their professional duties. For example, if a researcher stands to benefit financially from the success of a drug they are studying, their objectivity might be compromised. Managing conflicts of interest is crucial to ensure decisions are made fairly and ethically."
"What or Who is Earth-centered, Earth-fixed coordinate system?",5212,"The Earth-centered, Earth-fixed (ECEF) coordinate system is a 3D coordinate system used to specify locations on Earth. Its origin point is the Earth's center of mass. This system rotates with the Earth, meaning its axes are fixed relative to the surface. It is used in global positioning systems (GPS) and for geodetic measurements because it provides a stable frame of reference for locations on Earth’s surface."
Is Bluetooth Communication Possible Without Pairing?,5213,"Bluetooth communication is generally not possible without pairing. Pairing involves establishing a secure and private connection between two Bluetooth devices via an authentication process. This step ensures data integrity and security. Some Bluetooth profiles, however, allow for limited data exchange in unpaired mode, such as proximity detection, but substantial communication typically requires pairing."
What or Who is Anecdotal evidence?,5214,"Anecdotal evidence refers to informal accounts or stories of incidents that people share based on personal experience. This type of evidence is often not scientifically rigorous because it lacks a systematic approach and doesn't include controls or statistical analysis. While anecdotes can provide insight or highlight potential trends, they are not reliable for drawing scientific conclusions due to their subjective nature and potential bias."
When (and why) should you take the log of a distribution (of numbers)?,5215,"Taking the logarithm of a distribution of numbers is useful when the data spans several orders of magnitude or follows a heavy-tailed distribution. The log transformation helps in stabilizing the variance, making the data more symmetric and easier to handle in statistical models. For example, financial data often benefits from log transformation because it compresses the range and makes patterns more discernible."
How to select kernel for SVM?,5216,"To select a kernel for a Support Vector Machine (SVM), consider the nature of your data. Linear kernels are suitable for data that is linearly separable. Polynomial and Radial Basis Function (RBF) kernels handle more complex, non-linear data. Testing multiple kernels and using cross-validation helps in choosing the one that best generalizes your model. Always start with basic kernels and progress to more complex ones based on performance metrics."
Performance metrics to evaluate unsupervised learning,5217,"Evaluating unsupervised learning often involves metrics such as clustering validation indices (e.g., Silhouette Score), reconstruction error, and visual inspections using dimensionality reduction techniques like t-SNE. Performance can be assessed by how well the algorithm captures the underlying structure of the data. The choice of metric depends on the specific task and what aspect of the clustering or model quality is most important."
What or Who is Bill Nye the Science Guy?,5218,"Bill Nye the Science Guy is a popular American science communicator who hosts educational television programs aimed primarily at children. Known for his enthusiasm and engaging style, Bill Nye uses simple experiments and demonstrations to explain scientific concepts. His shows have made science accessible and fun, inspiring many young viewers to take an interest in the subject."
What or Who is Inequality (mathematics)?,5219,"In mathematics, inequality refers to a relationship between two values showing that one value is larger or smaller than the other. Symbols like '>' (greater than), '<' (less than), '≥' (greater than or equal to), and '≤' (less than or equal to) are used to express inequalities. Inequalities are fundamental in various mathematical contexts, including solving equations, optimization problems, and analyzing functions and data sets."
Are there real-life relations which are symmetric and reflexive but not transitive?,5220,"Yes, there can be relations that are symmetric and reflexive but not transitive. In math, a relation is symmetric if every element is related to itself, and if one element relates to another both must relate to each other. Consider the relation 'is a sibling of' among people. It's symmetric (if A is a sibling of B, then B is a sibling of A) and reflexive (everyone is their own sibling) but not necessarily transitive (if A is a sibling of B and B a sibling of C, A is not necessarily a sibling of C if C is a sibling-in-law). This example shows the possibility of a symmetric and reflexive relation that is not transitive."
How do we know it rains diamonds on saturn?,5221,"Scientists believe it rains diamonds on Saturn based on evidence from atmospheric data and laboratory experiments. Saturn's atmosphere contains methane and hydrogen. During storms, powerful lightning can break methane molecules into carbon atoms, which then fall and experience high pressure as they descend. Under these conditions, carbon atoms can form graphite and then diamonds. These findings stem from observational data and experiments simulating Saturn's atmosphere, which predict such physical and chemical transformations."
"Humans and most animals breathe in O2(dioxide) and breathe out CO2(carbon dioxide) , where does the carbon come from?",5222,"The carbon in the CO2 we exhale comes from the food we eat. When we consume carbohydrates, fats, and proteins, our body breaks these molecules down for energy. This process, called cellular respiration, involves breaking down glucose, which has carbon in its structure, into water and carbon dioxide. The carbon atoms originate from the food molecules and are then released into the bloodstream and transported to the lungs to be exhaled as CO2."
Why does the CAN bus use a 120 ohm resistor as the terminating resistor and not any other value?,5223,"The CAN bus uses a 120-ohm resistor for termination to match the characteristic impedance of the twisted-pair cables used in the system. This matching minimizes signal reflections and ensures reliable communication. If the impedance of the resistor did not match that of the cable, signal reflections could occur, causing data errors. Therefore, the 120-ohm resistor is essential for the integrity of data transmission in the CAN bus network."
"Why does the oxygen level in the air doesn't change dramatically, when most of the trees shed their leaves in the winter?",5224,"The overall oxygen level in the air remains stable even when trees shed their leaves in winter because most oxygen production comes from other sources besides deciduous trees. Evergreen trees, algae in oceans, and other plant life continue photosynthesis all year round, producing oxygen. Additionally, the massive volume of the earth's atmosphere ensures that seasonal variations do not drastically alter oxygen levels."
What or Who is Adhesion?,5225,"Adhesion is a phenomenon where molecules of different substances are attracted to each other. It is a type of force that causes substances to stick together. For example, when water droplets cling to a glass surface, it’s due to adhesion forces between water molecules and glass molecules. This is different from cohesion, where molecules of the same substance are attracted to each other, like water droplets forming beads on a surface."
Why does the Moon's gravity cause tides on earth but the Sun's gravity doesn't?,5226,"The Moon's gravity causes tides on Earth due to its proximity and relative gravitational effect on Earth's water. The Sun also exerts gravitational forces, but its effect is less noticeable because of its immense distance from Earth compared to the Moon. The combined gravitational forces of the Moon and the Sun create complex tidal patterns. The Moon's closer position makes its tidal force more dominant, resulting in noticeable high and low tides."
"Why does a debit card reader ask what kind of debit card you are using? It cancels the transaction if the wrong answer is given, so does that not mean it can tell what kind it is?",5227,"When a debit card reader asks for the card type, it is recognizing which financial network or bank systems it should use to process the transaction. Different networks may have specific transaction protocols. If an incorrect type is selected, the system cannot communicate properly, hence the transaction cancellation. The reader cannot always auto-detect the network type due to these varying protocols, so clarification is required."
Deriving the conditional distributions of a multivariate normal distribution,5228,"Deriving the conditional distributions of a multivariate normal distribution involves understanding the joint distribution of random variables and finding the distribution of a subset of these variables given the rest. The conditional distribution can be derived using the mean vector, the covariance matrix, and the properties of multivariate normal distributions. Specific mathematical steps involve partitioning the covariance matrix and using linear algebra to find the conditional mean and variance."
What or Who is Death ray?,5229,"A 'death ray' refers to a speculative type of weapon that emits concentrated energy to kill or destroy. The concept dates back to early 20th-century science fiction and reports of scientists like Nikola Tesla. While practical death rays have not been realized, modern technology includes devices like lasers and directed-energy weapons that share conceptual similarities by delivering energy to targets from a distance."
Could viruses be used as antibiotics?,5230,"Yes, viruses called bacteriophages, or phages, can be used to fight bacterial infections. Phages infect bacteria, injecting their genetic material, which then replicates and causes the bacteria to burst, killing the bacteria. This method can be useful, especially for antibiotic-resistant bacteria. Phage therapy offers a targeted approach because each type of phage can only infect specific bacteria, unlike broad-spectrum antibiotics, which can affect both harmful and beneficial bacteria."
"When you’re playing chess with the computer and you select the lowest difficulty, how does the computer know what movie is not a clever move?",5231,"When you select the lowest difficulty in a chess game, the computer's algorithm deliberately avoids making optimal moves. It uses a simpler evaluation function that doesn't consider multiple moves ahead or only evaluates fewer possible outcomes. Essentially, it is programmed to make moves that simulate less experienced play, which it can determine through lower computational "
Thermodynamic stability of meta-xylene over ortho- and para-isomers,5232,"Meta-xylene is thermodynamically more stable compared to its ortho and para isomers due to steric factors. In meta-xylene, the two methyl groups are separated by one carbon on the benzene ring, reducing steric hindrance. In ortho-xylene, the methyl groups are adjacent, causing more repulsion, while in para-xylene, they are opposite but can still interact across the plane. The spatial arrangement in meta-xylene minimizes repulsion, making it the most stable isomer thermodynamically."
What are the environmental conditions for SARS-CoV-2 to survive?,5233,"SARS-CoV-2 can survive on different surfaces for varying times based on environmental conditions like temperature, humidity, and the type of surface. Higher temperatures and direct sunlight shorten the virus's lifespan, while cooler and humid conditions help it survive longer. On materials like plastic and stainless steel, the virus can remain viable for days, whereas on copper or cardboard, it survives for a shorter period."
"How come a child will unknowingly pee in their sleep, while an adult is capable of waking up as soon as they feel the sensation of wanting to pee?",5234,"Children often pee in their sleep due to their underdeveloped bladder control and brain signaling systems. As they grow, their brain matures and starts recognizing the bladder’s signals, waking them up when it's full. Adults have fully developed nervous systems that efficiently communicate the need to urinate, which triggers waking responses."
Why is the unit for capacitance so large?,5235,"The unit for capacitance, the farad, is considered large because capacitance measures a capacitor's ability to store electric charge. Most practical capacitors only hold small amounts of this charge, often in the microfarad or picofarad range. The large value of one farad represents a capacitor that would store a significantly larger charge at a standard voltage, more than what is typically needed for everyday electronic applications."
Can you kill bacteria just by pressing fingers against each other? How does daily life's mechanical forces interact with microorganisms?,5236,"Pressing fingers together doesn't kill bacteria because the mechanical force isn't enough to damage their cell walls. However, daily life's mechanical forces, like washing hands or friction, can help reduce microbial presence. These actions help by removing bacteria from surfaces rather than killing them directly."
Why does the world seem so quiet when it’s snowing outside?,5237,"The world seems quiet during snow because the snowflakes act like a sound absorber. Freshly fallen snow has a porous structure that traps sound waves, reducing noise levels. This damping effect causes ambient sounds to be less sharp and the environment to feel quieter during snowfall."
What are the de facto required fields in a SAM/BAM read group?,5238,"In SAM/BAM file formats used in genomic sequencing, required read group fields typically include ID (identifier), SM (sample), LB (library), PL (platform), and PU (platform unit). These fields ensure the correct association of sequence reads with their metadata, aiding in accurate alignment and analysis."
How do I generate a color-coded tanglegram?,5239,"To generate a color-coded tanglegram, you can use software like R with packages such as 'dendextend' and 'ape'. First, prepare hierarchical clusters from your datasets, then use these packages to align and visualize the dendrograms side by side. Assign colors to corresponding branches for easier comparison, enhancing clarity and interpretability."
What or Who is Russia and weapons of mass destruction?,5240,"Russia, a large country in Eastern Europe and Northern Asia, along with other nations, possesses weapons of mass destruction (WMD). WMDs include nuclear, chemical, and biological weapons, designed to cause extensive harm or death over large areas. For instance, nuclear bombs create massive explosions and radiation, while chemical weapons spread toxic substances. The potential use of these weapons in conflict raises significant global safety concerns."
What or Who is Digit ratio?,5241,"Digit ratio refers to the comparative lengths of different fingers on the hand, typically the index (second) and ring (fourth) fingers. This ratio, often expressed as 2D:4D, is considered by some researchers to be an indicator of various biological and psychological traits. For example, a lower ratio (shorter index finger compared to ring) is sometimes linked with higher prenatal testosterone exposure."
How catastrophic is an earthquake for deep sea creatures?,5242,"An earthquake can be catastrophic for deep sea creatures due to the formation of underwater currents and landslides, which disrupt the seabed and habitats. These disturbances can damage or destroy ecosystems, displace species, and alter the availability of nutrients. However, the exact impact varies based on the magnitude of the earthquake and the adaptability of the creatures involved."
Why do adults lose hearing at high frequencies?,5243,"Adults often lose the ability to hear high frequencies due to the natural aging process. Hair cells in the inner ear (cochlea), which detect sound, progressively die or deteriorate. High-frequency sounds are detected at the base of the cochlea, which tends to suffer wear and tear first. Over time, cumulative exposure to loud noises also contributes to this high-frequency hearing loss."
dividing genome into non-overlapping windows using R,5244,"To divide a genome into non-overlapping windows using R, you can use the following approach: First, load the genome data and relevant library, such as 'GenomicRanges'. Then, define the window size and generate the windows using a function like 'tileGenome()'. This function helps create evenly spaced, non-overlapping ranges across the genome."
How to select a cutoff for interaction confidence in STRINGdb?,5245,"To select a cutoff for interaction confidence in STRINGdb, you should consider the context of your study and the balance between sensitivity and specificity. STRINGdb provides a confidence score ranging from low (0.15) to high (0.9). For rigorous analyses, a higher threshold (e.g., 0.7) ensures more reliable interactions, while a lower threshold might include more data but with less certainty."
How is temperature sensed?,5246,"Temperature is sensed by specialized nerve endings in the skin called thermoreceptors. These receptors detect changes in external temperature and send signals to the brain. For example, when you touch something hot, heat-sensitive receptors activate and communicate with your brain, prompting a reaction like pulling your hand away."
Yuo're prboably albe to raed tihs setencne. Deos tihs wrok in non-alhabpet lanugaegs lkie Chneise?,5247,"The ability to read jumbled text relies on the brain's capacity to recognize patterns and context. This phenomenon generally works in alphabetic languages where the letters within words can be rearranged, yet the first and last letters remain fixed. In non-alphabetic languages like Chinese, where characters represent whole ideas rather than phonetic components, this scrambling effect does not work the same way."
What or Who is Cosmos (Sagan book)?,5248,"Cosmos is a book written by Carl Sagan, an acclaimed astronomer and science communicator. Published in 1980, it explores a wide array of scientific topics, from the origin of the universe to the development of life on Earth. The book is praised for making complex scientific concepts accessible and engaging to a general audience."
What or Who is Ocean acidification?,5249,"Ocean acidification refers to the ongoing decrease in the pH of Earth's oceans, caused primarily by the uptake of carbon dioxide (CO2) from the atmosphere. As CO2 levels rise due to human activities, more CO2 dissolves in seawater, forming carbonic acid. This affects marine life, particularly organisms with calcium carbonate shells or skeletons, such as coral reefs and certain shellfish."
What or Who is Just-world hypothesis?,5250,"The Just-world hypothesis is a psychological concept that suggests people need to believe that the world is fair and that people get what they deserve. This helps individuals feel secure and maintain a sense of order. For example, if someone experiences misfortune, others might think they must have done something to deserve it, thus preserving the belief in a just world."
"Human evolution: Where *exactly* did the first human come from, whose parents were not?",5251,"The first 'modern humans' are believed to have evolved in Africa approximately 200,000 to 300,000 years ago from earlier human-like ancestors, such as Homo erectus. These ancestors were not modern humans but shared enough genetic and physical traits to give rise to Homo sapiens over many generations through gradual changes."
How do calculators solve complex problems like matrices graphing etc. do programers have to write out every solution or are there shortcuts?,5252,"Calculators solve complex problems using algorithms, which are step-by-step procedures for calculations. Programmers incorporate mathematical shortcuts and efficient methods rather than writing the solution to every possible problem. For example, matrix calculations use specific rules and properties to find solutions efficiently."
"If I enter a password wrong thrice, the system locks me out. How are hackers able to attempt millions of combinations of passwords without the system locking them out?",5253,"Hackers use techniques such as 'brute force' by automating the process of attempting passwords. Systems can be compromised if they lack protections like rate limiting, which restricts the number of attempts from a single source. Effective security systems have mechanisms to detect and block these attacks."
What or Who is Mathematical model?,5254,"A mathematical model uses mathematical expressions, theories, or simulations to represent real-world systems and predict their behavior. For example, weather forecasting uses mathematical models to predict future weather by inputting current data and applying the rules of physics and mathematics."
The direct sum $\oplus$ versus the cartesian product $\times$,5255,"In mathematics, the direct sum (⨁) combines two structures into one larger structure that retains the properties of the original. The Cartesian product (×) creates ordered pairs from two sets, forming a new set. For example, if you have two sets A and B, A × B includes pairs (a, b), while A ⨁ B creates a structure with elements from both A and B but separated."
"when a person is dehydrated and starts drinking water, how does the redistribution process work? Do the most essential parts get filled to “100%” (to use a battery analogy) or just enough to get out of the danger zone and then hydrate less essential parts of the body?",5256,"When dehydrated, the body prioritizes rehydration of vital organs like the brain and heart first. Essential systems receive water to maintain critical functions, followed by distribution to less crucial areas. Hence, the body slowly rehydrates starting with essential organs to ensure survival."
"How does your body burn 2000 calories a day without any effort, but running a mile only burns 100 calories?",5257,"Your body burns calories continuously to maintain basic functions such as breathing, digestion, and temperature regulation. This is known as the basal metabolic rate (BMR). Physical activities like running a mile result in additional calories burned beyond the BMR."
How does laughing gas (N₂O) work?,5258,"Laughing gas, or nitrous oxide (N2O), works by depressing the nervous system. It alters the brain's perception of pain and can produce feelings of euphoria. This action makes it useful as a mild anesthetic in medical settings."
"Why do we use the word ""scalar"" and not ""number"" in Linear Algebra?",5259,"In Linear Algebra, the term 'scalar' specifically refers to quantities that scale vectors and matrices, differentiating from 'number' which is more general. 'Scalar' emphasizes its role in vector spaces and matrices."
Does $\pi$ contain all possible number combinations?,5260,"The idea that π (pi) contains all possible number combinations is an intriguing mathematical concept. Pi is an irrational number, meaning its decimal representation goes on infinitely without repeating. A number that contains every possible finite sequence of digits is known as 'normal.' Although we haven't proven whether π is normal, many believe it could be. Currently, though π appears to have no discernible pattern, there is no definitive proof that it contains every possible sequence of numbers."
What is up with the seahorse? It looks like nature hit the random button during critter creation. Where did it evolve from? what other sea critters is it related to?,5261,"The seahorse's unique appearance is a result of its evolution. Seahorses belong to the family Syngnathidae, which includes pipefish and sea dragons. They evolved from a common ancestor with these relatives. Their bent shape, slow movement, and prehensile tail suit their camouflage in seagrass and coral reefs. This helps them evade predators and ambush prey, making their bizarre appearance not random but advantageous for survival."
How do orbitals coexist with a nucleus?,5262,"Orbitals coexist with the nucleus because they are regions around it where electrons are most likely to be found. The nucleus is positively charged, attracting negatively charged electrons. These electrons exist in different energy levels or shells, forming orbitals. An orbital's shape and energy are defined by quantum mechanics, allowing electrons to occupy stable regions around the nucleus, resulting in a balanced atomic structure."
What is the fastest way to calculate the number of unknown nucleotides in FASTA / FASTQ files?,5263,"The fastest way to calculate the number of unknown nucleotides in FASTA or FASTQ files is to use command-line tools designed for bioinformatics. Tools like 'grep' can filter specific characters, while 'wc' (word count) can tally them. For example, using 'grep -o N file.fasta | wc -l' effectively counts the 'N' characters, which typically denote unknown nucleotides."
An example: LASSO regression using glmnet for binary outcome,5264,"LASSO regression, or Least Absolute Shrinkage and Selection Operator, can be used for binary outcomes with the glmnet package in R. First, prepare your binary response and predictor variables. Fit the LASSO model using 'glmnet(x, y, family = 'binomial').' This shrinks less relevant coefficients to zero, effectively selecting features and handling multicollinearity, while estimating the model fit."
"Why is there no cure for herpes, what is the problem that can't be solved?",5265,"There is no cure for herpes because the virus becomes latent, hiding in nerve cells and evading the immune system. It periodically reactivates, causing symptoms. Antiviral drugs manage outbreaks but can't eliminate the virus. Research continues, focusing on vaccines and novel therapies to target latent infections and achieve a potential cure."
Why is $1 - \frac{1}{1 - \frac{1}{1 - \ldots}}$ not real?,5266,"The expression $1 - rac{1}{1 - rac{1}{1 - rac{1}{1 - rac{1}{	ext{	extellipsis}}}}}$ involves an infinite nested fraction. If we let this entire expression equal x, then it results in an equation that simplifies to a contradiction. Solving x = 1 - 1/x reveals that x cannot satisfy the equation consistently, implying it does not converge to a real number."
If you picked a random spot in the middle of the ocean would it be teeming with life? Or are there huge dead zones with no fish around?,5267,"If you picked a random spot in the middle of the ocean, it likely would not be teeming with life. Vast areas, known as oceanic deserts or oligotrophic zones, have low nutrient levels, leading to sparse life. However, certain areas like coral reefs, upwelling zones, and coastal regions are rich in biodiversity due to abundant nutrients and favorable conditions."
What or Who is Time perception?,5268,"Time perception involves the way humans and animals sense the passage of time. It is embedded in the brain's neural circuitry, influenced by mechanisms like circadian rhythms and intervals marked by internal and external cues. The accurate sensing and estimation of time are crucial for daily activities and survival."
"Evolutionarily, why do male rats and horses lack nipples?",5269,"Male rats and horses lack nipples because, in these species, nipples are only essential for females to nurse offspring. Over evolutionary time, males did not develop or retain nipples because they do not participate in nursing, a trait potentially energy-neutral or slightly disadvantageous to maintain without functional use."
How do I rename fasta headers?,5270,"To rename headers in a fasta file, you can use text editing or programming. First, open the fasta file using a text editor or a script (like Python). Each header starts with a '>'. Find these symbols and replace the existing header with your desired name. For example, you can use Python with regular expressions to scan and modify each header. Save the edited file with the new headers. This allows for clear, customized identification of sequences."
Visualisation of long read RNA-Seq splicing,5271,"To visualize long-read RNA-Seq splicing, specialized software like IGV (Integrative Genomics Viewer) or tools like ggsashimi in R are used. These tools map RNA sequences to the genome, displaying exons and introns, and show splice junctions. They help researchers see how RNA is processed into mature mRNA by highlighting regions where splicing occurs, providing insight into gene expression patterns and potential errors in splicing."
How to measure or assign hydrophobicity score values to individual amino acids of a PDB structure?,5272,"To measure hydrophobicity values of amino acids in a PDB structure, researchers use hydrophobicity scales like the Kyte-Doolittle scale. Software tools (e.g., PyMOL, Biopython) can read PDB files and analyze the sequence. Each amino acid's position is matched to its hydrophobicity score from the scale. This data helps in understanding the protein’s structure and function, especially in interactions with water or other molecules."
What would the night sky look like if the Milky Way were the only galaxy in the universe?,5273,"If the Milky Way were the only galaxy in the universe, the night sky would look significantly less crowded. We would still see billions of stars from our galaxy, but all the other galaxies, appearing as faint smudges or bright points in telescopes, would be absent. This would create a stark contrast compared to our actual, galaxy-rich universe, leading to a darker, less varied night sky."
"The video game ""Subnautica"" depicts an alien planet with many exotic underwater ecosystems. One of these is a ""lava zone"" where molten lava stays in liquid form under the sea. Is this possible?",5274,"In theory, a 'lava zone' underwater could exist if sufficient geothermal activity is present. On Earth, hydrothermal vents on the ocean floor can reach high temperatures and produce molten material. However, underwater lava typically cools rapidly due to water’s high heat capacity. For lava to stay molten, an extraordinarily high and constant heat source would be required, which is rare and extreme."
"When you get vaccinated, does your immunity last for a life-time?",5275,"Immunity from vaccines can vary. Some vaccines provide lifelong immunity, like the measles vaccine, while others, like the flu vaccine, need regular updates due to changing virus strains. The longevity of immunity depends on factors such as the type of vaccine, the pathogen, and individual responses. Periodic booster shots may be required to maintain immunity for some diseases."
Why do some electromagnetic waves continue travelling while others disappear?,5276,"Electromagnetic waves either continue traveling or disappear based on their interaction with the environment. Waves can be absorbed, reflected, or transmitted depending on the medium. Absorption converts wave energy into heat, causing them to 'disappear'. Reflection and transmission allow waves to continue moving. The material properties and wave frequency determine these interactions."
How do epidemiologists determine whether new Covid-19 cases are a just result of increased testing or actually a true increase in disease prevalence?,5277,"Epidemiologists compare the number of positive cases to the total number of tests conducted to determine changes in disease prevalence. If the positivity rate increases despite steady or lower testing, it indicates a true rise. They also use statistical models and other epidemiological metrics like hospitalization rates to assess the situation accurately."
Why did the Laki eruption of 1783 produce so much fluorine?,5278,"The Laki eruption produced significant fluorine due to the volcanic gases released during the event. Fluorine in magma becomes gaseous at high temperatures, and the prolonged fissure eruption caused large amounts of these gases, including fluorine, to be emitted. This led to widespread environmental and health impacts from volcanic fluorine contamination."
Why do antidepressants cause suicidal idealization?,5279,"Antidepressants can cause suicidal ideation in some individuals, particularly during the initial treatment phase. It is thought that improved energy levels precede mood improvements, potentially increasing the risk in vulnerable patients. Constant monitoring and communication with healthcare providers are essential to manage and mitigate these risks effectively."
Why did life not evolve to use radio?,5280,"Life on Earth did not evolve to use radio waves for communication because biological systems are optimized for existing natural mediums like air and water, which can carry visible light or audible sound more efficiently. Moreover, radio waves are a part of the electromagnetic spectrum that requires specific adaptations and complex technology for detection and transmission. Evolution tends to favor simpler, energy-efficient solutions that are adequate for survival and reproduction, rather than those requiring sophisticated adaptations far beyond the scope of natural biological processes. For instance, human eyes evolved to see visible light because the Sun emits most of its energy in that spectrum, which is also easily absorbed and reflected by the objects around us, making it useful for survival."
How do GPS satellites refresh their clocks,5281,"GPS satellites refresh their clocks using signals from the ground-based atomic clocks and on-board atomic clocks. The system accounts for the relativistic effects of gravity and orbital speed, which can cause the satellite clocks to tick at a different rate than those on Earth. Ground stations continuously monitor the clocks on these satellites, comparing and correcting any discrepancies by sending correction signals back to the satellites. This process ensures that the timing remains accurate for positioning calculations. For instance, even a nanosecond error in timing can lead to a position error of several centimeters."
Should I use a categorical cross-entropy or binary cross-entropy loss for binary predictions?,5282,"For binary predictions, you should generally use binary cross-entropy loss. Binary cross-entropy is specifically designed for situations where there are only two categories (e.g., true/false, yes/no). It measures the performance of a classification model whose output is a probability value between 0 and 1. In contrast, categorical cross-entropy is used for multi-class classification problems where there are more than two categories. For example, if you are predicting whether an email is spam or not spam, binary cross-entropy would be the appropriate loss function."
how did the sizes of mattresses become standardized? Is there a regulation authority for such things?,5283,"The sizes of mattresses became standardized through a combination of consumer demand, industry agreements, and the need for interchangeability. There is no single regulation authority that enforces mattress size standards globally, but industry groups and manufacturers have agreed on common sizes to ensure compatibility with bed frames and bedding. In the United States, standard sizes like Twin, Full, Queen, and King have become widely accepted. These standards help consumers know what to expect and make it easier for manufacturers to produce products that meet those expectations."
Coriolis effect and Cyclones,5284,"The Coriolis effect is a phenomenon that causes moving air and water to turn and twist due to the rotation of the Earth. This effect influences weather patterns and contributes to the formation of cyclones and hurricanes. In the Northern Hemisphere, the Coriolis effect causes winds to curve to the right, leading to cyclones spinning counterclockwise. In the Southern Hemisphere, winds curve to the left, making cyclones spin clockwise. For instance, this effect helps explain why hurricanes follow curved paths and spiral around a central eye, drawing in warm air and leading to the intense weather patterns associated with these storms."
"Is $[0,1]$ a countable disjoint union of closed sets?",5285,"The interval $[0,1]$ in real numbers is not a countable disjoint union of closed sets. A countable union means the collection of sets can be listed out in a sequence, but the interval $[0,1]$ is uncountable. Additionally, for each point in $[0,1]$ to belong to exactly one closed set within such a union, the sets would have to be distinctly separate. However, since $[0,1]$ is continuous and any two points in this interval can be connected by other points, dividing it into countable disjoint closed subsets would contradict the uncountable nature of the interval."
A good way to retain mathematical understanding?,5286,"A good way to retain mathematical understanding is to practice regularly and engage with the material actively. Solving different types of problems reinforces concepts and techniques, aiding long-term retention. Additionally, teaching the material to someone else can deepen your understanding. For example, working through problems, revisiting challenging concepts, and explaining topics to peers in a study group can significantly enhance retention by forcing you to clarify and articulate your understanding. Also, using visual aids like graphs and diagrams can make abstract concepts more concrete."
What or Who is Feature engineering?,5287,"Feature engineering involves creating new input features from your existing data to improve the performance of machine learning models. It is a vital step in the data preprocessing stage where you transform raw data into a format that makes it more suitable for predictive algorithms. For example, if you have a dataset with dates, you might generate additional features such as the day of the week, month, or whether a date falls on a holiday. This additional information can help the model recognize patterns that were not immediately obvious in the raw data."
Is there any practical use for astronomy?,5288,"Astronomy has many practical uses. It helps us understand fundamental questions about the universe, but it also has societal benefits. For instance, technology developed for space exploration, such as advanced imaging and data analysis techniques, has found applications in medical imaging and computer technology. Satellite-based astronomy contributes to GPS systems, weather forecasting, and even internet connectivity. Additionally, the study of objects like asteroids is crucial for planetary defense against potential impacts."
What or Who is Air separation?,5289,"Air separation is a process used to separate atmospheric air into its primary components, typically nitrogen, oxygen, and argon. This is done to supply these gases in pure form for industrial applications. Air separation plants often use methods like cryogenic distillation, where air is cooled to very low temperatures until it liquefies, and individual gases are then separated based on their boiling points. For example, pure oxygen produced from air separation is used in medical treatments and welding, while nitrogen is used in food preservation and manufacturing processes."
What or Who is History of printing?,5290,"The history of printing traces back to ancient times when humans first created text and images on various surfaces. The most significant development came in the 15th century with Johannes Gutenberg's invention of the movable type printing press. This innovation revolutionized the way information was disseminated, allowing for the mass production of books and the spread of knowledge. Before Gutenberg, texts were copied by hand, which was labor-intensive and time-consuming. The printing press made books more accessible, leading to widespread literacy and accelerating scientific and cultural advancements."
What or Who is Morning?,5291,"Morning is the period of time from sunrise to noon. It marks the beginning of the day and is characterized by increasing daylight as the sun rises in the sky. For many people, morning includes activities such as waking up, eating breakfast, and preparing for the day's tasks. Morning routines can vary widely depending on cultural practices and individual preferences but commonly involve rituals that help transition from sleep to active daily life. The morning hours are often considered a fresh start, offering opportunities for productivity and reflection."
What or Who is Spontaneous process?,5292,"A spontaneous process is a natural occurrence that happens without external influence, driven solely by internal factors. In science, particularly in thermodynamics, a spontaneous process is one that increases the overall entropy, or disorder, of a system. For example, ice melting at room temperature is a spontaneous process because it requires no added energy once initiated. These processes occur due to the inherent tendency of systems to move towards greater randomness and lower energy states over time."
What or Who is Telepathy?,5293,"Telepathy is the hypothetical transfer of thoughts or information between individuals without using the known human senses or physical interaction. This concept is often explored in science fiction and paranormal studies but lacks scientific evidence and recognition. It suggests a form of direct mind-to-mind communication, bypassing conventional means of communication like speaking or writing. Despite numerous experiments, telepathy has not been conclusively demonstrated, and it remains a topic of interest and debate rather than established science."
Add a passive hardware token using a 3.5mm jack,5294,"Adding a passive hardware token using a 3.5mm jack involves connecting a physical device to a computer or smartphone via the audio port. These tokens are often used for authentication or security purposes. When plugged in, the device can emit audio signals that the software interprets as specific codes or keys. This method leverages existing hardware (the 3.5mm jack) to enhance security without requiring additional specialized ports or interfaces. The process typically includes inserting the token and running compatible software to recognize and use the token's signals."
"When a person gets a cut, is it better to wipe off the blood or let the blood coagulate to protect the cut?",5295,"When a person gets a cut, it is generally better to allow the blood to coagulate rather than wiping it away continuously. Blood clotting, or coagulation, is the body's natural mechanism to stop bleeding and start the healing process. Initially, some bleeding helps to clean the wound, but then a clot forms to seal it and prevent infection. Once the bleeding slows, gently cleaning the area and applying a clean bandage helps protect the wound. If the cut is severe or does not stop bleeding, seeking medical attention is important."
Is there anything the human body has three of?,5296,"Yes, the human body has several sets of three structures. For example, the body has three major bones in each arm: the humerus, radius, and ulna. Additionally, it has three types of muscle tissues: skeletal, cardiac, and smooth muscles. Another example is the three small bones in each middle ear called the ossicles: the malleus, incus, and stapes. These sets of three play crucial roles in body movement, hearing, and muscle function."
What are some good practices to follow during EPIC DNA methylation data analysis?,5297,"During EPIC DNA methylation data analysis, good practices include careful sample preparation and quality control to ensure accurate results. Pre-processing steps such as background noise correction and normalization are essential to minimize technical variation. Using reliable software for data analysis and interpretation is crucial. It’s also important to validate findings with independent methods or datasets. Lastly, understanding the biological significance of methylation patterns and consulting existing literature can provide context and aid in drawing meaningful conclusions."
What or Who is Bioelectrical impedance analysis?,5298,"Bioelectrical impedance analysis (BIA) is a method used to estimate body composition, particularly body fat and muscle mass. It works by passing a small, harmless electrical current through the body and measuring the resistance (impedance) to that current. Since fat and muscle conduct electricity differently, BIA can estimate the proportion of these tissues in the body. This technique is commonly used in health and fitness settings to monitor changes in body composition over time."
What or Who is Manjaro?,5299,"Manjaro is a free and open-source Linux distribution based on Arch Linux. It is designed to be user-friendly while providing access to cutting-edge software and features. Manjaro offers several desktop environments like Xfce, KDE, and GNOME, catering to different preferences. It includes tools and utilities to simplify software installation and system management, making it accessible to both beginners and experienced users. The emphasis on usability and community support has made Manjaro a popular choice among Linux enthusiasts."
"Counting from the 21st century forward, what place on Earth will be last to experience a total solar eclipse?",5300,"The last place on Earth to experience a total solar eclipse from the 21st century onward will be a region in Antarctica on December 18, 2090. Total solar eclipses occur when the Moon completely covers the Sun, creating a brief period of darkness during daylight hours. These events follow a predictable path due to the orbital mechanics of the Earth, Moon, and Sun. Antarctica's geographic location and the infrequency of total solar eclipses contribute to it being the last place to witness such an event this century."
"Serious alternate form of the Drake Equation, or graffiti?",5301,"The 'Serious alternate form of the Drake Equation' refers to alternative formulations of the original Drake Equation, which estimates the number of technologically advanced civilizations in our galaxy. While these alternate forms may adjust variables or introduce new factors, they maintain the equation's purpose of guiding scientific inquiry. In contrast, graffiti is street art or vandalism, typically lacking such scientific context or purpose."
Could liquid water have existed in open space 15 million years after the Big Bang?,5302,"Liquid water could have existed 15 million years after the Big Bang under certain conditions. During this period, known as the 'cosmic microwave background era,' the temperature of the universe was similar to that of lukewarm water (around 0 to 100°C). If pockets of higher pressure existed, they could have temporarily supported liquid water. However, this water would quickly evaporate or freeze as the universe cooled and expanded."
"If every digital thing is a bunch of 1s and 0s, approximately how many 1's or 0's are there for storing a text file of 100 words?",5303,"A text file of 100 words typically consists of about 500 characters, including spaces and punctuation. Since each character in a text file is represented by 8 bits (a combination of 1s and 0s), the file size would be approximately 4000 bits. Thus, a 100-word text file would contain around 4000 1s and 0s in total."
What benefits do higher-rated NMR tubes provide?,5304,"Higher-rated NMR (Nuclear Magnetic Resonance) tubes provide benefits such as greater durability, better temperature stability, and higher chemical resistance. These features allow for more precise and reliable measurements in NMR spectroscopy, which is used to determine the structure of molecules. High-quality tubes reduce the risk of contamination and ensure accurate results in scientific research."
Efficient online linear regression,5305,"Efficient online linear regression refers to methods used to update the linear model parameters incrementally as new data arrives, without needing to store all past data. This approach is useful in scenarios where data streams continuously, such as in financial markets or real-time monitoring systems. Techniques like stochastic gradient descent can be applied to maintain efficiency and accuracy in these models."
"When a storm like Irma is at sea, what's happening below the surface?",5306,"Below the surface of a storm like Irma, the ocean experiences several changes. Wind-driven waves increase, and the surface water temperature can drop due to the mixing of warmer surface water with cooler, deeper water. This mixing can also bring nutrients from the deep, which could enhance marine life productivity after the storm passes. Additionally, the decreased pressure can lead to a slight rise in sea level."
What or Who is APA style?,5310,"APA style is a set of rules and guidelines for formatting documents and citing sources, developed by the American Psychological Association. It is widely used in academic writing, particularly in the social sciences. The guidelines include specifications for layout, headings, citations, and references, aiming to ensure consistency and clarity in scholarly communication. For example, in-text citations typically include the author’s last name and publication year, and full citations in the reference list follow a detailed format."
What or Who is Shoe size?,5311,"Shoe size is a standardized measurement of footwear intended to fit a person's feet. The sizing can vary by country but generally includes length and width dimensions. For instance, in the US, men's size 9 is different from women's size 9, and European sizes follow a completely different numbering system. The goal is to provide a comfortable fit, accounting for both the length and width of the foot, and sometimes the type of shoe being worn, such as athletic versus formal shoes."
Why weights on cables between utility poles?,5312,"Weights on cables between utility poles, also called 'sag weights' or 'tension weights,' help to maintain the tension and stability of the power lines. These weights prevent the cables from sagging excessively due to gravity, weather conditions, or thermal expansion. For instance, during a summer day, the heat can cause the cables to expand and sag more than usual. The weights counteract this by keeping the lines taut, which is crucial for the consistent delivery of electricity and to avoid line damage or interference."
When did people realize that a whip crack was breaking the sound barrier? What did people think was causing that sound before then?,5313,"It was realized that a whip cracks because it breaks the sound barrier in the mid-20th century. Before this realization, people often speculated that the sound was the whip striking itself or another object forcefully. Scientists later demonstrated that the tip of a cracking whip travels faster than the speed of sound, creating a small sonic boom. This discovery helped in understanding how certain objects move and why they create the sounds they do."
Does gravity increase the closer to the core you get?,5314,"Gravity does not increase the closer you get to Earth's core. Gravity is strongest at the Earth's surface and decreases as you move towards the core. This is because gravitational force depends not just on distance but on mass distribution. As you move closer to the core, parts of the Earth's mass above you exert a gravitational pull in the opposite direction, effectively reducing the overall gravitational force. At the very center of the Earth, the gravitational forces from all directions cancel out."
Filtering bases based on phred qualities with pysam,5315,"Filtering bases based on phred quality scores with Pysam, a Python library for reading BAM files, involves setting a threshold for acceptable quality scores. Phred scores represent the accuracy of each base call in DNA sequencing. For example, you can write a script using Pysam to read a BAM file and filter out any base calls with phred scores below 20. This helps in maintaining the integrity of the data for downstream analysis by removing low-quality bases that may represent sequencing errors."
Why do certain antidepressants stop you having an orgasm or ejaculating properly?,5316,"Certain antidepressants, especially selective serotonin reuptake inhibitors (SSRIs), can affect sexual function, including orgasm and ejaculation. These medications increase serotonin levels in the brain, which can interfere with other neurotransmitters involved in sexual response. For example, increased serotonin can inhibit dopamine, which is essential for sexual arousal and pleasure, leading to difficulties in achieving orgasm or ejaculation. This side effect varies among individuals and is often weighed against the benefits these medications provide in treating depression and anxiety."
Please explain the waiting paradox,5317,"The waiting paradox, also known as the Inspection Paradox, describes the counterintuitive scenario where the average waiting time encountered by a passenger or customer is longer than the average interval between arrivals or service times. For example, if you arrive randomly to catch a bus, you are more likely to encounter longer waiting periods because long intervals are weighted more heavily in the average experience. This occurs because longer intervals have a higher probability of overlapping with random arrival times."
"How comes when you buy vitamins separately, they all come in these large capsules/tablets, but when you buy multivitamins, they can squeeze every vitamin in a tiny tablet?",5318,"Individual vitamins and minerals often come in larger tablets or capsules because each one can contain a significant dose of the specific nutrient. Multivitamins, on the other hand, include a wide range of vitamins and minerals in smaller doses. These smaller doses, combined with modern production techniques, allow manufacturers to compress multiple nutrients into a single, smaller tablet. For example, a multivitamin can contain vitamin C, vitamin D, and iron, all in a compact form due to the lower individual quantities."
What is the formula used for atmospheric visibility?,5319,"The formula for atmospheric visibility typically involves calculating the distance at which a viewer can see and recognize an object or a light source. One common method uses the Koschmieder equation: V = 3.912/(σ), where V is visibility, and σ (sigma) represents the atmospheric extinction coefficient, which measures the amount of light scattering in the air. For instance, higher pollution levels increase σ, reducing visibility. This formula helps in various applications, including weather forecasting and environmental monitoring."
How did the largest/longest dinosaurs hold their head and necks up?,5320,"The largest and longest dinosaurs, like sauropods, held their heads and necks up using a combination of strong muscles, ligaments, and specially adapted vertebrae. These vertebrae often had air-filled cavities, making them lighter yet strong. Additionally, some studies suggest that sauropods might have utilized a more horizontal neck position to balance the massive weight more efficiently, using less energy to support their heads over long periods, similar to how modern-day large animals like giraffes manage their long necks."
"Fastest way to meet, without communication, on a sphere?",5321,"The fastest way for two people to meet on a sphere without prior communication is to always head towards the North Pole. Both individuals, regardless of their starting points, will eventually reach the North Pole. This strategy works because the North Pole is a single, fixed point on the sphere, ensuring a meeting while circumventing the need for communication or coordination about their respective positions."
What or Who is Field of view?,5322,"Field of view refers to the extent or area visible to an observer, usually through an optical instrument, like a camera or a telescope. It's like the amount of a scene you can see at once when looking through a lens. For instance, a wide-angle camera has a large field of view, allowing you to see more of the scene, while a zoom lens has a smaller field of view, focusing on a specific part of the scene at a higher magnification."
Is there any way of using biopython to write Swissprot files?,5323,"Yes, Biopython can be used to write Swissprot files. Biopython provides tools to handle different bioinformatics file formats. Specifically, you can use the SeqIO module in Biopython to read and write sequences in the SwissProt/UniProt format. Here’s a basic example: `from Bio import SeqIO` and then use `SeqIO.write(your_record, 'output_file.swiss', 'swiss')`, where `your_record` is the sequence record you want to write."
Why is dU an exact differential and dq an inexact differential?,5324,"In thermodynamics, dU is an exact differential because it represents the internal energy change which is a state function, meaning its value is determined solely by the system’s current state. In contrast, dq (heat) is an inexact differential because it depends on the path taken during the process, not just the initial and final states. The exact differential can be integrated directly as only endpoints matter, while an inexact differential requires knowledge of the entire process path."
Why does fructose reduce Tollen's reagent and Fehling's solution?,5325,"Fructose reduces Tollen's reagent and Fehling's solution because it can isomerize to form glucose and mannose in alkaline conditions, which are reducing sugars. These reducing sugars have free aldehyde groups that can reduce silver ions in Tollen's reagent and copper ions in Fehling's solution, resulting in a positive test. This occurs because fructose undergoes tautomerization, changing its structure to form an aldehyde group necessary for the reduction."
Pipetting damage to cells,5326,"Pipetting can damage cells primarily due to physical shear forces caused by the high-speed expulsion of liquid, which can rupture cell membranes. To minimize this, use softer pipetting techniques, such as slow and gentle aspiration and dispensing. Additionally, using pipettes with wide-bore tips can reduce shear stress. Employing electronic pipettes can also help in maintaining consistency and reducing the likelihood of cell damage."
What or Who is Margaret Hamilton (software engineer)?,5327,"Margaret Hamilton is a software engineer renowned for leading the team that developed the on-board flight software for NASA’s Apollo missions. Her work was pivotal in ensuring the success of the moon landings. Hamilton is credited with popularizing the term 'software engineering' and her contributions laid the foundation for modern software engineering practices. In 2016, she was awarded the Presidential Medal of Freedom for her contributions."
Were cyclones more powerful when the Earth was covered in superoceans?,5328,"During periods when the Earth had superoceans, cyclones could have been more powerful due to the vast expanse of warm water, which fuels cyclones. Without large land masses to disrupt their development, these storms could grow larger and more intense. Today, land masses can reduce the energy of cyclones as they make landfall, but superoceans would have provided continuous open water, enabling potentially stronger storms."
What or Who is Awareness?,5329,"Awareness refers to the state of being conscious or having knowledge of something. It encompasses the ability to perceive, feel, or be cognizant of events and surroundings. For example, being aware of your environment means you can recognize potential dangers, opportunities, or important changes occurring around you. It's fundamental to human experience, influencing decision-making and interactions with the world."
How far apart are stars in a binary system?,5330,"In a binary star system, two stars orbit around their common center of mass. The distance between these stars can vary widely, from being very close to millions of kilometers apart. Some binary stars are so close they nearly touch each other, known as contact binaries, while others can be far enough apart to be individually indistinguishable from Earth. The specific distance depends on their mutual gravitational attraction and initial conditions of the system formation."
What or Who is Crop circle?,5331,"A crop circle is a large pattern created by flattening a crop, usually a cereal like wheat, barley, or rye. The origins of crop circles can be natural, caused by weather phenomena, or man-made, created by individuals using simple tools to create elaborate designs. The concept gained significant attention in the late 20th century, often surrounded by speculation and controversy regarding their origins."
"What, precisely, is a confidence interval?",5332,"A confidence interval is a range of values used in statistics to estimate a population parameter. For example, if a confidence interval for the average height of adults in a city is 5.5 to 6 feet, it means we can be fairly certain, typically 95% of the time, that the true average falls within this range. It reflects the uncertainty or margin of error in the estimate."
"If someone was to cover their eyes for a year straight without seeing any light, would it just be really bright when they take it off then slowly adjust back to normal or would it have a permanent affect on the persons vision?",5333,"If someone kept their eyes covered and away from light for a year, upon removing the cover, their eyes would initially be very sensitive to light. This is because their eyes would lack recent adaptation to light conditions. Over time, their vision would likely adjust to normal light levels. However, there could be some long-term effects, such as atrophy of the eye muscles or changes to vision processing in the brain due to lack of use."
What or Who is Error bar?,5334,"An error bar is a graphical representation showing the variability or uncertainty of data points on a graph. They indicate the range of values within which the true value is expected to fall, aiding in the visualization of the accuracy of measurements or predictions. for example, in a bar chart displaying average temperatures, error bars might show the range of temperatures recorded."
Salmon output: transcripts quantified with zero reads support,5335,"In the context of quantifying gene expression levels, transcripts quantified with zero reads support means that no copies of the transcript were detected in the sample. This could indicate that the gene is not active under the conditions tested or that its expression levels are below the detection limit of the sequencing technology used."
Why are some salt solutions coloured?,5336,"Some salt solutions are colored due to the presence of transition metal ions. These metals, like copper or iron, have electrons that can absorb particular wavelengths of light, causing the solution to reflect and transmit specific colors. For example, a copper sulfate solution appears blue because it absorbs certain wavelengths of light and reflects blue light."
"What is a good, convincing example in which p-values are useful?",5337,"An example of the usefulness of p-values is in drug testing. Suppose researchers want to know if a new drug is effective. They will test it on two groups - one receiving the drug and the other a placebo. The p-value helps determine if the observed effects are statistically significant or if they could have occurred by chance. If the p-value is low, researchers can be more confident that the drug has a real impact."
"What do they mean when they say Jupiter is a ""gas"" planet? Could a rocket be shot through it? Could an astronaut (or spacecraft) ""land"" on it?",5338,"When scientists say Jupiter is a 'gas' planet, they mean it is composed mostly of hydrogen and helium. Unlike Earth, Jupiter doesn't have a solid surface. A rocket could technically pass through its atmosphere but would be destroyed by pressure and temperature changes before reaching a dense, potentially solid core. Thus, landing in the traditional sense isn't possible."
"If the Oxford vaccine targets Covid-19's protein spike and the Moderna vaccine targets its RNA, theoretically could we get more protection by getting both vaccines?",5339,"Currently, it's not recommended to receive both the Oxford and Moderna vaccines for COVID-19, as they target the virus in different ways and combining them hasn't been extensively studied for safety or efficacy. However, in theory, using different vaccines could provide broader protection by stimulating the immune system through multiple pathways, but more research is needed to confirm this approach."
Why does adding white vinegar to the laundry take care of bad smells and why don't laundry detergents already contain these properties?,5340,"Adding white vinegar to laundry helps remove bad smells because vinegar is acidic and can neutralize the alkaline compounds that cause odors. Additionally, vinegar is effective at breaking down mineral deposits and residues from detergents, which can trap smells. Traditional laundry detergents are primarily designed to clean fabrics and may not contain the acidic properties needed to counteract these specific odor-causing compounds. Using vinegar provides a simple, natural way to boost the cleaning power without the need for additional chemicals."
Why do astronauts breathe 100% oxygen?,5341,"Astronauts breathe 100% oxygen before a spacewalk to prevent decompression sickness, known as 'the bends.' This condition occurs when nitrogen dissolved in the blood forms bubbles as pressure decreases. In space, the pressure in spacesuits is lower than atmospheric pressure, so breathing pure oxygen removes nitrogen from the bloodstream, reducing the risk of bubbles forming. Essentially, this preps their bodies for the lower-pressure environment outside the spacecraft."
What or Who is Fluid catalytic cracking?,5342,"Fluid catalytic cracking (FCC) is a chemical process used in oil refineries to convert heavy hydrocarbon fractions into lighter products like gasoline. It involves using a catalyst to break down large, complex molecules into simpler ones at high temperatures. This process maximizes the yield of valuable lighter fuels from crude oil, making it a crucial method in the production of gasoline and other petroleum products."
Why is the letter J omitted in the spdf... sequence?,5343,"The letter J is omitted in the spdf sequence, which designates electron orbital shapes because the sequence is derived from spectral line notations used by early spectroscopists. They categorized lines observed in emission spectra into sharp (s), principal (p), diffuse (d), and fundamental (f). The sequence reflects historical context rather than alphabetical order, and there was no need to use J as other letters served the purpose adequately."
What or Who is Vapor-compression refrigeration?,5344,"Vapor-compression refrigeration is a common method used to cool an area or substance. It involves compressing a refrigerant vapor, which causes it to release heat. The refrigerant is then expanded, which absorbs heat, thus cooling the surrounding environment. This cycle repeats, making refrigerators, air conditioners, and other cooling systems work efficiently. It relies on the principles of thermodynamics to transfer heat from a cooler space to a warmer one."
What or Who is RAND Corporation?,5345,"The RAND Corporation is a nonprofit global policy think tank established in 1948. Its mission is to improve policy and decision-making through research and analysis. Initially focused on national security, RAND's scope has expanded to include health, education, international affairs, and several other domains. The organization produces reports and conducts studies that inform government agencies, private sector clients, and the public."
Do large animals often evolve into smaller animals?,5346,"Large animals do not often evolve into smaller animals in the sense of a direct progression. However, evolutionary pressures such as environmental changes or resource availability can cause species to adapt and change in size over generations. This process, called evolutionary or adaptive pressure, can lead to both the increase and decrease in size, depending on which traits offer a survival advantage in a given environment."
Why does the Moon appear gray when passing between the Sun and the Earth?,5347,"The Moon appears gray when passing between the Sun and the Earth because its surface does not reflect much sunlight. It is covered with a layer of dust and rocky material called regolith, which has a dark, grayish color. When seen in the light of the Sun, it reflects light unevenly, resulting in a surface that looks predominantly gray. The perception of grayness is due to the Moon's composition and the way it scatters sunlight."
Recharge a dry aquifer?,5348,"Recharging a dry aquifer involves replenishing the underground water storage with water from another source. This can be done through methods like managed aquifer recharge (MAR), which uses structures such as wells or basins to direct surface water into the ground. This practice helps restore depleted aquifers, ensuring sustainable water supplies for agriculture, drinking, and industrial use, especially in regions facing frequent droughts."
Why can't RGB or bicolour LEDs produce a decent yellow?,5349,"RGB or bicolor LEDs struggle to produce a decent yellow due to the limitations in color mixing. RGB LEDs combine red, green, and blue light, which theoretically can create any color. However, the specific wavelengths used may not mix perfectly to produce a pure yellow. Instead, they might create a light that appears off or less vibrant. Dedicated yellow LEDs typically use materials and wavelengths optimized for pure yellow light."
"Why is Chernobyl deemed to not be habitable for 22,000 years despite reports and articles everywhere saying that the radiation exposure of being within the exclusion zone is less you'd get than flying in a plane or living in elevated areas like Colorado or Cornwall?",5350,"The Chernobyl exclusion zone is considered uninhabitable for 22,000 years due to the presence of long-lived radioactive isotopes, like cesium-137 and strontium-90. While everyday exposure might seem low, these isotopes persist in the environment and can accumulate in the human body over time, causing long-term health effects. The comparison to flying or living in high-elevation areas underestimates these risks because those exposures do not involve persistent, internal ingestion or inhalation of radioactive particles."
"Which ""mean"" to use and when?",5351,"The word 'mean' can have different definitions depending on the context. In mathematics, the 'mean' is the average of a set of numbers, calculated by summing them up and dividing by the count of numbers. In a social context, 'mean' often refers to someone being unkind or cruel. Understanding the context and topic of discussion will guide you to the correct usage. For example, 'The mean of the test scores' uses the mathematical meaning, whereas 'He was mean to his sister' uses the social meaning."
if crab fishing is so dangerous (think Deadliest Catch) why aren’t there crab farms like we have with fish?,5352,"Crab fishing remains dangerous primarily because crabs are not easily farmed in captivity like some fish species. Crabs require specific environmental conditions that are challenging to replicate, including water quality, temperature, and diet. Additionally, crabs are cannibalistic, making it difficult to manage them in close quarters. The open ocean provides the ideal conditions crabs need to thrive, which is why wild crabbing continues despite the risks."
"Why can’t you spend dirty money like regular, untraceable cash? Why does it have to be put into a bank?",5353,"Dirty money, or money obtained through illegal activities, is often laundered because spending it directly can raise suspicion and make it traceable back to the crime. Laundering money involves a series of transactions designed to disguise its illegal origins, often through a bank, to integrate it into the legitimate economy. Without this process, large amounts of cash can attract attention from law enforcement and financial regulators."
"When it rains, do flies or other flying bugs dodge raindrops? And if not, is each impact like being hit by a gigantic missile of water?",5354,"Flying insects like flies do not actively dodge raindrops, relying instead on rapid wing movements and their small size, which minimizes the chances of being hit. When they are struck by raindrops, the impact is much more significant compared to their size than it would be for larger animals. However, unlike a 'gigantic missile,' it often doesn’t cause fatal damage due to their light body mass and resilience."
What or Who is Bioremediation?,5355,"Bioremediation refers to the use of living organisms, primarily microbes and plants, to clean up contaminated environments such as polluted soil or water. These organisms can neutralize or remove harmful contaminants through natural processes. For example, bacteria might break down oil spills in water, making the environment safe again. Bioremediation is an eco-friendly method often preferred over chemical treatments."
"Moon is in goldilocks zone but barren, what other criterions would declare a planet habitable?",5356,"Despite being in the Goldilocks Zone, the Moon lacks other essential criteria for habitability, such as an atmosphere, liquid water, and a magnetic field. An atmosphere is crucial for breathable air and temperature regulation; liquid water is necessary for sustaining life; and a magnetic field protects from harmful cosmic radiation. Planets also need stable conditions and a chemical composition that includes elements vital for life."
Feature selection and cross-validation,5357,"Feature selection and cross-validation are important steps in developing machine learning models. Feature selection involves identifying the most informative variables from the dataset to improve model performance and efficiency. Cross-validation is a technique to estimate the model's accuracy by dividing the data into subsets, training, and testing the model on different portions iteratively. Together, they help ensure that the model generalizes well to unseen data."
Is it possible for a deck of cards to be shuffled accidentally into perfect order?,5358,"Accidentally shuffling a deck of cards into perfect order is highly improbable but theoretically possible. The number of possible arrangements of a standard 52-card deck is 52 factorial (52!), which is an astronomically large number (approximately 8x10^67). While not impossible, the likelihood is exceedingly low, similar to winning the lottery multiple times in a row."
Why do only two sexes exist for animals?,5359,"Most animals have two sexes—male and female—because this system typically maximizes genetic diversity through sexual reproduction. Each sex contributes half of the genetic material, allowing for the combination of different traits and increasing the chances of offspring survival against diseases and environmental changes. Although there are exceptions, this binary system has been evolutionarily advantageous and thus widespread."
What or Who is Home economics?,5360,"Home economics is a field of study and a profession focusing on the management of households and communities. It covers various aspects such as cooking, budgeting, family relationships, and consumer education. The goal is to improve quality of life by teaching practical skills. For example, students learn about nutrition, which allows them to make healthier food choices for their families. Overall, it empowers individuals to make informed decisions in their day-to-day lives."
Can a premium HDMI cable outperform a standard cable?,5361,"A premium HDMI cable does not outperform a standard HDMI cable in terms of basic functionality, such as transmitting audio and video signals. Both cables can carry the same high-definition signals without loss of quality. The difference lies in build quality, longevity, and special features like additional shielding to reduce interference. For everyday use, a standard cable is usually sufficient, but a premium one could be beneficial in environments with a lot of electronic interference."
How can I count the number of reads that support a variant in a bam file?,5362,"To count the number of reads that support a variant in a BAM file, you can use a software tool like Samtools. First, you would use 'samtools mpileup' to generate the pileup format of your BAM file, showing all the reads aligned at each position. Then, tools like 'bcftools' or 'VarScan' can help you identify variants and count supporting reads. This involves filtering the data to ensure accuracy, such as removing low-quality reads."
What causes that foul taste with combination of toothpaste and orange juice?,5363,The foul taste experienced when combining toothpaste and orange juice is due to an ingredient in the toothpaste called sodium lauryl sulfate (SLS). SLS is a detergent that creates foam and can temporarily alter your taste buds by suppressing sweet receptors and breaking down phospholipids on your tongue. This enhancement of bitter flavors and suppression of sweet ones results in the unpleasant taste when you drink orange juice after brushing your teeth.
What or Who is Carrying capacity?,5364,"Carrying capacity is a concept in ecology referring to the maximum number of individuals or species an environment can support sustainably without degrading. This depends on factors like food availability, habitat space, and water supply. For instance, a forest with limited resources can only support a finite number of deer; exceeding this number would result in resource depletion and population decline, rebalancing to its carrying capacity."
"What is a ""saturated"" model?",5365,"A 'saturated' model, in statistical terms, is a model that perfectly fits the data. It has as many parameters as there are data points, meaning it accounts for all variances in the observed outcomes without any error. While this sounds ideal, in practice it's often overfitted, making it poor at predicting new data because it captures noise and outliers rather than the underlying trend."
What place on Earth is closest to the Sun?,5366,"The place on Earth closest to the Sun is the summit of Mount Chimborazo in Ecuador. This might seem counterintuitive as it's not the highest peak above sea level—that title belongs to Mount Everest. However, due to Earth's equatorial bulge, Chimborazo's summit is the farthest point from the center of the Earth and thus the closest to the Sun."
hy does the time you feel like you were asleep for not match how long you were actually asleep for?,5367,"The discrepancy between perceived sleep duration and actual sleep time often occurs due to the different stages of sleep. Deep sleep and REM sleep are restorative and make you feel more rested, even if periods of light sleep or waking reduce the actual time asleep. Also, short awakenings that you don't remember can fragment sleep, causing it to feel shorter."
What or Who is Case–control study?,5368,"A case–control study is a type of observational study often used in epidemiology. It compares individuals with a specific condition (cases) to those without it (controls). Researchers look backward to find exposure factors that might explain the difference. For example, if studying a disease, they might compare past behaviors, genetics, or environments of people with and without the disease to identify potential causes."
Do humans have enough biological differences to be grouped into races or subspecies?,5369,"Scientifically, the concept of race has limited biological basis, as genetic differences among humans are minimal. Most genetic variation occurs within populations rather than between them. Therefore, humans don't have enough biological differences to be grouped into distinct races or subspecies. Modern understanding supports that race is more of a social construct than a scientifically valid classification."
What or Who is Red Star OS?,5370,"Red Star OS is an operating system developed by North Korea. Unlike most operating systems like Windows or MacOS, Red Star OS is heavily modified to align with North Korean government policies. It features unique software and internet filtering to restrict access to external information. This system exemplifies how technology can be customized to fit specific ideological and informational control strategies."
Theoretically if there were 6 black holes making a cube shape that blocked off all entrances and you went into the empty space between the black holes (without getting sucked in) what would happen to space and time around you and outside of the theoretical black hole cube?,5371,"If you were in the empty space inside a cube formed by six black holes, space and time around you would be distorted but not in a typically harmful way if you're in the center. The gravitational pull from each black hole would exert force towards each corner of the cube. This could result in a zero net gravitational force at the center, creating a point of relative stability where spacetime is highly curved but not lethal. However, this is a theoretical scenario and in practice, the intense gravity would likely draw any matter towards one of the black holes eventually."
"why is it a problem that it takes so much water to produce 1kg of beef - something like 15,000 liters - if the cows just pee it all back out anyway?",5372,"The water usage in beef production is high because it includes the total water footprint: water for growing feed crops, drinking water for cattle, and water for maintaining grazing areas. Only a small part of this water is directly consumed by the cow. The rest supports the entire agricultural system, making it a significant resource investment. Moreover, wastewater from cattle farms can lead to pollution issues, impacting local water systems long-term."
What is a coupled reaction and why do cells couple reactions?,5373,"A coupled reaction in biology occurs when an energy-releasing reaction drives an energy-consuming reaction. Cells couple reactions to make otherwise non-spontaneous reactions proceed by pairing them with favorable ones. For example, the breakdown of ATP (adenosine triphosphate) releases energy that can drive processes like muscle contraction or protein synthesis. This efficient way of energy transfer is crucial for cellular function and survival."
Will Saturn's rings become a moon?,5374,"Saturn's rings are unlikely to become a moon. The rings are composed of ice and rock particles, and while they are constantly interacting, the material doesn't gather into a moon due to gravitational and orbital dynamics. Over time, it's expected that the ring material will either fall into Saturn or disperse into space, failing to form a new celestial body."
Stability Comparison between the Tropylium and Tricyclopropylcarbinyl Carbocation,5375,"The tropylium carbocation (	ext{C}_7	ext{H}_7^+) is significantly more stable than the tricyclopropylcarbinyl carbocation. Tropylium is stabilized by resonance involving delocalized electrons across the seven-membered ring structure. In contrast, the tricyclopropylcarbinyl carbocation lacks such electron delocalization, leading to less stability and higher reactivity."
What or Who is Laboratory?,5376,"Laboratory typically refers to a facility or room equipped for scientific experiments, research, and teaching. Laboratories provide a controlled environment where scientists can conduct experiments across various fields such as chemistry, biology, medicine, and physics, using specialized equipment and technology."
How do French words like “cul-de-sac” and “hors d'oeuvres“ end up part of the English language without being translated to English words?,5377,"French words like 'cul-de-sac' and 'hors d'oeuvres' become part of the English language due to historical contact between English and French-speaking populations, especially after the Norman Conquest. These terms often fill specific cultural or lexical gaps in English, becoming commonly used without translation because they precisely convey concepts not easily described by existing English words."
What or Who is If and only if?,5378,"'If and only if' is a phrase used in logic and mathematics indicating that two statements are both necessary and sufficient for each other. It signifies that both conditions must be true simultaneously. For example, 'a shape is a square if and only if it is a rectangle with equal sides,' meaning being a square and having equal sides are mutually inclusive."
An Introduction to Tensors,5379,"Tensors are mathematical objects used to generalize vectors and scalars. In physics and engineering, they represent relationships between sets of algebraic objects related to a vector space. For example, a vector can describe a force in one dimension, while a second-order tensor may describe stress in materials. Tensors can be complex, but they are pivotal in fields like general relativity, where they describe the curvature of spacetime."
What or Who is Noon?,5380,"Noon is a term used to describe the time of day when the sun is at its highest point in the sky, usually around 12:00 PM. This is when the sun’s rays are most direct and the day is typically at its brightest."
"How do we know we’ve discovered a new species of human based on a single fossil, and not just a really ugly dude?",5381,"To determine if a fossil represents a new human species or just a variation within an existing species, scientists look at several factors. They study the fossil's unique physical characteristics, compare these features with known species, and use dating techniques to estimate the fossil's age. For example, Homo naledi was identified as a new species due to its combination of primitive and modern traits that hadn't been seen before."
Why is there a line of volcanoes along the northwest coast of North America?,5382,"The line of volcanoes along the northwest coast of North America, known as the Cascadia volcanic arc, is caused by the subduction of the Juan de Fuca Plate beneath the North American Plate. As the denser oceanic plate sinks into the mantle beneath the continental plate, it melts and forms magma, which rises to the surface, leading to volcanic activity."
What or Who is Cetane number?,5383,The Cetane number is a measure of the combustion quality of diesel fuel during compression ignition. It indicates how quickly and efficiently the fuel will ignite in an engine. A higher Cetane number means better performance as the fuel will ignite more easily.
What or Who is Wetland?,5384,"A wetland is an area of land that is saturated with water, either permanently or seasonally. Wetlands are characterized by the presence of water-tolerant plants and unique soil conditions. They play a crucial role in the environment by filtering pollutants, providing habitat for wildlife, and helping to control flooding."
Clarification on Gene Enrichment,5385,"Gene enrichment analysis is a technique used in genomics to identify which sets of genes or pathways are overrepresented in a given dataset. This helps researchers understand the biological processes or functions that are likely relevant to their study, such as in disease research or functional genomics."
Why do we lose Appetite when we are anxious/Nervous?,5386,"When we are anxious or nervous, our body activates the 'fight or flight' response, releasing stress hormones like adrenaline. This diverts energy away from non-essential functions like digestion, causing a decrease in appetite. This response is evolutionary, helping our ancestors react quickly to threats by prioritizing survival."
What is physically different between a high-end CPU (e.g. Intel i7) and a low-end one (Intel i3)? What makes the low-end one cheaper?,5387,"A high-end CPU like an Intel i7 generally has more cores, higher clock speeds, larger cache memories, and better manufacturing technologies compared to a low-end CPU like an Intel i3. These features enable it to perform more calculations simultaneously and more efficiently, but also make it more expensive to produce."
What or Who is Decimal time?,5388,"Decimal time is a system of timekeeping that divides the day into 10 hours, each hour into 100 minutes, and each minute into 100 seconds. It was introduced during the French Revolution to simplify time measurement but did not gain widespread acceptance."
What or Who is Bechdel test?,5389,The Bechdel test is a measure used to evaluate whether a work of fiction such as a movie or book features at least two women who talk to each other about something other than a man. It highlights the representation of women in media and encourages more nuanced portrayals.
"I see snails appear when raining, but where do they come from, and where do they disappear to when it gets sunny?",5390,"When it rains, snails become more active because they prefer moist environments. During dry or sunny weather, they seek shelter to avoid desiccation, hiding under rocks, leaves, or in soil crevices where it remains damp. Moisture helps them move more easily and reduces the risk of drying out as their bodies are made up of a high percentage of water."
"Do homing pigeons fly straight home or follow certain ""highways""?",5391,"Homing pigeons primarily rely on their innate navigational abilities, which include a combination of using the Earth's magnetic field, the position of the sun, and landmarks. They often follow specific routes known as 'pigeon highways,' which are familiar, safe paths they have learned through experience. This behavior helps them efficiently find their way home."
Interpretation of a seismogram (three components),5392,"A seismogram is a recording of ground motion detected by a seismograph during an earthquake. It consists of three components: the P-wave (primary wave), which is the fastest and first to arrive; the S-wave (secondary wave), which follows and moves more slowly; and surface waves, which travel along the Earth's surface and usually cause the most damage. By analyzing these, we can determine the earthquake's location, depth, and magnitude."
"ow is it that Cows can consume the same fibrous grass that makes every other herbivores scat into tight balls, somehow manage to produce turds of such low density as to be called ""cow patties""? ?",5393,"Cows have a unique digestive system with multiple stomach compartments, the largest being the rumen, allowing them to break down fibrous grass efficiently. This process produces a slurry-like mixture, which, when excreted, forms the characteristic cow patties. The fibrous diet combined with this digestion method results in less compacted, lower-density feces compared to other herbivores."
How can I tell the size of a barrel power connector?,5394,"To determine the size of a barrel power connector, you need to measure the outer diameter of the plug and the inner diameter of the tip. These measurements are usually given in millimeters. You can use a caliper for precise measurements or refer to the manufacturer's specifications if available."
"""Middle row anomaly"" of the periodic table",5395,"The 'middle row anomaly' in the periodic table refers to the unique and varied properties of the elements in the middle rows, specifically transition metals. These elements often exhibit multiple oxidation states and can form complex compounds. Their electron configurations lead to diverse chemical behaviors, bridging the characteristics of metals and non-metals."
What or Who is Heuristic (psychology)?,5396,"A heuristic in psychology refers to a mental shortcut that allows people to solve problems and make judgments quickly and efficiently. These rules of thumb help in decision-making by simplifying complex processes. However, they can sometimes lead to biases or errors in reasoning."
Do most mathematicians know most topics in mathematics?,5397,"While most mathematicians specialize in a specific area of mathematics, they generally have a broad understanding of many mathematical topics. However, the field is vast, and it is uncommon for any one mathematician to be an expert in all areas. Collaboration and specialization are common in the mathematical community."
What or Who is Francis Bacon?,5398,"Francis Bacon was an English philosopher, statesman, and scientist who lived in the 16th and early 17th centuries. He is credited with developing the scientific method and emphasizing empirical, inductive approaches to scientific inquiry. His work laid the foundation for modern scientific research."
What or Who is Ocean current?,5399,"An ocean current is a continuous, directed movement of seawater generated by forces such as wind, the Earth's rotation, and differences in water density and temperature. These currents regulate global climate by redistributing heat and significantly impact marine ecosystems and weather patterns."
Is not wanting to have kids becoming more common?,5400,"Yes, not wanting to have kids is becoming more common. This shift in attitude is influenced by various social, economic, and environmental factors. Many people prioritize personal growth, career advancement, and financial stability over parenthood. Concerns about overpopulation, climate change, and the significant economic costs associated with raising children also contribute to this trend. Sociological studies and surveys indicate a rising number of young adults across different cultures and regions expressing a preference for a child-free lifestyle. For example, in many developed countries, birth rates have been steadily declining over the past decades."
"How come we can see highly detailed images of a nebula 10,000 light years away but not planets 4.5 light years away?",5401,"The reason we can see highly detailed images of a nebula 10,000 light years away but not planets 4.5 light years away lies in the nature of their light and size. Nebulae are vast clouds of gas and dust that emit and reflect a lot of light, making them easier to capture with telescopes. In contrast, planets are relatively small and reflect very little light from their nearby stars. Additionally, technological limitations mean that even our most powerful telescopes, like the Hubble Space Telescope, struggle to resolve these tiny points of light against the brightness of their own stars. An example is the star system Alpha Centauri, just 4.37 light years away, where distinguishing planets directly remains challenging."
Do we know whether Covid is actually seasonal?,5402,"Yes, some evidence suggests that Covid-19 may have seasonal trends similar to other respiratory viruses. Early studies indicated higher transmission rates in cold and dry conditions, typically seen in winter months. For example, spikes in cases have often coincided with colder weather. However, Covid-19 has also spread in warmer seasons and regions, indicating that other factors like human behavior, immunity levels, and public health interventions play substantial roles. More comprehensive data over several years will be needed to definitively understand its seasonality."
What or Who is Hypothesis?,5403,"Hypothesis is a term referring to a proposed explanation for a phenomenon, which can be tested through scientific investigation. In scientific research, a hypothesis is typically an educated guess based on prior knowledge and observation. It must be specific and falsifiable, meaning it can be proven wrong through experimentation or observation. For example, a biologist might propose the hypothesis that a certain plant grows faster in red light than blue light. This can be tested by growing plants under different light conditions and measuring their growth rates."
Are Richter-magnitude 10 earthquakes possible?,5404,"Richter-magnitude 10 earthquakes are theoretically possible, but extremely unlikely given the current geological conditions on Earth. The Richter scale measures the energy released by an earthquake, and a magnitude 10 quake would require a fault line much larger than any currently existing ones. The largest recorded earthquake was a magnitude 9.5 in Chile in 1960. Earth’s tectonic plates do not have the necessary surface area and strength to produce a magnitude 10 quake. The energy release would be catastrophic, potentially affecting the entire planet."
Find a real function $f:\mathbb{R}\to\mathbb{R}$ such that $f(f(x)) = -x$?,5405,"Finding a real function f such that f(f(x)) = -x is a challenging problem and currently, no explicit real function satisfies this condition. There are however piecewise or complex functions, but they do not meet the simple criteria laid out in real analysis. This functional equation suggests the existence of a function whose application twice results in the negative identity function, a property more easily found in abstract mathematical constructs rather than real-valued functions."
How can the Bonding in IF7 be explained using LCAO method?,5406,"The bonding in IF7 can be explained using the Linear Combination of Atomic Orbitals (LCAO) method. IF7 or iodine heptafluoride features iodine in a hypervalent state forming seven bonds with fluorine atoms. Iodine's s and p orbitals, along with d orbitals from the third shell, hybridize to form seven hybrid orbitals. Each of these hybrid orbitals overlaps with a 2p orbital from a fluorine atom to create a sigma bond. The molecule adopts a pentagonal bipyramidal structure, with five fluorine atoms forming a planar ring and two occupying the axial positions."
What or Who is Flying and gliding animals?,5407,"Flying and gliding animals refer to species that have evolved mechanisms to travel through the air. Birds are the most well-known flying animals, using wings powered by strong chest muscles to achieve flight. Bats, the only mammals capable of true flight, also use wing structures formed by stretched skin. Gliding animals, such as flying squirrels and flying fish, do not achieve powered flight but can glide long distances using adaptations like skin flaps or enlarged fins. These abilities help them escape predators, find food, or move between habitats."
"Why does ""Hoo"" produce cold air but ""Haa"" produces hot air ?",5408,"""Hoo"" produces cold air while ""Haa"" produces hot air due to the speed and compression of air. When you say ""Hoo,"" your lips form a small opening, causing the air to exit quickly and spread out, losing heat rapidly and feeling cool. In contrast, when you say ""Haa,"" your mouth is more open, allowing air to exit slowly and without significant cooling, so it retains more heat and feels warmer. This difference is similar to how blowing gently cools hot food, while exhaling gently does not."
What or Who is Invention?,5409,"An invention is a unique creation or discovery that provides a novel solution to a problem. It combines creativity and innovation to produce something that did not exist before. Inventions can range from simple tools to complex machines and can have significant impacts on society. For example, the invention of the wheel revolutionized transportation, while the development of the internet transformed global communication. Inventors must often go through a process of design, prototyping, and testing to refine their inventions."
Batteries. Why use 9V?,5410,"A 9V battery is commonly used because it provides a higher voltage in a single, compact package, making it ideal for devices that require more power without needing multiple batteries. This battery was standardized for certain applications like smoke detectors and portable radios, which efficiently use its higher voltage to operate reliably. Additionally, the convenient size and widespread availability make 9V batteries a practical choice for many electronic devices."
"When a pen quits half way through the word, why will it write on a fresh piece of paper but not over the words it failed to write in the first place?",5411,"When a pen quits midway through a word, it might still write on a fresh piece of paper because of the different texture providing better ink flow. Used paper can have slight indentations or residue that may block the pen tip, while fresh paper offers a smooth surface, allowing ink to flow more freely. Changing the paper essentially refreshes the writing conditions, temporarily overcoming the blockage or flow issue of the pen."
Why do vaccines cause your arm to hurt?,5412,"Vaccines cause your arm to hurt because the injection introduces a foreign substance into the muscle, triggering an immune response. This response includes inflammation, where immune cells rush to the injection site, causing redness, swelling, and soreness. This pain is a sign that the vaccine is working, stimulating your body to build protection against the targeted disease."
"Why do nearsighted people need a prescription and a $300 pair of glasses, while farsighted people can buy their glasses at the dollar store?",5413,"Nearsighted people need prescription glasses because their vision varies based on the specific measurement of how light focuses in their eyes. Each prescription is tailored to correct that unique focal point. On the other hand, farsightedness can often be corrected with general magnifying lenses available in dollar stores because a broad range of lens strengths can help improve nearby vision without precise customization."
What's special about 14.31818 MHz?,5414,"The frequency 14.31818 MHz is special because it is used as a base signal for the color subcarrier frequency in NTSC television broadcasting. This precision allows for accurate color information to be transferred and displayed on television screens. Additionally, this frequency is fundamental in the timing circuitry of older computer systems for similar reasons, ensuring synchronization and accuracy in processing tasks."
Difference between logit and probit models,5415,"Logit and probit models are used in statistics to model binary outcomes, where the result is either one thing or another (like yes or no). The key difference lies in their link functions: the logit model uses the logistic distribution, while the probit model uses the normal distribution. Both methods predict probabilities but differ slightly in their approach and assumptions about the distribution of the underlying data."
"Why is breakfast ""the most important meal of the day""?",5416,"Breakfast is often called 'the most important meal of the day' because it provides the body with essential nutrients and energy after an overnight fast. This meal kickstarts metabolism, helps improve cognitive function and mood, and can help maintain healthy body weight by regulating hunger. Eating a balanced breakfast can prevent overeating later in the day and improve overall dietary quality."
Why Does Salt Water Help Sore Throats?,5417,"Salt water helps sore throats primarily due to its ability to draw out moisture. This process, called osmosis, reduces swelling and flushes out irritants or mucus, providing relief. Additionally, the salt creates an environment that is less hospitable to bacteria, reducing further infection. Gargling salt water is an easy and effective way to soothe throat pain temporarily."
What or Who is Relative change?,5418,"Relative change refers to the difference in a quantity relative to its original value, usually expressed as a percentage. It's used to show how much something has increased or decreased in proportion to where it started. For instance, if a stock price goes from $50 to $75, the relative change is a 50% increase."
What or Who is Menstrual synchrony?,5419,"Menstrual synchrony is the phenomenon where women who live together or spend a lot of time together find that their menstrual cycles start to coincide or align over time. While popularized by studies and media, scientific support for this phenomenon is mixed, with some research suggesting that any perceived synchronization may occur by chance."
How to build a BAM header file with htslib in C++?,5420,"To build a BAM header file with htslib in C++, you first need to include the htslib library in your project. Initialize a `bam_hdr_t` structure to create the header, and then fill it with appropriate metadata, such as reference sequence information. Finally, write the header to the BAM file using `sam_hdr_write()`. Ensure to handle file operations and memory management correctly to avoid leaks."
What or Who is Nielsen Media Research?,5421,"Nielsen Media Research is a company that specializes in collecting data about television and other media audiences. They provide insights into what content is being watched, by whom, and when, helping to inform decisions in advertising and programming. Established in 1923, their ratings are widely recognized as a standard for measuring TV audience size and composition."
How much would the Greenland landmass isostatic rebound contribute to long term climate change?,5422,"Greenland's isostatic rebound, which is the rise of land masses after the lifting of ice weight, could indirectly contribute to long-term climate change. As land rises, it can affect ocean currents and sea levels. While the direct impact on climate is minor, changes in sea levels and ocean currents could have broader implications for global climate patterns over time."
What is the purpose of the little individual hairs on tires?,5423,"The little individual hairs on tires, also known as vent spews, are a byproduct of the tire manufacturing process. They are formed when the rubber fills small vent holes in the tire mold, allowing air to escape and ensure a more uniform tread. They have no functional purpose and typically wear off after the tire is used."
Could a magnet pull oxygen out of the air?,5424,"No, a magnet cannot pull oxygen out of the air. Oxygen is a paramagnetic gas, which means it is weakly attracted to a magnetic field, but this effect is extremely small. Ordinary magnets do not have the necessary strength to significantly attract or separate oxygen molecules from the air."
How to interpret a QQ plot?,5425,"A QQ plot, or quantile-quantile plot, is a graphical tool to assess if a dataset follows a given distribution. By plotting the quantiles of the dataset against the quantiles of the theoretical distribution, you can see if the points form a straight line. If they do, the data likely follows that distribution. Deviations from the line suggest departures from the distribution."
What or Who is Ernest Shackleton?,5426,"Ernest Shackleton was a British explorer known for his expeditions to Antarctica in the early 20th century. He is most famous for his Endurance expedition, during which his ship was trapped and eventually destroyed by ice. Shackleton's leadership and efforts to rescue his crew have made him a legendary figure in exploration history."
Why does looking at bright light trigger sneezing in some people?,5427,"Sneezing in response to bright light, known as the photic sneeze reflex, occurs in some people due to a genetic trait. When the optic nerve detects bright light, it can accidentally stimulate the trigeminal nerve, which sends a signal to the brain that can trigger a sneeze. This reflex affects about one-third of the population."
How to connect USB Connector shield?,5428,"To connect a USB connector shield, you need to ensure the shield is properly grounded. This usually involves connecting the metal casing of the USB connector to the ground plane of the circuit board. Proper grounding helps reduce electromagnetic interference and ensures signal integrity."
How do porcupines keep from pricking each other while mating?,5429,Porcupines minimize pricking each other while mating through careful and controlled movements. The male porcupine often engages in a courtship ritual that includes approaching the female slowly and positioning himself carefully. The female assists by flattening her quills to allow safe contact. This mutual behavior ensures a safe mating process.
Do antibiotics kill all healthy gut bacteria and if so how does the body return to normal after treatment?,5430,"Antibiotics can kill many types of bacteria, including both harmful and beneficial bacteria in your gut. This disruption can cause imbalances, leading to digestive upset or other issues. After treatment, the body can return to normal over time as beneficial bacteria naturally repopulate the gut. Eating probiotic-rich foods like yogurt or taking probiotic supplements can help speed up this process, promoting a healthy balance of gut bacteria again."
Will new stars stop forming at some point of time?,5431,"New stars will eventually stop forming, but not anytime soon. Star formation occurs when gas and dust in space collapse under gravity to form new stars. However, this process relies on the availability of raw materials. In the very distant future, as these materials are used up or locked in stellar remnants, the formation of new stars will slow down and eventually cease, potentially billions of years from now."
What or Who is Flocculation?,5432,"Flocculation is a process where particles in a liquid clump together into a floc, or fluffy mass, often aided by adding a substance called a flocculant. This process is common in water treatment, where it helps remove impurities from water by causing them to clump together so they can be easily separated out."
What or Who is Heat treating?,5433,"Heat treating refers to the controlled heating and cooling of metals to change their physical and mechanical properties without altering their shape. It's used to make the metal harder, more durable, or more pliable, depending on the requirement. An example of heat treating is quenching, where metal is heated to high temperatures and then rapidly cooled to make it hard."
Is 2015's record average temperature evidence that we are now experiencing runaway climate change?,5434,"While 2015's record average temperature is significant, it alone isn't definitive evidence of runaway climate change. It is an indicator of a broader trend of global warming driven by human activities like burning fossil fuels. Runaway climate change refers to a scenario where climate change accelerates uncontrollably. Continuous monitoring and further data are needed to determine such developments."
Choosing the right condenser,5435,"Choosing the right condenser depends on several factors, including the type of system you're using (like HVAC or refrigeration), the required efficiency, and the space available. You need to consider the heat load, airflow, and maintenance needs. Consulting with a professional can help ensure you select the most appropriate and efficient unit for your specific needs."
Why are there no cheap diamond equivalents?,5436,"Diamond equivalents exist but achieving the unique combination of brilliance, hardness, and rarity in a cost-effective way is challenging. Materials like cubic zirconia or moissanite mimic a diamond’s appearance and are cheaper, but they don't possess the same hardness or durability. Synthetic diamonds are another alternative but are still relatively expensive to produce."
What or Who is Avogadro constant?,5437,"Avogadro constant is a fundamental number in chemistry, representing the number of particles (usually atoms or molecules) in one mole of a substance. It is roughly 6.022 x 10^23 particles per mole. This constant allows chemists to count particles by weighing them and is crucial for understanding chemical reactions at the atomic level."
What or Who is Alie Ward?,5438,"Alie Ward is a science communicator, writer, and TV host known for her work in making science accessible and entertaining. She is also the host of the podcast 'Ologies,' where she interviews experts in various scientific fields to explore different topics in a fun and engaging manner."
What or Who is Producer–consumer problem?,5439,"The producer-consumer problem, also known as the bounded-buffer problem, is a classic example in computing involving synchronization. It describes two types of processes: producers, which generate data and add it to a buffer, and consumers, which take the data from the buffer. Proper synchronization ensures that producers don't add data when the buffer is full and consumers don't take data when the buffer is empty."
How do you explain to a 5th grader why division by zero is meaningless?,5440,"Imagine you have 6 cookies and you want to share them with some friends. If you have 2 friends, you give each friend 3 cookies. But what if you have zero friends? How many cookies does each friend get? It doesn't make sense because there are no friends, to begin with. Dividing by zero is like trying to share cookies with no one; there's no answer that makes sense."
What or Who is Shape?,5441,"Shape is a term used to describe the form or outline of an object. For example, circles, squares, and triangles are all different shapes. Shapes can be simple like those or complex, like the shape of a cloud."
What is the proper usage of scale_pos_weight in xgboost for imbalanced datasets?,5442,"In xgboost, 'scale_pos_weight' is used to adjust the balance between positive and negative classes in an imbalanced dataset. If your dataset has 100 negative instances and only 10 positive ones, you might set 'scale_pos_weight' to 10. This tells the model that positive cases are more important and need more attention during training, improving its ability to detect rare positive instances."
What caused the growing whining sound when old propeller planes went into a nose dive?,5443,"The growing whining sound in old propeller planes during a nose dive is caused by the increase in airspeed. As the plane dives, the propeller spins faster, and the air moving through it creates more noise. This results in the high-pitched whining sound that gets louder the faster the plane goes."
Is it possible to contract COVID 19 a second time?,5444,"Yes, it is possible to contract COVID-19 a second time. While initial infection may provide some immunity, it is not always complete or long-lasting. This means that a person can be infected again, which is why continuing to follow health guidelines is important."
How does ammonium nitrate explode on its own?,5445,"Ammonium nitrate can explode on its own if exposed to high heat or significant shock. Under these conditions, the substance decomposes rapidly, releasing gases and energy, which results in an explosion. It’s important to handle it safely as it is commonly used in fertilizers and explosives."
"how do cuts on the inside of your mouth, on your cheek, tongue and lip not get super infected by all of our nasty mouth germs?",5446,"Cuts inside your mouth heal quickly and don’t often get infected because saliva has special enzymes that help break down germs, and your mouth has an excellent blood supply that speeds up the healing process. So, even with the germs present, your body is well equipped to deal with small injuries inside the mouth."
What or Who is Steam reforming?,5447,"Steam reforming is a process used to produce hydrogen gas. It involves reacting natural gas with steam at high temperatures in the presence of a catalyst. This process breaks down the natural gas into hydrogen and carbon monoxide, which can further react to produce more hydrogen and carbon dioxide."
Can I sense a bright star pointing an eight foot antenna towards it?,5448,"No, an eight-foot antenna can't detect a star directly because stars emit light, not radio waves. Antennas detect radio signals, so even though stars are bright in the sky, they don’t emit enough radio waves for a simple antenna to pick up."
What is the practical difference between watts and VA (volt-amps)?,5449,"Watts measure real power, which is the actual energy used by a device to perform work. VA (volt-amps) measure apparent power, which includes both the real power and any reactive power that does no actual work but creates a small additional load on the system. Understanding both helps in designing and operating efficient electrical systems."
What tools allow a quick comparison of NetCDF output from ocean models?,5450,"To quickly compare NetCDF output from ocean models, you can use software tools such as Python with libraries like xarray and Matplotlib, or specialized programs like Panoply. These tools allow you to visualize and analyze the multi-dimensional data NetCDF files contain. Python's xarray can handle large datasets efficiently and integrate with other libraries to plot graphs that highlight differences and trends between datasets. Panoply, on the other hand, offers a user-friendly interface for quick visual comparisons."
How do I design my very own ARM based processors?,5451,"Designing your own ARM-based processor involves understanding digital logic design and computer architecture. Start with learning the basics of hardware description languages like VHDL or Verilog, which are used to write the processor's specification. Use software like Xilinx Vivado or Altera Quartus for simulation and synthesis. Designing involves defining the Instruction Set Architecture (ISA), creating pipelines for operation, and validating functionality through simulation before moving to physical implementation. Resources like online courses and textbooks can guide you through specific steps and considerations."
How it's possible to measure temperature 2000 years ago with such precision?,5452,"Measuring temperature 2000 years ago with precision relies on indirect methods called proxies. Scientists analyze ice cores, tree rings, and sediment layers. For example, ice cores trap gases like carbon dioxide which can be measured to infer past temperatures. Similarly, the width of tree rings varies with temperature and rainfall, providing clues about historical climate. These proxies are calibrated with modern data, enabling accurate interpretation of ancient temperatures."
How and why did the oceans form on Earth but not on other planets?,5453,"Oceans formed on Earth due to a combination of factors including its optimal distance from the Sun, which allowed for liquid water, and the presence of a strong magnetic field that protected the atmosphere. Volcanic activity and cometary impacts also contributed water. Other planets in our solar system either lacked these conditions or lost their water due to insufficient gravity to retain an atmosphere, extreme temperatures, or lack of a magnetic field."
Why is Earth's inner core solid?,5454,"Earth's inner core is solid due to the immense pressure at the planet's center. Despite the high temperatures, which are sufficient to melt iron, this pressure forces the iron atoms into a solid crystal structure. This phenomenon is similar to how carbon atoms form diamonds under high-pressure conditions. The inner core's solidity plays a crucial role in generating Earth's magnetic field through the movement of the surrounding liquid outer core."
Uppercase vs lowercase letters in reference genome,5455,"In reference genomes, uppercase letters generally denote sequences that are well-supported and confidently mapped, while lowercase letters indicate regions with lower confidence or ambiguous mapping. This distinction helps researchers quickly assess the reliability of sequence data. For example, repetitive regions or those with fewer supporting reads might be in lowercase, signaling potential areas for further verification."
Why do we laugh?,5456,"Laughter is a natural response that serves several social functions, including communication and bonding. It is believed to be an evolutionary mechanism to strengthen social connections and convey playfulness and mutual understanding. When we laugh, our brain releases chemicals like endorphins, which create feelings of happiness and reduce stress. Laughter can also signal safety and foster group cohesion, crucial for early human survival."
What or Who is Whole Earth Catalog?,5457,"The Whole Earth Catalog was a publication that appeared between 1968 and 1972, created by Stewart Brand. It provided tools, information, and resources on various topics such as farming, carpentry, education, and technology. The aim was to empower individuals to learn, create, and live self-sufficiently. The catalog inspired early tech culture and played a role in the DIY movement, promoting access to knowledge and tools."
What has changed in the last 20-30 years so that it now takes two incomes to maintain a household?,5458,"Several factors have contributed to the necessity for two incomes to maintain a household over the past 20-30 years. The cost of living, including housing, healthcare, and education, has increased significantly, often outpacing wage growth. Additionally, the shift from manufacturing to service-based economies has led to changes in job availability and wage structures. Economic policies, tax structures, and societal expectations have also evolved, influencing family income dynamics."
What is the difference between HPLC and FPLC and why is FPLC preferable for protein purification?,5459,"High-Performance Liquid Chromatography (HPLC) and Fast Protein Liquid Chromatography (FPLC) are both used to separate mixtures of substances. HPLC primarily focuses on small molecules and operates under high pressure, up to 6000 psi. FPLC, on the other hand, is optimized for proteins and other biological macromolecules and operates under mild conditions, typically not exceeding 500 psi. FPLC's gentle conditions help preserve protein structure and function, making it preferable for protein purification."
What or Who is Instrumentation and control engineering?,5460,"Instrumentation and control engineering is a branch of engineering focusing on the design, configuration, and maintenance of systems that measure and control manufacturing processes. For example, in a chemical plant, instruments like sensors might monitor temperature, pressure, and flow rates, while control systems ensure these variables stay within desired ranges to ensure safety and efficiency."
Why do nuclear power plants have those distinct concave-shaped smoke stacks?,5461,"Nuclear power plants have concave-shaped cooling towers, also known as hyperbolic cooling towers, for multiple practical reasons. Their shape is structurally efficient, allowing them to support their own weight while being built with less material. This design also facilitates natural air convection, enhancing the cooling process by allowing warm air to rise and cooler air to be drawn in from below."
what is it about electricity that makes it so dangerous to the human body?,5462,"Electricity is dangerous to the human body because it can disrupt the normal electrical signals that control your heart and other vital functions. When an electrical current passes through the body, it can cause burns, muscle contractions, nerve damage, and potentially fatal heart arrhythmias. Even small amounts of electricity, under the right conditions, can be lethal."
Why cant they anesthetize chemo patients so they don’t feel the pain from chemotherapy?,5463,"Anesthetizing chemo patients to prevent pain from chemotherapy isn't practical because chemotherapy isn't typically painful in the immediate sense. However, side effects like nausea, fatigue, and nerve damage can cause discomfort over time. Anesthesia would require continuous administration and monitoring, posing a riskier option compared to current treatments for managing side effects."
Can someone explain what abstract reasoning is to me?,5464,"Abstract reasoning is the ability to think about objects, principles, and ideas that are not physically present. It's a higher-level cognitive skill involved in problem-solving, pattern recognition, and logical thinking. For example, solving puzzles or understanding metaphors requires abstract reasoning as you manipulate concepts in your mind."
What or Who is Svalbard Global Seed Vault?,5465,"The Svalbard Global Seed Vault is a secure seed bank located on the Svalbard archipelago in Norway. It serves as a global backup storage facility for seeds from all over the world, ensuring that genetic diversity in agriculture is preserved even in the event of a catastrophic event. It provides a safety net for the world's food supply."
What or Who is Social?,5466,"The term 'social' generally refers to activities or interactions that involve forming relationships and engaging with other people. Being social involves verbal and non-verbal communication, understanding social norms, and collaborating with others in community settings, workplaces, or informal gatherings."
Why is the square root transformation recommended for count data?,5467,"The square root transformation is recommended for count data because it can stabilize the variance and make the data more normally distributed. This type of transformation reduces the impact of larger values and spreads out smaller values, making it easier to perform statistical analyses that assume normality. For example, when analyzing the count of events, applying a square root can make patterns more discernable."
How to merge sam files together with adding read groups,5468,"To merge SAM (Sequence Alignment/Map) files and add read groups, you would typically use specialized software tools like Picard. The process involves merging the files and updating the header to ensure each read is correctly identified with its corresponding group. This helps in distinguishing data from different samples or sequencing runs within the same file."
Was the Sun's gravitational lensing observed in other solar eclipses than the one in 1919?,5469,"Yes, the Sun's gravitational lensing has been observed during other solar eclipses besides the famous 1919 observation. Modern technology, including space-based telescopes, has allowed astronomers to measure and confirm this phenomenon with greater precision. Gravitational lensing provides critical evidence supporting the theory of General Relativity."
What or Who is Spitzer Space Telescope?,5470,"The Spitzer Space Telescope is an observatory launched by NASA in 2003 designed to detect infrared radiation. This enables it to see through cosmic dust clouds and observe phenomena like star formation, galaxy formation, and the composition of exoplanets' atmospheres. Named after scientist Lyman Spitzer, it has contributed significantly to our understanding of the universe by providing clearer and more detailed images than optical telescopes."
What or Who is Galileo affair?,5471,"The Galileo affair refers to the conflict between Galileo Galilei and the Roman Catholic Church in the early 17th century. Galileo supported the heliocentric model, which states that the Earth orbits the Sun. However, this contradicted the Church's geocentric view, which placed the Earth at the center of the universe. The Church condemned Galileo, leading to his house arrest and a ban on his writings. This historically significant event underscores the tension between science and religious doctrine."
"Is the center of our galaxy, the Sagittarius A* black hole a former star?",5472,"Sagittarius A* is a supermassive black hole at the center of our Milky Way galaxy. While most black holes form from the remnants of massive stars, Sagittarius A* is far more massive, about 4 million times the mass of the Sun, suggesting it did not originate from a single star but formed through the merging of smaller black holes or the collapse of a huge gas cloud early in the galaxy's formation."
What are i.i.d. random variables?,5473,"I.i.d. stands for independent and identically distributed random variables. In simple terms, it means that each variable in a set is not influenced by the others and all share the same probability distribution. For example, rolling multiple fair dice; each roll is independent of the others but all rolls have the same odds for each number. This concept is critical in statistics for simplifying the analysis and modeling of random processes."
What or Who is Small Is Beautiful?,5474,"""Small Is Beautiful"" is a book by economist E.F. Schumacher, published in 1973. It argues against the notion that bigger is always better and promotes sustainable economic practices and technologies that are human-centered and environmentally friendly. Schumacher's ideas inspired discussions on sustainable development and remain influential in debates on economics and environmental policy."
Why use PLC instead of microcontroller?,5475,"A PLC, or Programmable Logic Controller, is preferred over a microcontroller in industrial settings due to its robustness and reliability. PLCs are engineered to withstand harsh environments like extreme temperatures, electrical noise, and vibration. They also come with specialized software and hardware tailored for complex control systems, making them easier to integrate and maintain compared to microcontrollers, which are more suited for simpler, consumer electronics applications."
How does the precession of the Earth's apses affect climate?,5476,"The precession of the Earth's apses, also known as the precession of perihelion, refers to the gradual shift in the orientation of Earth's elliptical orbit around the Sun. This influences climate by altering the timing and distribution of solar energy received by Earth over millennia. For example, it affects glacial cycles and has contributed to past changes in global climate patterns, acting as one factor in natural climate variability over geological timescales."
"R vs SAS, why is SAS preferred by private companies?",5477,"SAS is preferred by private companies over R due to its robustness, technical support, and comprehensive documentation. Companies often value the reliability and service that come with a professional software package, important for critical, large-scale data operations. While R is powerful and flexible, SAS provides a unified software environment with extensive pre-written procedures and customer service, essential for businesses that require guaranteed performance."
What or Who is Telematics?,5478,"Telematics is a field that combines telecommunications and informatics to transmit information over long distances. In practical terms, this often refers to the technology used in vehicles to provide services like navigation, tracking, and remote diagnostics. For example, telematics systems can monitor vehicle location, fuel efficiency, and driver behavior, improving fleet management and safety in the transportation industry."
"Are there viruses that infect, reproduce, and spread without causing any ill effects in their hosts?",5479,"Yes, there are viruses known as 'symbiotic viruses' that can infect hosts, reproduce, and spread without causing harm. Some, like the bacteriophage Lambda, live in bacteria without causing disease and can offer benefits, such as protecting the host from other harmful viruses. In humans and animals, certain viruses also exist without causing immediate illness, forming a part of the body's natural virome."
Is it known how the first viruses formed?,5480,"The origins of the first viruses are still not completely understood, but there are three main theories. One theory is the 'progressive hypothesis,' suggesting that viruses originated from bits of DNA or RNA that escaped from the genes of a larger organism. Another is the 'regressive hypothesis,' proposing that viruses were once small cells that parasitized larger cells and shed unnecessary genes. The 'virus-first hypothesis' posits that viruses evolved from complex proteins and nucleic acids before cells appeared. Each theory has evidence supporting it, but none fully explain how the first viruses formed."
What or Who is Grammatical mood?,5481,"Grammatical mood refers to a feature of verbs in a language that conveys the speaker's attitude toward the action or state described by the verb. The three primary moods are indicative, imperative, and subjunctive. The indicative mood is used for statements of fact, the imperative mood conveys commands or requests, and the subjunctive mood indicates hypothetical or non-real actions. For example, 'She runs' is indicative, 'Run!' is imperative, and 'If she were to run' is subjunctive."
FeaturePlot from Seurat: change its title,5482,"To change the title of a FeaturePlot in Seurat, a popular R package for single-cell RNA-seq data analysis, you can use the 'labs' function from ggplot2. For example, if you have a plot named 'p', you can set a new title by adding '+ labs(title = 'New Title')' to your plot object. Here's a simple example: `p + labs(title = 'New Title')`."
What or Who is Landrace?,5483,"A landrace is a local variety of a domesticated plant or animal species that has adapted to the natural and cultural environment in which it lives. Unlike commercial breeds, landraces develop naturally over time from traditional agricultural practices. They often show greater genetic diversity and are better adapted to local conditions. An example of this is the 'Teosinte,' the ancestor of modern maize, which was a landrace before being selectively bred."
How do I get the square root of a complex number?,5484,"To find the square root of a complex number, we use a method based on polar coordinates. A complex number can be written in the form of a + bi, where i is the imaginary unit. The square root can be found by converting it to its polar form, re^(iθ), where r is the magnitude and θ is the argument. After converting, take the square root of r and halve the argument θ. Finally, convert back to rectangular form. For example, the square root of 4 + 4i is approximately 2.197 + 0.910i."
What or Who is Difference in differences?,5485,"Difference in differences (DiD) is a statistical technique used to determine the effect of a treatment or intervention. It compares the changes in outcomes over time between a group that is exposed to a treatment and a group that is not. By measuring the 'differences in differences' between these groups, researchers can control for confounding factors and isolate the treatment effect. For instance, if implementing a new policy in one city but not another, DiD can help estimate the policy's impact by comparing trends."
"I just saw this bird outside my apartment. Anyone know what it is? (Texas, US)",5486,"Identifying a bird requires more details like color, size, beak shape, and behavior. Popular birds in Texas include the Northern Cardinal and the Great-tailed Grackle. The Northern Cardinal is bright red with a crest, while the Great-tailed Grackle is black with shiny feathers and a long tail. Photographs or more specific descriptions can help provide a more accurate identification."
What (the heck) is a Super Worm Equinox Moon?,5487,"The Super Worm Equinox Moon is an event that combines several phenomena. A 'supermoon' is when a full moon coincides with its closest approach to Earth, making it appear larger and brighter. The term 'worm moon' comes from Native American traditions, as this full moon appears in March when earthworms start to emerge. The 'equinox' marks the beginning of spring. Combined, the Super Worm Equinox Moon is a notable full moon near the start of spring."
Do people become immune to CoVid-19 after recovering from it?,5488,"Recovering from COVID-19 can lead to some degree of immunity, but it is not absolute. Immunity means the body has developed antibodies to fight off the virus if it encounters it again. However, this immunity might wane over time, and the efficacy varies among individuals. Reinfections have occurred, so while initial recovery provides some protection, it’s not guaranteed permanent immunity."
Does a green or yellow sky actually indicate a tornado?,5489,"A green or yellow sky can indicate severe weather conditions, including the potential for tornadoes. The unusual colors result from the scattering of sunlight by moisture and storm clouds. While not a definitive sign of a tornado, these colors often accompany severe thunderstorms, which can produce tornadoes. It is a visual cue to stay alert and seek more information from weather updates."
What or Who is Seismometer?,5490,"A seismometer is an instrument used to measure the motion of the ground caused by seismic waves from earthquakes, volcanic eruptions, and other sources. It consists of a mass attached to a fixed base, and during ground movement, the base moves while the mass stays still. This relative motion is converted to an electrical signal that represents ground motion. Seismometers are crucial for understanding and predicting seismic activity."
PLINK clump behavior on missing SNPs?,5491,"PLINK is a widely used software tool for analyzing genetic data. Clumping is a method in PLINK that helps identify independent genetic signals. When there are missing SNPs (single nucleotide polymorphisms), PLINK adjusts by ignoring those gaps and focuses on available data to form clumps. This ensures the identified signals are as reliable and meaningful as possible, despite the missing information."
"Why do pregnant bellies ""pop out"" the belly button while fat bellies result in a cavernous belly button?",5492,"During pregnancy, the growing uterus pushes the abdomen outward, which can force the belly button to protrude. In contrast, weight gain deposits fat uniformly, including around the abdomen but does not exert the same direct outward force. This difference in pressure and force orientation explains why a pregnant belly results in a 'popped out' belly button while a fat belly causes a more 'cavernous' one."
"Why do crystals, like quartz and diamonds, form in different colors?",5493,"Crystals like quartz and diamonds form in different colors due to the presence of impurities and structural defects. For instance, the addition of elements such as iron or chromium can change the color of quartz to amethyst or pink, respectively. Similarly, the incorporation of nitrogen or boron gives diamonds yellow or blue hues. These impurities absorb light differently, producing various colors."
How fast does the rotor in ATP synthase spin?,5494,"The rotor in ATP synthase, an essential enzyme in cellular energy production, spins at a rate of about 100 rotations per second. This rapid rotation is driven by the flow of protons across the mitochondrial membrane, converting ADP (adenosine diphosphate) and inorganic phosphate into ATP (adenosine triphosphate), which cells use as a primary energy source. This process is crucial for many cellular functions."
Is there anything that is completely non-toxic to humans at any dose?,5495,"There is currently no substance known that is completely non-toxic to humans at any dose. Even water, essential for life, can become toxic in excessive amounts, leading to a condition called water intoxication or hyponatremia. The toxicity of a substance depends on the dose, exposure duration, and individual susceptibility. Therefore, safety depends on careful dose management."
Why are the solutions of polynomial equations so unconstrained over the quaternions?,5496,"Polynomial equations over the quaternions, which extend complex numbers, lack the constraints seen with real and complex numbers due to quaternions' non-commutative nature. This means that quaternion multiplication does not follow the usual rules, allowing more freedoms in creating solutions. This unconstrained behavior results from the more complex algebraic structure of quaternions."
What or Who is Royal Society?,5497,"The Royal Society is a prestigious scientific institution based in the United Kingdom, founded in 1660. It aims to promote excellence in science through academic research, public engagement, and policy advocacy. Members, known as Fellows, are distinguished scientists who contribute to the Society's mission of advancing scientific knowledge and application."
Why does a vaccine have to be injected through a needle?,5498,"A vaccine is typically injected through a needle to ensure that it directly enters the bloodstream or muscles, bypassing the digestive system where it could be degraded. This method ensures the vaccine components are effectively delivered to the immune system, enabling the body to recognize and respond to the targeted pathogen effectively."
What or Who is Estuary?,5499,"An estuary is a coastal area where freshwater from rivers and streams mixes with saltwater from the ocean. This unique environment supports diverse ecosystems and acts as a habitat for various species. Estuaries also serve as nurseries for fish, buffer zones protecting inland areas from flooding, and filtration systems improving water quality."
Why is polyploidy lethal for some organisms while for others is not?,5500,"Polyploidy refers to organisms having more than two sets of chromosomes. In simple terms, some organisms may struggle with polyploidy because their cellular mechanisms aren't equipped to handle the extra genetic material efficiently, causing developmental issues or lethality. In contrast, plants and some animal species, like certain amphibians and fish, can manage and even benefit from polyploidy. They’ve evolved mechanisms to balance the extra genetic material, enabling better adaptation and survival under specific environmental conditions. For example, many crop plants like wheat are polyploid, aiding in greater robustness and size."
What or Who is Mid-ocean ridge?,5501,"The Mid-ocean ridge is an underwater mountain range formed by tectonic plates moving apart from each other at divergent boundaries. As the plates separate, magma rises from beneath the Earth’s surface to fill the gap, creating new oceanic crust. This process is part of the global plate tectonics system, contributing to the reshaping of Earth's surface. An example is the Mid-Atlantic Ridge, which runs down the center of the Atlantic Ocean, splitting it into two larger halves."
How does an intoxicated person’s mind suddenly become sober when something very serious happens?,5502,"When something serious and unexpected happens, an intoxicated person can sometimes become suddenly sober due to the body's fight-or-flight response. This response triggers a release of stress hormones like adrenaline, which momentarily heightens alertness and prioritizes essential brain functions, partially counteracting the depressant effects of alcohol. For instance, news of a loved one in danger can provoke this biochemical reaction, temporarily overriding the effects of intoxication."
What or Who is Cultural studies?,5503,"Cultural studies is an interdisciplinary field concerned with understanding how culture is constructed, shared, and influences social dynamics and power structures. It examines cultural practices, beliefs, and media to uncover how they shape societal norms and individual identities. This field often intersects with sociology, anthropology, and media studies. For instance, cultural studies might analyze how popular movies reflect and impact societal views on gender roles."
What or Who is Case mix index?,5504,"The Case Mix Index (CMI) is a measure used in healthcare to assess the relative costliness and resource needs of a hospital's patient population. It combines information on the types of treatments and diagnoses patients receive to determine the average complexity and severity of cases a hospital handles. Higher CMI values indicate a sicker, more resource-intensive patient population. For example, a specialized hospital treating complex surgical cases typically has a higher CMI than a general hospital."
Lanes of flat ocean surface in coastal waters,5505,"Lanes of flat ocean surface in coastal waters are often referred to as slicks. These occur due to various factors like differences in water temperature, salinity, or biological activity. For example, surface slicks can result from the oil produced by certain types of plankton or the presence of calm water in areas shielded from wind."
Show that the determinant of $A$ is equal to the product of its eigenvalues,5506,"In linear algebra, the determinant of a square matrix A is indeed equal to the product of its eigenvalues. This relationship holds because the determinant is a summary of the matrix's scaling factor in linear transformations, and eigenvalues are the factors by which specific vectors are scaled under that transformation. Mathematically, if λ1, λ2, ..., λn are the eigenvalues of A, then det(A) = λ1 * λ2 * ... * λn."
What or Who is Beer–Lambert law?,5507,"The Beer–Lambert law describes how the absorbance of light passing through a medium relates to the concentration of the absorbing substance and the path length of the light. It is commonly used in chemistry and biochemistry for measuring concentrations of solutions. According to the law, absorbance (A) equals the product of the molar absorptivity (ε), the concentration (c), and the path length (l): A = ε * c * l. For example, spectrophotometers use this principle to determine the concentration of proteins in a solution."
Impractical question: is it possible to find the regression line using a ruler and compass?,5508,"Finding a regression line using only a ruler and compass involves complex steps and approximations, making it highly impractical. Traditional methods use algebra and statistics to calculate the best-fit line through data points, minimizing the sum of squared differences between observed and predicted values."
What or Who is Somatotype and constitutional psychology?,5509,"Somatotype and constitutional psychology are concepts developed by psychologist William Sheldon in the mid-20th century. Somatotypes categorize human bodies into three basic shapes: endomorph (rounded), mesomorph (muscular), and ectomorph (slim). Constitutional psychology suggests these body types are linked to certain personality traits. For example, endomorphs were thought to be sociable and relaxed, while ectomorphs were considered introverted and thoughtful. Modern psychology largely discredits this theory due to lack of empirical support."
"What is the percentage of the global water cycle (evaporation, precipitation) that occurs over the ocean?",5510,"Around 86% of the global evaporation and 78% of global precipitation occur over the ocean. This is because the oceans hold the majority of the Earth's water, covering about 71% of the Earth's surface. When water evaporates from the ocean, it rises into the atmosphere, forms clouds, and eventually falls back as precipitation. The larger surface area of the oceans and their abundant water supply facilitate these processes. Therefore, the water cycle over the ocean plays a crucial role in maintaining the global water balance and weather patterns."
What or Who is Remote viewing?,5511,"Remote viewing is a practice where individuals attempt to gather information about a distant or unseen target using extrasensory perception (ESP). It is based on the idea that one can perceive or describe details about a place, person, or event without being physically present. While remote viewing gained popularity in the 1970s, especially through government-funded programs, it remains controversial. There is no scientific consensus on its effectiveness, as most evidence supporting remote viewing is anecdotal and lacks rigorous scientific validation."
What or Who is Beamforming?,5512,"Beamforming is a technology used in telecommunications and audio engineering to direct the transmission or reception of signals. It focuses the signal in a specific direction, enhancing the strength and quality towards a desired receiver while minimizing interference from other directions. This is achieved using arrays of antennas that work together to shape the signal. A common example of beamforming is in Wi-Fi routers, which use it to improve wireless connectivity by directing signals more precisely to devices, thus increasing speed and reliability."
Acid Accident Treatment,5513,"In the event of an acid accident, the priority is to ensure safety and minimize damage. Immediately flush the affected area with plenty of water. Continue rinsing with water for at least 15 minutes to dilute and remove the acid. If the acid is on clothing, remove the contaminated clothes while rinsing. Seek medical attention promptly to assess any further treatment needed. For inhalation of fumes, move the affected person to fresh air and call emergency services. It is crucial to handle acids with appropriate safety gear to prevent accidents."
What or Who is Cosmogony?,5514,"Cosmogony is the study of the origin and development of the universe or cosmological systems. It addresses questions about how the universe began, the processes involved in its formation, and its subsequent evolution. Different cultures and civilizations have their own cosmogonic myths and scientific theories. For example, the Big Bang Theory in modern science describes the universe's origin from a singularity approximately 13.8 billion years ago, while various mythologies provide unique creation stories explaining the universe's beginnings."
Difference between Brushless Motor and Stepper Motor,5515,"A brushless motor and a stepper motor both convert electrical energy into mechanical motion, but they differ significantly in design and operation. Brushless motors use electronic commutation instead of brushes, making them more efficient, quieter, and longer-lasting. They are ideal for high-speed, continuous applications like fans or electric vehicles. Stepper motors, on the other hand, move in discrete steps, allowing for precise control of position and speed. They are commonly used in applications requiring exact movements, such as 3D printers and CNC machines."
What or Who is Miracle Mineral Supplement?,5516,"Miracle Mineral Supplement (MMS) is a product containing sodium chlorite, which when mixed with an acid, produces chlorine dioxide, a powerful bleaching agent. It is falsely marketed as a cure-all for various diseases, including malaria, HIV, and cancer. Health authorities, including the FDA, have issued warnings against its use, stating that consuming MMS can cause severe health risks, including nausea, diarrhea, and dehydration. There is no scientific evidence supporting MMS as a safe or effective treatment for any condition."
Why Bioconductor?,5517,"Bioconductor is an open-source project that provides tools for the analysis and comprehension of genomic data. It offers extensive resources including software packages written in the R programming language, facilitating in-depth biological data analysis, such as DNA sequencing, microarrays, and other bioinformatics tasks. Bioconductor is widely used in the bioinformatics community for its robustness, flexibility, and ability to handle complex data, making it easier for researchers to collaborate and share methodologies for advancing genomic research."
Find five positive integers whose reciprocals sum to $1$,5518,"To find five positive integers whose reciprocals sum to 1, a possible set is {2, 3, 6, 3, 6}. This can be verified as follows: 1/2 + 1/3 + 1/6 + 1/3 + 1/6 = 1/2 + 1/3 + 1/3 + 1/6 + 1/6 = 1. Other sets are also possible, but key is that the reciprocal sums should total exactly one."
Is there an elementary proof that $\sum \limits_{k=1}^n \frac1k$ is never an integer?,5519,"There is no elementary proof that the harmonic series sum, 1 + 1/2 + 1/3 + ... + 1/n, is never an integer. The harmonic series grows logarithmically and incorporates fractions with increasingly higher denominators, which make summing to an integer impossible. Advanced mathematical tools such as properties of irrational numbers and the behavior of logarithmic growth are typically used to explain why the partial sums of the harmonic series can never be whole numbers."
What or Who is Social work?,5520,"Social work is a profession and field of study focused on helping individuals, families, and communities improve their well-being. Social workers provide support and resources to those facing challenges like poverty, abuse, addiction, and mental illness. Through counseling, education, and advocacy, social workers aim to empower people to improve their lives and achieve social justice."
What or Who is GPS tracking unit?,5521,"A GPS tracking unit is a device that uses the Global Positioning System (GPS) to determine and track its precise location. It receives signals from satellites to determine coordinates like latitude and longitude. These units are commonly used in navigation systems for cars, tracking packages, and even monitoring wildlife."
How did viruses come to exist in the first place? How likely is it that they would exist on other planets with forms of life?,5522,"Viruses are believed to have originated from genetic material that escaped from cells, possibly as pieces of DNA or RNA. Over time, they evolved to replicate by infecting host cells. The likelihood of viruses existing on other planets with life depends on the presence of cellular life forms they can infect, but the exact conditions for their existence are still a topic of scientific exploration."
Why is that if you fall asleep hungry you still wake up feeling more or less fine?,5523,"When you fall asleep hungry, your body can still manage because it shifts to using stored energy. During sleep, your metabolism slows down, and the energy demands are lower. This means that the energy stored in your body, such as glycogen and fat, can sustain vital functions through the night, allowing you to wake up feeling relatively fine."
What is space made out of? What is the blackness in space?,5524,"Space is primarily composed of a near-perfect vacuum with very low density of particles, mostly hydrogen and helium. The blackness in space is the absence of light, since there is little to no atmosphere to scatter sunlight, making the vast distances between stars and planets appear dark."
What or Who is Data (Star Trek)?,5525,"Data is a fictional character from the television series 'Star Trek: The Next Generation.' He is an android, or humanoid robot, who serves as the second officer and chief operations officer on the starship Enterprise. Data strives to understand human emotion and culture, despite not having feelings himself, making him a fascinating character of exploration for artificial intelligence and humanity."
What is the difference between dynamic and static electronic correlation,5526,"Dynamic electronic correlation refers to the interactions between electrons that are not captured by a simple mean-field theory, often varying with time. Static electronic correlation occurs when multiple electron configurations are needed to describe a quantum system, important in systems with degenerate or nearly degenerate states. Both are key in high-level quantum chemistry calculations."
Does volcanic activity fluctuate?,5527,"Yes, volcanic activity does fluctuate. It varies due to shifts in geological processes like tectonic plate movements, magma chamber pressure changes, and the presence of volcanic gases. This can cause periods of increased eruption activity followed by dormancy."
What is a quick way to find the reverse complement in bash,5528,"In bash, you can quickly find the reverse complement of a DNA sequence using a combination of 'rev' and 'tr' commands. For example: `echo AGCT | rev | tr 'ACGT' 'TGCA'` would output the reverse complement."
What or Who is Ecological succession?,5529,"Ecological succession is the process by which the structure of a biological community evolves over time. It involves species colonizing an area, with early colonizers gradually being replaced by later species. Primary succession occurs in lifeless areas, while secondary succession happens in areas where life previously existed but was disturbed."
"How does a computer network like HBO's handle the massive output of data for short bursts of time, like a GoT episode?",5530,"Computer networks, like those used by HBO, manage massive bursts of data during events like a GoT episode by employing Content Delivery Networks (CDNs). A CDN is a system of distributed servers that deliver content to users based on their geographic location. When a large number of viewers start streaming simultaneously, the load is shared across many servers, optimizing performance and reducing congestion. Additionally, video data is often compressed and stored in smaller chunks, which facilitates faster and more efficient streaming. For instance, Netflix and YouTube also use similar techniques, ensuring smooth user experiences even during peak times."
"What is the ""knot"" in your muscle that gets ""worked out"" during a massage?",5531,"The 'knot' in a muscle that you feel during a massage is typically a tight bundle of muscle fibers that have contracted and cannot release. These are often called myofascial trigger points. When a massage therapist works on these areas, they apply pressure to help relax the contracted fibers, improve blood flow, and release any built-up tension. This process helps alleviate pain and restore ease of movement in the affected muscle. For example, athletes frequently get massages to work out muscle knots after intensive training sessions."
Are the antibodies developed by differing vaccines still the same?,5532,"Antibodies developed from different vaccines can target the same pathogen, but they are not identical. Vaccines like those for COVID-19 stimulate the immune system to produce antibodies specific to parts of the virus, such as the spike protein. While the resulting antibodies serve the same function of neutralizing the virus, the exact antibodies produced can vary depending on the vaccine's design. For example, mRNA vaccines like Pfizer and Moderna instruct cells to produce the spike protein, whereas viral vector vaccines like AstraZeneca use a different approach, yet both generate protective antibodies."
Is there a general formula for solving Quartic (Degree $4$) equations?,5533,"Yes, there is a general formula for solving quartic equations (polynomials of degree 4), known as the quartic formula. This formula is quite complex and was discovered by mathematicians such as Lodovico Ferrari. The quartic formula breaks the solution into a series of steps that involve solving a related cubic equation but requires advanced mathematical understanding to apply effectively. Examples include solving equations used in physics and engineering scenarios where quartic relationships occur."
What is electrical insulation tape officially for?,5534,"Electrical insulation tape, commonly referred to as electrical tape, is used to insulate electrical wires and other materials that conduct electricity. Its primary purpose is to prevent electrical currents from accidentally passing between wires, which can cause short circuits or electrical fires. For example, it is often used to wrap the exposed ends of wires to ensure safe and secure electrical connections in home repairs and wiring installations."
When did people stop believing in the old gods like Greek and Norse? Did the Vikings just wake up one morning and think ''this is bullshit''?,5535,"People gradually stopped believing in old gods like the Greek and Norse deities due to the spread of new religious beliefs, most notably Christianity. This transition did not happen overnight; it occurred over several centuries as new religions gained influence through social, political, and cultural changes. For example, the conversion of Roman Emperor Constantine to Christianity in the 4th century significantly accelerated the decline of belief in the Roman gods. Similarly, Viking Conversion to Christianity in Scandinavia happened gradually through efforts by missionaries and changing political landscapes."
What or Who is Mathematics education?,5536,"Mathematics education refers to the practice and study of teaching and learning mathematics. This field encompasses all levels from elementary to university education and includes curriculum design, teaching methods, and understanding how students learn math. The goal is to enable learners to understand mathematical concepts, solve problems, and apply mathematical thinking to everyday situations. For instance, using real-life problems to teach fractions in elementary school helps students see the practical value of mathematics."
Natural nuclear explosions,5537,"Natural nuclear explosions do not occur naturally on Earth due to the specific conditions required for such an event, including the need for a large amount of fissile material in one place. However, natural nuclear reactors have existed, such as the Oklo reactor in Gabon, Africa, where a natural fission reaction took place about 2 billion years ago when the conditions were just right. This reactor was capable of sustaining a chain reaction but did not result in an explosion like human-made nuclear bombs."
What or Who is Lens flare?,5538,"Lens flare is an optical effect that occurs when a camera lens captures light scattering through the lens system, often due to a bright light source like the sun. This results in visible artifacts, such as circles or streaks of light, on the final image or video. While usually considered an unwanted effect in photography, lens flare is sometimes used creatively in movies and video games to add a sense of realism or dramatic effect. For example, J.J. Abrams' films often feature prominent lens flares."
What or Who is Physical property?,5539,"A physical property is a characteristic of a substance that can be observed or measured without changing the substance's identity. Examples of physical properties include color, odor, density, melting point, boiling point, and hardness. These properties are useful in identifying and describing materials. For instance, the melting point of ice is 0°C, which helps distinguish it from other substances that might look similar but have different melting points."
Calculating the parameters of a Beta distribution using the mean and variance,5540,"To calculate the parameters of a Beta distribution, the mean (μ) and variance (σ²) are essential. The Beta distribution is described by two parameters, α (alpha) and β (beta). Using the formulas: μ = α / (α + β) and σ² = αβ / ((α + β)²(α + β + 1)), you can derive α and β. Rearrange the formula for the mean to find α in terms of β, then use the variance formula to solve for the parameters. By substituting one into the other, you can isolate and determine the values of α and β that fit the given mean and variance."
"How come it’s nearly impossible to get vitamine D overdose from the sun, but you can from supplements?",5541,"Vitamin D overdose from sunlight is nearly impossible because the body has mechanisms to regulate the amount of vitamin D produced by the skin. When exposed to UVB rays from the sun, the skin produces vitamin D3, but excess UV exposure leads to the production of inactive forms of vitamin D. Conversely, taking too many supplements can bypass these regulatory mechanisms, leading to a build-up of toxic levels of vitamin D in the blood. This can cause hypercalcemia, or high calcium levels, which can harm the kidneys and bones."
Why doesn't water burn?,5542,"Water doesn't burn because it is already a result of the combustion process. Burning is a chemical reaction that typically involves oxygen and a fuel releasing energy. Water (H2O) forms when hydrogen burns in oxygen. Since it is a stable molecule, further combustion cannot take place without breaking it into its component gases, which requires more energy than it releases."
Why does packaging tape adhere so well to cardboard but terribly to almost everything else?,5543,"Packaging tape adheres well to cardboard due to the properties of both the tape and the cardboard. Cardboard has a rough and porous surface that allows the adhesive on the tape to penetrate and bond strongly. Other surfaces, like plastics or metals, are often smoother and less porous, which means the adhesive has less to grip onto, making the bond weaker."
What or Who is Fermat's principle?,5544,"Fermat's Principle, named after the French mathematician Pierre de Fermat, states that light follows the path that takes the least time to travel between two points. This principle helps explain the behavior of light, such as refraction, where light bends when moving between different media (e.g., air and water). It is a foundational concept in the study of optics."
How close would you have to get to the sun for the vacuum of space to be at room temperature?,5545,"The vacuum of space would be at room temperature approximately 150 million kilometers from the Sun, which is the average distance of Earth from the Sun. This distance provides a balance where solar radiation provides enough energy to keep the temperature approximately at room level (about 20-25°C or 68-77°F) in equilibrium. Closer than this, space temperatures would be higher, and further away they would be lower."
Why can't neurons undergo cell division?,5546,"Neurons, or nerve cells, cannot undergo cell division due to their highly specialized structure and function for processing and transmitting information. They are formed during early development and lack the machinery needed for mitosis, the process of cell division. Instead, they maintain and repair themselves throughout a person's life, although new neurons can be generated from neural stem cells in certain brain regions."
How does your body decide where it takes fat from when you're burning fat?,5547,"When burning fat, the body does not target specific areas but rather reduces overall fat stores. Fat cells across the body release fatty acids into the bloodstream, used as fuel by tissues. While genetics and hormones can influence where fat is stored and lost first, weight loss generally occurs proportionally throughout the body rather than targeting specific regions."
"When I breathe in dust, how does it eventually leave my body?",5548,"When you breathe in dust, it gets trapped in the mucus lining your respiratory tract. Tiny hair-like structures called cilia, present in the respiratory tract, move the mucus and trapped particles up towards the throat. From there, it is swallowed and passed into the digestive system, where it is eventually excreted, or it is coughed out of the body."
What does iOS do differently to Android for iPhones to only need 1-2 GB of RAM?,5549,"iOS is optimized to manage RAM usage more efficiently due to tight integration of hardware and software. iOS apps are designed to utilize memory effectively, minimizing background activities, and conserving resources. Android, on the other hand, supports a wide range of hardware with different specifications, requiring more RAM to handle multitasking and background processes. Therefore, iPhones can function smoothly with less RAM."
"In HBO's Chernobyl, radiation sickness is depicted as highly contagious, able to be transmitted by brief skin-to-skin contact with a contaminated person. Is this actually how radiation works?",5550,"Radiation sickness is not contagious like an infectious disease. Radiation involves the emission of energy from radioactive materials, which can damage cells. Brief contact with a person exposed to radiation does not spread the radiation; rather, radiation exposure danger comes from the radioactive material itself. For instance, individuals working in contaminated areas might carry radioactive particles on their clothes, and touching these clothes could transfer trace amounts of radiation. However, radiation sickness itself is due to internal or prolonged exposure to high levels of radiation, not from touching someone briefly."
Does my Arduino-based device need FCC certification?,5551,"Yes, your Arduino-based device likely needs FCC certification if it is intended for sale or distribution in the United States. The Federal Communications Commission (FCC) ensures that electronic devices do not cause harmful interference and comply with accepted standards. Devices that emit radio frequency energy must undergo testing and certification to meet FCC regulations. However, for personal use and prototyping, certification is typically not required."
How could a hobbyist astronomer determine apparent magnitude of a star?,5552,"A hobbyist astronomer can determine the apparent magnitude of a star using a few tools and methods. First, they can use a telescope equipped with a camera to capture the star’s light. By comparing the brightness of the star to reference stars of known magnitudes using software, they can estimate its apparent magnitude. Additionally, photometric equipment such as a photometer can measure the star's brightness more accurately. For a simpler method, star charts and magnitude comparison scales visible to the naked eye on clear nights can provide a rough estimate."
What or Who is Anatomy?,5553,"Anatomy is the branch of science concerned with the structure of living organisms and their parts. It involves studying the physical body structures of humans, animals, and plants. For example, human anatomy explores organs like the heart, lungs, and liver, as well as their functions and relationships within the body. Understanding anatomy is crucial for fields such as medicine and biology."
What or Who is Ten percent of the brain myth?,5554,"The 'ten percent of the brain myth' is the false belief that humans only use ten percent of their brains. Neuroscientific research has shown that virtually all parts of the brain have an identifiable function and are active, at least at some point, in a typical day. The myth seems to have originated from misinterpretations of neurological research in the early 20th century."
What or Who is Computer science and engineering?,5555,"Computer science and engineering is a field that integrates computer science, which is the study of algorithms, data structures, and software, with computer engineering, which emphasizes hardware and systems design. Professionals in this field work on developing software, hardware, and network solutions. For example, they create and optimize computer systems and develop programming languages."
Why do CPUs need so much current?,5556,"CPUs need a substantial amount of current because they perform billions of calculations per second, requiring significant electrical power to change states rapidly within their transistors. As technology advances and CPUs become faster and more complex, the demand for current increases to maintain performance and speed. Efficient power delivery is essential to ensure stability and functionality."
Why is there a matter/anti-matter asymmetry in the universe?,5557,"The matter/anti-matter asymmetry in the universe is a significant question in physics. It refers to the observation that there is more matter than anti-matter. One theory is that during the early moments after the Big Bang, certain processes, possibly involving weak nuclear forces, slightly favored matter over anti-matter. This small imbalance led to the predominance of matter after mutual annihilation of matter and anti-matter."
What or Who is Spaced repetition?,5558,"Spaced repetition is a learning technique in which information is reviewed at increasing intervals to enhance long-term memory. It is based on the idea that information is more easily remembered if it is encountered multiple times, spread over a longer period. For example, using spaced repetition, a student might study vocabulary words on day one, then review them after two days, then a week, and so on."
"In the USA, why do emergency broadcast warnings sound like absolute garbage? It’s usually a robotic sounding voice that sounds like they are reporting from the middle of a static storm. Why is there so much extra noise in these recordings?",5559,"Emergency broadcast warnings in the USA often sound distorted due to technical constraints of the Emergency Alert System (EAS). The EAS uses older, reliable analog technology to ensure compatibility across different devices and transmission methods. The robotic voice and static are results of this low-bandwidth transmission, which prioritizes reliability over quality to ensure messages are disseminated quickly and accurately during emergencies."
Why do more tornadoes happen late in the day?,5560,"Tornadoes are more likely to occur late in the day because the sun heats the ground during the daytime. This heating causes warm, moist air to rise and mix with cooler, dryer air above. This mixture can create unstable air currents that form thunderstorms, a key ingredient for tornadoes. As the sun sets, the difference in air temperatures can increase, enhancing the conditions that produce tornadoes, especially in spring and summer."
What does the dot product of two vectors represent?,5561,"The dot product of two vectors is a way to multiply them to get a single number, called a scalar. This number measures how much one vector goes in the direction of another. For example, if two vectors point in the same direction, their dot product is large and positive. If they are at right angles, the dot product is zero. This concept helps in physics for computing work or projecting one vector onto another."
What is batch size in neural network?,5562,"Batch size in a neural network refers to the number of training examples used in one iteration of learning before updating the model's weights. For example, if you have 1000 training samples and a batch size of 100, the learning algorithm will take 100 samples at a time, compute the error, and adjust the weights, doing this 10 times to cover all samples in one complete cycle, called an epoch."
"Explain the difference between multiple regression and multivariate regression, with minimal use of symbols/math",5563,"Multiple regression and multivariate regression both analyze relationships between variables. In multiple regression, one predicts a single outcome variable using multiple predictor variables. For example, predicting house prices (one outcome) using size, age, and location of houses (multiple predictors). In multivariate regression, one predicts multiple outcome variables simultaneously using one or more predictor variables, like predicting both house prices and rent prices (multiple outcomes) using the same predictors."
"Why is it that when we first look at a clock, the first second seems to take a lot longer than usual to pass, but keeps on going as usual afterwards?",5564,"The phenomenon where the first second seems to take longer when viewing a clock is called 'Chronostasis.' This occurs because when you move your eyes to look at the clock, your brain briefly freezes your perception of time to process the new image. This pause makes the first second appear elongated. Once your brain catches up, time seems to flow normally again."
How to check if a point is inside a rectangle?,5565,"To check if a point is inside a rectangle, you need to know the coordinates of the rectangle's corners. Suppose the rectangle is aligned with the x and y axes. If the point's x-coordinate is between the left and right edges of the rectangle, and the y-coordinate is between the top and bottom edges, then the point is inside the rectangle. For example, if the rectangle spans from (1,1) to (4,4), a point (2,3) is inside."
What or Who is Standards organization?,5566,"A Standards organization is an entity that develops, publishes, and disseminates technical standards for a wide range of industries. These standards ensure compatibility, safety, and quality across products and services. Examples include the International Organization for Standardization (ISO) and the Institute of Electrical and Electronics Engineers (IEEE). They help facilitate trade, improve efficiency, and promote innovation."
What or Who is Electronic harassment?,5567,"Electronic harassment is a term used to describe the use of electronic devices to stalk, harass, or cause harm to an individual. This can include unwanted surveillance, sending disturbing messages, or using electronic means to disrupt someone’s life or peace of mind. The phenomenon is controversial and often overlaps with concerns about privacy and cybersecurity."
"Is there any mathematical proof that was at first solved in a very convoluted manner, but nowadays we know of a much simpler and elegant way of presenting the same proof?",5568,"Yes, an example includes the proof of the Four-Color Theorem. Initially, this theorem, which states that any map can be colored with just four colors so that no adjacent regions share the same color, was proven in 1976 using extensive computer calculations. Later, simplified and more conceptual proofs have been provided that are easier to understand and verify manually."
What or Who is Design of experiments?,5569,"Design of experiments (DOE) is a systematic method used in research and process improvement to plan, conduct, and analyze controlled tests. The goal is to understand how different variables affect an outcome, optimizing processes and products. For example, in agriculture, DOE might determine the best combination of water, fertilizer, and light to maximize crop yield."
how have supply chains not recovered over the last two years?,5570,"The recovery of supply chains over the last two years has been hindered by several factors. Initially, the COVID-19 pandemic caused widespread disruption due to lockdowns, factory closures, and transportation limitations. Even as conditions improved, new challenges emerged, such as labor shortages, rising transportation costs, and geopolitical tensions, like the war in Ukraine. These layered issues create persistent bottlenecks, making it difficult for goods to move smoothly from producers to consumers."
Most countries in the world seem to be in debt. Who exactly do they owe? Are there any consequences for them being in debt?,5571,"Most countries owe debt to a mix of other countries, international organizations like the International Monetary Fund (IMF), and private investors, including banks and individuals. These debts accumulate as countries borrow to finance deficits or large projects. The consequences of being in debt can include higher taxes, reduced public spending, and economic instability if the debt becomes unmanageable. Furthermore, countries may face pressure to enact specific economic policies to ensure repayment."
"If you stand on a skateboard, hold an umbrella in front of you, point a leafblower at it and turn it on, which direction will you move?",5572,"If you stand on a skateboard, hold an umbrella in front of you, and point a leaf blower at it, you will generally move backward. The air from the leaf blower pushes against the umbrella, creating a forward force on the umbrella but because you are holding it, an equal and opposite reaction force pushes you and the skateboard backward due to Newton's third law of motion."
"If the universe is expanding in all directions, does that mean that the universe is shaped like a sphere?",5573,"The universe's expansion in all directions doesn't necessarily mean it is shaped like a sphere. The shape of the universe is more complex and could be flat, open, or closed. The concept of an expanding universe refers to the growing distance between galaxies, rather than expanding into a pre-existing space. Hence, while a sphere is a simple analogy, it doesn’t fully describe the universe’s shape or expansion dynamics."
What or Who is Bach flower remedies?,5574,"Bach flower remedies are a type of alternative therapy created by Dr. Edward Bach. They consist of 38 flower-based solutions aimed at treating various emotional and mental issues, such as anxiety or depression. The remedies are made by placing flowers in water and exposing them to sunlight or through boiling, and then mixing the water with alcohol to preserve it. Bach believed that the remedies could help balance emotional states, thereby promoting overall health."
What or Who is Branches of science?,5575,"Branches of science refer to the different fields of study within the broader category of science. These include fields like biology, which studies living organisms; physics, which focuses on the laws and properties of matter and energy; and chemistry, which looks at substances and their interactions. Other branches include earth sciences, such as geology and meteorology, and social sciences, like psychology and sociology. Each branch uses specific methods to understand various phenomena in the natural and social world."
What is this strange sea creature we found on the beach?,5576,"Identifying a strange sea creature found on the beach depends on its physical characteristics. Take note of its size, color, shape, and any distinctive features like tentacles or fins. Photos and descriptions can be compared with marine biology databases or field guides. For proper identification, you might consult a marine biologist or submit the findings to online forums with experts. Characteristics like habitat and water conditions where it was found can also provide clues."
How did Mars come to have a 24 hour 39 minute day?,5577,"Mars has a day length of 24 hours and 39 minutes due to its rotational speed. Planets rotate on their axes at different rates, influenced by their formation and the distribution of mass within them. Mars’ day, called a ‘sol,’ is slightly longer than Earth’s because it rotates more slowly. The rotation rate has remained relatively stable since its formation about 4.6 billion years ago due to its consistent internal and external forces."
"How exactly does ""turning it off and on again"" fix such a wide variety of different tech problems?",5578,"Turning a device off and on again works to fix many tech problems because it resets the device's state. This reboot clears temporary memory (RAM), stops any malfunctioning processes, and can resolve software glitches or conflicts within the operating system. For example, if a program is stuck or an application is misbehaving, restarting helps reinitialize the system’s components, often leading to a fresh start with everything back in order."
"Do ringwoodite minerals point to an ""ocean's worth"" of water, or a true subterranean ocean?",5579,"Ringwoodite minerals found deep within the Earth's mantle contain water within their crystal structure, suggesting that significant amounts of water are stored in the mantle. However, this isn't a subterranean ocean in the traditional sense but rather a sort of mineral-bound reservoir. The presence of these minerals points to the existence of water deep within the Earth, but not in the form of liquid bodies or oceans as we see on the surface."
What or Who is Vulcanization?,5580,"Vulcanization is a chemical process used to harden rubber. This process, discovered by Charles Goodyear in 1839, involves heating rubber with sulfur. By forming cross-links between polymer chains, vulcanization increases the durability, elasticity, and heat resistance of rubber, making it suitable for various applications like tires and industrial products. Without vulcanization, natural rubber would be too sticky and weak for practical use."
"At each step of a limiting infinite process, put 10 balls in an urn and remove one at random. How many balls are left?",5581,"In the given infinite process where 10 balls are added to an urn and one is removed at random each step, the number of balls will infinitely grow. Mathematically, after each step, the net addition is 9 balls (10 added, 1 removed). Over an infinite number of steps, this results in an infinite number of balls in the urn because the removal of a single ball is disproportionate to the continuous addition of multiple balls."
What or Who is Solubility table?,5582,"A Solubility Table is a chart used by chemists to determine how substances dissolve in various solvents, typically water. It indicates the solubility of different compounds, showing which ones dissolve well, poorly, or not at all. For example, table salt (sodium chloride) is highly soluble in water, whereas calcium carbonate is poorly soluble. Such tables are useful in predicting reactions and understanding the behavior of substances in different conditions."
What do swordfish use their sword for?,5583,"Swordfish use their 'sword,' or elongated bill, to hunt by slashing at schools of fish. This behavior stuns or injures the fish, making them easier to catch and eat. The sword can also be used for defense against predators. This effective hunting tool allows swordfish to be agile predators in the open ocean, feeding on small fish and squid."
"If Hubble can make photos of galaxys 13.2ly away, is it ever gonna be possible to look back 13.8ly away and 'see' the big bang?",5584,"The Hubble Space Telescope can observe galaxies up to 13.2 billion light-years away, but it cannot see the Big Bang directly. The Big Bang marks the beginning of the universe 13.8 billion years ago. While Hubble provides insights into the early universe, the Cosmic Microwave Background (CMB) radiation, detected by other missions like COBE and WMAP, offers a glimpse of the universe shortly after the Big Bang. Future telescopes might provide even more details, but observing the exact moment of the Big Bang itself remains beyond our current capabilities."
What or Who is Kurt Debus?,5585,"Kurt Debus was a German engineer and a pioneering rocket scientist. After World War II, he joined the U.S. space program and became the first director of NASA's Kennedy Space Center. He played a crucial role in the development and launching of rockets, particularly those used in the Apollo missions to the moon. His leadership and technical expertise were instrumental in advancing the U.S. space program during its early days."
"If you placed wood in a very hot environment with no oxygen, would it be possible to melt wood?",5586,"If wood is placed in a very hot environment with no oxygen, it cannot melt. Instead, the wood undergoes pyrolysis, a process where it decomposes into charcoal, gases, and tar due to high temperatures. Melting is not possible because wood is not a pure substance with a single melting point; it is an organic material composed of cellulose, lignin, and other compounds that decompose before they can melt."
What or Who is Waist-to-height ratio?,5587,"The Waist-to-Height Ratio is a measurement used to assess an individual's risk for health problems related to obesity. It is calculated by dividing the waist circumference by the height. A healthy ratio is typically considered to be less than 0.5. For example, a person with a waist circumference of 30 inches and a height of 60 inches would have a ratio of 0.5. This ratio helps to evaluate body fat distribution and potential health risks more accurately than BMI alone."
What or Who is Supercooling?,5588,"Supercooling is the process of cooling a liquid below its freezing point without it becoming solid. This occurs because the liquid doesn't have a nucleation site to start forming ice crystals. An example is water cooled below 0°C remaining in liquid form. However, when disturbed, it can rapidly freeze. Supercooling has applications in food preservation and medical research, especially in organ transplantation."
What or Who is The Population Bomb?,5589,"The Population Bomb is a book written by Paul Ehrlich, published in 1968. It raised awareness about the potential consequences of rapid population growth, such as resource depletion and environmental degradation. While some of Ehrlich's predictions did not materialize as expected due to advancements in technology and agriculture, the book remains significant for its role in sparking debates about population control and environmental sustainability."
"We can't see beyond the observable universe because light from there hasn't reached us yet. But since light always moves, shouldn't that mean that ""new"" light is arriving at earth. This would mean that our observable universe is getting larger every day. Is this the case?",5590,"Yes, the observable universe is getting larger every day. The term 'observable universe' refers to the part of the universe from which light has had enough time to reach us since the Big Bang. Because light takes time to travel, it means we are continuously seeing light from further distances as time progresses. This 'new' light increases the radius of our observable universe. It's akin to the horizon moving further as you climb higher; the more time passes, the more we can see of the universe."
What or Who is Instrumentation?,5591,"Instrumentation generally refers to the tools, devices, and systems used to measure, monitor, and control various variables in scientific experiments, industrial processes, and everyday applications. These instruments can range from simple thermometers to complex machinery like spectrometers and oscilloscopes. They are crucial for obtaining accurate data, ensuring safety, and maintaining the functionality of different systems."
What or Who is Pinky and the Brain?,5592,"'Pinky and the Brain' is an animated television series produced by Warner Bros. Animation. The show features two laboratory mice: Brain, who is scheming and intelligent, and Pinky, who is good-natured but dimwitted. Each episode typically involves Brain's elaborate plans for world domination, which are always thwarted by various unforeseen complications often involving Pinky."
What or Who is Starfish Prime?,5593,"Starfish Prime was a high-altitude nuclear test conducted by the United States on July 9, 1962. The test was part of Operation Fish Bowl and took place over the Pacific Ocean at an altitude of about 400 kilometers (250 miles). It demonstrated the effects of a nuclear explosion in space, creating artificial auroras and revealing the potential for electromagnetic pulse (EMP) effects."
What is a parsec and how is it measured?,5594,"A parsec is a unit of distance used in astronomy, roughly equal to 3.26 light-years or about 31 trillion kilometers (19 trillion miles). It stands for 'parallax of one arcsecond.' It is measured by observing the apparent shift in position of a nearby star against the backdrop of distant stars, as Earth orbits the Sun over six months. This shift, or parallax angle, helps calculate the distance using basic trigonometry."
How did soldiers in hot countries in middle east and India survive the heat during wars wearing a metal body armor when temperatures in these regions touched 35 degree celcius (95f) in summer days?,5595,"Soldiers in hot regions, such as the Middle East and India, historically coped with high temperatures by using a combination of strategies. While metal body armor could become extremely hot, soldiers often wore padding underneath to provide some insulation. Additionally, they took advantage of shade, stayed hydrated, and adjusted their activity levels during the peak heat of the day. Heat-conditioning practices, such as acclimatization to the hot climate, were also essential."
What or Who is Spectral line?,5596,"A spectral line is a dark or bright line in an otherwise continuous and uniform spectrum, resulting from absorption or emission of light in a narrow frequency range, compared with the nearby frequencies. These lines are unique to each element and serve as a 'fingerprint,' helping scientists identify the composition of stars and other distant celestial objects."
What or Who is Institute of technology?,5597,"An Institute of Technology is a type of educational institution focused on engineering, technology, applied science, and natural sciences. Examples include the Massachusetts Institute of Technology (MIT) in the United States and the Indian Institutes of Technology (IITs) in India. These institutions are known for their research contributions and high standards of education in technical fields."
What or Who is Space Shuttle Columbia disaster?,5598,"The Space Shuttle Columbia disaster occurred on February 1, 2003, when the Columbia shuttle disintegrated upon re-entry into Earth's atmosphere, killing all seven astronauts on board. The disaster was caused by damage to the shuttle's thermal protection system, which had been compromised during launch by a piece of foam insulation striking the left wing. This tragic event led to significant changes in NASA's safety protocols and shuttle program."
Why was the initial theory of plate tectonics so controversial?,5599,"The initial theory of plate tectonics was controversial because it challenged the long-standing belief in a static Earth. Proposed in the early 20th century by Alfred Wegener as 'continental drift,' it lacked a mechanism to explain how continents could move. Over time, accumulating evidence from ocean floor mapping, seismic activity, and fossil distribution supported the concept, leading to its acceptance as the unifying theory of geology that explains Earth's dynamic crust."
How do we know the laws of physics are the same throughout the universe?,5600,"We know the laws of physics are the same throughout the universe by observing consistent phenomena through telescopes and experiments. For example, the behavior of light and gravity observed in distant galaxies matches that on Earth. The uniformity of cosmic microwave background radiation also supports this idea. These consistent observations suggest that the same physical laws apply everywhere."
"Why does CaCO3 react with HCl, but not with H2SO4?",5601,"CaCO3, or calcium carbonate, reacts with HCl (hydrochloric acid) because HCl is a strong acid that readily provides hydrogen ions (H+). These ions react with CaCO3 to form calcium chloride (CaCl2), water (H2O), and carbon dioxide (CO2). However, H2SO4 (sulfuric acid) forms a layer of insoluble calcium sulfate (CaSO4) on the surface of CaCO3, preventing further reaction."
What or Who is Physical cosmology?,5602,"Physical cosmology is the branch of astrophysics that studies the large-scale structures and dynamics of the universe. It examines topics like the Big Bang, cosmic microwave background radiation, and the expansion of the universe. Through observations and theoretical models, physical cosmologists seek to understand the origins and evolution of the cosmos."
What or Who is Franck–Condon principle?,5603,The Franck–Condon principle is a concept in molecular physics that explains the intensity distribution of electronic transitions in molecules. It states that electronic transitions are more likely to occur without changes in the positions of the nuclei. This principle helps predict the shapes of absorption and emission spectra in spectroscopy.
What is the human energy consumption by organ?,5604,"Human energy consumption by organ varies, with the brain using the most energy, about 20% of total body energy. The liver also has high energy demands, for metabolic processes, followed by muscles, especially during physical activity. Other organs like the heart and kidneys also consume significant energy to maintain essential functions."
Why do nostril pimples hurt so much more than regular pimples?,5605,"Nostril pimples hurt more than other pimples due to the high density of nerve endings in the nasal area. The skin inside the nostrils is very sensitive and has limited space, leading to increased pressure and pain when a pimple forms. Additionally, the nasal area is prone to more bacteria, leading to inflammation."
What or Who is Engineering education?,5606,"Engineering education is a field focused on teaching and learning the principles and applications of engineering. It involves curricula that cover technical subjects like mathematics, physics, and various branches of engineering, as well as problem-solving and design skills. The goal is to prepare students for careers in engineering."
Is it really OK to supply more current than what the component is rated for?,5607,"It is not advisable to supply more current than a component is rated for, as this can lead to overheating, damage, or failure of the component. Components are designed to handle specific current levels, and exceeding these can compromise their functionality and safety."
A chicken egg is 40% calcium. How do chickens source enough calcium to make 1-2 eggs per day?,5608,"Chickens source the calcium needed for egg production primarily from their diet, which includes calcium-rich foods like limestone or oyster shells. Their bodies also have a unique system for efficiently absorbing and storing calcium, ensuring sufficient supply for daily egg production."
US Election results 2016: What went wrong with prediction models?,5609,"The US election results in 2016 defied many prediction models due to factors like underestimation of rural voter turnout and polling errors in key states. Many models also failed to accurately capture late-deciding voters and the impact of political and social dynamics, leading to unexpected outcomes."
Why are (pretty much) all tires black?,5610,"Tires are black primarily because they contain a substance called carbon black. Carbon black is a fine, powdery form of carbon that is added to rubber to increase its strength, durability, and heat-dissipation properties. Without it, tires would wear out much faster. The use of carbon black also improves the tire's resistance to UV light and ozone damage, which helps maintain the tire's structural integrity and safety over time."
What or Who is Strauss–Howe generational theory?,5611,"The Strauss–Howe generational theory, proposed by William Strauss and Neil Howe, suggests that history follows a cyclical pattern, with each cycle lasting about 80-100 years and comprising four generational archetypes: Prophet, Nomad, Hero, and Artist. Each generation has a distinct behavior and role in society, and these cycles repeat, thereby influencing historical events and societal moods. Examples include the Silent Generation, Baby Boomers, Generation X, and Millennials."
Criticism of Pearl's theory of causality,5612,"Criticism of Pearl's theory of causality primarily revolves around its complexity and the assumptions it makes. Pearl's framework, which uses causal diagrams and counterfactuals, can be seen as overly abstract and challenging for practical applications. Critics argue that it requires high-quality data and clear causal assumptions, which may not always be available. Moreover, some believe that the theory's mathematical focus might overlook real-world causal complexities."
High-intensity ultrasound is being used to destroy tumors rather deep in the brain. How is this possible without damaging the tissue above?,5613,"High-intensity focused ultrasound (HIFU) destroys deep brain tumors by precisely targeting them with concentrated sound waves, which heat and destroy the tumor tissue. The surrounding tissue is spared through precision targeting and real-time imaging, which ensures the waves are focused only on the tumor. The skull and overlying tissue remain undamaged because the ultrasound waves pass through these areas without concentrating, only converging at the tumor site."
Prove $\operatorname{rank}A^TA=\operatorname{rank}A$ for any $A\in M_{m \times n}$,5614,"To prove that the rank of A^TA equals the rank of A for any matrix A in M_(m x n), start with the fact that the rank of a matrix is the dimension of its row and column spaces. Because A^TA is a symmetric matrix, its rank is equal to the number of its non-zero eigenvalues. These eigenvalues are the same as those for A, since the non-zero singular values of A are preserved. Hence, rank(A^TA) = rank(A)."
"Why do soft baked goods go hard when they get stale, and hard baked goods go soft when they're stale?",5615,"Soft baked goods, like bread, go hard when they get stale because they lose moisture through evaporation. Hard baked goods, like cookies, absorb moisture from the air, making them soft. This process is due to the different moisture content and composition of these products, which causes different reactions to changes in humidity over time."
Do animals have blood types like we do?,5616,"Yes, animals have blood types similar to humans. For example, dogs have more than eight blood types, known as dog erythrocyte antigen (DEA) types. Cats have three main blood types: A, B, and AB. Horses, cattle, and other animals also have their own blood type systems, which are important for safe blood transfusions within the species."
Connection between Fourier transform and Taylor series,5617,"The Fourier transform and Taylor series both break down functions into simpler components but do so differently. The Fourier transform decomposes a function into trigonometric functions (sines and cosines), examining the frequency domain. In contrast, the Taylor series uses polynomials to approximate a function locally around a point. Both serve to analyze and reconstruct functions but from different perspectives."
(Why) Is there more landmass on Earth's Northern hemisphere than the Southern Hemisphere?,5618,"There is more landmass in Earth's Northern Hemisphere because of the distribution of continental plates. Major continents like North America, Europe, Asia, and parts of Africa are primarily in the Northern Hemisphere, while the Southern Hemisphere contains large oceanic expanses and smaller landmasses like Australia, Antarctica, and parts of South America."
Quantum Mechanics after the detection of Gravitational Waves,5619,"After the detection of gravitational waves, quantum mechanics and general relativity, which previously seemed incompatible, are being investigated for potential connections. Researchers are exploring quantum field theory in curved spacetimes and other quantum aspects of gravity. This could eventually lead to a unified theory that includes both quantum mechanics and gravitational interactions."
Chirality of symmetrically substituted biphenyl,5620,"Chirality in symmetrically substituted biphenyl compounds arises when the two benzene rings cannot freely rotate around the bond that connects them. This restriction typically occurs due to steric hindrance—large groups at ortho positions on each ring prevent easy rotation. For example, consider a biphenyl with large groups like methyl or tert-butyl at the ortho positions. When the rings are fixed in a specific orientation, the molecule can exist in two non-superimposable mirror images, making it chiral, despite its symmetry."
Why is geothermal heat insignificant to surface temperature?,5621,"Geothermal heat originates from the Earth's interior, primarily through the decay of radioactive elements. This energy is miniscule compared to the heat received from the sun, which is the primary driver of surface temperatures. The sun’s energy varies by seasons and latitude, significantly impacting climate and weather patterns. For instance, tropical regions receive more solar energy than polar regions, illustrating the sun’s dominant role. Geothermal heat, meanwhile, accounts for less than 0.1% of the heat at the Earth’s surface, making its contribution to surface temperature negligible."
Different ways to prove there are infinitely many primes?,5622,"One way to prove there are infinitely many primes is through Euclid’s proof. Assume a finite number of primes exist. Multiply them together and add 1, producing a new number. This new number is either prime itself or has prime factors not in the original list, resulting in a contradiction. Another approach involves the use of prime-generating functions and sequences, such as the generation of primes using polynomial expressions. These methods consistently show that no finite list of primes can encompass all prime numbers, establishing their infinitude."
What or Who is Event (philosophy)?,5623,"In philosophy, an 'Event' is a significant occurrence or happening that alters the course of thinking, action, or history. Events create new situations or realities. For example, the fall of the Berlin Wall was an event that shifted geopolitical paradigms. Philosophers like Alain Badiou view events as moments of radical change that open up new possibilities. Events are often unexpected and challenge existing structures, demanding new responses and frameworks for understanding."
"why is 3G and lesser cellular reception often completely unusable, when it used to be a perfectly functional signal strength for using data?",5624,"3G and lesser cellular technologies have become less reliable due to the evolution of mobile networks and the increasing demand for high data rates. Modern applications require more bandwidth and lower latency, which older technologies can’t adequately provide. Additionally, telecom providers repurpose frequencies for newer technologies like 4G and 5G, reducing the coverage and capacity for 3G networks. For instance, streaming high-definition video is vastly more data-intensive than older services like text messaging or voice calls, necessitating advanced network technologies."
"why is it bad to transplant a houseplant into a pot that's too big for it, but the same plants can grow in the wild with unlimited soil?",5625,"Transplanting a houseplant into a very large pot upsets the balance between roots and soil. In oversized pots, excess soil retains too much water, leading to root rot. In nature, plants gradually expand into more soil, allowing their root systems to adapt and manage moisture effectively. An example is cacti, which grow in well-drained soil with minimal moisture, unlike what would happen if placed in a large pot without proper adaptation. This shows the importance of a gradual increase in soil volume relative to root growth."
"With the US now withdrawn from the WHO, how badly will that affect the seasonal flu vaccine development?",5626,"The US withdrawal from the World Health Organization (WHO) could potentially slow flu vaccine development by disrupting coordinated international research and data sharing. Countries collaborate under the WHO to track flu strains, shared resources that help predict and combat flu annually. For instance, the WHO’s global surveillance networks ensure timely strain updates for vaccines. Removal from this collaborative framework may limit data flow and resource pooling, indirectly affecting vaccine efficacy and availability."
"Why exactly is it wrong to remove a USB stick without first clicking ""safely remove/eject""?",5627,"Removing a USB stick without safely ejecting it can lead to data corruption because files may still be in the process of being transferred or written. Operating systems use a process called 'caching,' where data is temporarily stored before being fully written to the USB stick. Ejecting ensures all cached data is properly saved. For example, if you remove a USB stick while copying photos, incomplete files or corrupted directories might result, making the data unusable or damaged."
"Why is a heritability coefficient not an index of how ""genetic"" something is?",5628,"A heritability coefficient measures how much of the variation in a trait within a population can be attributed to genetic differences. It is not an absolute measure of how 'genetic' a trait is, but rather, how genetic factors contribute to differences in a specific environment. For example, height has a high heritability, but this doesn't mean environment plays no role; nutrition and health significantly influence height, showing the importance of context."
What or Who is Blue Whale Challenge?,5629,"The Blue Whale Challenge refers to an online phenomenon in which participants are reportedly tasked with completing a series of self-harm activities over 50 days, culminating in suicide. It gained attention through social media and led to moral panic, despite lack of verified cases linking it directly to deaths. Awareness and monitoring of online activities by parents and guardians are crucial to preventing risks associated with such dangerous challenges."
Stranded vs solid wire,5630,"Stranded wire consists of multiple small wires twisted together, making it more flexible and suitable for applications requiring movement, such as in electronic devices and vehicles. Solid wire, on the other hand, is made of a single piece of metal, providing better conductivity and mechanical strength. It is used in applications where the wire is fixed, like in building wiring. The choice between stranded and solid wire depends on the specific requirements of flexibility, conductivity, and application environment."
What does 1x1 convolution mean in a neural network?,5631,"In a neural network, a 1x1 convolution refers to a convolutional filter with a kernel size of 1x1. This means that each output pixel is a weighted sum of its corresponding input pixel. It is used mainly to change the depth (or number of channels) of the input while keeping the spatial dimensions the same. For instance, it can help reduce the computational load by decreasing the number of channels in a feature map before applying more complex layers."
Finding the optimal resolution parameter in Seurat's FindClusters function,5632,"Finding the optimal resolution parameter in Seurat's FindClusters function involves balancing between over- and under-clustering. A low resolution may group distinct cell types, while a high resolution might split similar cells. To determine the optimal value, you can start with a default resolution (e.g., 0.8), visualize the clustering, and incrementally adjust it based on the biological context and the results' interpretability. Validation against known markers can also guide resolution tuning."
How to make Martian soil,5633,"Making Martian soil often involves simulating properties of Mars' regolith using earthly materials. For example, basaltic rock dust, which resembles volcanic rocks found on Mars, is commonly used. Sand, clay, and chemical additives like iron oxide can also be included to match Martian soil's characteristics such as acidity and particle size distribution. These simulants help researchers study plant growth, construction, and other applications relevant to potential human habitation on Mars."
What or Who is Water-fuelled car?,5634,"A water-fueled car refers to the concept of a vehicle that runs on water as its primary energy source. Despite being a popular topic in media and folklore, such a technology does not exist in practical terms. The concept often involves splitting water into hydrogen and oxygen through electrolysis and using the hydrogen as fuel. However, this process requires more energy input than the energy output from burning hydrogen, making it inefficient and impractical with current technology."
Are half of all numbers odd?,5635,"Yes, half of all whole numbers are odd. Numbers can be categorized as either even or odd. An even number is divisible by 2 without a remainder, while an odd number is not. As we count indefinitely, odd and even numbers alternate: 1 (odd), 2 (even), 3 (odd), 4 (even), etc. Thus, in any given range of whole numbers, approximately half are odd."
How does trace amounts of fetanyl kill drug users but fetanyl is regularly used as a pain medication in hospitals?,5636,"Fentanyl is a potent opioid that is effective at very low doses. In medicine, controlled doses are carefully calculated for pain management. However, illicit fentanyl, often mixed with other substances, can lead to accidental overdoses even in minute quantities due to its potency. The lack of proper dosing and purity control in illegal drug scenarios leads to high risks of lethal outcomes."
What are good basic statistics to use for ordinal data?,5637,"For ordinal data, where values indicate order but not precise amounts, appropriate statistics include the median and mode. The median provides the central value, while the mode indicates the most frequent value. Non-parametric tests like the Mann-Whitney U test can compare differences between groups. Interquartile range (IQR) is useful for variability. These measures respect the order without assuming equal intervals between categories."
Is it possible to forecast ocean salinity 100 years into the future?,5638,"Forecasting ocean salinity 100 years into the future is challenging due to the complex interaction of factors like climate change, freshwater input, and ocean circulation patterns. While current climate models can predict trends, the uncertainty grows with time. Advanced simulations and continuous data collection will improve predictions, but exact salinity forecasts remain speculative due to the dynamic nature of Earth's climate system."
"Do (fighter) airplanes really have an onboard system that warns if someone is target locking it, as computer games and movies make us believe? And if so, how does it work?",5639,"Yes, fighter airplanes have an onboard system called Radar Warning Receiver (RWR) that detects radar signals indicative of targeting. When an enemy radar locks onto the aircraft, the RWR identifies the source and alerts the pilot. This system works by detecting the specific frequencies used by targeting radars, providing crucial warnings to help the pilot take evasive actions or deploy countermeasures."
What is the status of the Raymo & Ruddiman idea that Tibet cooled the Earth?,5640,"Raymo & Ruddiman's idea suggests that the uplift of the Tibetan Plateau influenced global cooling by enhancing the rock weathering process. Weathering of rocks pulls carbon dioxide from the atmosphere, reducing greenhouse gases and leading to cooler temperatures. Research continues to support elements of this idea, but it is viewed more as one of many factors contributing to Earth’s cooling rather than the sole cause."
Standard PCB trace widths?,5641,"Standard PCB trace widths depend on factors like current carrying capacity and thermal performance. Typically, trace widths range from 0.1 to 0.3 millimeters. Wider traces may be used for high-current sections to prevent overheating. Consulting a PCB design guide is recommended for specific requirements."
Is there any advantage to one blood type over another?,5642,"Blood types (A, B, AB, O) have unique characteristics, but no type is universally superior. Type O-negative is a universal donor, useful in emergencies. Some evidence suggests that certain blood types may offer resistance or susceptibility to specific diseases. Overall, advantages are situational rather than absolute."
What would be the effect of the addition of an inert gas to a reaction at equilibrium?,5643,"Adding an inert gas to a reaction at equilibrium generally does not affect the equilibrium position if volume remains constant. The gas does not react with the chemicals involved, so the concentrations of reactants and products stay the same. However, changes in pressure and volume could shift equilibrium in reactions involving gases."
What is input and output impedance of an opamp?,5644,"In an operational amplifier (opamp), the input impedance is very high, often exceeding a million ohms, to prevent loading the input signal. The output impedance is very low, usually less than 100 ohms, to effectively drive the load. This ensures accurate signal amplification without significant loss."
Is earthquake prediction possible?,5645,"Earthquake prediction, in terms of precisely determining the time, location, and magnitude, is currently not possible. However, scientists can estimate probabilities in certain regions based on historical data and geological conditions. Early warning systems can detect initial seismic waves, providing seconds to minutes of advance notice."
"Why can some people only sleep on their back, and others only on their front or side?",5646,"Sleeping positions vary because of comfort and health conditions. Some people find back sleeping reduces spine and neck pressure, while others prefer side or stomach positions to alleviate snoring or sleep apnea. Personal comfort and pre-existing conditions play significant roles in these preferences."
Competing PCB Crystal layout recommendations,5647,"Crystal placement on a PCB should minimize noise and signal interference. Typical recommendations include placing the crystal close to its associated microcontroller and using short, direct traces. Ground planes should surround the crystal area to shield it from electromagnetic interference, thereby ensuring stable frequency operation."
What would the effects be on Earth if Jupiter was turned into a star?,5648,"If Jupiter were turned into a star, it would likely become a red dwarf, significantly changing the solar system. Increased radiation could affect Earth’s climate and potentially destabilize planetary orbits. Jupiter’s massive size prevents it from becoming a typical star, requiring immense energy input to initiate nuclear fusion."
What or Who is Dyscalculia?,5649,"Dyscalculia is a specific learning disability that affects an individual’s ability to understand numbers and perform mathematical tasks. It is akin to dyslexia but involves numbers rather than words. People with dyscalculia often struggle with basic arithmetic, mathematical concepts, and may face challenges in everyday tasks requiring numerical understanding."
"USART, UART, RS232, USB, SPI, I2C, TTL, etc. what are all of these and how do they relate to each other?",5650,"USART, UART, RS232, USB, SPI, I2C, and TTL are all methods of communication for electronic devices. UART (Universal Asynchronous Receiver/Transmitter) and USART (Universal Synchronous/Asynchronous Receiver/Transmitter) are protocols for serial communication. RS232 is a standard for serial communication that specifies voltage levels. USB (Universal Serial Bus) is a versatile serial communication standard used mainly in personal computers. SPI (Serial Peripheral Interface) and I2C (Inter-Integrated Circuit) are protocols for communication between integrated circuits. TTL (Transistor-Transistor Logic) refers to a type of digital circuit. These protocols differ in speed, complexity, and use cases but all serve the purpose of enabling devices to communicate."
What or Who is Locard's exchange principle?,5651,"Locard's Exchange Principle is a fundamental concept in forensic science proposed by Dr. Edmond Locard. It states that whenever two objects come into contact, there is always an exchange of material between them. This means that a criminal will both leave and take away traces of the interaction at a crime scene, such as fingerprints, hair, or fibers, making it possible to collect evidence that links them to the crime."
I have a theory: If there is an infinite amount of negative numbers and there is an infinite amount of positive numbers then the total amount of numbers would be odd. Because 0 is in the center. For every positive number there is an negative counterpart. Am I right? Can we prove this with math?,5652,"Your theory about infinite numbers is intriguing but not quite correct. In mathematics, both the set of negative and positive integers are considered infinite. Adding zero to this infinite set doesn't change its cardinality (size). Thus, the total set of integers (negative, zero, positive) is still infinite and not odd in terms of quantity. Mathematically, infinity is not a number but a concept that doesn’t follow traditional odd or even rules."
"What is a ""zip file"" or ""compressed file?"" How does formatting it that way compress it and what is compressing?",5653,"A 'zip file' or 'compressed file' is an archive that reduces the size of files within it. Compressing a file works through algorithms that eliminate redundancy in the data. For instance, if a file has repeated patterns, the compression algorithm replaces repetitions with shorter representations. This helps save storage space and speeds up the transfer of files over the internet. Examples include ZIP and RAR files."
Free circuit simulator for educational purposes,5654,"A popular free circuit simulator for educational purposes is Tinkercad by Autodesk. It offers an easy-to-use interface for building and simulating circuits. Another option is the open-source simulator called QUCS (Quite Universal Circuit Simulator), which provides a more detailed simulation environment for various types of circuits."
What or Who is Institutional review board?,5655,"An Institutional Review Board (IRB) is a committee established to review and oversee research involving human participants to ensure ethical standards are met. The IRB evaluates research proposals to safeguard the rights and welfare of the participants, ensuring that any potential risks are minimized and informed consent is obtained."
Do factorials really grow faster than exponential functions?,5656,"Yes, factorials grow faster than exponential functions. A factorial (n!) is the product of all positive integers up to n. For large values of n, this grows much more rapidly than an exponential function like 2^n. For example, 5! equals 120, while 2^5 equals 32. As n increases, the difference in growth rates becomes even more pronounced."
What or Who is Hans Christian Ørsted?,5657,"Hans Christian Ørsted was a Danish physicist and chemist who discovered that electric currents create magnetic fields, a principle underlying electromagnetism. His discovery in 1820 showed a connection between electricity and magnetism, paving the way for future research and developments in electromagnetism and electrical engineering."
mtDNA is passed down from females to all of their children; shouldn't there be people around who carry denisovan or neanderthal mtDNA because they had a great- great- (etc) grandmother who was denisovan or neanderthal?,5658,"Indeed, some modern humans carry traces of Denisovan or Neanderthal DNA, but mitochondrial DNA (mtDNA) is generally not among these traces. mtDNA is passed from mother to offspring, and over thousands of generations, Denisovan and Neanderthal mtDNA got diluted and replaced in the human gene pool, leaving mostly nuclear DNA traces."
How to represent a deletion at position 1 in a VCF file?,5659,"In a VCF file, a deletion at position 1 can be represented by specifying the reference base that is deleted and using a '-' to signify the deletion. For instance, if 'A' is deleted at position 1, it would be represented like this: `1 1 . A -`."
How can the intense color of potassium permanganate be explained with molecular orbital theory?,5660,"The intense color of potassium permanganate can be explained using molecular orbital theory, which describes how electrons are distributed in a molecule. In potassium permanganate, manganese is bonded to four oxygen atoms forming a tetrahedral structure. The electrons in the d-orbital of manganese and p-orbitals of oxygen interact, creating a set of molecular orbitals. The electronic transitions, particularly those between the highest occupied molecular orbital (HOMO) and the lowest unoccupied molecular orbital (LUMO), absorb light in the visible spectrum. These transitions usually involve a lot of energy, corresponding to the visible light region, thus giving potassium permanganate its vivid purple color. This specific interaction between manganese's d-orbitals and oxygen's p-orbitals is why the compound appears so intensely colored."
What or Who is BLC1?,5661,"BLC1, shorthand for Breakthrough Listen Candidate 1, is a potential extraterrestrial signal identified in December 2020. Detected by radio telescopes as part of the Breakthrough Listen project, it presented characteristics consistent with what scientists would expect from an intelligent alien source. However, further investigation is required to rule out terrestrial interference. If validated, BLC1 could be significant in the search for extraterrestrial intelligence (SETI)."
Many of us haven’t been sick in over a year due to lack of exposure to germs (COVID stay at home etc). Does this create any risk for our immune systems in the coming years?,5662,"Staying at home due to COVID-19 precautions has led to reduced exposure to various germs, which might impact our immune system. While this might lower short-term infections, it does not typically weaken the immune system overall in the long term. Periodic exposure to germs 'trains' the immune system, but a temporary reduction in this exposure is not usually harmful. However, when people re-enter more social environments, they might experience more frequent, mild illnesses as their immune systems 'relearn' to combat common pathogens."
"How does the current know how much to flow, before having seen the resistor?",5663,"The flow of electric current is dictated by Ohm's Law, which establishes that current is the result of voltage divided by resistance (I = V/R). Voltage pushes the current through the circuit, and the resistor limits the flow. So, the current ‘knows’ how much to flow because, when voltage is applied, the resistor's properties determine the flow rate. The amount of current is naturally calculated in the circuit based on these properties."
What or Who is Praxeology?,5664,"Praxeology is the study of human action and conduct, a framework primarily developed by economist Ludwig von Mises. It focuses on the conscious decisions individuals make to achieve desired goals. Praxeology contrasts with concepts of behaviorist psychology by analyzing actions as intentional and purposeful rather than simply reactionary responses to stimuli."
What or Who is Analytic–synthetic distinction?,5665,"The analytic–synthetic distinction is a concept in philosophy and logic that differentiates between two types of propositions. Analytic propositions are statements true by virtue of their meaning, such as 'All bachelors are unmarried.' Synthetic propositions are statements whose truth depends on how their subject relates to the world, like 'The cat is on the mat.' This distinction was famously critiqued by philosopher Willard Van Orman Quine."
What's the biggest organic molecule that could have a smell?,5666,"The size of an organic molecule that can have a smell is largely determined by its ability to volatilize and bind to olfactory receptors in the nose. Typically, molecules larger than around 300 atomic mass units (AMU) have difficulty volatilizing. Therefore, organic molecules that smell are usually on the smaller side, such as vanillin (molecular weight around 152 AMU) or limonene (molecular weight around 136 AMU), while very large molecules like proteins do not volatilize well enough to be detected by smell."
"Why are flowers attractive to humans even if we might not get any reward (fruit, nectar) from them?",5667,"Flowers are attractive to humans due to their bright colors, symmetrical shapes, and pleasant scents. These features generally result from evolutionary adaptations to attract pollinators but also appeal to human aesthetic senses. The appreciation of flowers may be partly inherent, influenced by cultural factors, and associated with positive experiences like beauty and pleasure, even if we do not directly gain rewards like nectar from them."
Why is this makeblastdb command not working?,5668,"Without specifics, it's challenging to diagnose why a 'makeblastdb' command isn't working. Common issues include improperly installed software, incorrect command syntax, or missing input files. Ensure you have the proper path for the database files, that the BLAST+ tools are correctly installed, and that any required flags are accurate in the command."
What is the difference between independent and mutually exclusive events?,5669,"Independent events are those whose outcomes do not affect each other. For example, flipping a coin and rolling a die are independent; one does not affect the other. Mutually exclusive events cannot occur at the same time. For instance, a coin landing on heads and tails in a single flip are mutually exclusive events; if one happens, the other cannot. So, independence relates to the lack of influence between events, while mutual exclusivity refers to the impossibility of simultaneous occurrence."
Are genitalia sexualized differently in cultures where standards of clothing differ greatly from Western standards?,5670,"Yes, genitalia can be sexualized differently in cultures with varying clothing standards. In Western cultures, where clothing often reveals or emphasizes certain body parts, genitalia might be more sexualized. Conversely, in cultures where minimal clothing is the norm, genitalia may be viewed more casually and less sexualized. This difference arises from how each culture associates nudity and body parts with sexuality and social norms. For example, in some Indigenous tribes, nudity is natural and not inherently sexual, whereas in Western societies, it can be laden with sexual connotations."
Do animals exhibit handedness (paw-ness?) preference?,5671,"Yes, many animals exhibit a preference for using one side of their body over the other, similar to human handedness. This phenomenon is observed in various species, including primates, birds, and even aquatic animals like octopuses. For instance, dogs might show a preference for using one paw over the other when performing tasks, such as reaching for food or playing. Similarly, parrots might favor one claw while holding objects. Handedness in animals, often called lateralization, helps enhance efficiency and coordination in performing everyday actions."
What or Who is Antifragile (book)?,5672,"'Antifragile' is a book written by Nassim Nicholas Taleb. It explores the concept of systems, people, or ideas that benefit from shocks, volatility, and disorder. Unlike fragile things that break under stress, antifragile entities thrive and grow stronger. Taleb contrasts antifragility with fragility and robustness, arguing that understanding and leveraging antifragility can lead to improved decision-making and resilience. Examples of antifragile systems include certain economic strategies and evolutionary processes that adapt positively to changes and challenges."
What or Who is Hall–Héroult process?,5673,"The Hall–Héroult process is an industrial method for producing aluminum. Developed independently by Charles Martin Hall and Paul Héroult in 1886, this process involves dissolving aluminum oxide in molten cryolite and then passing an electric current through the solution. The electrical current causes aluminum to separate from the oxygen and collect at the bottom of the electrolysis cell. This method is the primary means of aluminum production worldwide due to its efficiency and cost-effectiveness."
What or Who is Great Filter?,5674,"The Great Filter is a hypothetical concept originating from the Fermi Paradox and the search for extraterrestrial life. It suggests stages in the development of life that are extremely hard to surpass. The 'filter' could be behind us, meaning advanced civilizations rarely emerge, or ahead of us, implying we might face significant challenges. For example, the emergence of intelligent life might be rare, or advanced civilizations might self-destruct. The idea emphasizes the uncertainty and challenges in detecting or becoming an interstellar species."
Do some genes follow Rock-Paper-Scissors model of dominance?,5675,"Yes, some genes do follow a Rock-Paper-Scissors model of dominance, known as cyclical dominance. This model appears when three different strategies or traits cyclically dominate each other, ensuring diversity. A famous example is certain lizard species where three male mating strategies—territorial, sneaky, and cooperative—each outcompete one and are outcompeted by another. This dynamic prevents any single strategy from dominating, promoting genetic and behavioral diversity within populations."
Why did old TVs require that the channel be on 3 before accessories like VCRs and game consoles could work on them?,5676,"Old TVs required the channel to be set on 3 (or sometimes 4) before accessories like VCRs and game consoles could work because these channels were designated as standard 'input' channels. These devices generated a signal mimicking a TV broadcast on these channels, allowing the TV to interpret the signal correctly. By tuning to channel 3 or 4, the TV could display the content from the connected device without the need for additional inputs or settings adjustments."
What or Who is Gravimetric analysis?,5677,"Gravimetric analysis is a laboratory method used to determine the quantity of a substance by measuring its mass. The process involves converting the substance into a pure, stable compound that can be weighed. For example, to measure the amount of chloride in a sample, one might precipitate it as silver chloride, filter it out, dry it, and weigh the precipitate. This method is valued for its accuracy and straightforward approach in various fields, including chemistry and environmental science."
Did the Geothermal Power Plant contribute to Pahoa's Lava Fissures?,5678,"There is no direct evidence that the Geothermal Power Plant contributed to the lava fissures in Pahoa during the 2018 Kilauea eruption in Hawaii. The plant, located near Kilauea's volcanic activity, did encounter lava flows and disruptions, but these were part of the natural volcanic processes of the area. The geothermal plant had safety measures, including lava diversion and monitoring systems, to minimize any potential impact on its operations and the surrounding community."
What or Who is Observer effect (physics)?,5679,"The observer effect in physics refers to the phenomenon where the act of observation can alter the state of what is being observed. A well-known example is in quantum mechanics, where particles like electrons exist in multiple states until observed or measured. This concept is famously illustrated by the double-slit experiment, where observing which slit an electron passes through changes its behavior from a wave to a particle. The observer effect underscores the intricate relationship between measurement and the behavior of physical systems."
Why does a web browser require 4 gigabytes of RAM to run?,5680,"A web browser requires 4 gigabytes of RAM due to the complexity of modern web content. Websites today are not just static pages of text but include interactive elements, videos, images, and background processes. Each open tab consumes memory as it needs to load these assets and run scripts. Additionally, browsers often keep history, cache, and execute background tasks to enhance performance and user experience. All these activities demand considerable memory resources, making 4 GB of RAM a necessary requirement for smooth operation."
Why is acne so hard to get rid of?,5682,"Acne is hard to get rid of due to several factors involving skin biology and external influences. It occurs when hair follicles become clogged with oil and dead skin cells. Bacteria can thrive in these clogged pores, leading to inflammation. Hormonal changes, diet, stress, and genetics can also exacerbate acne. Furthermore, treating acne requires time as the skin's natural regeneration process is slow. Effective management often involves a combination of good skincare practices, medication, and sometimes lifestyle changes, all of which take time to show noticeable results."
Why are hail storms always brief?,5683,"Hail storms are always brief because they form under specific conditions within strong thunderstorms, known as supercells. Inside these storms, updrafts lift raindrops high into the colder parts of the atmosphere, where they freeze and grow larger by collecting additional water droplets. Eventually, the hailstones become too heavy to be supported by the updrafts and fall to the ground. This hail formation and fall occur rapidly and thus, hail storms are brief, often lasting only minutes."
Why are solids and liquids not included in the equilibrium constant? What about in a reaction rate calculation?,5684,"Solids and liquids are not included in the equilibrium constant because their concentrations do not change appreciably during a reaction. The concentrations of gases and solutions, on the other hand, can change and thus affect the reaction. In reaction rate calculations, solids and liquids are also generally excluded because their concentrations are effectively constant. The reaction rate depends more directly on the concentrations of the reactants in gaseous or aqueous forms, which vary during the reaction."
What exactly is a Tesseract?,5685,"A tesseract is a four-dimensional geometric shape, also known as a hypercube, which is the four-dimensional analogue of a cube. Just as a cube has six square faces, a tesseract has eight cubic cells. Visualizing a tesseract is challenging because our everyday experience is limited to three dimensions. In simpler terms, if you think of a cube being a 3D object projected into 2D (like on a piece of paper), a tesseract is a 4D object projected into 3D space."
Does human brain store duplicate data?,5687,"The human brain does not store exact duplicate data in the way a computer might. Instead, the brain can store similar information in different contexts or forms, which can seem redundant. For instance, the same information might be stored in an abstract form and also as a sensory experience. This redundancy helps with memory retrieval and learning by providing multiple pathways to access related information, making our cognitive processes more resilient."
Does an unbalanced sample matter when doing logistic regression?,5690,"Yes, an unbalanced sample can matter when doing logistic regression. In logistic regression, the goal is often to model the probability of a binary outcome, like 'yes' or 'no', based on input features. If the sample is unbalanced, meaning one outcome occurs much more often than the other, the model could become biased toward the more frequent outcome. For example, if you’re predicting disease presence and the dataset has 95% healthy individuals and 5% with the disease, the model might just predict 'healthy' for most cases to maximize accuracy. This makes it poor at detecting the less frequent disease cases. To counter this, techniques like resampling, class weighting, or using performance metrics like the F1 score instead of accuracy can be used to balance the influence of each class in the model."
What or Who is Vril?,5691,"Vril is a concept introduced in the 1871 science fiction novel 'The Coming Race' by Edward Bulwer-Lytton. It describes a mysterious energy or force wielded by an advanced subterranean race. According to the novel, Vril has the capability to heal, destroy, and even give life. Over time, some occult groups took the fictional concept seriously, integrating it into their beliefs. However, Vril remains a fictional idea without scientific basis or evidence."
What or Who is Well to Hell?,5692,"The 'Well to Hell' is an urban legend that originated in the late 1980s. It claims that during a deep-drilling project in Siberia, scientists accidentally drilled into Hell. According to the story, they lowered a microphone into the borehole and heard tormented screams of the damned. Despite being widely circulated as fact, this tale is entirely fictional and lacks credible evidence. It is often used as a cautionary example of how easily misinformation can spread."
What or Who is Solar cycle?,5693,"The solar cycle, also known as the sunspot cycle, refers to the periodic change in the Sun's activity and appearance, including variations in the number of sunspots, solar flares, and other solar phenomena. Each cycle lasts about 11 years, moving from solar minimum, where sunspots are few, to solar maximum, where sunspots are numerous. This cycle affects space weather and can have impacts on Earth's climate and satellite operations. For instance, an active solar cycle can lead to increased auroras but also more satellite disruptions."
What or Who is Rush hour?,5694,"Rush hour refers to specific periods during the day when road traffic and public transportation usage peak, usually corresponding to the times when people travel to and from work or school. Generally, rush hour occurs twice a day: in the morning from about 6:30 AM to 9:00 AM and in the evening from about 4:30 PM to 7:00 PM. During these times, congestion and longer travel times are common. For example, in large cities like New York, rush-hour can significantly increase commute times compared to off-peak hours."
Are there any rolling hash functions that can hash a DNA sequence and its reverse complement to the same value?,5695,"Yes, there are rolling hash functions that can hash a DNA sequence and its reverse complement to the same value. One approach is to use a bidirectional hashing algorithm that treats As, Ts, Cs, and Gs in a symmetric manner. An example is a palindromic hash function, which ensures that the hash value remains the same regardless of whether it processes the sequence from the 5' or 3' end. This is useful in bioinformatics for analyzing sequence similarities and patterns."
Which are the biggest methodological differences between the archaeological and geological approaches to stratigraphy?,5696,"The biggest methodological differences between archaeological and geological approaches to stratigraphy lie in their focus and techniques. Archaeologists primarily study human artifacts and use stratigraphy to date and understand human activities over time. They often use relative dating methods, considering the context of artifacts within layers. Geologists study Earth's physical layers to understand geological events and processes, using absolute dating techniques like radiometric dating. While both disciplines analyze layers, their objectives and methods differ significantly."
What do butterflies eat?,5697,"Butterflies primarily feed on nectar from flowers, which provides them with essential sugars for energy. They use a long, tube-like tongue called a proboscis to suck up the nectar. In addition to nectar, butterflies may also feed on other sources of nutrients such as tree sap, rotting fruit, and, occasionally, minerals from mud puddles or animal dung. For example, the Monarch butterfly is often seen feeding on milkweed nectar."
Are there any animals that are both poisonous and venomous?,5698,"Yes, there are animals that are both poisonous and venomous. One such example is the Blue-Ringed Octopus. It is venomous because it can inject toxins through its bite, potentially causing paralysis or death. Additionally, it contains poisons in its tissues, which can be harmful if ingested or handled improperly. This dual capability makes it incredibly dangerous."
Can you raise a number to an irrational exponent?,5699,"Yes, you can raise a number to an irrational exponent. For instance, using the number e (the base of the natural logarithm, approximately 2.71828), you can raise it to an irrational exponent like √2. This process involves extending the principles of exponentiation beyond rational numbers. The result is a real number, found using exponential and logarithmic functions. Calculations like e^√2 are facilitated by mathematical definitions and tools such as calculators or computer software."
What or Who is Astrology?,5700,"Astrology is the belief that the positions and movements of celestial bodies like stars and planets can influence human events and personality traits. Practitioners create horoscopes based on the time and place of a person's birth to predict their future and describe their personality. Despite its popularity in various cultures, astrology is not considered a science because its predictions lack empirical support."
"When Intel / AMD choose their Nanometer Processes, why were the specific numbers, 5, 7, 10, 14, 22, 32, 45, etc chosen?",5701,"When Intel and AMD choose their nanometer processes, the numbers like 5, 7, 10, etc., represent the technology node or process node that indicates the size of features in the semiconductor manufacturing process. These numbers are often more marketing-oriented than purely technical and suggest a generation of progress in making transistors smaller and more efficient, achieving better performance and lower power consumption."
"How realistic is the cancer ""vaccine"" talked about recently?",5702,"The idea of a cancer 'vaccine' is promising but still in early stages. Unlike traditional vaccines that prevent disease, cancer vaccines aim to treat or prevent recurrence by boosting the immune system to target cancer cells specifically. They have shown success in animal models and early human trials, but widespread practical use may take years of further research and testing."
What or Who is Beakman's World?,5703,"Beakman's World is an educational children's television show that aired in the 1990s, focusing on science topics in a fun and engaging way. Hosted by the eccentric scientist Beakman, the show explained scientific concepts through experiments and quirky characters, making learning accessible and entertaining for young audiences."
What causes a star to become a pulsar?,5704,"A star becomes a pulsar when it undergoes a supernova explosion and leaves behind a dense core known as a neutron star. If this core has a strong magnetic field and rotates rapidly, it emits beams of radiation from its magnetic poles. As the star spins, these beams sweep across space like a lighthouse, causing observers to see pulses of light, hence the name 'pulsar.'"
What or Who is Refrigeration?,5705,"Refrigeration is the process of removing heat from a space or substance to lower its temperature and/or maintain it below the ambient temperature. This is commonly achieved using a cycle of evaporation and condensation of a refrigerant fluid, making it essential for preserving food, cooling buildings, and many industrial processes."
Why do transition elements make colored compounds?,5706,"Transition elements make colored compounds because their electrons can absorb specific wavelengths of light, causing electronic transitions between different energy levels. This absorption of light wavelengths means that certain colors get absorbed, while others are reflected or transmitted, giving the compounds their distinctive colors."
Is there evidence that some non-human species perform sexual selection based primarily on intelligence? How do they do this?,5707,"Yes, some non-human species, like certain birds, perform sexual selection based on cognitive skills. For example, bowerbirds build intricate structures known as bowers and decorate them with brightly colored objects to attract females. The complexity and creativity of the bowers reflect the intelligence of the male, influencing female mate choice."
Intuition of the meaning of homology groups,5708,"Homology groups, in simple terms, measure the shape and structure of geometric objects in various dimensions, much like how you can classify objects by their volume or surface area. They capture essential features of these shapes, helping mathematicians understand how spaces can be stretched, twisted, or deformed in a consistent way."
Self-Contained Proof that $\sum\limits_{n=1}^{\infty} \frac1{n^p}$ Converges for $p > 1$,5709,"To prove that the series $
abla_{n=1}^{
ewline} rac1{n^p}$ converges for $p > 1$, we use the integral test. By comparing the series to the integral $
abla_{1}^{
ewline} rac1{x^p} dx$, which converges for $p > 1$, we show that both the integral and series have the same convergence behavior. Therefore, the series converges."
Including the interaction but not the main effects in a model,5710,"Including the interaction but not the main effects in a model can obscure the foundational influences in your analysis. Interactions explain how two variables together impact the outcome, but without main effects, understanding the individual influence of each variable becomes difficult. For example, if we study the impact of exercise and diet on weight loss, interactions show how the combination affects weight. Yet, without knowing the isolated effects of diet and exercise, the analysis might miss essential details, making the model incomplete and potentially misleading."
Warning in R - Chi-squared approximation may be incorrect,5711,"When R warns 'Chi-squared approximation may be incorrect', it means the conditions for using the Chi-squared test may not be met, often due to small sample sizes or low expected frequencies. The Chi-squared test approximates the distribution of categorical data, but these approximations fail with insufficient data. To mitigate this, you might need to collect more data or use exact tests like Fisher’s Exact Test, which do not rely on large-sample assumptions and provide more reliable results for small datasets."
"Why is it that some muscles «burn» while exercised hard, while in others you experience more of a fatigue-like feeling?",5712,"Muscles ""burn"" during intense exercise due to the buildup of lactic acid when oxygen levels are low. This anaerobic process helps generate energy but produces lactic acid as a byproduct, causing the burning sensation. In contrast, a fatigue-like feeling occurs from prolonged moderate exercise where muscles use aerobic metabolism, leading to depletion of glycogen stores and accumulation of metabolic byproducts. For example, sprinting might cause burning while a long walk makes you tired due to different energy pathways utilized in muscles."
What or Who is Spectrogram?,5713,"A spectrogram is a visual representation of the spectrum of frequencies in a sound signal as they vary over time. It displays time on the horizontal axis, frequency on the vertical axis, and intensity as color. For instance, in audio analysis, a spectrogram helps identify different sound components like speech patterns or musical notes by showing where different frequencies occur over a specified period."
"If the great pacific garbage patch WAS compacted together, approximately how big would it be?",5714,"If the Great Pacific Garbage Patch was compacted together, it would cover an area approximately the size of Texas. This aggregation of plastic debris in the Pacific Ocean highlights the severity of marine pollution. Despite its vast spread, the density of debris varies, making the visualization of its impact challenging. Compaction into a single, more defined area emphasizes the significant amount of waste accumulated, drawing attention to environmental action needed."
What or Who is Colorimeter (chemistry)?,5715,"A colorimeter in chemistry is a device used to measure the concentration of colored compounds in a solution. By passing light through the solution and measuring its intensity, the colorimeter determines the absorbance which correlates with concentration. For instance, in water quality testing, a colorimeter can measure the concentration of chlorine by analyzing the color intensity of a treated water sample, providing vital data on water safety."
What or Who is Qualia?,5716,"Qualia refer to individual instances of subjective, conscious experience, like the redness of a rose or the pain of a headache. Philosophers use qualia to discuss the nature of perception and whether subjective experiences can be scientifically explained. For example, the personal experience of tasting chocolate demonstrates qualia, as it encompasses unique sensations and emotions that purely objective analysis might not fully capture."
How to interpret F-measure values?,5717,"F-measure, or F1-score, balances precision and recall in evaluating binary classification models. Precision is the accuracy of positive predictions, while recall is the ability to identify all positive instances. The F-measure harmonizes these by calculating their harmonic mean, providing a single metric to gauge model performance. For instance, in a spam email filter, a high F-measure indicates both minimal false positives and effective spam detection, summarizing the filter’s overall reliability."
Why are there teardrops on PCB pads?,5718,"Teardrops on PCB pads enhance the reliability of the connections by adding material between the pad and the trace to prevent mechanical stress concentration. They provide a smoother transition and reduce the risk of fractures, especially during manufacturing or thermal cycling. For instance, teardrops ensure that during soldering or due to temperature changes, the solder joints remain robust, reducing the chance of electrical failures."
What or Who is Dependent and independent variables?,5719,"Dependent and independent variables are fundamental in experiments. The independent variable is what the researcher changes or controls, like the amount of sunlight in a plant growth study. The dependent variable is what is measured and affected by changes in the independent variable, such as the growth rate of the plants. This relationship helps in understanding how altering one factor impacts another, establishing cause and effect."
How to interpolate scattered data to a regular grid in Python?,5720,"To interpolate scattered data to a regular grid in Python, you can use libraries like SciPy. First, organize your scattered data into arrays of x, y coordinates and corresponding values. Utilize the 'griddata' function from SciPy's interpolate module. Create a mesh grid using 'numpy.meshgrid' for the desired grid resolution. Then, input your scattered points and mesh grid to 'griddata', specifying the method for interpolation such as 'linear' or 'cubic'. This will produce values on a regular grid. For example: `griddata(points, values, (grid_x, grid_y), method='cubic')`."
"If nuclear waste will still be radioactive for thousands of years, why is it not usable?",5721,"Nuclear waste remains radioactive for thousands of years but is not usable as an energy source because its radioactive decay significantly reduces its efficiency. Initially, nuclear fuel is highly enriched with isotopes like Uranium-235 or Plutonium-239, which are ideal for sustaining controlled nuclear reactions. After the fuel is used, the remaining radioactive materials have lower energy densities and emit radiation that is harmful but not effective for power generation. Thus, their residual radioactivity poses disposal issues rather than offering a practical energy source."
Are there gemstones on the moon?,5722,"There are no naturally occurring gemstones on the Moon. The Moon's surface is primarily composed of basalts and anorthosites, which lack the geological processes required to form gems like diamonds, rubies, or emeralds. These processes, such as high pressure, high temperature, and specific mineral compositions, are common on Earth but not on the Moon. However, if future lunar missions bring advanced equipment, it might be possible to create synthetic gemstones."
Is it possible to perform MinION sequencing offline?,5723,"Yes, it is possible to perform MinION sequencing offline. MinION, a portable DNA sequencer from Oxford Nanopore Technologies, does not always require a continuous internet connection. Data can be collected and stored locally using a laptop or other storage devices. However, once the sequencing run is complete, connecting to the internet is necessary to access full analytical resources, cloud-based analysis tools, and updates from the MinION community."
What or Who is Creativity?,5724,"Creativity is the ability to generate novel and valuable ideas, behaviors, and solutions. It involves thinking in new ways, breaking conventions, and seeing connections between seemingly unrelated phenomena. Humans exhibit creativity in various domains, like art, science, engineering, and problem-solving. Creative individuals often rely on both divergent thinking, which generates multiple unique solutions, and convergent thinking, which narrows down those ideas to the best option."
Measuring feline capacitance,5725,"Measuring feline capacitance is not a standard scientific endeavor. Capacitance, typically a measure of a system's ability to store electrical charge, applies to electrical systems rather than biological entities like cats. However, humorously imagining it, one might consider the 'capacity' of a cat to store affection or energy. Realistically, capacitance in animals isn't a recognized concept, as animal bodies don't function similarly to electrical capacitors."
Why square the difference instead of taking the absolute value in standard deviation?,5726,"The difference is squared instead of taking the absolute value in standard deviation to emphasize larger discrepancies. Squaring ensures that all differences are positive, accurately reflecting the spread of data without cancelling out positive and negative differences. Mathematically, it makes subsequent analysis easier and provides a more sensitive measure of variation. Finally, squaring differences aligns with assumptions in probability and statistics, contributing to the properties required for further statistical inference."
Why would a plant evolve to produce an addictive chemical?,5727,"A plant might evolve to produce an addictive chemical as a defense mechanism. When animals consume the plant and find it addictive, they are likely to return to the same plant, aiding in the plant's seed dispersal, while possibly deterring herbivores that would overconsume it. Examples include nicotine in tobacco, which deters herbivores while ensuring that insects and humans spread its seeds. This co-evolution increases the plant's chances of survival and reproduction."
Is a negative pH level physically possible?,5728,"Yes, a negative pH level is physically possible, though rare. pH measures the concentration of hydrogen ions in a solution; a pH less than 7 indicates acidity. Extremely high concentrations of hydrogen ions can lead to a pH below 0. For example, concentrated hydrochloric acid can exhibit a pH of around -1. However, such conditions are typically extreme and occur in controlled environments like laboratories rather than in nature."
What is the difference between off-policy and on-policy learning?,5729,"Off-policy and on-policy learning are terms used in reinforcement learning. The main difference lies in how they use the data collected. On-policy learning focuses on evaluating and improving the same policy used to make decisions, meaning it learns from actions taken by its current strategy. Off-policy learning, on the other hand, learns from actions taken by a different policy, allowing it to learn from a broader range of experiences, which may include actions taken in past policies or by other agents."
What or Who is New media?,5730,"New media refers to digital forms of communication that have emerged with the advent of the internet and digital technology. Examples include social media platforms, blogs, streaming services, and online news websites. Unlike traditional media, such as newspapers and television, new media are interactive, allowing users to contribute content and connect with others globally in real-time. This interactivity and decentralization have significantly transformed how information is created, shared, and consumed."
Why does the El Niño Stop?,5731,"El Niño is a weather phenomenon characterized by the warming of ocean surface temperatures in the central and eastern Pacific Ocean. El Niño stops when the factors driving this warming subside, often due to changes in wind patterns and ocean currents that return to their normal state. Once these conditions stabilize, the ocean temperatures cool down, leading to the end of the El Niño event. This return to average conditions is referred to as La Niña or a neutral phase."
Server for finding kmers in set of sequences,5732,"A server for finding kmers in a set of sequences is a specialized computer system designed to identify and analyze short, overlapping patterns of nucleotides, called kmers, within DNA or RNA sequences. These servers use algorithms to efficiently search large datasets for specific kmers, which are essential in bioinformatics for tasks like genome assembly, genetic variation analysis, and metagenomics. The server's performance is critical for handling the large volumes of data typically involved in such analyses."
What or Who is Occam's razor?,5733,"Occam's razor is a principle attributed to the 14th-century philosopher William of Ockham. It suggests that when faced with competing hypotheses about the same prediction, the one with the fewest assumptions should be selected. This means that the simplest explanation is often the best one, as long as it sufficiently explains the observed phenomena. Occam's razor is widely used in various fields of science and philosophy to eliminate unnecessary complexity."
What or Who is Total station?,5734,"A total station is an electronic/optical instrument used in modern surveying and building construction. It combines the functions of a theodolite, which measures angles, and an electronic distance meter (EDM) to measure distances. Equipped with a microprocessor, data collector, and storage system, the total station can perform various tasks such as mapping, layout of construction sites, and alignment of large structures with high accuracy."
Do all stars have an Oort cloud or is it a rare occurence?,5735,"Not all stars have an Oort cloud; it's a feature specific to those with sufficient gravitational influence to shape such a region of space. The Oort cloud is a theoretical cloud of icy bodies believed to surround our solar system. While other star systems could potentially have similar clouds, the presence of an Oort cloud depends on the star’s history, formation environment, and gravitational interactions over billions of years. Therefore, having an Oort cloud is not a common trait for all stars."
What or Who is Neil deGrasse Tyson?,5736,"Neil deGrasse Tyson is an American astrophysicist, author, and science communicator. He is the director of the Hayden Planetarium in New York City and is known for his ability to explain complex scientific concepts in an accessible and engaging manner. Tyson has written several popular science books and hosted television shows like 'Cosmos: A Spacetime Odyssey,' which aim to promote scientific literacy and public interest in science."
What or Who is Beach?,5737,"A beach is a landform along the shoreline of an ocean, sea, lake, or river, consisting of loose particles such as sand, gravel, pebbles, or cobblestones. Beaches are formed by the action of waves and currents, which deposit and shape these particles over time. They serve as popular recreational spots for swimming, sunbathing, and other leisure activities. Beaches also play a role in coastal ecosystems, providing habitats for various plants and animals."
What is the actual cause of excessive zeroes in single cell RNA-seq data? Is it PCR?,5738,"The presence of excessive zeroes in single-cell RNA-seq data is mainly due to the technical limitations in the capture and amplification process, rather than PCR alone. Single-cell RNA-seq involves isolating individual cells and amplifying their RNA, during which some RNA molecules may be missed or not amplified sufficiently. This 'dropout' effect results in genes that are actually expressed in the cells appearing to have zero counts in the data."
Are gene names same across species?,5739,"Gene names are not the same across species, although there are efforts to standardize nomenclature for easier cross-species comparison. Each species can have its own naming conventions, and genes that perform similar functions in different organisms might have different names. However, certain model organisms like mice and humans have more harmonized gene names due to extensive research and collaboration in these species."
What or Who is Strategic Defense Initiative?,5740,"The Strategic Defense Initiative (SDI), also known as 'Star Wars,' was a proposed missile defense system announced by U.S. President Ronald Reagan in 1983. Its purpose was to protect the United States from attack by ballistic strategic nuclear weapons. The initiative aimed to use ground-based and space-based systems to detect and destroy incoming missiles before they could reach their targets. Though it faced technical and diplomatic challenges and was never fully deployed, SDI significantly influenced later missile defense efforts and strategic policies."
Is the neutral wire considered safe?,5741,"The neutral wire in electrical systems is generally considered safe because it is at or near ground potential, which means it is intended to carry current back to the source without a dangerous voltage. However, it can become hazardous under certain conditions, such as a fault in the wiring, a broken neutral wire, or improper grounding. It's vital to treat all wires with caution and ensure any electrical work is performed by a qualified professional."
What can we learn by studying lunar atmospheric tides?,5742,"Studying lunar atmospheric tides helps scientists understand the Moon's exosphere, which is the thin layer of gases surrounding the Moon. These tides are influenced primarily by solar radiation and interactions with Earth's magnetosphere. By analyzing them, we can gain insights into the Moon's interaction with the solar wind, the nature of its surface materials, and the processes that shape other celestial bodies with thin atmospheres. This knowledge can inform both lunar exploration and broader planetary science."
What or Who is Arithmetic?,5743,"Arithmetic is a branch of mathematics dealing with numbers and basic operations such as addition, subtraction, multiplication, and division. It forms the foundation for higher mathematical concepts and everyday activities like budgeting, measuring, and estimating. Arithmetic is essential for developing numeracy skills, which empower individuals to solve practical problems and understand the world quantitatively."
hat happens to all the melted candle over time? Are we just inhaling a whole candle while it burns?,5744,"When a candle burns, the wax melts and is drawn up the wick where it vaporizes and reacts with oxygen in the air to produce light, heat, carbon dioxide, and water vapor. Most of the wax is converted into these gases rather than remaining as a solid or liquid, so you do not end up inhaling the melted candle. However, incomplete combustion can produce tiny particles and soot, which might be inhaled. Therefore, ensuring proper ventilation when burning candles is important."
What or Who is Ley line?,5745,"Ley lines are hypothetical alignments connecting various historical sites, such as ancient monuments and landmarks. Proposed by Alfred Watkins in 1921, the concept suggests these alignments are not coincidental but reflect some form of intentional design by ancient civilizations, possibly for spiritual or navigational purposes. While ley lines are a popular topic in pseudoscience and folklore, there is no scientific evidence supporting their existence or any special properties."
How to know that your machine learning problem is hopeless?,5746,"Knowing if a machine learning problem is hopeless involves assessing data quality, quantity, and relevance. If the data is too noisy, limited, or unrelated to the target outcome, achieving meaningful results is difficult. Furthermore, if the problem is inherently unpredictable or lacks clear patterns, machine learning may not offer much value. Analyzing initial results and domain knowledge can inform whether to pursue or reconsider the problem based on feasibility and potential impact."
Why is it advised that infants are fed mother's milk?,5747,"It is advised that infants are fed mother's milk because it is nutritionally balanced, containing the right proportions of carbohydrates, proteins, and fats needed for infant growth and development. Mother's milk also provides vital antibodies that help bolster the infant's immune system, protecting against various infections and diseases. Additionally, breastfeeding fosters a strong bond between mother and child, supporting emotional and psychological development."
Using proof by contradiction vs proof of the contrapositive,5748,"Proof by contradiction involves assuming the opposite of what you want to prove and showing that this assumption leads to a contradiction. If a contradiction is found, the initial statement is proven true. Proof of the contrapositive, on the other hand, involves proving an equivalent statement that is easier to demonstrate. Both methods are useful depending on the problem's nature and the available information, but their application requires careful logical reasoning and step-by-step validation of assumptions."
What or Who is Cybernetics?,5749,"Cybernetics is the interdisciplinary study of systems, particularly those involving feedback, control, and communication mechanisms in living beings and machines. Proposed by Norbert Wiener in the 1940s, it integrates concepts from fields like engineering, biology, and social sciences to understand how systems regulate themselves and interact with their environment. Cybernetics has influenced fields such as robotics, artificial intelligence, and organizational management, emphasizing the importance of feedback loops and adaptive behaviors in complex systems."
Where can obsidian be found?,5750,"Obsidian can be found in regions with volcanic activity because it forms from rapidly cooling lava. Notable locations include the western United States, such as California and Oregon, and other volcanic areas around the world like Iceland and Japan. When lava cools quickly, minerals do not have time to crystallize, resulting in the smooth, glass-like appearance characteristic of obsidian."
How does one measure what causes earthquakes?,5751,"Earthquakes are primarily measured using instruments called seismometers. These devices detect and record the vibrations caused by seismic waves traveling through the Earth. Scientists analyze the data collected to determine the earthquake's origin, magnitude, and intensity. By placing seismometers in various locations, they can triangulate the epicenter and better understand the forces in geological faults that cause earthquakes."
Expectation of the maximum of gaussian random variables,5752,"The expectation of the maximum of Gaussian random variables involves calculations in probability theory. For Gaussian variables, which are normally distributed, their maximum value depends on their mean and standard deviation. While the exact expectation can be complex to determine, it generally involves statistical methods like integration or simulation. Understanding how these random variables behave provides insights into fields like finance and engineering."
"Why can the regenerative brakes of the Oslo Metro only share energy with other trains if they are ""nearby""?",5753,"The regenerative brakes of the Oslo Metro can only share energy with other trains if they are nearby due to electrical infrastructure limitations. Regenerative braking converts kinetic energy into electrical energy, which needs a nearby train to receive this energy. If no train is immediately available, the system dissipates the energy as heat. Efficient energy transfer requires an interconnected network of trains and consistent usage patterns."
What is a straw man argument?,5754,"A straw man argument is a common form of misrepresentation in debate. Essentially, one person distorts or oversimplifies the opponent's argument to make it easier to attack. For example, if an environmentalist advocates for reducing plastic use, a straw man response might falsely claim they want to ban all plastics entirely, which is a more extreme position than originally stated."
"Why doesn't a dark chocolate bar break predictably, despite chocolate's homogeneity and deep grooves in the bar?",5755,"A dark chocolate bar may not break predictably, despite deep grooves, due to internal variations in its structure at the microscopic level. Real-world imperfections, tiny air bubbles, and variations in the tempering process can lead to uneven stress distribution. When pressure is applied, it exploits these weaknesses, causing unpredictable breaks."
How can a person be 50% fat when we consist of approximately 60% of water?,5756,"A person can be 50% fat based on body composition, which refers to the proportion of fat relative to other body tissues like muscle, bone, and water. While 60% of the body is water, fat cells (adipocytes) still contain some water. Body fat percentage measures the ratio of fat tissue to total body weight, thus someone with high body fat has a larger volume of adipose tissue in proportion to their total mass."
why do computers get slower over times even if properly maintained?,5757,"Computers can get slower over time due to various factors, even with proper maintenance. Software updates often consume more system resources, leading to slower performance. Accumulation of temporary files, fragmentation of the hard drive, and aging hardware also contribute to decreased efficiency. Over time, these factors collectively impact the computer's speed."
Why is main's neutral tied to earth?,5758,"Main's neutral is tied to earth for safety and stability purposes. This connection, known as grounding, helps stabilize the voltage levels in the electrical system and provides a path for electrical fault currents to safely dissipate into the ground. This reduces the risk of electrical shock and protects both the system and users."
"On an atomic level, what causes things to be shiny, dull, or reflective ?",5759,"At an atomic level, the appearance of objects—whether shiny, dull, or reflective—depends on how their atomic structure interacts with light. Shiny surfaces have tightly packed atoms that reflect light uniformly. Dull surfaces scatter light due to irregularities or microscopic roughness. Reflective materials, like metals, have free electrons that absorb and re-emit light efficiently, producing a reflection."
Proof that ${\left(\pi^\pi\right)}^{\pi^\pi}$ (and now $\pi^{\left(\pi^{\pi^\pi}\right)}$) is a noninteger.,5760,"To prove that \\((	ext{π}^	ext{π})^	ext{π}^	ext{π}\\) and \\(	ext{π}^{(	ext{π}^{	ext{π}^	ext{π}})}\\) are non-integers, we need to understand that π (pi) is an irrational number, meaning it cannot be expressed as a simple fraction. When an irrational number is raised to any power, especially another irrational number, the result is also generally irrational. Specifically, π to any power will not resolve to an integer, and this outcome is seen in certain transcendental number properties. Hence, \\((	ext{π}^	ext{π})^	ext{π}^	ext{π}\\) and \\(	ext{π}^{(	ext{π}^{	ext{π}^	ext{π}})}\\) are non-integer values."
What or Who is Black salve?,5761,"Black salve is a controversial alternative medicine topical ointment that claims to treat skin lesions and cancer. It is made from plant extracts, particularly bloodroot, and zinc chloride. However, scientific evidence does not support its efficacy, and it is known to cause severe tissue damage. Authorities like the FDA warn against its use due to potential health risks."
Where can I get archived hourly temperature data?,5762,"Archived hourly temperature data can be obtained from several sources, including national meteorological services, research institutions, and databases. Websites like NOAA's National Centers for Environmental Information or the UK Met Office provide historical weather data. Additionally, platforms like Weather Underground and Climate Data Online offer accessible historical weather records."
Why doesn't our brain go haywire when magnetic flux is present around it?,5763,"Our brains don't go haywire around magnetic flux due to their unique biological makeup. Earth's natural magnetic field is relatively weak and our bodies have adapted to it over time. Moreover, the brain functions through electrical signals rather than magnetic ones, and the skull offers additional protection. Strong artificial magnetic fields, like those in MRIs, are carefully controlled to avoid adverse effects."
What or Who is Ann Druyan?,5764,"Ann Druyan is an acclaimed writer, producer, and science communicator. She is known for her work in popularizing science, particularly through her collaboration with her late husband Carl Sagan on the original 'Cosmos' series. She also co-wrote 'Contact' and worked on the updated 'Cosmos: A Spacetime Odyssey' series."
What or Who is Paranormal television?,5765,"Paranormal television is a genre of TV programming focusing on paranormal phenomena, such as ghosts, UFOs, and psychic abilities. These shows often feature investigations, reenactments, and discussions of mysterious occurrences. Examples include 'Ghost Hunters', 'Paranormal Witness', and 'Ancient Aliens'. Although popular, scientific consensus often questions the validity of claims presented."
"How does a Coronavirus ""test kit"" work?",5766,"A Coronavirus test kit works by detecting the virus’s genetic material or specific proteins. The PCR (Polymerase Chain Reaction) tests amplify viral RNA if present, making it detectable. Antigen tests identify viral proteins directly and provide quicker results. Both tests require a sample, usually collected via a nasal or throat swab, which is then analyzed for signs of the virus."
Why does the cold make us sick?,5767,"Cold weather itself doesn't make us sick, but it can create conditions conducive to illness. People tend to stay indoors in close proximity, facilitating virus transmission. Dry, cold air also dries out nasal passages, reducing their ability to filter pathogens effectively. Viruses like the common cold and flu thrive and spread more easily in colder temperatures."
"Why is it good for you to raise your heart rate through aerobic exercise but not through caffeine, stress, anxiety, etc?",5768,"Raising your heart rate through aerobic exercise is beneficial because it strengthens the heart and improves cardiovascular health, enhancing oxygen delivery and energy utilization in cells. In contrast, raising heart rate through caffeine, stress, or anxiety can have detrimental effects, including hypertension and increased risk of heart disease, because these stimuli don't offer the same physical benefits or conditioning."
What or Who is Scott Manley?,5769,"Scott Manley is a YouTuber and science communicator known for his educational videos on space, science, and technology. With a background in physics and astronomy, he creates content that simplifies complex topics related to space exploration, astrophysics, and orbital mechanics. His engaging videos make science accessible to a wide audience."
"Is it possible for a single, random atom to split on its own, at any time?",5770,"Atoms do not spontaneously split on their own under normal conditions. For an atom to split, a nucleus typically needs to undergo fission, which involves being struck by a neutron or other particle. This usually happens in a controlled environment, like a nuclear reactor, or during a nuclear explosion. Spontaneous fission is extremely rare in nature and occurs primarily in very heavy elements like uranium-238, but it is not common for most atoms."
Wikipedia explains that String Field Theory is a part a of Quantum Field Theory while regular String Theory is not. What exactly is the difference between String Field Theory and String Theory?,5771,"String Theory and String Field Theory both aim to explain fundamental particles and forces, but they take different approaches. String Theory views particles as one-dimensional 'strings' rather than point-like particles, aiming to unify all fundamental forces. String Field Theory builds on this by using quantum field theory concepts to describe strings. While String Theory uses individual strings in calculations, String Field Theory uses fields representing an infinite number of strings, making it more compatible with conventional quantum physics frameworks."
Using k-fold cross-validation for time-series model selection,5772,"Using k-fold cross-validation for time-series model selection involves splitting data into k equal segments or 'folds.' Unlike standard k-fold cross-validation, for time-series, the data's sequential nature must be respected. One common method is 'walk-forward validation,' where each fold includes all previous observations up to a certain point. This allows the model to be tested on data it has not yet seen, simulating real-time forecasting. It's important to ensure that each fold respects the temporal order to avoid data leakage and inaccurate model evaluation."
What or Who is Reticle?,5773,"A reticle, often known as a reticule or graticule, is a set of fine lines or markings built into the eyepiece of an optical device, such as a microscope or telescope. These markings help measure or locate objects within the field of view. In a rifle scope, for example, crosshairs are a type of reticle used to aim at a target. Reticles can be simple like crosshairs, or more complex, with additional markings for calculating distance or windage."
why do houseflies get stuck in a closed window when an open window is right beside them? Do they have bad vision?,5774,"Houseflies often get stuck at closed windows because they navigate primarily using light and may not perceive clear glass as a barrier. While they do not have poor vision, flies rely on detecting polarized light, which helps them navigate outdoors. When they hit a closed window, they might get trapped due to their instinct to follow light sources, making it hard for them to process the subtle cue of the nearby open window."
"If a person left Earth and were to travel in a straight line, would the chance of them hitting a star closer to 0% or 100%?",5775,"The chance of hitting a star if one were to travel straight from Earth is much closer to 0%. Stars are extraordinarily far apart relative to their sizes. The nearest star to Earth, Proxima Centauri, is about 4.24 light-years away, which is roughly 40 trillion kilometers. Space is mostly empty, so the probability of colliding with a star is extremely low."
What or Who is History of the metre?,5776,"The history of the metre is a fascinating journey. Initially defined in 1791 by the French Academy of Sciences, the metre was intended to be one ten-millionth of the distance from the North Pole to the equator. This definition was replaced in 1983 when the metre was redefined based on the speed of light, a fundamental constant of nature. One metre is now the distance that light travels in a vacuum in 1/299,792,458th of a second."
"What happens when a tap is off? Does the water just wait, and how does keeping it there, constantly pressurised, not cause problems?",5777,"When a tap is off, water does not flow because a valve blocks its path. The water supply system remains pressurized due to pumps and gravity, ensuring water is ready to flow when the tap is opened. This pressurization doesn’t cause problems because the pipes and valves are designed to withstand the pressure, and pressure release valves help regulate any excess build-up, preventing damage."
Is a patch of grass one singular organism? Or is multiple? How can you discern one specific organism of grass from another?,5778,"A patch of grass typically consists of multiple individual grass plants. Each grass plant is a separate organism, identifiable by its own root system. To discern one specific grass plant from another, you can trace the leaves back to their originating roots. If two blades of grass share the same root structure, they are part of the same organism."
What or Who is Precognition?,5779,"Precognition is the claimed ability to perceive or predict future events before they happen. This concept appears often in folklore and psychic beliefs but lacks empirical scientific evidence. Despite numerous anecdotal reports and claims, controlled experiments have not reliably demonstrated that precognition is possible, making it a topic of much skepticism in the scientific community."
What or Who is Human Poverty Index?,5780,"The Human Poverty Index (HPI) was developed by the United Nations to measure the standard of living beyond just income. It considers factors like longevity, knowledge, and standard of living to provide a broader view of poverty. For instance, it looks at the percentage of people not expected to live to age 40, the adult literacy rate, and the proportion of the population without access to clean water and health services. By combining these factors, the HPI aims to highlight areas needing attention to improve human well-being globally."
What or Who is Contents of the Voyager Golden Record?,5781,"The Voyager Golden Record is a time capsule sent into space aboard the Voyager spacecrafts in 1977. It contains sounds and images selected to portray the diversity of life and culture on Earth. Sounds include greetings in 55 languages, music from different cultures, and natural noises. Images show various aspects of human life, wildlife, landscapes, and even scientific diagrams. The aim was to communicate the story of our world to any extraterrestrial intelligence that might find it."
"Is it possible to get eye damage, or even a sunburn, from the moon's light?",5782,"No, it is not possible to get eye damage or a sunburn from the moon's light. The moon reflects sunlight, but it's much weaker—the reflection only provides a fraction of the intensity. Sunburns and eye damage come from ultraviolet (UV) radiation, which the moon's weak reflected light does not contain in harmful amounts. Thus, spending a night under the moonlight is safe for your skin and eyes."
Why do we retain memories if all of our cells replace themselves after a small amount of years?,5783,"We retain memories despite cell replacement because memory storage does not rely on individual cells. Memories are thought to be stored in the brain through patterns of synaptic connections between neurons. These connections or 'synaptic networks' remain relatively stable over time, even as individual cells renew. Essentially, memory is a function of the brain's structure, which remains unchanged during cell turnover."
Why are prions in animal diets not destroyed by the digestive system?,5784,"Prions in animal diets are not destroyed by the digestive system because they are unusually stable proteins. Unlike normal proteins, prions can resist the usual denaturing processes like heat, stomach acid, and digestive enzymes. This resilience allows them to reach the bloodstream and potentially cause diseases like Scrapie in sheep or Mad Cow Disease in cattle. Because of this, prions are a significant concern in animal feed."
What or Who is George Cayley?,5785,"George Cayley was an English engineer and is considered a pioneer in aeronautics. He laid the foundation for modern aeronautics by understanding and describing the principles of flight, such as lift and drag. Cayley invented the modern airplane's basic configuration with fixed wings, a fuselage, and a tail. His work in the 19th century was crucial for later developments in flight, making him a significant figure in aviation history."
Are cloudy nights warmer than nights without clouds?,5786,"Yes, cloudy nights are typically warmer than clear nights. Clouds act as an insulating layer, trapping heat that the Earth emits. On clear nights, this heat escapes into space, causing temperatures to drop more significantly. With cloud cover, less heat escapes, resulting in warmer nighttime temperatures, often referred to as the 'greenhouse effect' of clouds."
What or Who is Decaffeination?,5787,"Decaffeination is the process of removing caffeine from coffee beans, tea leaves, cocoa, and other caffeine-containing materials. Various methods exist, including solvent-based processes and Swiss Water Process. The goal is to maintain the flavor and aroma while reducing the caffeine content. Decaffeinated products are popular among those who wish to limit their caffeine intake for health or personal reasons."
What or Who is New Math?,5788,"New Math was an educational reform movement in the 1960s aimed at teaching mathematical concepts through abstract, conceptual methods rather than rote learning. It introduced topics like set theory and abstract algebra at an earlier age. The goal was to improve mathematical understanding and problem-solving skills. Although initially popular, it faced criticism for being too complex and was largely phased out in favor of more traditional methods."
"Since batteries are essentially reduction-oxidation reactions, why do most batteries say not to charge them since this is just reversing the reaction? What is preventing you from charging them anyway?",5789,"Most batteries advise against recharging because doing so with non-rechargeable batteries can be dangerous. Non-rechargeable batteries, like alkaline batteries, are not designed to undergo the chemical reactions needed for charging, which can cause leakage, overheating, or even explosions. Rechargeable batteries have specific materials and designs that safely handle the reversible reactions involved in charging and discharging."
What effect does Viagra have on a [biological] female?,5790,"Viagra, known primarily for treating erectile dysfunction in males, influences blood flow by relaxing blood vessels. For biological females, it can increase genital blood flow, potentially enhancing sexual arousal and sensitivity. Studies suggest it could aid in treating sexual dysfunction in females, especially post-menopause or those on antidepressants, but it's not widely approved for this use. The response varies greatly among individuals and is still under research. Consultation with a healthcare provider is recommended for potential off-label use."
Converting a BAM file into VCF,5791,"Converting a BAM file (which stores sequence alignment information) to a VCF file (which lists genetic variants) involves several steps. First, use a tool like GATK or bcftools to call variants from the BAM file. This process interprets the alignments and identifies differences from a reference genome, generating a VCF file. It's essential to ensure high-quality sequence data and appropriate settings to accurately capture genetic variations. Tools generally provide documentation to guide through this process step-by-step."
Converter between PDB or mmCIF and MMTF,5792,"To convert between PDB or mmCIF and MMTF (a compact format for macromolecular structures), you can use tools like `mmjsonio` or `mmtf-python`. These libraries read PDB or mmCIF files and convert them to MMTF format. The process involves parsing the original file formats, extracting atomic coordinates, and encoding them in the binary MMTF format. This conversion facilitates efficient storage and quick access to structural data, enhancing computational performance in bioinformatics applications."
Are there non-rotating objects in the universe?,5793,"In the universe, all objects exhibit some form of rotation due to the conservation of angular momentum from their formation processes. Even seemingly 'still' objects are rotating, albeit very slowly. This includes planets, stars, and galaxies. Absolute non-rotation would require a perfect, external negation of any angular motion, which is highly improbable given the dynamic interactions in the cosmos. Hence, non-rotating objects are not observed in nature."
"Why and how do some hairs ""know"" when to stop growing (e.g. eyebrows, arms, eyelashes) while others (e.g. scalp, beard) doesn't seem to?",5794,"Hair growth is regulated by the hair follicle's lifecycle, consisting of growth (anagen), cessation (catagen), and rest (telogen) phases. Eyebrows, arm hair, and eyelashes have shorter anagen phases, hence they stop growing sooner. Scalp hair has a prolonged anagen phase, allowing longer growth. Genetic and hormonal factors determine these cycles, ensuring hair length variations across different body parts. This growth regulation is vital for maintaining bodily function and appearance."
Reaction of alcohols with PCl5 and PCl3,5795,"When alcohols react with phosphorus pentachloride (PCl5), they form alkyl chlorides, releasing HCl and POCl3. For instance, ethanol reacts with PCl5 to produce chloroethane. With phosphorus trichloride (PCl3), alcohols typically react to form alkyl chlorides and phosphorous acid (H3PO3). These reactions are significant in organic synthesis for converting alcohols into more reactive halides, facilitating further chemical transformations."
"The Spanish Flu of 1918 was a strain of H1N1, but how do we know that?",5796,"The identification of the Spanish Flu of 1918 as an H1N1 strain was achieved through the study of preserved tissue samples from victims. Modern genetic techniques allowed scientists to isolate and sequence the viral RNA. By comparing these sequences with known influenza viruses, researchers determined it belonged to the H1N1 subtype. This methodology demonstrates how advances in molecular biology can uncover historical pathogen identities."
BAM to BigWig without intermediary BedGraph,5797,"To convert BAM to BigWig without an intermediary BedGraph, you can use tools like `deeptools` or `bamCoverage`. These tools directly read the BAM file, process the coverage information, and output a BigWig file. BigWig files efficiently represent continuous data, such as read coverage, making them suitable for visualization in genome browsers. Direct conversion ensures streamlined data processing and reduced storage requirements."
Was the super massive black hole at the center of the Milkyway ever anything else?,5798,"The supermassive black hole at the Milky Way's center, known as Sagittarius A*, likely formed through the collapse of massive gas clouds or the merging of smaller black holes. These precursors accumulated mass over time by attracting surrounding matter. Studying such black holes offers insights into galaxy formation and evolution. While its origins are complex, it has always been massive since its creation, continually growing by accreting material."
Behavior of `--reference` flag with samtools sort,5799,"The `--reference` flag in `samtools sort` specifies a reference sequence to validate sequence names and order during sorting. This ensures consistent alignment with the reference genome and enhances compatibility with downstream analysis tools. By providing the reference, samtools ensures that the output is correctly organized, helping maintain data integrity and facilitating accurate variant calling and other genomic analyses."
How to intuitively understand eigenvalue and eigenvector?,5800,"To understand eigenvalues and eigenvectors intuitively, consider a transformation that stretches or shrinks vectors without changing their direction. An eigenvector is a vector that does not change direction under this transformation, although it may get longer or shorter. The eigenvalue tells us how much this stretching or shrinking happens. For example, if you think of a spinning wheel, the spokes are akin to eigenvectors, and the eigenvalues would be the scaling factor of each spoke if the wheel changes size but the spokes remain in their original directions."
"Since water boils at lower temperatures at high altitudes, will boiling water at high elevation still sanitize it?",5801,"Boiling water at high altitudes does sanitize it, although the process may need more time. At higher elevations, water boils at temperatures lower than 100°C (212°F) due to reduced atmospheric pressure. However, even at lower boiling points, the heat is usually sufficient to kill most pathogens. To ensure safety, it is recommended to boil the water for a longer duration, typically at least 1-3 minutes, to achieve effective purification."
Why does the series $\sum_{n=1}^\infty\frac1n$ not converge?,5802,"The series $
1 + rac{1}{2} + rac{1}{3} + rac{1}{4} + ...$ does not converge because its terms do not approach zero quickly enough. If you add up the terms, the sum increases without bound, meaning it grows infinitely larger. Each additional term, while smaller than the previous, is just large enough to prevent the sum from settling on a finite value. This characteristic defines a divergent series, contrasted with a convergent series where the sums approach a specific number."
Why India is the only place commonly called a subcontinent?,5803,"India is called a subcontinent due to its distinct geographical and cultural identity within the larger Asian continent. It is geographically separated by natural boundaries such as the Himalayas to the north and the Indian Ocean to the south. Culturally and historically, India has unique attributes that differentiate it from the rest of Asia, including diverse languages, religions, and traditions. This combination of geographic and cultural factors justifies its designation as a subcontinent."
120-year-old gene regulation problem independently solved by a computer. How?,5804,"The 120-year-old gene regulation problem was solved by a computer due to advanced algorithms and immense computational power. By analyzing large datasets and patterns beyond human capability, machines can identify subtle trends and relationships within the data. Machine learning and artificial intelligence allow computers to explore more possibilities and derive insights from complex, multi-dimensional genetic information, thus solving intricate biological problems previously intractable by traditional methods."
What or Who is Stephen Wolfram?,5805,"Stephen Wolfram is a renowned scientist, mathematician, and entrepreneur known for his contributions to computer science and theoretical physics. He is the creator of Mathematica, a powerful computational software, and Wolfram Alpha, a knowledge engine that answers factual queries. Wolfram is also known for his work on cellular automata and complex systems, elaborated in his book 'A New Kind of Science,' which explores the link between simple rules and complex behaviors."
What is Copper Thieving and why use it?,5806,"Copper thieving involves placing small pieces of copper on printed circuit boards (PCBs). This practice is used to ensure a uniform layer of copper during the electroplating process, which deposits copper onto the PCB. Without this, the areas with less exposure can have thinner copper layers, leading to weaker electrical connections. By 'thieving' copper evenly across the PCB, manufacturers ensure consistent quality and reliability in the final electronic product."
What's the cheapest way to link a few microcontrollers wirelessly at low speeds over short distances,5807,"The cheapest way to link a few microcontrollers wirelessly over short distances is using Bluetooth Low Energy (BLE) modules. BLE is cost-effective, requires minimal power, and is suitable for short-range communication. Modules like the HC-05 or ESP32 are popular for such applications due to their affordability and straightforward integration with microcontrollers. They facilitate wireless data transfer for tasks like sensor readings or simple control commands."
Bottom to top explanation of the Mahalanobis distance?,5808,"Mahalanobis distance is a measure of the distance between two points that accounts for correlations in the data. At its core, it compares the difference between two points while considering the dataset's variance and covariance. Imagine you have a cloud of data points stretching in various directions; Mahalanobis distance adjusts for this spread, making it more accurate than simple Euclidean distance. It helps in identifying outliers and is used in classification and anomaly detection because it incorporates the underlying data structure."
What or Who is Lal Bagh?,5809,"Lal Bagh is a renowned botanical garden located in Bangalore, India. It was commissioned in the 18th century by Hyder Ali and later expanded by his son Tipu Sultan. Lal Bagh covers an area of over 240 acres and houses over 1,000 species of flora, along with a majestic glasshouse that hosts flower shows. The garden is a symbol of Bangalore's rich horticultural tradition and serves as a popular tourist attraction and a green oasis in the bustling city."
What or Who is Soyuz (spacecraft)?,5810,"The Soyuz spacecraft, developed by the Soviet Union and now operated by Russia, is a series of spacecraft designed for human spaceflight. First launched in 1967, it has been used for various missions, including transporting astronauts to space stations like Mir and the International Space Station. The Soyuz is known for its reliability and comprises three modules: the Orbital Module, the Descent Module, and the Service Module. Its design allows for safe reentry and landing back on Earth."
Supercomputer Vs Human Brain,5811,"A supercomputer is a highly advanced computer capable of processing vast amounts of data at incredible speeds, often used for complex simulations and calculations. In contrast, the human brain excels in parallel processing, intuition, and understanding abstract concepts. While supercomputers can perform specific tasks much faster than the human brain, the brain remains unmatched in flexibility, creativity, and learning. For example, a supercomputer might solve a mathematical problem in seconds that would take a human years, but it cannot understand the nuances of human emotions or context as the brain does."
What kind of glue should I use for PCB-mounted components to avoid vibrations?,5812,"For vibration-sensitive PCB-mounted components, a silicone-based adhesive is recommended due to its flexibility and strong bond. Silicone adhesives can absorb vibrations and prevent components from detaching or moving, ensuring the stability and longevity of the circuit board. An example is using RTV (Room Temperature Vulcanizing) silicone, which provides strong adhesion and remains flexible over a wide range of temperatures."
Is there value in using a model that fails at validation against measurements?,5813,"Using a model that fails at validation against measurements can still hold value. It can highlight gaps in data, underlying assumptions, or unaccounted variables, guiding further research. For example, a climate model that fails to predict certain weather patterns may point to necessary adjustments in understanding atmospheric processes. Such lessons can eventually lead to more accurate and reliable models."
What or Who is Corpuscular theory of light?,5814,"The Corpuscular theory of light, proposed by Sir Isaac Newton in the 17th century, posits that light is made up of small particles called corpuscles. This theory helped explain phenomena such as reflection and refraction. However, it could not adequately explain other behaviors of light, such as interference and diffraction, leading to the development of the wave theory of light. Despite its limitations, the corpuscular theory was a crucial step in the evolving understanding of light."
Why is ATP the preferred choice for energy carriers?,5815,"ATP, or Adenosine Triphosphate, is the preferred energy carrier in cells due to its efficient energy transfer capability. It stores energy in high-energy phosphate bonds, which, when broken, release energy that cells can use for various functions like muscle contraction and cellular respiration. For instance, when you eat, your cells convert food into ATP, which then fuels activities such as walking and thinking. The reversible process of ATP formation and utilization makes it a highly versatile energy currency in biological systems."
How did ancient people keep stored water supplies such as cisterns safe to drink?,5816,"Ancient people employed several methods to keep stored water supplies safe. They often used cisterns made from stone or plaster-lined pits to collect and store rainwater. To prevent contamination, they covered cisterns and used basic filtration systems like sand and gravel. They also sometimes added herbs known for their antimicrobial properties. For example, Greeks and Romans used techniques like boiling water or adding silver coins, known for their disinfectant qualities, to their water storage."
What should be the oxidation state of oxygen in HOF (hypofluorous acid)?,5817,"In hypofluorous acid (HOF), the oxidation state of oxygen is -2. This is because oxygen usually has an oxidation state of -2 in most compounds. In HOF, the hydrogen has an oxidation state of +1, and fluorine, being the most electronegative element, has an oxidation state of -1. When these states are accounted for, the oxygen must be -2 to balance the overall charge to zero."
Why do tattoos persist if body cells are regularly renewed?,5818,"Tattoos persist because the ink is deposited into the dermis, a layer of skin below the epidermis where cells are more stable and not frequently renewed. Despite the body's immune response trying to clear the foreign ink, the particles are too large for complete removal. Macrophages, a type of immune cell, attempt to engulf the ink, but once they die, new macrophages take up the particles, thus maintaining the tattoo."
Electrical conductivity of graphite,5819,"Graphite, a form of carbon, exhibits high electrical conductivity due to its structure. Each carbon atom forms three bonds, creating sheets of hexagonal arrays. These sheets can slide over each other and have free electrons that move easily, enabling the flow of electricity. Unlike diamond, another carbon form, where all electrons are tightly bonded, graphite's free electrons allow it to conduct electricity efficiently."
why is a chip on a credit card considered ‘safer’ than swiping the magnetic strip?,5820,"A chip on a credit card is considered safer than swiping the magnetic strip because it uses encryption to protect the transaction data. When you insert or 'dip' a chip card, it generates a unique transaction code that cannot be used again. In contrast, swiping a magnetic strip simply reads unchanging data directly from the strip, which can be easily copied and used for fraudulent purposes. The dynamic data protection offered by chip cards makes it more difficult for fraudsters to steal and reuse information, thereby enhancing security for both consumers and merchants."
How did long pre-industrial ship voyages deal with drinking water?,5821,"Long pre-industrial ship voyages dealt with drinking water by storing fresh water in large wooden barrels. To prevent the water from becoming stagnant and contaminated, sailors would collect rainwater when possible. They also carried water purifying agents like vinegar or citrus juices to maintain quality. Additionally, they boiled seawater to produce drinkable fresh water through a process called distillation. These methods ensured that sailors had access to potable water, which was essential for long voyages where resupply was not feasible."
"Why is the Vitamin B complex, a ""complex""?",5822,"The Vitamin B complex is a 'complex' because it consists of several related but distinct vitamins that often coexist in the same foods and play interrelated roles in the body's metabolism. The group includes vitamins such as B1 (thiamine), B2 (riboflavin), B3 (niacin), B5 (pantothenic acid), B6 (pyridoxine), B7 (biotin), B9 (folic acid), and B12 (cobalamin). Each of these vitamins contributes to important bodily functions like energy production and the creation of red blood cells, hence the term 'complex' rather than a single nutrient."
What or Who is Reflection coefficient?,5823,"The reflection coefficient is a measure used in physics and engineering to describe how much of a wave (such as light or sound) is reflected by a surface compared to how much is transmitted through it. Mathematically, it is the ratio of the reflected wave's amplitude to the incident wave's amplitude. This value is important in designing materials and systems for different applications, such as in acoustics, optics, and telecommunications, to ensure optimal performance."
"Why does the FASTA sequence for coronavirus look like DNA, not RNA?",5824,"The FASTA sequence for the coronavirus looks like DNA because it provides a stable representation of the genetic information. Despite coronaviruses being RNA viruses, the sequence is often converted to a complementary DNA (cDNA) sequence for analysis and storage. DNA is more stable and easier to work with in laboratory settings. This allows scientists to study and share the genetic code of the virus efficiently, aiding in research and development of treatments."
"If Tesla was on the path of making electricity be conducted through air, like WiFi, how come we can't do it now since technology advanced so much?",5825,"Nikola Tesla envisioned wireless transmission of electricity, and while the concept seemed promising, it faced significant practical challenges. Modern technology has not yet achieved efficient, large-scale wireless electricity transfer for several reasons, including energy loss over distance, potential health risks, and interference with existing communication networks. While advancements like wireless charging for small devices exist, replicating Tesla's vision on a larger scale requires breakthrough innovations in energy transfer efficiency and safety."
What or Who is Loon LLC?,5826,"Loon LLC is a subsidiary of Alphabet Inc. that aimed to provide internet access to remote and rural areas by using high-altitude balloons. These balloons were equipped with transceivers that could deliver internet connectivity to areas with limited infrastructure. The innovation addressed the global digital divide by bringing the internet to underserved regions. However, as of 2021, the project was discontinued due to high costs and logistical challenges."
Maximum spin rate of a black hole?,5827,"The maximum spin rate of a black hole is determined by its angular momentum and is quantified using the dimensionless spin parameter, which ranges from 0 (no spin) to 1 (maximal spin). For a black hole to be considered maximally spinning, this parameter must be 1, meaning it spins at the fastest rate possible without violating the laws of physics. This is equivalent to the black hole's event horizon rotating at the speed of light."
Is ridge regression useless in high dimensions ($n \ll p$)? How can OLS fail to overfit?,5828,"Ridge regression is not useless in high dimensions (where the number of features, p, is much larger than the number of observations, n). Instead, it helps prevent overfitting by adding a penalty for large coefficients, thereby shrinking them and improving generalization to new data. Ordinary least squares (OLS) can fail in high dimensions because it will fit the training data perfectly, capturing noise and leading to poor performance on new data. Ridge regression mitigates this by balancing fit and complexity."
"If for some reason you have a handful of feces in your hand and you wash it off with disinfectant soap but your hand still smells like feces, does that mean your hand is still contaminated?",5829,"If your hand still smells like feces after washing with disinfectant soap, it means microscopic residues are likely still present. Odors are caused by volatile molecules, and while the majority of contaminants may be removed, lingering molecules can still emit a smell. However, it does not necessarily mean dangerous pathogens remain. Rewashing, scrubbing with a brush, or using a stronger disinfectant can remove persistent residues."
What or Who is Cambrian explosion?,5830,"The Cambrian explosion was a significant event in Earth's history, occurring around 541 million years ago. During this period, there was a rapid diversification of life forms, with many major groups of animals first appearing in the fossil record. This explosion of life is notable because it marks the point where most of the major animal phyla originated. Before the Cambrian explosion, most organisms were simple and composed mostly of individual cells. Examples of creatures from this period include trilobites and the first known chordates. This event helps scientists understand the early evolutionary history of complex life on our planet."
What or Who is Water clock?,5831,"A water clock, also known as a clepsydra, is an ancient timekeeping device that measures time by the flow of water from one container to another. It dates back to several early civilizations, including the Egyptians and Greeks. The basic idea involves water dripping at a steady rate through an orifice, with the receiving container marked with lines to indicate the passage of time. One famous example is the Greek water clock, which was used in marketplaces to regulate the amount of time each vendor had for their turn. This invention helped people measure time before the advent of mechanical clocks."
How to compute RPKM in R?,5832,"RPKM, or Reads Per Kilobase of transcript, per Million mapped reads, is a normalization method used in RNA sequencing. To compute RPKM in R, follow these steps: First, count the number of reads mapped to each gene. Then, divide this by the gene's length in kilobases (to account for gene length variability). Finally, divide by the total number of reads mapped in the experiment (in millions) to normalize for sequencing depth. This can be implemented in R using simple arithmetic operations on your dataset and summarizing the counts appropriately."
How do we induce a coma and how exactly does it help the patient?,5833,"Inducing a coma involves administering drugs to make a patient unconscious and unresponsive. This controlled state gives the brain time to heal by reducing its activity and the body's metabolic rate. For instance, traumatic brain injuries or severe epilepsy might benefit from a medically induced coma. By calming brain activity, it can prevent further damage and swelling. The patient is closely monitored, and the drugs are carefully adjusted by medical professionals to ensure safety throughout the coma period."
Multithread fastq processing with kseq.h in C++11?,5834,"Multithreaded processing of FASTQ files using the kseq.h library in C++11 involves splitting the work across multiple threads to speed up processing. You would begin by creating a pool of threads using the C++11 `<thread>` library. Each thread would read chunks of the FASTQ file independently, process the sequences, and then combine the results. Using thread-safe mechanisms such as mutexes ensures that data integrity is maintained. This approach leverages multi-core processors to handle bioinformatics tasks more efficiently."
What's the difference between a confidence interval and a credible interval?,5835,"A confidence interval and a credible interval both indicate a range of values for a parameter but differ in their interpretation and methodology. A confidence interval, used in frequentist statistics, is a range wherein if you repeat the experiment many times, the true parameter value would fall within this range in a certain percentage of cases (usually 95%). A credible interval, used in Bayesian statistics, provides a direct probability statement about the parameter; for example, there is a 95% probability that the parameter lies within this range given the data. Both provide insights into uncertainty but have different foundations."
"what is the reason that almost every video game today has removed the ability for split screen, including ones that got famous and popular from having split screen?",5836,"Many modern video games have removed split screen functionality primarily due to technical and design considerations. High-definition graphics and complex game physics demand significant processing power, which can be challenging to split between multiple screens on the same console. Additionally, online multiplayer gaming has become more prevalent, reducing the need for local split screen modes. Game developers often prioritize delivering the best possible performance and visual quality, which split screen modes may compromise."
Is there geological evidence that the moon once collided with the Earth?,5837,"There is geological evidence that the Moon was formed from debris resulting from a collision between Earth and a Mars-sized body called Theia. This hypothesis, known as the Giant Impact Hypothesis, is supported by similarities in the composition of Earth and Moon rocks. Isotopic analyses show that lunar material shares unique chemical signatures with Earth, suggesting a common origin. Additionally, computer models of the impact provide a plausible scenario for the Moon's formation, explaining its size and orbit."
How do third party headphones with volume control and play/pause buttons send a signal to my phone through a headphone jack?,5838,"Third-party headphones with inline controls send signals to your phone through electrical resistance changes in the headphone jack circuitry. When you press buttons on the inline remote, they alter the resistance in a specific way that the phone's circuitry detects and interprets as commands. For example, varying resistance levels can correspond to volume up, volume down, or play/pause commands. These signals are then processed by the phone to perform the desired actions."
What or Who is Storm chasing?,5839,"Storm chasing is the pursuit of severe weather phenomena, such as tornadoes or thunderstorms, for various purposes including research, photography, and thrill-seeking. Storm chasers often use specialized vehicles and instruments to track and study these events. For example, meteorologists might chase storms to gather data on storm development and behavior, which can enhance weather prediction models. Enthusiasts, on the other hand, may chase storms to capture dramatic weather footage. Despite the risks, storm chasing can provide valuable scientific insights and captivating imagery."
"Can years long chronic depression IRREVERSIBLY ""damage"" the brain/ reduce or eliminate the ability to viscerally feel emotions?",5840,"Chronic depression can indeed affect the brain over time. Prolonged depression is associated with changes in brain structures such as the hippocampus, which is crucial for emotion regulation and memory. This can lead to difficulties in feeling emotions deeply, a condition known as emotional blunting. While these changes can be significant, they are not necessarily irreversible. Treatments like therapy, medications, and lifestyle changes can help alleviate symptoms and potentially restore emotional function to some degree."
What or Who is Theorem?,5841,"A theorem is a statement or proposition that has been proven based on previously established statements, such as other theorems or axioms. It's a pivotal part of mathematics and logic that provides a foundation for various mathematical theories. The proof ensures that the theorem is universally true under the given conditions. For example, the Pythagorean theorem in geometry establishes the relationship between the sides of a right triangle."
Is Earth's moon the only one where a total eclipse of the sun covers the entire sun?,5842,"Earth's moon is not unique in causing total solar eclipses, but it is special in that it perfectly covers the Sun. This occurs because the apparent sizes of the Moon and the Sun in the sky are nearly identical. Other moons in the solar system can also cause eclipses, but they don't match the Sun's size as precisely. This precise matching creates the spectacular and rare occurrence of a total solar eclipse visible from Earth."
Is there an ideal PWM frequency for DC brush motors?,5843,"The ideal Pulse Width Modulation (PWM) frequency for DC brush motors typically ranges from 1 kHz to 20 kHz. Lower frequencies can cause audible noise and vibrations, while higher frequencies result in smoother motor performance. The exact frequency depends on the motor's characteristics and the application requirements. For example, if noise is an issue, a higher PWM frequency above the audible range (above 20 kHz) might be used to prevent audible humming."
What or Who is Conjecture?,5844,"A conjecture is a hypothesis or educated guess that appears to be true based on observations but has not yet been proven. It is often used as a stepping stone in further research and experimentation. For example, the famous Goldbach's Conjecture proposes that every even integer greater than two is the sum of two prime numbers, but it remains unproven despite extensive testing."
What or Who is Deke Slayton?,5845,"Deke Slayton was an American astronaut and one of the original NASA Mercury Seven astronauts. Though initially grounded due to a medical condition, he eventually flew as the docking module pilot on the Apollo-Soyuz Test Project in 1975. He played a significant role in NASA's early human spaceflight missions and later in the development of the Space Shuttle program."
Is there a correct resistance value for I2C pull-up resistors?,5846,"Yes, the correct resistance value for I2C pull-up resistors can vary, typically ranging between 1 kΩ and 10 kΩ, depending on the specifics of the circuit design and components. A common value is 4.7 kΩ. The appropriate resistor value ensures reliable communication without excessive power consumption. It must be chosen based on factors like bus capacitance and rise time specifications."
"When inside a large group of people (at a stadium, concert, festival), why does your phones internet data stop working despite having full bars? Why does such a large presence of phones in one area limit every phones’ usability and ability to even simply send a text message?",5847,"When in a large crowd, the mobile network cells can become overloaded due to the sheer number of devices trying to connect simultaneously. Despite having full bars, which indicate a strong signal, the network can struggle to handle the high demand, leading to reduced internet speeds and difficulties even in sending text messages. This congestion affects the overall network performance for everyone in that area."
How did they beam back live images from the moon before the invention of the CCD or digital sensor?? What device turned the image into radio waves?,5848,"Live images from the Moon during the Apollo missions were transmitted using a television camera that converted optical images into an electrical signal. This analog signal was sent back to Earth over radio waves. Early cameras used technologies like the Vidicon tube, which scanned an image and converted it into electrical impulses, enabling real-time video transmission without digital sensors."
What or Who is Forest cover by state and territory in the United States?,5849,"Forest cover by state and territory in the United States refers to the area of land covered by forests in each state and territory. This information is used for ecological, environmental, and land management purposes. For example, states like Maine and Oregon are known for their extensive forested areas, which play crucial roles in carbon sequestration and biodiversity."
What or Who is Sextant?,5850,"A sextant is a navigation instrument used to measure the angle between two visible objects, often used by sailors to determine their position by measuring the angle between a celestial object and the horizon. This measurement helps in calculating latitude and longitude, crucial for navigation at sea."
What or Who is Mass flow sensor?,5851,"A mass flow sensor, also known as a mass air flow sensor, is a device used in internal combustion engines to measure the amount of air entering the engine. This measurement is critical for the engine's control unit to determine the right amount of fuel to inject, ensuring efficient combustion and optimal performance."
What is the role of pH in azo coupling reaction of diazonium with phenol and aniline?,5852,"In an azo coupling reaction, pH plays a crucial role in the formation of the azo compound. When diazonium reacts with phenol, an alkaline pH is required to deprotonate phenol, making it more reactive. Conversely, aniline requires a slightly acidic to neutral pH to keep the amino group protonated, enhancing its reactivity with diazonium."
What is this crawling next to my house?,5853,"Without a clear description or image, it's challenging to identify what might be crawling next to your house. Common possibilities include insects like ants or beetles, or arachnids like spiders. Observing specific traits like shape, size, color, and behavior can help in identification."
Why does peeing after sex help prevent uti's?,5854,"Peeing after sex helps prevent urinary tract infections (UTIs) by flushing out any bacteria that may have entered the urethra during sexual activity. This reduces the likelihood of bacteria traveling up into the bladder, where they can multiply and cause an infection."
Why isn't the American nickel magnetic?,5855,"The American nickel is not magnetic because it is composed of 75% copper and 25% nickel. While pure nickel has magnetic properties, this specific alloy does not exhibit strong magnetism due to the high copper content, which interferes with the magnetic properties of the nickel."
Why do Earth and Venus have different atmospheres?,5856,"Earth and Venus have different atmospheres due to differences in their distances from the Sun, geological activity, and chemical compositions. Earth has a nitrogen-oxygen atmosphere due to moderate temperatures and liquid water. In contrast, Venus has a thick carbon dioxide atmosphere with sulfuric acid clouds, resulting in extreme greenhouse effects and high surface temperatures."
What does this lambda–sigma notation mean?,5857,"Lambda–sigma notation is not a standard term and may refer to a combination of mathematical or scientific symbols. To offer a meaningful explanation, more context is needed. Lambda (λ) often represents wavelength in physics, while sigma (σ) is used for summation in mathematics or variability in statistics."
Why does an electrical shock freeze up muscles?,5858,"An electrical shock can freeze muscles due to the sudden and overwhelming electrical signals disrupting normal muscle contraction and relaxation processes. The strong, unintended currents cause all muscle fibers to contract simultaneously and involuntarily, resulting in muscle stiffness or 'freezing'."
What or Who is Bertrand Russell?,5859,"Bertrand Russell was a British philosopher, logician, mathematician, and social critic. He is known for his work in analytical philosophy and mathematical logic, and his advocacy for pacifism and social reform. Russell made significant contributions to various fields and authored many influential works, including 'Principia Mathematica' and 'The Problems of Philosophy'."
What or Who is Interdimensional UFO hypothesis?,5860,"The Interdimensional UFO hypothesis suggests that unidentified flying objects (UFOs) may originate from different dimensions or realms that coexist with our own. This idea posits that these phenomena are not extraterrestrial, but rather interdimensional beings or machines. This theory connects to the concept of multiple dimensions in physics, where different dimensions may have unique properties and be inaccessible from our own. For example, these UFOs could be traveling through dimensions in ways we do not yet understand, making them appear and disappear inexplicably."
Importing GFF file with Biopython,5861,"To import a GFF (General Feature Format) file with Biopython, you can use the `Bio.SeqIO` module. First, install Biopython if you haven't already. Then, use the following steps: Import the SeqIO module using `from Bio import SeqIO`. Next, read the GFF file using a command like `SeqIO.parse(""filename.gff"", ""gff"")`. This command returns an iterator with sequences that you can loop through and manipulate as needed."
"If we can see cells with a microscope, why can’t we just keep adding lenses/magnification to see atoms fairly clearly (with electrons etc.)?",5862,"Seeing cells with a microscope is possible because cells are relatively large compared to atoms. However, microscopes that use light have a limit due to the wavelength of light, which is much larger than an atom. To see atoms, we need instruments like electron microscopes that use electrons instead of light. Even then, observing subatomic particles, such as electrons, requires more advanced techniques like scanning tunneling microscopy (STM). Each method has limits based on physics, particularly the wave-nature of particles and the Heisenberg Uncertainty Principle."
"Is it possible to suffer permanent damage if a part of your body ""falls asleep"" for long enough?",5863,"When a part of your body ""falls asleep,"" it is usually due to temporary nerve compression or reduced blood flow. In most cases, this is harmless and reversible. However, if this condition persists for a long time, it can lead to permanent nerve damage and can cause chronic pain or loss of sensation. It is important to move and avoid maintaining any single position for too long to prevent this from happening."
What or Who is Unani medicine?,5864,"Unani medicine, also known as Yunani medicine, is a traditional system of healing and health maintenance observed in South Asia. Its roots are attributed to the works of the ancient Greek physician Hippocrates and later expanded upon by Persian and Arab doctors. Unani medicine focuses on balancing bodily fluids called humors, using natural remedies, diet, and lifestyle changes for treating ailments."
What or Who is Haversine formula?,5865,"The Haversine formula is used to calculate the shortest distance between two points on the surface of a sphere, which is essential for determining distances on Earth given the planet's spherical shape. The formula uses latitude and longitude coordinates to compute this distance accurately, accounting for the Earth's curvature. It is widely used in navigation systems, such as GPS, to calculate the most efficient travel routes."
Why doesn't Random Forest handle missing values in predictors?,5866,"Random Forest, a machine learning algorithm, doesn't inherently handle missing values because it assumes all necessary data is present to make splits during the decision process. Strategies to handle missing values include imputing missing data with average values or other statistics before using Random Forest. Some implementations, however, provide ways to handle missing values using surrogate splits or other methods, but these are not standard across all versions."
Why can't calculus be done on the rational numbers?,5867,"Calculus involves operations like taking limits, derivatives, and integrals, which often require continuity. The set of rational numbers, while dense, is not continuous; it has gaps. To accurately describe change and accumulation, calculus needs the unbroken continuum provided by the real numbers, which include all possible points without any gaps. Therefore, while you can perform some operations on rational numbers, calculus is fundamentally based on the real numbers."
Is it possible for a computer to count to 1 googolplex?,5868,"A googolplex is an incomprehensibly large number, written as 1 followed by a googol zeroes (a googol being 10^100). Practical limitations of time and physical resources make it impossible for any computer to count to a googolplex. Even if a computer could count one number per second, it would far exceed the age of the universe to reach a googolplex, surpassing any feasible computing capabilities."
What or Who is Statistical hypothesis test?,5869,"A statistical hypothesis test is a method used in statistics to determine if a hypothesis about a parameter in a population is supported by sample data. It involves comparing observed data against a null hypothesis (the default assumption) to see if the data significantly deviates from what is expected. For example, you might test if a new drug is more effective than a placebo by comparing patient outcomes in both groups."
What or Who is Facial symmetry?,5870,"Facial symmetry refers to the degree to which one side of a human face mirrors the other. High facial symmetry is often associated with attractiveness because it suggests genetic health and stability. Symmetry represents physical robustness, which can indicate fewer genetic mutations. For example, if you draw a line down the center of a face and both sides are nearly identical, it shows high facial symmetry. It’s worth noting that perfect symmetry is rare in humans, as most faces have slight deviations."
Did neanderthals need vitamin C from the diet?,5871,"Yes, Neanderthals, like modern humans, required vitamin C from their diet because their bodies couldn't produce it. Vitamin C is essential for collagen production and the prevention of scurvy, a disease resulting from vitamin C deficiency. Neanderthals likely obtained vitamin C through their diet, which included fruits, vegetables, and possibly the consumption of raw animal organs, all of which are good sources of the vitamin."
"Why is it that, if you add any sequence of numbers like this (1 + 2 + 3 + 4 + 5 + 6 + 7 + 8 + 7 + 6 + 5 + 4 + 3 + 2 + 1), the sum is always the square of the largest number?",5872,"When you add a sequence of numbers like 1 + 2 + 3 + 4 + 5 + 6 + 7 + 8 + 7 + 6 + 5 + 4 + 3 + 2 + 1, the sum equals the square of the largest number, 8 in this case. This happens because the sequence is symmetric around the largest number, forming a perfect square when summed. For example, (1+15), (2+14), ..., (8+8) all add up to pairs that sum consistently, making it similar to multiplying the highest number by itself."
What or Who is Sea ice?,5873,"Sea ice is frozen ocean water that forms and floats on the ocean's surface. It plays a critical role in the Earth's climate by reflecting sunlight, which helps to regulate temperatures. Unlike icebergs, which are chunks of glaciers or ice shelves that break off and float in the ocean, sea ice originates directly from the freezing of seawater. Sea ice impacts local ecosystems and global weather patterns, making its study vital for understanding climate change."
What or Who is Jodrell Bank Observatory?,5874,"Jodrell Bank Observatory is an astronomical observatory located in Cheshire, England. It is part of the University of Manchester and houses several radio telescopes, with the Lovell Telescope being the largest. It has been instrumental in research on quasars, pulsars, and the cosmic microwave background. For example, it was pivotal in tracking the Russian Sputnik satellite in 1957. The observatory also promotes science education and public engagement."
Acidity of substituted phenols,5875,"The acidity of substituted phenols depends on the nature of the substituents attached to the benzene ring. Electron-withdrawing groups, like nitro (-NO2), increase acidity by stabilizing the negative charge on the oxygen atom after losing a proton. Conversely, electron-donating groups, like hydroxyl (-OH) or methyl (-CH3), decrease acidity by destabilizing this negative charge. For instance, 4-nitrophenol is more acidic than phenol, while 4-methylphenol is less acidic."
"What caused the bend in the Emperor/Hawaii chain of islands, 45 million years ago?",5876,"The bend in the Emperor/Hawaii chain of islands was caused by a change in the direction of the Pacific Plate's movement around 45 million years ago. Initially, the plate moved in a more northerly direction, creating the Emperor Seamounts. The change to a more westerly direction resulted in the formation of the Hawaiian Islands. This shift is thought to result from tectonic forces, possibly due to interactions with other plates in the Earth's crust."
Why doesn’t the Sun fill the sky on Mercury?,5877,"The Sun doesn't fill the sky on Mercury despite its proximity because Mercury, like all planets, orbits the Sun, meaning their relative sizes and distances maintain a balance governed by gravitational forces. While the Sun appears larger in Mercury's sky compared to Earth's because Mercury is closer, it still occupies a limited portion of the sky. For instance, the Sun appears about three times larger on Mercury, but it does not dominate the entire skyline."
How to version the code and the data during the analysis?,5878,"Versioning code and data during analysis involves maintaining records of changes to ensure reproducibility and organization. Use version control systems like Git for code, saving frequent checkpoints. For data, consider using databases or tools like DVC (Data Version Control) to track different versions. These practices help keep your work organized and allow you to revert to previous states if needed. Documenting changes in a clear manner is crucial for collaboration and future reference."
What happens if the explanatory and response variables are sorted independently before regression?,5879,"If the explanatory and response variables are sorted independently before regression, it disrupts their intrinsic relationship. Regression relies on paired observations, where each pair corresponds to a particular scenario or data point. Sorting variables independently removes this intrinsic pairing, leading to incorrect or meaningless statistical results. For example, if X and Y are sorted separately, their dependencies are ignored, making any derived model unreliable."
What or Who is Cadastre?,5880,"A cadastre is a comprehensive register of the real property in a specific area, including details like the spatial boundaries and ownership of land parcels. It is used in public administration to help with property valuation, land taxation, and dispute resolution. For example, local governments often rely on cadastres to determine property taxes based on documented land use and ownership data."
What or Who is Forty Six & 2?,5881,"""Forty Six & 2"" is a song by the band Tool which explores themes of personal growth and psychological evolution. The title refers to an idea from Jungian psychology and metaphysics suggesting an advanced state of human evolution marked by having 46 chromosomes plus 2 additional ones. The song uses this concept to delve into self-discovery and transformation."
Intuitive explanation of unit root,5882,"A unit root is a feature of some time series data where shocks have a long-lasting effect, meaning past values influence future values significantly. Imagine a drunkard's walk - each step depends heavily on the previous one. In economics, a GDP series with a unit root implies that random economic shocks impact the level of GDP persistently, rather than just temporarily."
What or Who is Voyager Golden Record?,5883,"The Voyager Golden Record is a phonograph record included aboard the Voyager spacecraft launched in 1977. It contains sounds and images selected to portray the diversity of life and culture on Earth, intended for any intelligent extraterrestrial life who might find it. The record includes greetings in 55 languages, music from different cultures, and natural sounds like thunder and animal calls."
Howcome we can see a campfire from miles away but it only illuminates such a small area?,5884,"We can see a campfire from miles away because its light travels in straight lines across great distances in the dark, reaching our eyes. However, the light only illuminates a small area because the intensity weakens as it spreads out. Just like a flashlight's beam, the further it extends, the less bright it becomes, reducing its ability to illuminate large areas."
Do rainbows contain light frequencies that we cannot see? Are there infrared and radio waves on top of red and ultraviolet and x-rays below violet in rainbow?,5885,"Rainbows do not contain light frequencies outside the visible spectrum such as infrared or ultraviolet. A rainbow is formed by the refraction, dispersion, and reflection of sunlight in water droplets, creating a spectrum of colors visible to the human eye. Infrared and ultraviolet light are part of the electromagnetic spectrum but fall outside the range our eyes can detect."
What or Who is David 8?,5886,"David 8 is a fictional character, an android in the 'Alien' film series, specifically in 'Prometheus' and 'Alien: Covenant.' Played by Michael Fassbender, he is designed to assist humans but exhibits a wide range of emotions and independent thinking. His complex behaviors raise questions about artificial intelligence and the boundaries between human and machine."
Is there a standard k-mer count file format?,5887,"There is no universally accepted standard file format for k-mer counts, but several common formats are used in practice. One of the most popular formats is the 'Kmer-Count' format, which is typically a plain text file where each line represents a k-mer and its count, separated by whitespace or tabs. Researchers often choose formats based on their specific needs and software compatibility."
Why do we feel tired if we sleep excessively?,5888,"Feeling tired from excessive sleep might seem counterintuitive, but it can disrupt your body's natural sleep-wake cycle, or circadian rhythm, leading to a sense of grogginess often termed sleep inertia. Just as not getting enough sleep can be detrimental, oversleeping can also interfere with your body's regular biological processes, leaving you feeling less rested."
What or Who is Pacific Northwest tree octopus?,5890,"The Pacific Northwest tree octopus is a fictional creature created as part of an internet hoax. The story claims that this octopus inhabits the temperate rainforests of the Olympic Peninsula in the Pacific Northwest region of North America. It is said to live both in water and on land, often climbing trees. This hoax highlights the importance of evaluating the credibility of information, particularly online, before accepting it as fact."
"I’ve read that when caterpillars are in their cocoons, they dissolve completely into goo; no original parts survive in the butterfly. How is the butterfly made from the goo? Is there an embryo that grows and uses the goo like a yolk sac? Or does the goo somehow arrange itself into new body parts?",5891,"When caterpillars transform into butterflies, they undergo a process called metamorphosis inside a cocoon or chrysalis. Although the caterpillar's body largely breaks down into a soup-like substance, some specialized groups of cells, called imaginal discs, survive. These discs are pre-programmed to develop into different parts of the butterfly, such as wings, legs, and eyes. The 'goo' provides the raw materials needed for these cells to build the new structures, resulting in the fully formed butterfly."
What or Who is Snowball Earth?,5892,"Snowball Earth refers to a hypothesis suggesting that the Earth experienced one or more extreme ice ages during the Proterozoic Eon, where the planet's surface was entirely or nearly entirely frozen. Evidence for this theory includes glacial deposits found in tropical regions. The Snowball Earth periods are thought to have ended due to volcanic activity that released large amounts of carbon dioxide, leading to a greenhouse effect and the eventual melting of the ice."
"How much does a covid-19 vaccine lower the chance of you not spreading the virus to someone else, if at all?",5893,"Covid-19 vaccines significantly reduce the likelihood of virus transmission. Vaccines decrease the amount of virus in an infected person's body, which lowers their chances of spreading it to others. While exact reduction percentages can vary between different studies and vaccine types, some studies suggest that vaccinated individuals can have around a 50-80% lower risk of passing the virus to close contacts compared to unvaccinated people."
What or Who is Sarin?,5894,"Sarin is a highly toxic, colorless, odorless liquid used as a chemical weapon. It falls under the category of nerve agents, which disrupt the normal functioning of the nervous system, leading to overstimulation of muscles and vital organs. Sarin inhibits an enzyme called acetylcholinesterase, causing muscles to continuously contract and potentially leading to respiratory failure and death. Due to its potency, it is classified as a weapon of mass destruction."
"Why is lithium the most reducing alkali metal, and not caesium?",5895,"Lithium is the most reducing alkali metal because it has a high standard electrode potential, meaning it readily donates electrons to form positive ions. While caesium also readily loses an electron due to its larger atomic size and lower ionization energy, lithium's small size and high charge density enable it to effectively participate in reduction reactions, particularly in non-aqueous solutions, more so than other alkali metals."
Selecting sites from VCF which have an alt AD > 10,5896,"This question pertains to bioinformatics, where 'VCF' stands for Variant Call Format, a file format used in genetics research. 'Alt AD > 10' means filtering genetic site records to include only those where the alternate allele depth (AD), a measure of the number of reads supporting a variant, exceeds 10. Selecting these sites helps ensure data quality and reliability in genetic variant analysis."
"A math contest problem $\int_0^1\ln\left(1+\frac{\ln^2x}{4\,\pi^2}\right)\frac{\ln(1-x)}x \ \mathrm dx$",5897,"This integral calculus problem involves advanced mathematical techniques and falls within the realm of special functions and complex analysis. Solving such problems usually requires a deep understanding of logarithmic integration and may involve contour integrals or series expansions. For a detailed solution, referencing advanced mathematical texts or seeking advice from a math expert would be necessary."
What or Who is Bachelor of Technology?,5898,"A Bachelor of Technology (B.Tech) is an undergraduate academic degree awarded for completing a course of study in the field of engineering or technology. The program typically lasts for four years and includes subjects like computer science, electrical engineering, mechanical engineering, and civil engineering. Graduates are equipped with the technical skills and knowledge required to enter the engineering profession or pursue further specialized education."
What or Who is Observatory?,5899,"An observatory is a facility or location equipped with telescopes and other instruments for observing celestial events and objects such as stars, planets, and galaxies. Observatories can be ground-based or space-based, like the Hubble Space Telescope. They are crucial for advancing our understanding of the universe by collecting data on light, radio waves, and other electromagnetic radiation emitted by cosmic bodies."
Why are there so few supernovae in M31 (Andromeda)?,5900,"The apparent scarcity of supernovae in M31, also known as the Andromeda Galaxy, is likely due to observational limitations and the nature of the galaxy's stellar population. Supernovae are rare events, and their detection depends on the observer's capability and timing. Andromeda's distance, at about 2.5 million light-years away, makes these events less noticeable to telescopes. Furthermore, Andromeda's stellar population, which includes many older stars, may not have as many candidates for supernovae, restricting the frequency of these explosive events."
How did helium deposits form?,5901,"Helium deposits formed primarily through the process of stellar nucleosynthesis within stars. In the cores of stars, hydrogen atoms fuse together under extreme pressure and temperature to create helium. This process releases immense energy that powers the star. Additionally, during the Big Bang, smaller amounts of helium were formed in the early universe. These two processes—stellar nucleosynthesis and Big Bang nucleosynthesis—account for most of the helium found today. On Earth, helium is often extracted from natural gas reserves, where it has accumulated over millions of years."
What or Who is Electron affinity (data page)?,5902,"Electron affinity is a concept in chemistry that describes the amount of energy released when an atom in the gas phase accepts an electron to form a negative ion. It is a measure of an atom's ability to attract and hold an extra electron. For example, chlorine has a high electron affinity because it readily gains an electron, releasing energy in the process. This concept helps chemists understand and predict chemical reactions, especially those involving ion formation."
What or Who is Longitude?,5903,"Longitude is a geographical coordinate that specifies the east-west position of a point on the Earth's surface. It is measured in degrees, with the prime meridian in Greenwich, England, defined as 0 degrees longitude. From there, degrees increase eastward up to 180 degrees and westward up to 180 degrees. Longitude, together with latitude, helps in accurately locating any place on Earth. For example, New York City is approximately located at 74 degrees west longitude."
Why is it that we don't remember falling asleep or the short amount of time leading up to us falling asleep?,5904,"We don't remember falling asleep or the moments just before because of how our brain transitions from wakefulness to sleep. This transition involves a gradual shift between different states of consciousness, during which the brain's ability to form new memories is reduced. This process is controlled by the body's internal clock and sleep-regulating mechanisms. Consequently, our awareness fades, and short-term memories do not get consolidated into long-term storage, leading to a lack of recollection."
How is evolution possible in contemporary humans?,5905,"Evolution in contemporary humans is possible due to the ongoing process of natural selection, genetic drift, and mutations. Human populations continue to adapt to changing environments, diets, diseases, and social structures. For example, the ability to digest lactose in adulthood has evolved in some human populations due to the domestication of dairy animals. Moreover, medical advances and global intermixing contribute to genetic diversity, providing a rich ground for potential evolutionary changes."
What or Who is Factorial experiment?,5906,"A factorial experiment is a type of scientific experiment where two or more variables are changed simultaneously to observe their interactions and understand their effects on a given outcome. This method allows researchers to study the combined effects of multiple factors, which is more efficient than examining one variable at a time. For example, in agriculture, a factorial experiment might test the effects of different amounts of water and fertilizer on crop yield to find the best combination for growth."
Difference between Random Forest and Extremely Randomized Trees,5907,"Random Forest and Extremely Randomized Trees are both ensemble learning methods used in machine learning for classification and regression tasks. Random Forest creates decision trees using random subsets of data and features, ensuring diversity among the trees. Extremely Randomized Trees, however, split nodes using random thresholds for each feature, in addition to random data subsets. This additional randomness usually results in a model that captures more diverse patterns but might also require careful tuning to avoid overfitting."
Does the variance of a sum equal the sum of the variances?,5908,"The variance of a sum of independent random variables is equal to the sum of their variances. This property holds because the variables do not influence each other's deviations from their means. Mathematically, if X and Y are independent, Var(X + Y) = Var(X) + Var(Y). However, if the variables are not independent, covariances between them must also be considered, and the formula becomes more complex."
Gibbs free energy-minimum or zero?,5909,"Gibbs free energy is a thermodynamic quantity that measures the maximum reversible work a thermodynamic system can perform at constant temperature and pressure. A system is at equilibrium when its Gibbs free energy is at a minimum. During spontaneous processes, Gibbs free energy decreases until it reaches this minimum, indicating no further net change in the system."
What or Who is Sabine Hossenfelder?,5910,"Sabine Hossenfelder is a German theoretical physicist, science communicator, and author. She is known for her work on quantum gravity and her critiques on the current scientific methodologies in theoretical physics. Sabine engages with the public through her blog 'Backreaction,' YouTube channel, and her book 'Lost in Math: How Beauty Leads Physics Astray,' where she discusses the influence of aesthetic biases in scientific research."
"Considering that the internet is a web of multiple systems, can there be a single event that completely brings it down?",5911,"The internet is a vast network of interconnected systems across the globe. While it is highly robust, theoretically, a single catastrophic event, such as a massive and well-coordinated cyberattack on core infrastructure or a significant solar storm disrupting satellites and electrical grids, could cause widespread disruptions. However, the internet's decentralized nature and redundancy systems across multiple layers make a total global shutdown highly improbable. Systems are designed to reroute and self-heal, though localized outages are more common and manageable."
Proper way of using recurrent neural network for time series analysis,5912,"Recurrent Neural Networks (RNNs) are ideal for time series analysis due to their ability to handle sequential data inputs. To use an RNN for time series, start by preprocessing data, normalizing it, and splitting it into training and test sets. Design an RNN with appropriate layers such as LSTM (Long Short-Term Memory) or GRU (Gated Recurrent Units) to capture temporal dependencies. Train the model on the historical data, ensuring to validate it for overfitting. Finally, use the trained model to make predictions on future data points, tweaking parameters as required for accuracy."
When is the closure of an open ball equal to the closed ball?,5913,"The closure of an open ball in a metric space is equal to the closed ball when the metric space is complete and the open ball does not reach the boundary of the space. Specifically, in Euclidean space, this is generally true under normal conditions: the closure of an open ball defined by all points within a fixed distance from the center will include all those points plus the boundary points at that distance, forming a closed ball."
"If an ant was the size of a human, would it still be able to lift 10x it’s body weight?",5914,"If an ant were scaled up to the size of a human, it likely would not retain the ability to lift 10 times its body weight. Strength in proportion to body weight decreases as size increases due to the square-cube law. As an object's size increases, its volume (and thus weight) grows faster than its surface area (and thus muscle cross-sectional area), making it proportionally weaker. An enlarged ant would thus struggle, as its muscles and skeletal structure are not scaled to handle the increased mass."
What or Who is Kirlian photography?,5915,"Kirlian photography is a technique named after Semyon Kirlian, who discovered it in 1939. It captures the electrical coronal discharges around objects, often creating a glow-like aura in photographs. It's often mistakenly associated with capturing a person's 'energy field' or 'aura', but scientifically it is caused by subjects being exposed to a high-voltage electric field, which ionizes the air around them and produces visible sparks or light."
What are the differences between Factor Analysis and Principal Component Analysis?,5916,"Factor Analysis (FA) and Principal Component Analysis (PCA) are both techniques for dimensionality reduction, but they differ in their objectives. PCA transforms the original variables into a new set of uncorrelated variables (principal components) that capture the variance in the data. It's primarily used for data compression and visualization. FA, on the other hand, focuses on modeling the data in terms of underlying factors that are believed to cause the observed correlations between variables, used often in psychology and social sciences to identify hidden influences."
What or Who is Inertial navigation system?,5917,"An Inertial Navigation System (INS) is a navigation aid that uses a computer, motion sensors (accelerometers), and rotation sensors (gyroscopes) to continuously calculate the position, orientation, and velocity of a moving object without needing external references. Commonly used in vehicles like submarines, aircraft, and spacecraft, it is highly reliable for short-term navigation; however, errors can accumulate over time if not corrected by external data such as GPS."
How is RNAse contamination in RNA based experiments prevented?,5918,"Preventing RNAse contamination in RNA-based experiments is crucial as RNAses are enzymes that degrade RNA. Strategies include using RNAse-free reagents and equipment, wearing gloves, using disposable plasticware, and employing RNAse inhibitors. Additionally, surfaces and tools can be treated with chemicals like DEPC (diethyl pyrocarbonate) to deactivate RNAses. Maintaining a clean work environment and following rigorous protocols helps ensure the integrity of RNA samples."
Meaning of BWA-MEM MAPQ scores,5919,"BWA-MEM MAPQ scores indicate the mapping quality of a read in DNA sequencing. MAPQ stands for 'Mapping Quality,' and it quantifies the confidence that a read is placed correctly. Higher scores mean higher confidence, with scores typically ranging from 0-60. A score of 0 suggests a very low confidence in placement, while a score closer to 60 implies a high likelihood that the read is correctly aligned to a reference genome."
Fast way to count number of reads and number of bases in a fastq file?,5920,"To quickly count the number of reads and bases in a FASTQ file, you can use command-line tools like `wc` and `awk`. The command `wc -l filename.fastq` gives the number of lines. Divide this number by 4 to get the number of reads. To count bases, use `awk 'NR%4==2 {count+=length($0)} END {print count}' filename.fastq`. This summation script specifically targets the sequence lines in the FASTQ file, which occur every fourth line starting from the second one."
Examples of bijective map from $\mathbb{R}^3\rightarrow \mathbb{R}$,5921,"An example of a bijective map from ℝ³ to ℝ is difficult to provide because such maps typically don't exist directly since bijection requires both sets to have the same cardinality. Instead, mappings like the Hilbert Curve exist to map ℝ³ to ℝ in a continuous and space-filling way, but they are not bijections. Instead, bijective maps are more commonly seen between sets of the same dimension, like ℝⁿ to ℝⁿ."
What or Who is Total internal reflection?,5922,"Total internal reflection is a phenomenon in optics where light, passing through a medium with a higher refractive index, hits the boundary of a medium with a lower refractive index at an angle larger than the critical angle. Instead of refracting out, the light is entirely reflected back into the original medium, which is useful in fiber optics and diamond brilliance. For example, this principle keeps light trapped in fiber optic cables, allowing signals to travel long distances with minimal loss."
What or Who is Hyperspectral imaging?,5923,"Hyperspectral imaging is a technique used to capture images across a wide spectrum of light, beyond just visible wavelengths. Unlike regular photography, which captures three color bands (red, green, and blue), hyperspectral imaging captures several hundred contiguous spectral bands. This allows for detailed spectral information of each pixel, useful in applications like agriculture, mineral identification, and environmental monitoring. For instance, it can help detect crop diseases early by revealing stress in plants that are not visible to the naked eye."
How does oobleck work?,5924,"Oobleck is a non-Newtonian fluid made from cornstarch and water. Its viscosity changes under stress; it behaves like a liquid when moved slowly and like a solid when a sudden force is applied. This happens due to the alignment of starch grains when force is applied. An example activity is to slowly dip your hand into a bowl of oobleck, observing it flow around your hand like a liquid, but then try squeezing it quickly, and it feels solid."
What or Who is Dowsing?,5925,"Dowsing is a practice where individuals use a tool, often a Y-shaped rod or dowsing rods, to locate underground water, minerals, or other hidden objects without the use of scientific instruments. Dowsing has roots in folklore and its effectiveness lacks scientific validation, often attributed to the ideomotor phenomenon where subconscious movements are interpreted as reactions to hidden substances."
How can I call structural variants (SVs) from pair-end short read resequencing data?,5926,"To call structural variants from paired-end short read resequencing data, bioinformatics software like BreakDancer, DELLY, or LUMPY can be used. These tools analyze the alignments of read pairs to the reference genome, detecting variations such as insertions, deletions, or inversions. The general workflow includes aligning reads to a reference with a tool like BWA, followed by using one of these software tools to identify and annotate the structural variants based on discordant read pairs and split reads."
What does the human body use oxygen for besides the final electron acceptor in the electron transport chain?,5927,"Besides acting as the final electron acceptor in the electron transport chain during cellular respiration, oxygen is used in various other bodily functions. It is involved in cellular processes like the synthesis of reactive oxygen species for immune defense, in the production of ATP, and in detoxifying reactive intermediates. For example, white blood cells use oxygen to produce superoxide radicals to destroy bacteria."
Why does my room suddenly look 'reddish'? My eyes seem to adapt to color,5928,"Your room looks 'reddish' when your eyes adapt to color due to a phenomenon called chromatic adaptation. After staring at a strong light source of a certain color, your cone cells become desensitized to that color. If you then look at a white surface, the areas previously stimulated by the strong color will seem tinted with the complementary color. For instance, after looking at a green light, a white surface may appear reddish to your adapted vision."
Why do 1 pF capacitors exist?,5929,"1 pF (picoFarad) capacitors exist for applications that require very small capacitance for tuning and timing circuits. They are useful in high-frequency circuits, such as RF communication devices, where precise small capacitance can fine-tune frequency responses. These capacitors help in stabilizing and shaping signals in delicate electronic applications, like adjusting the frequency in a radio transmitter."
Is my stomach ever completely empty? And about how much fluid is in there without and food or drink?,5930,"Your stomach is almost never completely empty. Typically, you might have around 50 milliliters (about 2 tablespoons) of fluid in your stomach even when you haven't eaten or drunk anything. This fluid consists of gastric juices, which are necessary for digestion and maintaining the stomach’s lining. It also contains mucus and other digestive enzymes that prepare your body for when you do eat again."
What or Who is Aquarium?,5931,"In common contexts, an aquarium refers to a transparent tank filled with water where aquatic plants and animals, like fish, are kept. Public aquariums are museums or zoos that focus on water-dwelling species. The term does not usually refer to a person, but rather a place or container designed to house marine life for viewing or research."
How do we have photos of galaxies so far away?,5932,"We have photos of distant galaxies because of powerful telescopes like the Hubble Space Telescope. These telescopes gather light across great distances, allowing astronomers to see galaxies billions of light-years away. By capturing and analyzing this light, we can create images of these distant objects. Think of it as using a very powerful zoom lens to see faraway places."
How does a capacitor block DC?,5933,"A capacitor blocks Direct Current (DC) because it stores electrical energy and only allows Alternating Current (AC) to pass through. When DC voltage is applied, the capacitor charges up to the applied voltage and then stops conducting electricity. This is because a steady DC voltage has no changing electric field to continuously push electrons through the capacitor."
Why does the economy require to keep growing each year in order to succeed?,5934,"The economy usually needs to keep growing each year to be considered successful because growth leads to more jobs, higher incomes, and improved living standards. When the economy grows, businesses expand, which creates more employment opportunities. Additionally, growth increases the government's tax revenue, which can be used to invest in public services and infrastructure."
What or Who is United States Naval Observatory?,5935,"The United States Naval Observatory is a scientific agency responsible for providing precise time and astronomical data for the U.S. Navy and other branches of the armed services. It also contributes to various fields such as navigation, astronomy, and timekeeping. The Observatory helps ensure naval operations run accurately and efficiently."
Is Earth getting heavier or lighter?,5936,"Earth is getting heavier due to space dust and meteorites adding mass, but it also loses some weight as gases like hydrogen escape into space. However, the increase from space dust is much more significant. Thus, overall, Earth is gradually gaining weight, but the amount is relatively small compared to its total mass."
"What makes cleaning/sanitizing alcohol different from drinking alcohol? When distilleries switch from making vodka to making sanitizer, what are doing differently?",5937,"Cleaning or sanitizing alcohol, like hand sanitizer, usually contains denatured alcohol, which is not safe for drinking. It’s made by adding chemicals that make it taste bad or toxic to prevent consumption. When distilleries switch from making vodka to sanitizer, they alter the process to include these chemicals, ensuring it is safe for external use only."
Why does a subduction zone produce a serpentinization diapir rather than volcanism?,5938,"A subduction zone produces a serpentinization diapir instead of volcanism due to the unique conditions there. When oceanic plates sink into the mantle, water is released, causing the mantle rocks to transform into serpentine minerals and rise slowly towards the surface, forming diapirs. Volcanism occurs when magma pushes up quickly due to pressure, which is different from the slower serpentinization process."
Can one see flickering of a light bulb at 50 Hz?,5939,"At a frequency of 50 Hz, it's unlikely you'll see the flickering of a light bulb with the naked eye because human eyes generally can't detect such fast changes in brightness. However, some people sensitive to flickering may perceive it, especially with specific types of bulbs like fluorescent lights or if the light has a low refresh rate."
What or Who is Distributive justice?,5940,"Distributive justice refers to the fair allocation of resources among diverse members of a community. It ensures that everyone gets what they deserve based on equality, needs, and contribution. For instance, distributive justice is at play when a government decides how to allocate its budget for healthcare, education, and infrastructure to benefit the public equally. This concept is crucial for maintaining social harmony and ensuring that resources are not unfairly concentrated among a few."
Was there a decrease in other infectious diseases other than Covid due to wearing masks during the past two years?,5941,"Yes, there was a decrease in other infectious diseases due to wearing masks during the past two years. Masks help block respiratory droplets that carry pathogens, thus lowering the transmission not just of Covid-19 but also other airborne diseases like the flu and the common cold. For example, many countries reported reduced influenza cases during the pandemic, which is attributed to widespread mask-wearing and other preventive measures like social distancing and hand hygiene."
Application of Hilbert's basis theorem in representation theory,5942,"Hilbert's basis theorem is important in representation theory, a field in mathematics that studies how mathematical structures can be represented through matrices and linear transformations. The theorem shows that every ideal in a ring of polynomials over a Noetherian ring is finitely generated. In representation theory, this helps in understanding how group actions can be decomposed into simpler components, aiding in the classification and simplification of representations."
What or Who is History of psychology?,5943,"The history of psychology explores the development of psychological thought and practices over time. It starts from ancient philosophies about the mind to contemporary scientific approaches. Renowned figures like Sigmund Freud and B.F. Skinner significantly shaped the field. For instance, early work in psychology focused on introspection, while modern psychology includes a variety of methods such as experiments and cognitive neuroscience to understand behavior and mental processes."
why can’t you boil a sponge to sanitize it?,5944,"Boiling a sponge to sanitize it is ineffective because sponges have many tiny crevices where bacteria can hide. The heat may not penetrate deeply enough to kill all the pathogens. Also, boiling can degrade the material, making it less effective and more prone to harboring germs. Instead, you can sanitize sponges by microwaving them when wet for about two minutes or using a dishwasher with a heated dry cycle."
The best stack-up possible with a four-layer PCB?,5945,"For a four-layer printed circuit board (PCB), the best stack-up includes two signal layers and two power/ground planes. A common configuration is Signal 1 on the top layer, Ground on the second layer, Power on the third layer, and Signal 2 on the bottom layer. This arrangement minimizes electromagnetic interference and provides a stable power supply, ensuring reliable performance of the electronic device."
Is there a reason why human eyesight and plants make use of the same wavelength of light?,5946,"Human eyesight and plants utilize the same wavelengths of light—specifically, visible light—because these wavelengths are most abundant from the sun and can penetrate Earth's atmosphere efficiently. Human eyes evolved to detect visible light to maximize the use of available light for vision. Similarly, plants use visible light for photosynthesis, the process by which they convert light energy into chemical energy."
"Why is it normal for children in practically all cultures to call parents ""Mother"" or ""Father"" rather than their real names?",5947,"Children calling parents 'Mother' or 'Father' rather than their real names is common across nearly all cultures due to social roles and relationships. These titles emphasize the parental role and create a sense of familial respect and authority. It also helps young children easily identify family members and their functions within the family structure, reinforcing social bonds and hierarchical order."
What or Who is Pyrophoricity?,5948,"Pyrophoricity refers to the property of certain materials that can ignite spontaneously in air at or below room temperature. These materials do not need an external flame or spark. An example is white phosphorus, which must be stored underwater to prevent it from catching fire. This property is significant in contexts requiring careful handling and storage, such as in chemical laboratories and industrial processes."
Closed form for $ \int_0^\infty {\frac{{{x^n}}}{{1 + {x^m}}}dx }$,5949,The closed form for the integral $ \\int_0^\\infty {\frac{{{x^n}}}{{1 + {x^m}}}dx }$ is given by $\frac{\pi}{m\sin\left(\frac{\pi(n+1)}{m}\right)}$. This result comes from complex analysis techniques and is valid for integer values of n and m where the integral converges.
What or Who is Iridology?,5950,"Iridology is an alternative medicine technique that claims the eyes, especially the iris, are indicative of a person's systemic health. Practitioners believe that patterns, colors, and other characteristics observed in the iris can highlight information about a person's overall health and identify potential illnesses. Clinical evidence does not support this practice, and it is generally considered pseudoscience in the medical community."
Help identifying leaf-like bone,5951,"A leaf-like bone might refer to the scapula, also known as the shoulder blade. The scapula is a flat, triangular-shaped bone located in the upper back on either side of the spine. Its broad, flat surface and relatively thin structure give it an appearance reminiscent of a leaf. The scapula plays a crucial role in shoulder mobility and function, connecting the upper arm bone (humerus) with the collarbone (clavicle)."
What or Who is Accretion disk?,5952,"An accretion disk is a structure formed by diffused material in orbital motion around a central body, such as a star, black hole, or planet. The material, often gas and dust, gradually spirals inward due to gravitational forces and friction, heating up and emitting electromagnetic radiation. This phenomenon is commonly observed in systems involving black holes, where the intense gravity pulls in surrounding matter, generating significant energy and light as it accrues."
How and when people first realized that Antarctica is a continent?,5953,"People first realized Antarctica is a continent during the early 19th century. Explorers like Fabian Gottlieb von Bellingshausen, Edward Bransfield, and later, James Clark Ross, mapped portions of the coastline, providing evidence of a substantial landmass. It was further confirmed through extensive expeditions and scientific research conducted in the early 20th century, establishing Antarctica as an uninhabited, ice-covered continent distinct from any other landmass."
What or Who is Backscatter (photography)?,5954,"Backscatter in photography refers to the scattering of light or particles back towards the sensor or camera. This phenomenon often occurs in situations with dust, rain, or other small particles in the air, which reflect the flashlight or other light sources back towards the lens. The result is typically a hazy or blurry image with bright spots or artifacts. This effect is undesirable as it reduces image clarity and detail."
"How does masturbating ""reduce the risk of prostate cancer""? Is it just a statistical correlation or is there a causal link?",5955,"Research indicates that regular ejaculation may reduce the risk of prostate cancer through mechanisms such as clearing out carcinogenic substances in the prostate and reducing inflammation. While some studies show a correlation, it's challenging to prove a direct causal link due to various influencing factors. However, maintaining a healthy lifestyle combined with regular medical check-ups remains crucial for prostate health."
"How do we know some numbers, like Pi are endless, instead of just a very long number?",5956,"Numbers like Pi are known to be endless through mathematical proof. Pi is an irrational number, meaning it cannot be expressed exactly as a simple fraction and its decimal representation goes on infinitely without repeating. This has been demonstrated through various mathematical methods and algorithms, resulting in the continuous discovery of more digits of Pi without finding an end."
How good were climate models of the 1990s at predicting the global temperature trends of the 2000s/2010s?,5957,"Climate models from the 1990s accurately predicted several key aspects of modern climate changes, including the general trend of global warming and the increase in greenhouse gas concentrations. While some predictions have varied due to natural variability and other unforeseen factors, the overall accuracy of these models in projecting global temperature trends over decades provides strong support for using them in current and future climate studies."
Why do socks stink?,5958,"Socks stink primarily due to the accumulation of sweat and bacteria. Human feet have numerous sweat glands that produce moisture. When this moisture is trapped by socks, it creates an ideal environment for bacteria to grow. The bacteria break down sweat and dead skin cells, releasing unpleasant-smelling chemicals like sulfur compounds. Regular washing and using breathable materials can help minimize sock odor."
Why is acetic acid more acidic than phenol?,5959,"Acetic acid is more acidic than phenol due to the stability of its conjugate base (acetate ion). When acetic acid donates a proton (H+), it forms an acetate ion, which is stabilized by resonance. This stability makes it easier for acetic acid to lose a proton. In contrast, the conjugate base of phenol (phenoxide ion) is less stable because the negative charge is not as effectively delocalized. Thus, acetic acid is a stronger acid."
Can an FPGA design be mostly (or completely) asynchronous?,5960,"Yes, an FPGA design can be mostly or completely asynchronous. An FPGA (Field-Programmable Gate Array) is a type of digital hardware that can be programmed to perform specific tasks. Typically, FPGAs are used in synchronous designs where signals are coordinated using a clock. However, it is also possible to design asynchronous circuits where operations occur as soon as inputs are available rather than waiting for a clock signal. Asynchronous designs can potentially be faster and more power-efficient but are generally more complex to implement due to challenges like ensuring data validity and managing timing without a global clock."
What is responsible for the underwater waterfall illusion of Mauritius Island?,5961,"The underwater waterfall illusion of Mauritius Island is a visual phenomenon caused by water and sand. Near the island, where the ocean shelf suddenly drops off, the rapid movement of sand and silt down the slope creates the appearance of a waterfall. This effect is particularly visible from an aerial view, making it look as if a cascade of water is tumbling into a deep underwater abyss, although it is merely a flow of lighter sediments falling into the deeper ocean."
What is a simple command line tool for doing Needleman-Wunsch pair-wise alignment on the command line,5962,"A simple command line tool for performing Needleman-Wunsch pair-wise alignment is 'needle,' which is part of the EMBOSS suite. To use it, you would typically enter a command like 'needle input1.fasta input2.fasta -outfile=output.txt'. This command aligns two sequences and outputs the result to a file, providing a way to see the best possible alignment based on a scoring system that rewards matches and penalizes gaps and mismatches."
What or Who is Latitude?,5963,"Latitude can refer to both a geographical coordinate system and a company. As a coordinate system, latitude specifies a location's distance north or south of the equator in degrees. As a company, Latitude Financial Services provides consumer finance services in Australasia. It’s best to determine the context in which 'Latitude' is being discussed to understand its meaning."
What or Who is History of photography?,5964,"The history of photography traces the development of capturing images through light-sensitive materials from the early 19th century to the digital age. Starting with the daguerreotype process introduced by Louis Daguerre in 1839, it evolved through advancements such as film photography with Eastman Kodak and finally to contemporary digital photography. This history reflects significant technological, artistic, and social changes, influencing how people document and perceive the world."
why do bananas remain sweet and get creamy when they freeze while other fruits seize up into flavorless ice orbs?,5965,"Bananas remain sweet and get creamy when frozen due to their high sugar and water content. Unlike other fruits that have more water and less sugar, bananas' sugars don't crystallize into ice, preventing the fruit from becoming hard. Instead, freezing breaks down cell walls, making the texture creamy. This process preserves their flavor better compared to fruits with higher water content."
Why is Venus's atmospheric pressure 75 times that of earth when carbon dioxide is only 1.5 times heavier than air?,5966,"Venus's atmospheric pressure is much higher than Earth's despite carbon dioxide being only 1.5 times heavier than air due to the extreme thickness of Venus's atmosphere. Venus has a dense atmosphere composed mostly of carbon dioxide, with a surface pressure about 92 times that of Earth. The high pressure results from the abundance of gases present, creating a 'runaway greenhouse effect,' trapping heat and leading to severe atmospheric pressure."
What or Who is Speedometer?,5967,"A speedometer is an instrument used in vehicles to display the speed at which the vehicle travels. Typically found on the dashboard, it measures speed using a system that can be mechanical or electronic. Mechanical speedometers operate via a cable attached to the vehicle's transmission, while electronic speedometers use sensors and digital signals to accurately reflect speed."
Sizing MOSFET gate resistor,5968,"Sizing a MOSFET gate resistor involves finding an optimal value balancing switching speed and prevention of oscillations. A gate resistor controls the charging and discharging rate of the MOSFET gate capacitance. Too large a resistor slows down switching, while too small a resistor might cause ringing and electromagnetic interference. A typical value might range from a few ohms to hundreds of ohms, and selecting it requires considering these trade-offs."
What or Who is Hardness comparison?,5969,"Hardness comparison refers to evaluating and comparing the hardness of different materials. Hardness is a material's resistance to deformation or scratching. Hardness tests, such as the Mohs, Vickers, Brinell, and Rockwell scales, measure how materials respond to force or scratching. For instance, diamond ranks as the hardest on the Mohs scale, while talc is the softest."
What or Who is Denialism?,5970,"Denialism is the refusal to accept well-established scientific or historical facts despite strong evidence. It often stems from psychological, ideological, or political motives. For example, climate change denialism disregards the scientific consensus on global warming and its human causes. Denialism poses significant risks as it can hinder progress, influence public policy negatively, and perpetuate misinformation. Recognizing denialism is crucial to promote informed decision-making and uphold scientific integrity."
Why is DNA antiparallel? Can it be parallel?,5971,"DNA is antiparallel because its two strands run in opposite directions, which is essential for the molecules to interact correctly. Each strand has a 5' end and a 3' end, and these termini must align in opposite directions for proper base pairing and replication. Parallel DNA would not allow enzymes to interact with the strands as needed for processes like DNA replication. This antiparallel structure ensures the double helix is stable and functional."
"Whem pouring liquid from one container to another (bowl, cup), why is it that sometimes it pours gloriously without any spills but sometimes the liquid decides to fucking run down the side of the container im pouring from and make a mess all around the surface?",5972,"When pouring liquid, it sometimes flows smoothly, and sometimes it clings to the container due to a phenomenon called 'liquid adhesion'. This happens because the liquid's molecules are attracted to the container's surface. If the angle and speed of pouring aren't just right, the liquid can follow the surface down instead of pouring directly into the new container. Using a spout or a consistent pouring angle helps avoid spills and ensures a clean pour."
Why is Mars cold?,5973,"Mars is cold primarily because it is farther from the Sun than Earth, receiving less solar energy. Additionally, Mars has a thin atmosphere that cannot trap heat effectively. Its lack of substantial greenhouse gases means that any heat it does absorb is quickly lost to space. These factors result in surface temperatures averaging around -80 degrees Fahrenheit, much colder than Earth’s surface."
Why do temperature get as high as billion degrees but only as low as -270 degrees?,5974,"Temperature can rise to billions of degrees in extreme environments like the core of stars due to immense pressure and fusion reactions. However, it can only fall to about -270 degrees Celsius, which is just above absolute zero (-273.15 degrees Celsius). Absolute zero is the lowest limit of thermal energy where atomic motion nearly ceases. It is a fundamental law of physics that temperatures cannot go lower because it represents a state where particles are perfectly still."
"Why does nitration of N,N-dimethylaniline occur at the meta position?",5975,"Nitration of N,N-dimethylaniline primarily occurs at the para position due to the electron-donating nature of the methyl groups, which makes these positions more reactive. Contrary to the premise, nitration does not favor the meta position but rather the ortho and para positions. The presence of the two methyl groups directs incoming nitro groups to these activated positions, which are more electron-rich and reactive in electrophilic substitution reactions."
How discontinuous can a derivative be?,5976,"A derivative can be highly discontinuous; an example is a function whose derivative is zero almost everywhere but jumps at specific points. This can be seen in what's called a 'nowhere differentiable function'—fractals like the Weierstrass function. In practical terms, this means a function can have abrupt changes in its slope, showing discontinuity at numerous points, rather than a smooth, continuous change."
Why do stars become red giants?,5977,"Stars become red giants when they exhaust the hydrogen in their cores and start fusing helium. This causes the core to contract and the outer layers to expand and cool, giving it a reddish appearance. The increase in size occurs as the star's outer envelope puffs out, resulting from changes in pressure and temperature within the star. This phase is a natural part of stellar evolution for medium to massive stars."
What or Who is Fringe (TV series)?,5978,"Fringe is a science fiction TV series created by J.J. Abrams, Alex Kurtzman, and Roberto Orci. It aired from 2008 to 2013 and follows a team of FBI agents who investigate strange and unexplained phenomena linked to parallel universes and advanced technologies. The show blends elements of mystery, horror, and drama, often focusing on the boundaries between science and fiction. It was praised for its complex storytelling and character development."
How do people know HCN smells like almonds?,5979,"People know hydrogen cyanide (HCN) smells like almonds because of anecdotal and documented experiences. HCN in low concentrations has an odor similar to bitter almonds, detectable by a portion of the population due to genetic sensitivity. The smell is a warning signal in many cases, historically linked to its presence in certain hazardous materials and its role in infamous poisonings. Not everyone can detect this smell due to genetic variance."
What or Who is Observation?,5980,"Observation is the act of noticing or perceiving something using our senses or instruments. It is a fundamental method in scientific investigations where scientists systematically collect data to understand phenomena. For example, observing the phases of the moon helps us understand its cycle. Through observation, hypotheses can be formed, tested, and refined."
Can an entomologist please give a further explanation of Asian Giant Hornet situation in Washington state and British Columbia?,5981,"An entomologist studying the Asian Giant Hornet situation in Washington state and British Columbia would explain that these hornets, also known as 'murder hornets,' are an invasive species from Asia. They pose a significant threat to local bee populations, which are crucial for pollination and agriculture. Efforts are underway to track and eradicate them to prevent ecological damage. For example, scientists use traps and radio trackers to locate and destroy their nests."
What or Who is Primate city?,5982,"A primate city refers to the largest city in a country or region, significantly larger than any other city in the area. It acts as a central hub for economic, political, and cultural activities. For instance, Bangkok is a primate city in Thailand, concentrating a significant portion of the country's resources and population."
What or Who is Freedom House?,5983,"Freedom House is an organization dedicated to promoting democracy, political freedom, and human rights globally. It conducts research and advocacy on these issues, publishing an annual report called 'Freedom in the World,' which assesses countries’ levels of freedom. For instance, it evaluates factors such as electoral processes, political pluralism, and civil liberties."
Why do we like salt?,5984,"We like salt primarily because it is essential for bodily functions, such as nerve transmission and muscle contraction. Evolutionarily, our preference for salty food helped ensure we consume enough sodium, which is necessary for survival. For example, the salty taste of potato chips makes them appealing because our bodies recognize the need for sodium."
"Integral $\int_{-1}^1\frac1x\sqrt{\frac{1+x}{1-x}}\ln\left(\frac{2\,x^2+2\,x+1}{2\,x^2-2\,x+1}\right) \mathrm dx$",5985,"The integral provided involves advanced calculus and likely requires sophisticated mathematical techniques or numerical methods to solve. Unfortunately, evaluating such integrals is beyond basic explanations and typically involves specialized knowledge in mathematics."
Why does diamond conduct heat better than graphite?,5986,"Diamond conducts heat better than graphite because of its crystal structure. In diamond, each carbon atom forms strong bonds with four others in a three-dimensional lattice, allowing vibrations (heat) to propagate efficiently. In contrast, graphite has a layered structure with weaker bonds between layers, hindering heat transfer. For example, diamond's thermal conductivity is used in cutting tools to dissipate heat."
"When scientists say that wormholes are theoretically possible based on their mathematical calculations, how exactly does math predict their existence?",5987,"Mathematics predicts the existence of wormholes through solutions to Einstein's equations in general relativity. These equations describe how mass and energy warp spacetime. A wormhole is a theoretical passage through spacetime, providing a shortcut between two distant points. For instance, the concept of an 'Einstein-Rosen bridge' is a type of wormhole derived from such calculations."
How is it not possible for NASA to have usable spacesuits by 2024?,5988,"NASA may struggle to have usable spacesuits by 2024 due to technical, financial, and logistical challenges. Developing spacesuits requires extensive testing to ensure safety and functionality in different environments. Delays in funding, designing, and supply chain issues can complicate this process. For example, recent assessments have pointed to delays in key components like cooling systems."
What or Who is Oxidation state?,5989,"Oxidation state, also known as oxidation number, indicates the degree of oxidation of an atom in a chemical compound. It represents the number of electrons an atom gains, loses, or shares when forming a compound. For example, in water (H₂O), the oxidation state of hydrogen is +1, and oxygen is -2."
