Question,Number
Why does the face turn pale in dangerous situations?,0
"If a small population left one continent and sailed to another, would the genes of the population that left show relation to the original population?",1
How do super storms like Hurricane Dorian affect marine life as the storm travels through the area? Do they affect deep sea creatures?,2
If I donate plasma for covid 19 trial therapy could I reduce my own immunity to the virus or will my immune system just make more antibodies?,3
Does the DNA or RNA of some ethnic groups map better than others' to the human reference genome sequence?,4
Why does water in a kettle go quieter just as it's about to boil?,5
What is $dx$ in integration?,6
Is the Moon only 60x60 pixels?,7
"We hear all about endangered animals, but are endangered trees a thing? Do trees go extinct as often as animals?",8
What or Who is Refractometer?,9
What Does it Really Mean to Have Different Kinds of Infinities?,10
What or Who is The Blue Marble?,11
Is it possible for coronavirus or SARS to be synthetic?,12
What or Who is Vector calculus identities?,13
What or Who is Scientific notation?,14
How can I improve the numerical stability of a coastal hydrodynamic model?,15
"Why is the Arctic melting, but the Antarctic doing great?",16
What is the difference between test set and validation set?,17
Do bees that get lost (f.e.riding a bus) get adopted by local colonies ?,18
Help me understand Support Vector Machines,19
"What is the difference between FASTA, FASTQ, and SAM file formats?",20
The acidity of boric acid,21
What or Who is Sentinel-2?,22
Mean absolute error OR root mean squared error?,23
Do all the objects in the universe exert force on all other objects?,24
There are thousands of seemingly isolated bodies of water all throughout the planet which happen to have fish in them. How did they get there if truly isolated?,25
Is it a coincidence that both the Sun and the Moon look of same size from the Earth?,26
Why do mammalian red blood cells lack a nucleus?,27
What or Who is John Locke?,28
Can a bacterium infect another bacterium?,29
What or Who is Young Earth creationism?,30
Why is Earth's outer-core liquid?,31
"Crows are all over the world, but where are crows naturally from and what kind of effect did they have as an invasive species?",32
KiCAD - Moving and rotating components with wires connected,33
What or Who is Timeline of geopolitical changes (1900–1999)?,34
What or Who is Carbon footprint?,35
Why does an argument similiar to 0.999...=1 show 999...=-1?,36
What or Who is Peter Freuchen?,37
"Listerine kills bacteria in my mouth, but I know it's not killing 100%. Aren't I genetically engineering superbug bad breath bacteria by using it?",38
"How is carbon distributed among the atmosphere, the oceans, the biomass and the unburnt fossil fuels?",39
What or Who is Oil pulling?,40
What or Who is The Martians (scientists)?,41
why is is still hard to fall asleep when you’re sleep deprived?,42
Are there any general rules for choosing solvents for recrystallization?,43
What or Who is Food science?,44
What is random about Random Access Memory (RAM)?,45
Does it make sense to classify all humans in a single species?,46
Is it possible to put my bare foot on the moon?,47
What or Who is Molality?,48
Tools to create annotated table of variants from VCF,49
How to choose a flyback diode for a relay?,50
What or Who is Julian day?,51
What or Who is Atomic force microscopy?,52
Proving the identity $\sum_{k=1}^n {k^3} = \big(\sum_{k=1}^n k\big)^2$ without induction,53
Why is gold shiny-yellow but most of the other metals have a silvery color?,54
"Why does every human has a unqiue voice, and how come voice artists are able to replicate other's voice so authentically?",55
What is the difference between I2C and TWI?,56
Are mitochondrial genes to exclude in scRNA-seq such as ribosomal genes?,57
What or Who is Sublimation (phase transition)?,58
What or Who is H. G. Wells?,59
Why is learning modern algebraic geometry so complicated?,60
What or Who is Rydberg constant?,61
Why did the distribution of asteroids discovered in 2010 have a radial modulation?,62
Why do LED lights look jittery or like they're strobing when you look at them quickly?,63
Converting gene names from one public database format to another,64
Expected time to roll all $1$ through $6$ on a die,65
Understanding ROC curve,66
Why do fire and security systems run at 27.6 V?,67
"Why does the Sun have different day lengths, but not the gas giants?",68
What or Who is Parts-per notation?,69
"When we feel drowsy, why do our eyes lose focus first before any other senses?",70
How can longest isoforms (per gene) be extracted from a FASTA file?,71
How does a Support Vector Machine (SVM) work?,72
"What or Who is Houston, we have a problem?",73
When did scientists realize that Jupiter had no solid ground?,74
Ocean phytoplankton and algae produce 70-80% of the earths atmospheric oxygen. Why is tree conservation for oxygen so popular over ocean conservation then?,75
Where do STDs come from if you can only get them from someone who has one?,76
how does some dinosaurs get transformed into fossil fuel while others are perfectly preserved?,77
"Crystals, Oscillators, and Resonators. What the difference?",78
Is the vector cross product only defined for 3D?,79
Why don't chilli peppers taste as hot in space?,80
How to quickly determine mutations in a read of a sam file?,81
What or Who is Discrete logarithm?,82
How would having a fish in the ISS work?,83
I saw an article today that said Lyft announced it will be profitable by 2021. How does a company operate without turning a profit for so long and is this common?,84
Why is Gaia operating around Earth orbit? Why not send it to Neptune's orbit?,85
Why is there a difference in the colours of K₂Cr₂O₇ and K₂CrO₄?,86
"On a cellular level, how does exercise make us healthy or improve our health?",87
Why will HD 84406 be chosen as the first target for testing JWST?,88
"Do electrons have some volume, area or shape?",89
What is the name of these little plastic things that protect wires from being cut into by the sharp edges of a drilled hole?,90
Why is the Hubble Telescope in space?,91
Using principal component analysis (PCA) for feature selection,92
How does global-warming-triggered ice melting cause global sea levels to rise?,93
Why aren’t the main conductors in this underground power cable made from copper?,94
What happens to fish that die near the poles?,95
What or Who is SCADA?,96
"an someone give me an understanding of why we need 3 terms to explain electricity (volts,watts, and amps)?",97
how do modern cutting tools with an automatic stop know when a finger is about to get cut?,98
How is ASIC design different from FPGA HDL synthesis?,99
Is there a limit on how long a power cord can be?,100
we already know how photosynthesis is done ; so why cant we creat “artificial plants” that take CO2 and gives O2 and energy in exchange?,101
What or Who is North American X-15?,102
What or Who is Jupiter Icy Moons Explorer?,103
What evolutionary explanations are there for death?,104
What does 5' and 3' mean in DNA and RNA strands?,105
What or Who is Filial piety?,106
Why does travelling make you feel so tired when you've just sat there for hours doing nothing?,107
What or Who is Alchemical symbol?,108
What or Who is Prediction?,109
What or Who is Quantum computing?,110
Do mosquitos hide in predictable locations?,111
What or Who is Vitalism?,112
"Is Earth's orbital eccentricity enough to cause even minor seasons, without axial tilt?",113
What or Who is History of aviation?,114
"Why are ad-blocking extensions so easy to come across and install on PCs, but so difficult or convoluted to install on a phone?",115
How can a Black Hole have rotation if the singularity is a 0-dimentional point and doesn't have an axis to rotate around?,116
"If the brain has no pain receptors, how come you can get a headache?",117
July/August hottest months (northern hemisphere): because of continued warming or other effects?,118
"""Five of the Solomon Islands disappeared"" due to sea level rise, how is this possible so quickly?",119
"Why are neural networks becoming deeper, but not wider?",120
How do colorblind people perceive lasers at the wavelengths they cannot see?,121
What happens to water when it freezes and can't expand?,122
What or Who is Case study?,123
What or Who is Fluorescence spectroscopy?,124
DNA in chimpanzees and humans is 99% alike but how is it that bananas share approximately 40-60% of our DNA and what does that mean?,125
Can a magnetic field of an object be stronger than its gravity?,126
Is it true that a SD/MMC Card does wear levelling with its own controller?,127
Is the influence of gravity instantaneous?,128
Why does the energy gap for π - π* transitions shrink with the size of the pi-conjugated system?,129
How were schematics drawn before CAD?,130
What or Who is Extinct in the wild?,131
What or Who is Galilean transformation?,132
What or Who is Inverse-square law?,133
"I've heard that one of the purposes of the ""fresh cut grass"" smell is a type of distress signal that warns nearby plants to start moving nutrients to the roots before they get cut down. Is there any truth to this?",134
What or Who is Intensity (physics)?,135
What or Who is Master of Science?,136
What or Who is Ozone therapy?,137
Why can't we perform a Pancreas transplant for those with Diabetes?,138
What or Who is GS1?,139
How are the patterns in solid rock born,140
What or Who is Mad scientist?,141
Is it suspicious that gravitational waves propagate at the speed of light?,142
"I heard that recycling plants use magnets to sort aluminium from the rest of the rubbish. How, when aluminium isn't magnetic, does this work?",143
Why aren't clustal alignments stable under deletion of some of the sequences?,144
Why are coastlines crinkly near the poles but smooth in the tropics?,145
Why is Japan not facing economic ruin when its debt to GDP ratio is much worse than Greece during the eurozone crisis?,146
What or Who is Cathodic protection?,147
What or Who is Antonov An-225 Mriya?,148
What are the major evolutionary pressures for Bioluminescence?,149
Is adjusting p-values in a multiple regression for multiple comparisons a good idea?,150
Why does the campfire smoke keep following me?,151
Why does electricity always hum at a B-flat pitch?,152
What or Who is Astronomical clock?,153
How and why do normalization and feature scaling work?,154
Is it true that earthquakes are not felt in a cave?,155
What or Who is Oil refinery?,156
Why is a lack of oxygen fatal to cells?,157
"How common are illnesses such as the cold or the flu in other animals? and if they aren't common, why?",158
What or Who is Margin of error?,159
The Earth has a mass of 6*10^24 kg. How did scientists figure that one out?,160
"There are many programming languages, but how do you create one? Programming them with other languages? If so how was the first one created?",161
What is the criticality of the ribosome binding site relative to the start codon in prokaryotic translation?,162
Is the sea level rise unusual?,163
Why was there a gap in the number of asteroid detections between 1807 and 1845?,164
What or Who is Wheatstone bridge?,165
How should I go about picking a functional for DFT calculations?,166
What are the requirements for a scar to form instead of a full recovery?,167
"When dolphins open their eyes above water, are things blurry like when humans open their eyes below water?",168
"If you were to fall into a black hole, just as anyone watching would see your time slow down until you stop forever on the event horizon, would you in turn see the entire future of the universe pan out in front of you? If not, why does the mathematics not allow this reversal of perspective?",169
"When someone is dying of hunger or thirst, is there a ""point of no return"" after which they are still alive but if they were given food or water their body would not be able to absorb it fast enough to survive?",170
"Why is today's announcement of the discovery of gravitational waves important, and what are the ramifications?",171
"What would follow in the series sigma, pi and delta bonds?",172
What or Who is Technology adoption life cycle?,173
What or Who is Surfactant?,174
"Is there a standard definition for ""assembly polishing""?",175
What or Who is Overtone?,176
Regioselectivity of acid-catalyzed ring-opening of epoxides,177
"when examining a body with multiple possibly fatal wounds, how do you know which one killed the person?",178
Creepage distance for PCBs handling line voltage AC?,179
Does the temperature of water affect its ability to put out a fire?,180
When is matrix multiplication commutative?,181
What or Who is Military Grid Reference System?,182
Is there a theoretical maximum size limit for a star?,183
"Why is myopia common in young adults, when (I assume) this would have been a serious disadvantage when we were hunter gatherers?",184
What or Who is Triple point?,185
What or Who is Polarimeter?,186
"At the heat death of the universe, will most black holes eventually merge due to the incredibly long timescale before they evaporate from Hawking radiation, or will most black holes not merge due to the sheer vastness of space between them?",187
What or Who is Emotional Freedom Techniques?,188
Why is it possible to get significant F statistic (p<.001) but non-significant regressor t-tests?,189
Can Venus be considered to be tectonically active?,190
How did they calculate a single sperm to have 37 megabytes of information?,191
How do medical professionals seem to accurately predict when someone “is getting close “ to dying when the cause of death is vague such as old age or a long suffered disease?,192
What or Who is Cross-sectional study?,193
What is it about grapefruit specifically that messes with pretty much every prescription in existence?,194
What or Who is Smoke testing (software)?,195
The human population is at 7.7 billion. Has any other mammal ever reached that population level?,196
Why do units (from physics) behave like numbers?,197
"If doctors can fit babies with prescription eye ware when they can't talk, why do they need feedback from me to do the same thing?",198
How long until Earth's core solidifies?,199
What or Who is Strange matter?,200
What is the voltage range of a standard headphone jack from a phone?,201
How do we distinguish old craters from new ones on the Moon?,202
What or Who is Rod (unit)?,203
What or Who is Hydrogen cyanide?,204
What or Who is Peatland?,205
What or Who is Energy (esotericism)?,206
"Could any known, living organisms on Earth survive on Mars?",207
What or Who is Robert H. Goddard?,208
How do genes tell a baby turtle to follow the moon to the ocean after birth?,209
Does penis size come from your mother’s side?,210
What or Who is Map projection?,211
Why do many doctors work in crazy 24-36 hours shifts?,212
How to make electronic systems which work below −40°C (−40°F)?,213
What is translation invariance in computer vision and convolutional neural network?,214
"If insects can grow larger by being raised in an oxygen-rich environment, can animals like crabs and lobsters also grow larger in oxygen-richer water?",215
Why is cling film so sticky when it touches itself or around bowls but it does not feel sticky at all when it touches our hands?,216
What or Who is Reflection (physics)?,217
How are the boundaries of a gene determined?,218
Do heavier objects actually fall a TINY bit faster?,219
How can a 9mm square antenna pick up GPS?,220
"When a person receives a limb donation, how do surgeons ""wire up"" the nerves so that the recipient can use the limb and feel sensation from it?",221
What or Who is History of astrology?,222
What or Who is Brian Cox (physicist)?,223
"Relation and difference between Fourier, Laplace and Z transforms",224
Is there a known well ordering of the reals?,225
What or Who is Toba catastrophe theory?,226
"Density plot, scale it to 0-1",227
How does cerebrospinal fluid circulate in the central nervous system?,228
"How come the space station needs to fire a rocket regularly to stay in orbit, but dangerous space junk can stay up there indefinitely?",229
What or Who is Kato (The Green Hornet)?,230
"Numerically there have been more deaths from the common flu than from the new Corona virus, but that is because it is still contained at the moment. Just how deadly is it compared to the established influenza strains? And SARS? And the swine flu?",231
"If you put a Garden in the ISS, Could you have infinite oxygen?",232
"When an animal is eaten whole, how does it actually die? Suffocation? Digestive acid?",233
What or Who is F. D. C. Willard?,234
Merging bed records based on name,235
"Phyre2 vs ITasser, completely different models generated",236
"India is now experiencing double and triple mutant COVID-19. What are they? Will our vaccines AstraZeneca, Pfizer work against them?",237
"If $(a_n)\subset[0,\infty)$ is non-increasing and $\sum_{n=1}^\infty a_n<\infty$, then $\lim\limits_{n\to\infty}{n a_n} = 0$",238
CMSIS vs HAL vs Standard Peripherals Library,239
What sensor to choose to track human presence indoors?,240
Are mosquitoes repelled by high frequency sound?,241
Working with old genome builds,242
What or Who is Mechanical Turk?,243
Why are relays so frequently driven by optocouplers?,244
What or Who is Embolic and thrombotic events after COVID-19 vaccination?,245
Why would a single celled organism evolve to be multi-celled?,246
What or Who is Scale (map)?,247
"Understanding ""variance"" intuitively",248
What or Who is Arm span?,249
What or Who is Fast radio burst?,250
why does having a long story before a recipe help websites get better search engine results?,251
Could there be dark matter black holes?,252
"How come when hot metal is placed in cold water, it does not shatter like glass?",253
What or Who is Global Positioning System?,254
What or Who is Scientific control?,255
Does the magnetic field really protect Earth from anything?,256
"Why if I mix green and red paints in equal proportions, I see a desaturated brown, but if I mix green and red light in equal proportions like in an LCD screen, I get pure yellow?",257
Why do plants have green leaves and not red?,258
"When you have a small chunk of skin removed, say you cut your fingertip off, how does the body know how much skin to replace to get it looking like it did before the injury?",259
What or Who is Gamma correction?,260
"Proper typography of ""NOx""",261
What is a singularity? What is at the center of a black hole? Specifically regarding space-time,262
What or Who is Colon cleansing?,263
What or Who is Sleep?,264
"What are ""split reads"" and ""intron clusters?""",265
"If sound travels better through water, why is it always quiet under water ?",266
What is the intuitive relationship between SVD and PCA?,267
How to calculate overlapping genes between two genome annotation versions,268
How do I calculate the required value for a pull-up resistor?,269
What or Who is Technological determinism?,270
What or Who is Australo-Melanesian?,271
What or Who is Empirical evidence?,272
What are rare earths and why do they cluster near alkaline magmatism?,273
"If a rectangular magnetic ""plate"" has an object hovering over it, and I pick up the plate, do I feel the weight of both or only the magnet plate?",274
What or Who is Apollo command and service module?,275
What or Who is Evidence-based practice?,276
"What physical features determine if a planet is a major, minor or dwarf planet?",277
What or Who is Optics?,278
Why is honey dangerous to toddlers and infants?,279
Why did Russia decide in the late 1500's to attempt to conquer Siberia - an unimaginably large & frigid territory - which would increase the size of its kingdom by ~17x?,280
Why do colder climates have more rugged coasts?,281
Can someone explain Gibbs sampling in very simple words?,282
What or Who is John White (colonist and artist)?,283
How old is the oldest light visible from Earth?,284
How should I use a multimeter to determine which AA batteries to keep and which to toss?,285
Why can't we see Saturn's phases from earth?,286
Source for whole genome comparisons at NCBI Genomes,287
What is the physiological difference between the tiredness that comes from too little sleep and the tiredness that comes from exertion?,288
What or Who is Hydrophile?,289
What or Who is Valence (chemistry)?,290
What is 'k' in sequencing?,291
"Why is finding ""patient zero"" in an epidemic so important?",292
What is wrong with my 50 Ω grounded coplanar waveguide?,293
"Later this year, Cassini will crash into Saturn after its ""Grand Finale"" mission as to not contaminate Enceladus or Titan with Earth life. However, how will we overcome contamination once we send probes specifically for those moons?",294
Are there any resources that Earth has already run out of?,295
Why is a 4-digit code sufficient for banking purposes but not for most online accounts?,296
Visualization tools for 3C/Hi-C long-range interaction data?,297
What or Who is Differential scanning calorimetry?,298
"In classical logic, why is $(p\Rightarrow q)$ True if both $p$ and $q$ are False?",299
What or Who is Selection bias?,300
Is there an intuitive explanation why multicollinearity is a problem in linear regression?,301
Why do the names of most chemical elements end with -um or -ium?,302
What's wrong with XKCD's Frequentists vs. Bayesians comic?,303
Are tantalum capacitors safe for use in new designs?,304
Rules and guidelines for drawing good schematics,305
Why does the shoreline sometimes recede prior to a Tsunami?,306
what causes trees to split? Do they just decide at 5 feet to say fuck it Imma head out?,307
"If math is a such a definite subject with solid answers, how are there still unsolved math problems? How do people even come up with them?",308
Nice proofs of $\zeta(4) = \frac{\pi^4}{90}$?,309
"How did Prohibition get enough support to actually happen in the US, was public sentiment against alcohol really that high?",310
What or Who is Cataclysmic pole shift hypothesis?,311
What or Who is Wilhelm Röntgen?,312
Why do alcoholics die when they stop drinking?,313
How much water is the atmosphere losing to space?,314
"Why is diesel no longer ""green""?",315
Why do we need to normalize data before principal component analysis (PCA)?,316
What or Who is Technical analysis?,317
Can insects/spiders get obese?,318
What or Who is Craniosacral therapy?,319
Is it possible to have a stable 3 body system that orbits in a perfect circle?,320
Why can't stars be multicolored like gas giants?,321
What or Who is Alternative medicine?,322
What or Who is Glossary of geography terms (A–M)?,323
Does a diamond melt in lava?,324
What or Who is Fundamental frequency?,325
"During an eclipse, how big is the shadow of the moon on the earth?",326
What or Who is Thirty Meter Telescope?,327
What is the evolutionary advantage of red-green color blindness?,328
Why is my circuit so incredibly sensitive to electric fluctuation?,329
Why does sea level correspond to boundary between oceanic and continental crust?,330
Where does wind come from?,331
"why does the air conditioner cold feel so different from ""normal"" cold?",332
What or Who is P wave?,333
We have nuclear powered submarines and aircraft carriers. Why are there not nuclear powered spacecraft?,334
Taleb and the Black Swan,335
Linear model with log-transformed response vs. generalized linear model with log link,336
How can one explain niobium’s weird electronic configuration?,337
Why is cold water more refreshing than warm water?,338
"when I shine a flashlight at Mars, does a small amount of the light actually reach it?",339
What or Who is Chandrayaan-2?,340
"What affect does the quantity of injuries have on healing time? For example, would a paper cut take longer to heal if I had a broken Jaw at the same time?",341
"How come you can be falling asleep watching TV, then wide awake when you go to bed five minutes later?",342
Why is integration so much harder than differentiation?,343
"When a candle burns, why does the top of wick glow if bottom of flame is hottest?",344
What or Who is Pound for pound?,345
What or Who is Academic journal?,346
Why is the Red Fox colored bright orange?,347
Diagnostics for logistic regression?,348
How were wooden ships made waterproof in ancient times?,349
What or Who is Psychometry (paranormal)?,350
What or Who is Orion (spacecraft)?,351
What are good books to learn graph theory?,352
Famous statistical wins and horror stories for teaching purposes,353
What or Who is Titanic conspiracy theories?,354
Double-counting coverage of overlapped read pairs,355
The importance of the cold chain in the food and the pharmaceutical industry,356
What or Who is Diffraction?,357
What's the fastest moving object in the universe?,358
Why won't Yellowstone explode?,359
Sharp corners in PCB traces,360
"Does dyslexia occur in blind people, for instance when reading braille text?",361
Escaping a black hole,362
How can I speed up INDEL calling/correction on BAM files?,363
Are there ways to find caves with no real entrances and how common are these caves?,364
How do people perform mental arithmetic for complicated expressions?,365
What reasons are there to choose Illumina if PacBio provides longer and better reads?,366
"Who are humans' closest relatives, after primates?",367
Is it true that you get older quickly if you've been under intense stress for a period of time?,368
"When loading a page with bad internet connection, how come the ads are always fully loaded while the rest of the page is struggling to load in?",369
How do you write a .gz fastq file with Biopython?,370
"Why are there so many relays used in a car, instead of transistors?",371
"Why does blood not stick to human skin like a permanent marker, but will stain things like clothes so bad?",372
What or Who is Infrared sauna?,373
Easy way to figure out a LED's Vf in order to pick an appropriate resistor,374
Hypothetical trans-Neptunian planets orbiting the Sun,375
Hold-out validation vs. cross-validation,376
Where did the value of 0.1uF for bypass capacitors come from?,377
"If I'm in a car goong 25mph with 25mph sustained tailwinds, and i roll down the window, will i feel any breeze?",378
What are doublets in single cell RNA-seq data?,379
Why do your eyes physically hurt when they adjust to brighter light?,380
How can we sum up $\sin$ and $\cos$ series when the angles are in arithmetic progression?,381
How to assign E/Z configuration according to the Cahn-Ingold-Prelog rules when subsituents differ only by stereochemistry,382
How did scientists discover HIV?,383
Why are there so many volcanic eruptions recently? Are they somehow connected or is it a coincidence? Or is it just new media coverage?,384
"If every major country is in billions (if not trillions) of debt, where are they borrowing from?",385
Why does your body feel physically ill after experiencing emotional trauma?,386
On Ph.D. Qualifying Exams,387
"How does “even if this flu shot isn’t an exact match, if you do get the flu it won’t be as bad” work?",388
How do/did we figure out that planets move in orbits?,389
"How did Germany stop being Nazis after the end of WWII? Did everyone just ""snap out of it"" after Hitler's death?",390
What or Who is Physical Quality of Life Index?,391
What or Who is Botanical garden?,392
What exactly is a current source?,393
Is there a difference between hitting a concrete wall at 100mph and being hit by a concrete wall at 100mph?,394
Can heteroatoms with lone pairs be chiral centres?,395
What or Who is Index of psychology articles?,396
how come the new Iphone can have magnets built into it and be fine while older electronics would be damaged if I put a magnet near them?,397
Why don't viruses cause wounds?,398
"Why is consuming activated charcoal harmless (and, in fact, encouraged for certain digestive issues), yet eating burnt (blackened) food is obviously bad-tasting and discouraged as harmful to one's health?",399
"Why are drone strikes on moving targets so accurate, how does the targeting technology work?",400
What or Who is Little green men?,401
How did viruses come to be?,402
What or Who is Faraday constant?,403
USB Shield. To ground or not to ground?,404
"Why ""Having chlorophyll without photosynthesis is actually very dangerous"" and ""like living with a bomb""?",405
What or Who is Geotagging?,406
What or Who is Falun Gong?,407
What or Who is Zooplankton?,408
What or Who is Taxon?,409
What or Who is Tranquility Base?,410
Read length distribution from FASTA file,411
"Should I trust the spedometer of my car or the speed stated by my GPS? Which one is correct and even more important, which one do the cops use?",412
How to convert DNAbin to FASTA in R?,413
Does heavy water taste sweet?,414
What or Who is Bortle scale?,415
What or Who is Plankton?,416
Is the Common Cold an Immune Overreaction?,417
"What is a ""DIE"" package?",418
Securing electrical cables to holes in enclosures?,419
"What is the truth about 1.5 V ""lithium"" cells?",420
"An introduction to ""oxidation state""/""oxidation number""",421
What's the difference between an exoplanetary transit and eclipse?,422
"If the amazon echo doesn’t start processing audio until you say “Alexa”, how does it know when you say it?",423
What or Who is P versus NP problem?,424
What or Who is Gravitational singularity?,425
When to use pull-down vs. pull-up resistors,426
What or Who is Parapsychology?,427
What are the differences between NAND and NOR flash?,428
Why do sunsets and sunrises look so different? Isn't it technically the same thing?,429
What or Who is Chess annotation symbols?,430
Where to start learning Linear Algebra?,431
Why do IR remotes influence AM radios?,432
Good GUI for R suitable for a beginner wanting to learn  programming in R?,433
"Why aren't NASA operations run in the desert of say, Nevada, and instead on the Coast of severe weather states like Texas and Florida?",434
What or Who is Solvation?,435
Why was disease transfer to the Americas one-way?,436
Classification (supervised learning) of expression data on pathway level,437
Intersection of two genomic ranges to keep metadata,438
How to summarize data by group in R?,439
"I saw a picture of a single atom. What is in the ""empty"" space between the camera and the atom?",440
Is it possible to do planet observation during the day?,441
Why don't humans take preventative medicine for tick-borne illnesses like animals do?,442
What or Who is Time travel claims and urban legends?,443
Euclidean distance is usually not good for sparse data (and more general case)?,444
What or Who is Grievance studies affair?,445
Why are not all species hermaphrodites?,446
Why do humans get sexually aroused when seeing other members of our species naked/copulating (porn of course)? Do animals do that as well?,447
Can glaciers be less than 30m thick?,448
Where do internet providers get their internet from and why can't we make our own?,449
Why does alcoholic KOH prefer elimination whereas aqueous KOH prefers substitution?,450
What or Who is Buck v. Bell?,451
What or Who is Shadow library?,452
Why is the observable Universe larger than its age would suggest?,453
How can PCB trace have 50 ohm impedance regardless of length and signal frequency?,454
"Why did latin, a language spoken by a huge portion of Europe, completely die?",455
"How exactly do you ""winterize"" a power grid?",456
Designing a Santa alarm (honestly),457
Why do sunspots appear dark?,458
Why is the Moon's orbit so complicated?,459
"When should linear regression be called ""machine learning""?",460
What or Who is Peter Diamandis?,461
How do you describe your mathematical research in layman's terms?,462
Can an audio circuit be powered by a switched-mode power supply?,463
What or Who is Data mining?,464
What or Who is Gravity anomaly?,465
"After recently seeing an article about laser technology uncovering a lost African city, why can't we use that technology to map the Paris Catacombs?",466
Ripping apart plastic: is this a chemical or physical change?,467
What or Who is History of the telescope?,468
Why don't we use GaN transistors everywhere?,469
"If you were a human floating towards the sun, at what distance from the sun would you feel an Earth-like temperature?",470
What or Who is Landsat program?,471
What are the different types of solder used for?,472
What or Who is Animal testing?,473
Why do clouds sometimes form a ring around the Sun?,474
How do we know the human species arose in Africa?,475
What or Who is Philosophy of law?,476
How did Astronomers deduce that the Sun was not a ball of fire?,477
Why do snowflakes form into hexagonal structures?,478
"How do direction work in space because north,east,west and south are bonded to earth? How does a spacecraft guide itself in the unending space?",479
What or Who is Robot combat?,480
What or Who is Nuclear testing at Bikini Atoll?,481
What or Who is Specific rotation?,482
What or Who is Camel urine?,483
"As someone gets more obese, do their actual skin cells stretch or do they replicate fast enough to keep up with the increasing surface area?",484
Has it been scientifically proven that Nuclear Fusion is actually a possibility and not a 'golden egg goose chase'?,485
Where do those extra four minutes go every day?,486
What or Who is Gravitation of the Moon?,487
What or Who is Palmistry?,488
"Family members are posting on Facebook that there has been no warming in the US since 2005 based on a recent NOAA report, is this accurate? If so, is there some other nuance that this data is not accounting for?",489
Life without DNA?,490
Is mathematics one big tautology?,491
Why does phosphate rock contain uranium?,492
Is any known plant magnetic?,493
What or Who is Law of three stages?,494
Deadweight vs. liveweight. Why does a 50lb bag of concrete feel heavier than my 50lb kid?,495
"Suicide is listed as a side effect of over 200 common medications. How, specifically, do these medications increase the risk of suicide?",496
How do radio stations know how many people are tuning in?,497
"Why do ""bad smells"" like smoke and rotting food linger longer and are harder to neutralize than ""good smells"" like flowers or perfume?",498
What the hell are birds doing screaming at 5am?,499
What or Who is Elevation?,500
"How to build a USB controller having knobs, sliders, and switches",501
What or Who is Casimir effect?,502
What or Who is Solvay process?,503
How do we know the expansion of the universe is not centered around our position?,504
Why is only one side of the Moon visible from Earth?,505
What or Who is Aquatic ape hypothesis?,506
Why don't we use neutral wire for to ground devices and earth wire for closing the circuit?,507
What are these boxes mounted inline on each of the 3 phase wires of a high voltage power line in Miami?,508
Are the social-distancing measures implemented against SARS-CoV-2 also suppressing the spread of other viruses?,509
What or Who is Data science?,510
Bacterial genome annotation of a clinical isolate strain?,511
What or Who is Electron microscope?,512
"Do galaxies have clearly defined borders, or do they just kind of bleed into each other?",513
What or Who is Convection?,514
How can we distinguish between true zero and dropout-zero counts in single-cell RNA-seq?,515
When should I use lasso vs ridge?,516
"What are weightstations on US interstates used for? They always seem empty, closed, or marked as skipped. Is this outdated tech or process?",517
What are the side-effects of long-term liquid breathing?,518
Why do employers pay little attention to what your college GPA was?,519
Do the predictions of a Random Forest model have a prediction interval?,520
Why did people draw so many continuous squares in the sand on the beach at Cape Juby?,521
What is a non-classical carbocation?,522
The last element's atomic number,523
"If two white dwarfs collided, would they become a star?",524
Math and mental fatigue,525
What's the catch with FRAM?,526
How to apply upperquartile normalization on RSEM expected counts?,527
Physical meaning of the null space of a matrix,528
"How come full scale quad copters as big as helicopters haven’t been developed, considering the drone versions seem to be much more stable than the single rotor helicopter RC drones?",529
Why exactly are overweight people at higher risk when they get infected with COVID-19?,530
How to generate uniformly distributed points on the surface of the 3-d unit sphere?,531
Do deep sea creatures have a sleep schedule?,532
What or Who is Max Tegmark?,533
What or Who is Albedo?,534
What or Who is Cardiff Giant?,535
Why is compactness so important?,536
When was it worked out/discovered that our Sun can't go supernova?,537
How exactly did statisticians agree to using (n-1) as the unbiased estimator for population variance without simulation?,538
What or Who is Galileo thermometer?,539
Why do cyclic hydrocarbons have higher boiling points than their acyclic isomers?,540
What or Who is High-performance liquid chromatography?,541
What or Who is UFO conspiracy theories?,542
why could earlier console discs (PS1) get heavily scratched and still run fine; but if a newer console (PS5) gets as much as a smudge the console throws a fit?,543
Triac versus Relay,544
"What are these lake-like blue patches in the desert, visible in satellite image?",545
"How do electromagnetic waves (like wifi, Bluetooth, etc) travel through solid objects, like walls?",546
How accurate are climate proxies in giving us a clear picture of global average temperatures throughout Earth history?,547
Supermassive black holes at the center of galaxies,548
"What does it mean for waves to ""feel"" the bottom?",549
What or Who is Twin paradox?,550
Have we ever observed two drosophila lineages that evolved reproductive isolation in labs?,551
What or Who is Unified field theory?,552
How many times has the average drop of water been through an animal kidney in the history of Earth?,553
What or Who is DARPA?,554
"If each day is only 23h56m4s, over the course of 4 years, we accumulate 95.7 hours of unaccounted time when approximating each day to 24 hours. We give ourselves one extra day in February, which accounts for only 24 hours of that extra time, but where does that extra 71.7 hours go?",555
What makes ice slippery?,556
"How is it known that everyone with blue eyes has one single ancestor, rather than this mutation occurring in multiple individuals at many different times?",557
What or Who is Kepler's laws of planetary motion?,558
"How do we know that a comet passed by earth 50,000 years ago?",559
"If the human bodies reaction to an injury is swelling, why do we always try to reduce the swelling?",560
What or Who is Tachometer?,561
A glass of water with ice-cubes in it. Where's the water the coldest; at the top or bottom?,562
Naming convention for sea ice thickness per unit area of ice or ocean,563
Understanding the significance of BLAT score calculations for read fragment alignment,564
Personal electronics tool kit,565
Why is aerodynamic resistance defined inversely?,566
This coconut oil melted during a heat wave and later re-solidified. Why did it form this honeycomb structure?,567
What is this fish?! Is it even real?,568
"How to calculate Area Under the Curve (AUC), or the c-statistic, by hand",569
Do organs ever get re-donated?,570
Why is the volume of a cone one third of the volume of a cylinder?,571
What are these bladder snail parasites?,572
What or Who is Cosmic distance ladder?,573
Impossible or improbable? Hurricane crossing the equator,574
Continuity of the roots of a polynomial in terms of its coefficients,575
"If the average lightning strike can contain 100 million to 1 billion volts, how is it that humans can survive being struck?",576
"What causes the sharp if irregular boundary line in the ""Cosmic Cliffs"" JWST Carina image?",577
Proving an alternating Euler sum: $\sum_{k=1}^{\infty} \frac{(-1)^{k+1} H_k}{k} = \frac{1}{2} \zeta(2) - \frac{1}{2} \log^2 2$,578
Somatic tumor only variant calling?,579
How do I type a simple chemical equation in Microsoft Word?,580
What or Who is Galvanometer?,581
"Would we have more than 8 minutes of light, if the Sun ""went out""?",582
What is deep sequencing?,583
Bayes regression: how is it done in comparison to standard regression?,584
Are we aware of any linguistic differences between the Korean spoken in North and South Korea that have developed since the end of the Korean War?,585
"If a car is in an accident, and the repair shop restored it to new condition (no bent frame, new parts, paint, airbag, etc.), why does it still lose value in as a trade in, if it is otherwise in great condition, with low miles?",586
How do we know Milky Way is a 'barred' spiral galaxy?,587
Do viruses or bacteria have a flavour?,588
What or Who is Timeline of scientific discoveries?,589
"How come it takes years to make a 2 hour movie, but shows like Game of Thrones can release up to ten hours of movie-grade entertainment every year?",590
How has the Earth's orbit changed over hundreds of millions or billion of years?,591
How to tune hyperparameters of xgboost trees?,592
What or Who is Seawater?,593
What or Who is Color of chemicals?,594
"How can my fancy new dishwashers ""ECO"" mode last 5 hours? How is that good for the environment?",595
JTAG vs SWD debugging,596
why can't we talk in our normal voice while crying?,597
"What does ""reaction coordinate"" mean? What does it mean when a reaction has TWO reaction coordinates?",598
Why is DNA replication  performed in the 5' to 3' direction?,599
What or Who is Oliver Heaviside?,600
Why does watching a video at 1.25 speed decrease the time by 20%? And 1.5 speed decreases it by 33%?,601
What or Who is NoFap?,602
What unit do I get on the y-axis of a metagene profile plot?,603
Impact of Alan Turing's approach to morphogenesis,604
What or Who is Encephalitis lethargica?,605
Detecting structural variants with MinION data,606
What or Who is Search for extraterrestrial intelligence?,607
What's the significance of Tate's thesis?,608
Are male and female brains physically different from birth?,609
"""Which answer in this list is the correct answer to this question?""",610
Are lymphocyte sizes clustered in two groups?,611
"What or Who is Philosophy, politics and economics?",612
Could someone explain RA/dec in simple terms?,613
What or Who is Kennedy Space Center Launch Complex 39?,614
How does a lone pair of a central atom affect the dipole moment?,615
what is the science behind weighted blankets and how do they reduce anxiety?,616
What or Who is Lockheed Martin?,617
How to quickly or easily prove the world is spherical?,618
Taking Seats on a Plane,619
Does a four-variable analog of the Hall-Witt identity exist?,620
What color is the dress? Why do some people see blue and black and some people see gold and white when looking at a single image of a dress?,621
"How to concatenate ""by chromosome""-VCFs?",622
What or Who is Lawrence Livermore National Laboratory?,623
What or Who is Kraft process?,624
Shouldn't this cause a fire?,625
"What is the meaning of the ""dot"" notation in chemical formulas?",626
Is a complete global flood physically possible on Earth?,627
What or Who is Time Cube?,628
What or Who is Detection limit?,629
What or Who is Remote sensing?,630
How are Earth's rotational changes due to large earthquakes calculated?,631
"Why do only a few languages, mostly in southern Africa, have clicking sounds? Why don't more languages have them?",632
"if nicotine flushes out of your body within a week, why do ex smokers have physical cravings even long time after quitting?",633
How does a video game or software randomly decide something?,634
Why don't humans have mating seasons?,635
Equinoxes and solstices: start of the season or mid-season?,636
Why do coffee drinkers feel more clear headed after consuming caffeine? Why do some get a headache without it? Does caffeine cause any permanent brain changes and can the brain go back to 'normal' after years of caffeine use?,637
"When you get a massage, the masseuse seems to push the knots to specific spots to make them disappear. Where do they go?",638
What or Who is Paleolithic diet?,639
What or Who is Henry Fox Talbot?,640
Why can space telescopes see through a planetary nebula?,641
How to statistically compare two time series?,642
How to make traces on an universal PCB?,643
What or Who is Thermodynamic cycle?,644
How to normalize data to 0-1 range?,645
How can I get my atmega328 to run for a year on batteries?,646
What is the physiological cause of that deep seated anxiety lump in our chest during stressful or disheartening experiences?,647
Classifying samples based on marker gene expression,648
When to use generalized estimating equations vs. mixed effects models?,649
Interlocked cyclic compounds,650
"If all the polar ice caps melted, would the ocean become less salty?",651
Classification of prime ideals of $\mathbb{Z}[X]$,652
What or Who is Dimension?,653
When would I use a voltage regulator vs a voltage divider?,654
What or Who is Arecibo message?,655
What or Who is Physicist?,656
Getting structure and sequence related to PDB IDs,657
What or Who is Coast?,658
"Probability of a single real-life future event: What does it mean when they say that ""Hillary has a 75% chance of winning""?",659
What or Who is From the Earth to the Moon (miniseries)?,660
Why can hormone therapy make a clitoris grow but can't make a penis grow?,661
What or Who is Galilean moons?,662
What is the difference between local and global sequence alignments?,663
"Does Mars have caves and if we discover a large enough cave system on Mars, how deep would we need to go to reach a hospitable temperature?",664
Is this a low complexity region in our human genome?,665
Is analog signal arithmetic faster than digital one?,666
What or Who is Radiance?,667
"If I wanted to randomly find someone in an amusement park, would my odds of finding them be greater if I stood still or roamed around?",668
What did Edward Snowden actually reveal abot the U.S Government?,669
What or Who is Hubble Space Telescope?,670
Earth overshoot day: is it a sound concept?,671
"How can Roman bridges be still standing after 2000 years, but my 10 year old concrete driveway is cracking?",672
What or Who is Emily Calandrelli?,673
Why is lower stomach fat and lower back fat the slowest parts to get rid of during fat loss?,674
Do ants really find the shortest path to a food source?,675
What do ants do with human finger nails?,676
Why is there so little nitrogen in the Martian and Venusian atmospheres?,677
"why haven’t USB cables replaced every other cable, like Ethernet for example? They can transmit data, audio, etc. so why not make USB ports the standard everywhere?",678
What or Who is Aryan race?,679
"If someone becomes immunized, and you receive their blood, do you then become immunized?",680
"If all forms of elephant went extinct before we came to be, and all we had were fossils, could we figure out that they had long trunks?",681
What happens in the brain in the moments following the transition between trying to fall asleep and actually sleeping?,682
Canonical MOs vs. Localized MOs: Do both represent reality in the same way?,683
What or Who is Science communication?,684
9th planet location?,685
What or Who is Ibn al-Haytham?,686
What or Who is Dynamic light scattering?,687
What or Who is Public utility?,688
What is the difference between a Bioinformatics pipeline and workflow?,689
What or Who is Room temperature?,690
Why does the colour of amethyst fade if exposed to too much light?,691
How can nothing be faster than light when speed is only relative?,692
What or Who is Adam Weishaupt?,693
What or Who is Post hoc analysis?,694
What's the difference between principal component analysis and multidimensional scaling?,695
"How much voltage/current is ""dangerous""?",696
Normal subgroup of prime index,697
What or Who is Daigo Fukuryū Maru?,698
Why does California burst into flames every summer?,699
"What or Who is Science, technology, engineering, and mathematics?",700
What would an asteroid inside of Mercury's orbit be called?,701
Mechanism of arene side chain oxidation by permanganate,702
How can I implement regenerative braking of a DC motor?,703
What or Who is Hypothetical types of biochemistry?,704
Can earthquakes contribute to Antarctic ice loss?,705
What or Who is Metre per second squared?,706
Are drugs made bitter artificially to prevent being mistaken for candy?,707
If a bottle is completely filled with water and I shake it. Does the water still move inside?,708
What or Who is Ear candling?,709
Why are most foods baked in the oven at around the same temperatures (say 350-425 degrees Fahrenheit)? Is there a scientific reason behind this common temperature range?,710
"What causes the ""rotting fish smell""?",711
What or Who is Space Shuttle thermal protection system?,712
How safe is 48V DC?,713
Running SnakeMake on cluster,714
What Ensembl genome version should I use for alignments? (e.g. toplevel.fa vs. primary_assembly.fa),715
Subset smaller BAM to contain several thousand rows from multiple chromosomes,716
Amplification before tubes and transistors were invented,717
How can cache be that fast?,718
What or Who is Photoperiodism?,719
Why don't we bleed interstitial fluid?,720
"If I shake hands with someone who just washed their hands, do I make their hand dirtier or do they make my hand cleaner?",721
When staring into complete darkness do your eyes focus on infinity or are they unfocused?,722
What is the difference between ∆G and ∆G°?,723
Do molecules with bridges through rings exist?,724
What is the origin of the bactericidal properties of silver in water?,725
Why deoxyribose for DNA and ribose for RNA?,726
How long does it take for the atmosphere to mix?,727
"What exactly is the ""sand"" that forms around your eyes after you wake up and how it is formed, biologically speaking?",728
What to use to edit RNA alignments?,729
NASA Engineers just communicated with Voyager 1 which is 21 BILLION kilometers away (and out of our solar system) and it communicated back. How is this possible?,730
Why did Axial Capacitors Fall Out of Use in the Industry?,731
What is the smallest and simplest seed for a random number generator?,732
"Same transcript coordinates in gtf file, different transcript ID",733
"How can Rabies still exist and be as prevalent as it is, if it's lethality is 99.99% and it's disease cycle is relatively short?",734
What or Who is Field trip?,735
What or Who is Man's Search for Meaning?,736
Generative vs. discriminative,737
What is an embedding layer in a neural network?,738
Best way to present a random forest in a publication?,739
"What is the difference between convolutional neural networks, restricted Boltzmann machines, and auto-encoders?",740
"When extreme flooding happens, why aren’t people being electrocuted to death left and right?",741
Why is the sum of two random variables a convolution?,742
Is taking a 3 hour nap during the day and sleeping 5 hours at night equivalent to getting a full 8 hour sleep at night?,743
What or Who is The Voyage of the Beagle?,744
"What does zipping a file actually do? Why does it make it easier for sharing files, when essentially you’re still sharing the same amount of memory?",745
How to understand influenza strain designations?,746
What or Who is Level of measurement?,747
What or Who is Largest known prime number?,748
How do trains not slip when it's raining or when going uphill?,749
"Can anyone explain this high-frequency ""alien voodoo black magic""?",750
Prove that simultaneously diagonalizable matrices commute,751
"May I treat units (e.g. joules, grams, etc.) in equations as variables?",752
"Greenland ice melt reporting has me worried, what are ramifications of this year's melt?",753
How to safely and efficiently convert subset of bam to fastq?,754
What or Who is Radiant energy?,755
What causes fast moving pulsars to move so fast?,756
Farthest point from the center of the Earth,757
Why were coax cables used for networking?,758
What or Who is Space Race?,759
Why does the US have huge cities in the desert?,760
"How can I edit a specific FASTQ read in place, given the read ID?",761
Where does the water from rain in rain forests come from?,762
"erivatives. The U.S.A has 687 trillion dollars of ""currency and credit derivatives."" What exactly does this mean?",763
What or Who is Multiplication table?,764
What or Who is Five themes of geography?,765
How large can a ball of water be without fusion starting?,766
Was the Geocentric Model correct at all?,767
"If warm air rises and cooler air falls, why is it colder at high altitudes?",768
Storing hydrofluoric acid before the invention of plastics,769
Why does the sun cause long term skin damage if we are constantly losing and re-growing skin cells?,770
"What is the advantage of a ""straw hat"" (inverted cone) LED?",771
What does the data for covid show regarding transmittablity outdoors as opposed to indoors?,772
"What are the differences between a gyroscope, accelerometer and magnetometer?",773
Alignment based vs reference-free (transcriptome analysis)?,774
Solder does not stick to tip of soldering iron?,775
How should tiny $p$-values be reported? (and why does R put a minimum on 2.22e-16?),776
Why are Arabic numerals so much simpler in construction than Arabic letters?,777
Is alcohol really a solution?,778
"What is the difference between \$V_{CC}\$, \$V_{DD}\$, \$V_{EE}\$, \$V_{SS}\$",779
My daughter who is 5 discovered that her bubbles popped on the dry cement but not on the wet cement. I feel like I should be able to explain why it happens. Can someone ?,780
Books on Number Theory for Layman,781
What are the difficulties to make digital voting for government from home possible?,782
Why is Earth's inner core made of an iron-nickel alloy?,783
Is there any convincing evidence for the existence of nanobacteria?,784
Optimization when Cost Function Slow to Evaluate,785
Can statisticians control for people lying on surveys?,786
How to efficiently manage a statistical analysis project?,787
What or Who is Natural science?,788
What did I photograph?,789
Is S2 still the fastest known star in the galaxy?,790
Why do most hard candies just shrink down as you suck on them but peppermints get all porous and full of holes?,791
What or Who is Shock diamond?,792
How do we know what dinosaurs ate exactly if only their bones were fossilized?,793
How to find solutions of linear Diophantine ax + by = c?,794
What or Who is Hygroscopy?,795
"What is the difference between D and L configuration, and + and −?",796
What or Who is Rod (optical phenomenon)?,797
"Why do our bodies store excess fat, sugar, cholesterol etc but not water or vitamins?",798
What or Who is Derek Muller?,799
What or Who is Crystal healing?,800
"When the sun goes red giant, will any planets or their moons be in the habitable zone? Will Titan?",801
What or Who is Prime95?,802
ROC vs precision-and-recall curves,803
What or Who is Flux?,804
Why is it so hard for game consoles to include backwards compatibility?,805
What or Who is The Structure of Scientific Revolutions?,806
If we breathe out carbon dioxide why does CPR work?,807
What or Who is Glossary of architecture?,808
Why does it take multiple years to develop smaller transistors for CPUs and GPUs? Why can't a company just immediately start making 5 nm transistors?,809
What or Who is Social science?,810
What or Who is Enewetak Atoll?,811
Does the original strain of Covid still exist in the wild or has it been completely replaced by more recent variants?,812
What or Who is Billy Cranston?,813
"If body temperature is 37°C (98.6°F), why are most people more comfortable at around 21°C (70°F)?",814
"If we defined the meter as a static portion of the width of the universe (so as one expanded in size, the other did proportionally), about how much would our meter be expanding in, say, an hour?",815
Doesn't using resistors serial to LEDs all the time waste a lot of energy?,816
How has the ISS managed to stay in orbit for over 20 years and not be obliterated by random space junk moving faster than a bullet?,817
What or Who is Origin of water on Earth?,818
How to convert species names into common names?,819
"It’s said that, theoretically, if you fold a paper 42 times, it will reach the Moon, and if you fold it 103 times, it’s width will surpass the observable universe. How does this work?",820
Sometimes when we rub our eyes too hard you lose your vision for a second and then it comes back gradually. Why is that?,821
What or Who is Evidence of absence?,822
What or Who is Ian Stevenson?,823
Will babies who have experienced their first year of life within the pandemic see long term immune system effects?,824
What are differences between affine space and vector space?,825
Why do we care about dual spaces?,826
Run gffread in multi-thread mode,827
What or Who is Navigation?,828
"What is the difference between ENCODE Tier 1, 2 and 3 cell types?",829
Could a modern day human survive and thrive in Earth 65 million years ago?,830
"Where does the energy of light go, when it red-shifts?",831
Are there situations where the groundwater table doesn't follow the morphology of the surface?,832
Intuition for the definition of the Gamma function?,833
What or Who is Newton's laws of motion?,834
Do trees age on a microscopic level?,835
Tumor purity/contamination/admixture estimation,836
What or Who is Problem-based learning?,837
How do PCR duplicates arise and why is it important to remove them for NGS analysis?,838
What or Who is Magnetometer?,839
What happens to global temperature when we stop all the vehicles for a year?,840
How much do children's foreign language shows like Dora The Explorer actually help a viewer learn another language?,841
How were old style stereographic structures produced?,842
Wide hips are considered a sign of fertility and ease of birth - do we have any evidence to support this?,843
Missing genes and normalisation of RSEM output using EBSeq,844
Is toothpaste solid or liquid?,845
What is the physical basis for Hund's first rule?,846
Purpose of the diode and capacitor in this motor circuit,847
Are there crazy caves with no entrance to the surface pocketed all throughout the earth or is the earth pretty solid except for cave systems near the top?,848
How does the International Space Station regulate its temperature?,849
Solar Analemma - but with a star instead,850
What is Drago's rule? Does it really exist?,851
Why do fans (and propellers) have different numbers of blades? What advantage is there to more or less blades?,852
What is the cause of the jet streams?,853
What is the exchange interaction?,854
What or Who is James E. Webb?,855
What does lowercase r-s notation mean?,856
"Why is Australia so overwhelmingly dry when nearby places like Papua New Guinea, New Zealand, Indonesia, and Tasmania are all so wet and lush?",857
What or Who is Prince Rupert's drop?,858
What or Who is Thermodynamic system?,859
What are the trajectories of flying insects?,860
Does no correlation imply no causality?,861
"affeine has almost no calories, but seems to give us a burst of energy on its own. Where does the body get this energy from? Is caffeine forcing the body to use stored fat?",862
What or Who is Mass spectrometry?,863
Are long oxygen molecules possible?,864
Can lightning occur in stars like the Sun?,865
What or Who is Dry needling?,866
What or Who is Superstition in India?,867
"Is there a better explanation of this picture showing the very distant star ""Earendel""?",868
"Why is our solar system ""tipped"" about 63° with respect to the plane of our galaxy?",869
"I imagine seals, dolphins and other sea mammals drink seawater, how good are their kidneys?",870
What or Who is Grumman X-29?,871
Which stars did the Sun form with?,872
Does the Milky Way move through space?,873
What or Who is Equation of time?,874
"There’s millions if not billions of creatures in the ocean and they all pee, so how do they not get sick from essentially inhaling each other’s urine?",875
Why did they need an algorithm to take a picture of the black hole and what did the algorithm even do?,876
"How exactly does water put out a fire? Is it a smothering thing, or a chemical reaction?",877
Is the moon moving further away from Earth and closer to the Sun? Why?,878
How did this capacitor survive having a nail driven through it?,879
Which activation function for output layer?,880
What metals aren't dissolved in/attacked by aqua regia?,881
How deep or shallow can the sand be in a desert?,882
How and why did mammals go back to the oceans?,883
What or Who is Five-hundred-meter Aperture Spherical Telescope?,884
"What do continents ""lay"" on?",885
What or Who is Worksheet?,886
"During the ""Ice Ages"" or ""Snowball Earth"" times, where was all the energy?",887
How come teeth move back to their original positions if you stop wearing braces?,888
Why do different substances have different boiling points?,889
What are the tiny triangular creases on your skin called?,890
What does the inverse of covariance matrix say about data? (Intuitively),891
What or Who is The Magic School Bus (TV series)?,892
Why do some planets have rings?,893
Are there any databases of templates for common bioinformatic file formats?,894
What or Who is Standard temperature and pressure?,895
Confirm success or failure of RNA-Seq normalization,896
"With all this fuss about net neutrality, exactly how much are we relying on America for our regular global use of the internet?",897
What is global max pooling layer and what is its advantage over maxpooling layer?,898
How can you prove that a function has no closed form integral?,899
Why do the cameras inside the ISS have so many dead or stuck pixels?,900
What or Who is GPS Exchange Format?,901
What or Who is HMS Beagle?,902
What or Who is History of telecommunication?,903
What is likely to have happened with these newly discovered antarctic volcanos below the ice?,904
What are some good examples of rate equations for a math class?,905
How are black holes found?,906
"If a person is paralyzed from the neck down, does that paralyzed body still react to temperature changes? Sweat and goosebumps?",907
Can plants suffer from CO2 poisoning?,908
What or Who is Cosine similarity?,909
What or Who is Diffraction-limited system?,910
What or Who is In situ?,911
What or Who is Abraham Van Helsing?,912
Why is wombat scat (feces) shaped like cubes?,913
What or Who is Michael Servetus?,914
What am I looking at in Franklin's Photo 51 of DNA?,915
What or Who is Skepticism?,916
Earth's ocean basins,917
Can a probability distribution value exceeding 1 be OK?,918
What causes our stomach to rumble when we are hungry?,919
What or Who is EmDrive?,920
"You're not supposed to defrost meats in warm water due to harmful bacteria growth, you're not supposed to leave food at room temperature for long without being refrigerated because of harmful growth but, when you go to a buffet, food can sit out for hours under heat lamps and be fine?",921
What or Who is Fleming's right-hand rule?,922
'Obvious' theorems that are actually false,923
Why is 18 the maximum amount of electrons an atomic shell can hold?,924
"How do adhesive factories (super glue, caulking, etc...) prevent their machines from seizing up with dried glue during production?",925
Why does working a muscle to exhaustion with low weight and high volume vs high weight and low volume yield different results?,926
Intuition behind Matrix Multiplication,927
Was there a scientific reason behind the decision to take a picture of this particular black hole instead of another one ?,928
What or Who is Sid the Science Kid?,929
"What is the mechanism behind ""acquired"" alcohol tolerance?",930
What or Who is Ecological footprint?,931
"Do microwaves interfere with WiFi signals? If so, how?",932
What or Who is Ubiquitous computing?,933
What or Who is Phase transition?,934
What or Who is Bachelor of Science in Information Technology?,935
Why is ANOVA equivalent to linear regression?,936
What or Who is Orgone?,937
What or Who is Phases of clinical research?,938
How Would a Neutron Star Actually Appear?,939
What or Who is T-symmetry?,940
Is there an advantage to linear chromosomes?,941
What or Who is Mathematics?,942
What or Who is Ten Commandments of Computer Ethics?,943
"If 2 objects are traveling at 0.5 the speed of light relative to some 3rd object but in opposite directions, would each perceive the other as going the speed of light? What about 0.6 times to speed of light?",944
Why are radio telescopes often built into natural depressions?,945
What or Who is Science education?,946
How many humans have been in my lineage? Is it almost the same for every human currently living?,947
When toddlers talk ‘gibberish’ are they just making random noises or are they attempting to speak an English sentence that just comes out muddled up?,948
How does the poor man's log₁₀ calculator trick work?,949
Why are copper cables round?,950
What or Who is SpaceShipOne?,951
"Why is heart stoppage the indicator for death? If the brain is the root of conciousness, shouldn't it be when that stops working instead?",952
What is the maximum volume that can be contained by a sheet of paper?,953
Incremental averaging,954
What or Who is Nyquist rate?,955
Counterintuitive examples in probability,956
What or Who is Isuzu?,957
What or Who is World Meteorological Organization?,958
Why are isotopes of hydrogen the only ones with special names?,959
Why does mathematical convention deal so ineptly with multisets?,960
What is the name of this red plant?,961
How to extract fasta from a blastdb,962
Do plants produce any heat?,963
What or Who is Either/Or?,964
How much of the ocean do we actually have mapped/imaged? Do we really even know what exists in the deepest abyss?,965
Why is there a gap in this image of supernova discoveries?,966
Why does it hurt the next day after doing significant exercise?,967
"Why only three partitions? (training, validation, test)",968
Why do we use steel from ships made before 1945 atomic bombings for radiological instruments? Is it just cheaper or are we totally unable to purify steel with today's processes?,969
How and why are books like The Great Gatsby and Of Mice and Men chosen for reading in English classes?,970
What or Who is Clinical trial?,971
How does my screen driver handle so much data?,972
"If you cut entirely through the base of a tree but somehow managed to keep the tree itself perfectly balanced on the stump, would the tree “re-bond” to the stump or is this a tree death penalty?",973
What or Who is Zero-point energy?,974
What exactly is happening to your (nerves?) when circulation gets cut off and you start to tingle?,975
What or Who is David Chalmers?,976
What or Who is Jennifer Ashton?,977
Existence of gravitons?,978
Accuracy of the original human DNA datasets sequenced by Human Genome Project?,979
What or Who is Eukaryote?,980
What or Who is Medical terminology?,981
What is the best method to estimate a phylogenetic tree from a large dataset of >1000 loci and >100 species,982
"How far is the Earth/Sun above/below the galactic plane, and is it heading toward/away from it?",983
Why are there so many binary systems?,984
What or Who is RRS Sir David Attenborough?,985
How to reduce the atmospheric temperature artificially?,986
"Calculating the integral $\int_0^\infty \frac{\cos x}{1+x^2}\, \mathrm{d}x$ without using complex analysis",987
Why is thymine rather than uracil used in DNA?,988
What or Who is Artemis 1?,989
Deciding between chi square and t test,990
What or Who is Western astrology?,991
What or Who is Adam Savage?,992
Regression for an outcome (ratio or fraction) between 0 and 1,993
What or Who is Surface plasmon resonance?,994
What’s that lump in your throat you get when you’re about to cry?,995
What or Who is Environmental engineering?,996
"If it took 10 minutes to saw a board into 2 pieces, how long will it take to saw another into 3 pieces?",997
Ripening bananas artificially: What is the biological theory behind?,998
if building muscle is caused by microtears then how come we don’t get bruises from doing it?,999
What or Who is Popular science?,1000
Why does lightning travel in a zig-zag manner rather than a straight line?,1001
What or Who is Prime meridian?,1002
Did we discover 10 or 12 new moons of Jupiter?,1003
What or Who is Colony (biology)?,1004
"why do we need to sleep so much, what happens in the body when asleep that cannot happen while normal resting or relaxing? Or is it just for the brain?",1005
Hypervalency and the octet rule,1006
What or Who is Orbit?,1007
What or Who is Aqueous solution?,1008
What's 4 times more likely than 80%?,1009
What or Who is Boaty McBoatface?,1010
Why don't the inner moons of Jupiter have tidally-induced volcanism?,1011
Why do engineers blast through hills instead of building highways over them?,1012
What or Who is Astronaut?,1013
Books on population or evolutionary genetics?,1014
"Definition of ""seed"" in sequence alignment",1015
How to read the text printed on top of every IC?,1016
What is the difference between a high-resolution model and a regular model run?,1017
Wald test for logistic regression,1018
What would the horizon look like if you were standing on an infinitely stretching and perfectly flat plane?,1019
How is an XOR with more than 2 inputs supposed to work?,1020
How can a tiny pimple can hurt a whole shoulder?,1021
What or Who is Rotational–vibrational spectroscopy?,1022
Why isn't Logistic Regression called Logistic Classification?,1023
"I wear glasses, but when I take them off and look through the holes in my country cheese crackers its like I have my glasses on. How/why does this correct my vision?",1024
Why do CRTs have 3 electron guns?,1025
Does vegetation contribute to long-term carbon sequestration?,1026
Is there a gas giant orbiting TRAPPIST-1?,1027
What or Who is Keystone species?,1028
"When you get a shot in the arm, how can you be sure the contents are being released into a blood vessel?",1029
What or Who is Coral reef?,1030
"How is it possible that some animals are ""immortal"" and can only die from predation?",1031
Why do parasites sometimes kill their hosts?,1032
Is there another simpler method to solve this elementary school math problem?,1033
"Is it possible to achieve a stable ""selenostationary"" orbit around the Moon?",1034
Why is an average of an average usually incorrect?,1035
What or Who is Knowledge worker?,1036
why does rain come down as “drops” instead of as a larger mass of water?,1037
What or Who is Baghdad Battery?,1038
What or Who is Rectum?,1039
What or Who is Major-General's Song?,1040
What or Who is 3D scanning?,1041
What or Who is World line?,1042
When and how did scientists figure out there is no land under the ice of the North Pole?,1043
Why aren't seismic stations installed very deep underground so as to pre-warn from earthquakes?,1044
If fruits are produced by plants for animals to eat and spread seeds around then why are lemons so sour?,1045
Why doesn't the SeO2 oxidation of ketones stop at the hydroxyketone stage?,1046
What or Who is Nicolaus Copernicus?,1047
What or Who is Mercury 13?,1048
What or Who is Normal mode?,1049
"Help me understand the relationship between positive, negative, neutral and ground in AC and DC",1050
How can anyone use a microcontroller which has only 384 bytes of program memory?,1051
"When extremely sleepy (like in lectures), why does falling asleep for even a few minutes provide a dramatic improvement in your awakeness?",1052
What is behind the Great Red Spot's longevity?,1053
What or Who is PyTorch?,1054
What or Who is Nature (journal)?,1055
What or Who is Provenance?,1056
Can someone clearly explain about the lim sup and lim inf?,1057
What or Who is Bates method?,1058
How to determine which distribution fits my data best?,1059
What or Who is Brainiac: Science Abuse?,1060
"What or Who is Gödel, Escher, Bach?",1061
"What is an ""uninformative prior""? Can we ever have one with truly no information?",1062
Step up 3.3V to 5V for digital I/O,1063
What happens if I omit the pullup resistors on I2C lines?,1064
how does the sensor which measures the level of fuel of a car know pretty precisely how much fuel there is in the tank?,1065
How do trees manage to grow equally in all directions?,1066
"If I do (for example) 10 squats 5 times over the space of the day, is that just as good as going 50 squats once a day? Why or why not?",1067
What or Who is Cosmic Calendar?,1068
"From a cost stand point, would it not make sense to build duplicates of space probes and send them to different locations?",1069
What or Who is OSIRIS-REx?,1070
What or Who is Forensic science?,1071
Why are there no wheeled animals?,1072
Why are there only four passive elements?,1073
What or Who is Logical positivism?,1074
What or Who is Northrop Grumman X-47B?,1075
What or Who is Ammeter?,1076
"What is the white stuff inside pimples? What it's made out of, why we have it, and why does it exit in this way?",1077
What or Who is Octane rating?,1078
What type of solder is safest for home (hobbyist) use?,1079
What or Who is Maps of Meaning?,1080
Ultimate reproducibility in R?,1081
What or Who is Unit 731?,1082
Why are oceanic plates denser than continental plates?,1083
If darker skin colors absorb more heat energy and have a higher resistance to cancer then why did humans who live in snowy/colder climates develop fare skin?,1084
How do doctors make predictions of how long someone will live or if they'll ever walk normally again?,1085
Why is the heart not in the middle of the body?,1086
"Chlamydia is cured by taking a single pill and waiting a week before engaging in sexual activity. If everyone on Earth took the chlamydia pill and kept it in their pants for a week, would we essentially eradicate chlamydia? Why or why not?",1087
Why does TI have so many microcontrollers?,1088
How to choose the number of hidden layers and nodes in a feedforward neural network?,1089
Version control systems for hardware projects?,1090
What or Who is UGM-27 Polaris?,1091
What’s the ‘Lump’ in your throat before you start to cry?,1092
"When different breeds of cats reproduce indiscriminately, the offspring return to a “base cat” appearance. What does the “base dog” look like?",1093
How does our body decide where to burn fat from when we workout?,1094
differential gene expression complex design no replicates,1095
What or Who is Religious and philosophical views of Albert Einstein?,1096
What or Who is Isochoric process?,1097
Why can't we see in low light if staring long enough?,1098
When to use an offset in a Poisson regression?,1099
When will the earth run out of oil?,1100
What is the origin of the dominant atmospheric nitrogen content in Earth's atmosphere?,1101
How did the U.S. rise to a global superpower in only 250 years but counties that have been around for 1000s of years are still under-developed?,1102
What or Who is NMEA 0183?,1103
What or Who is Wormwood (miniseries)?,1104
Why isn't there a potential difference across a disconnected diode?,1105
Does running a mile in 10 minutes burn the same number of calories as walking a mile in 20 minutes?,1106
What or Who is Standing on the shoulders of giants?,1107
What or Who is Selection rule?,1108
What or Who is Novichok?,1109
Is paralleling diodes a bad idea?,1110
"Why is heroin a more potent drug than morphine, despite having a similar structure?",1111
Regulated 3.3V from a Lithium-ion (or LiPo) battery,1112
Is it possible for animals to be allergic to humans?,1113
What or Who is Clairvoyance?,1114
What or Who is Dead reckoning?,1115
What other families of viruses have potential to cause pandemics other than influenza and coronavirus?,1116
What makes banana bonds possible in diborane?,1117
"Why do we hit a limit of 60 for seconds and minutes, but then decimal for hours and miliseconds?",1118
Space expansion in layman terms,1119
What or Who is Opacity (optics)?,1120
What or Who is National Ignition Facility?,1121
Why super glue does not stick inside their own bottle?,1122
How do ear drops actually clean your ears if you don't see anything come out? Where does it go?,1123
What is Bent's rule?,1124
When to learn category theory?,1125
How would you explain Markov Chain Monte Carlo (MCMC) to a layperson?,1126
Subset FASTA file by species name,1127
"Why is it that not wearing a seat belt is unsafe and illegal, yet most (U.S.) school buses aren't even equipped with them?",1128
"If we return to the moon, is there a telescope on earth today strong enough to watch astronauts walking around on the surface?",1129
What or Who is Latent heat?,1130
What is more acidic: D3O+ in D2O or H3O+ in H2O and why?,1131
What or Who is Himalayan salt?,1132
Placement of crustal thickness estimation from 1D inversion of surface wave dispersion curves,1133
What or Who is Normativity?,1134
Does GISTIC (v 2.0) estimate amplified/deleted probabilities on a single sample basis?,1135
What or Who is Percentage point?,1136
What will happen to life on Earth when the Andromeda and Milky Way galaxies collide?,1137
What or Who is Systematic review?,1138
Why does removing a battery and replacing the same battery (in a wireless mouse for example) work?,1139
Why is green always used in special effects like green screens? Why not yellow or purple or red?,1140
Carbon in all forests is 638 GtC. Annual carbon emissions by humans is 9.8 GtC (1.5% of 638). Would increasing forests by 1.5% effectively make us carbon-neutral?,1141
Did atoms in human body indeed come from stars?,1142
What or Who is Earthrise?,1143
Why is the sea salinity high in the Mediterannean and Red Sea and low in Indonesia and Malaysia?,1144
"Why are the ""I'm not a robot"" captcha checkboxes separate from the actual action button? Why can't the button itself do the human detection?",1145
Is HF the least acidic hydrogen halide?,1146
How did Duck Hunt for Nintendo work?,1147
Is there really only 50-60 years of oil remaining?,1148
Chemistry behind Gale's coffee maker in Breaking Bad,1149
"Difference between shells, subshells and orbitals",1150
What or Who is Karl Kruszelnicki?,1151
Xenon and the human body,1152
How do kmer counters determine which kmer is 'canonical'?,1153
What or Who is The Sixth Extinction: An Unnatural History?,1154
Searching for gene expression data by cell line,1155
How do scientists know that the distant parts of the universe obey the physical laws exactly as we observe around us?,1156
"What color is the Sahara desert, as seen from orbit?",1157
Stability of carbocations: CF3+ vs CH3+,1158
What is the origin of the differences between the MO schemes of O₂ and N₂?,1159
What is a 'Straw Man' argument?,1160
What or Who is Ex situ conservation?,1161
"Why is the Eagle Nebula so ""static""?",1162
What is happening when we randomly lose slight hearing in one ear and hear a loud ringing sound in it for a few seconds before the ringing fades away?,1163
How is using a transformer for isolation safer than directly connecting to the power grid?,1164
Whats the difference between me thinking about moving my arm and actually moving my arm? Or thinking a word and actually saying it?,1165
What do solid/striped lines on a wire indicate?,1166
Derivative of Softmax loss function,1167
"There's an absolute zero, is there an ""absolute hot""?",1168
Are soft-clipped bases used for variant calling in samtools + bcftools?,1169
"Why do “flammable” and “inflammable” mean the same thing, or is there a difference?",1170
What or Who is Superseded theories in science?,1171
Any three digit multiple of 37 is still divisible by 37 when the digits are rotated. Is this just a coincidence or is there a mathematical explanation for this?,1172
Why does salt dissolved in water taste like salt? If it's just Na+ and Cl- ions,1173
Why do you feel more tired when sunburnt?,1174
Does what my mother ate while she was pregnant with me effect what I like/don't like to eat?,1175
What or Who is High availability?,1176
PASA pipeline: compare experimental transcripts to the reference annotation,1177
What geophysical events can (temporarily) increase the Earth's rate of rotation?,1178
Are solder fumes bad for me?,1179
What or Who is Jehovah's Witnesses and blood transfusions?,1180
Pros and cons of Cartesian vs. Z-matrix representations of molecules?,1181
What is the biological age of grafted plants?,1182
"V.I. Arnold says Russian students can't solve this problem, but American students can -- why?",1183
How do you simulate voltage noise with LTSpice?,1184
How dense are Saturn's rings?,1185
What's the reason to make power supplies external?,1186
"How do food producers measure the exact amount of carbs, proteins, vitamins etc. in a piece of food?",1187
"If defibrillators have a very specific purpose, why do most buildings have one?",1188
Human body sites knowledge base,1189
What or Who is Confirmation bias?,1190
How much will sea level rise if all the polar ice melts?,1191
How often do comets survive passage by the Sun?,1192
What is the strongest acid?,1193
"Why does Afghanistan seem to be a hotbed for Islamic extremism while neighboring countries like Turkmenistan, Uzbekistan and Tajikistan have remained relatively unaffected by similar unrest?",1194
Biopython Phylogenetic Tree replace branch tip labels by sequence logos,1195
"How did Kepler ""guess"" his third law from data?",1196
What or Who is Free Software Foundation?,1197
What or Who is The Three Christs of Ypsilanti?,1198
What causes the old book smell?,1199
How is there no center of the universe?,1200
"Keep hearing that we are running out of lithium, so how close are we to combining protons and electrons to form elements from the periodic table?",1201
How will Starlink affect observational astronomy?,1202
Are LEDs better than we think?,1203
What or Who is X Development?,1204
Why can hair grow without limit while eyebrow cannot?,1205
At what point does plate tectonics stop?,1206
Is all of our universe... lit? Can you be hurtling through space and accidentally fly head first into a planet because oops you didn't have your headlights on?,1207
Is infinity a number?,1208
How to subset a GRanges via an argument passed into a function?,1209
Why is relative sea-level falling in Hudson Bay?,1210
What or Who is Griffin (The Invisible Man)?,1211
What or Who is Scientific method?,1212
Why didn't Escobar's hippos introduced in a single event die out due to inbreeding,1213
Why does cutting onions cause tears?​,1214
How to choose between t-test or non-parametric test e.g. Wilcoxon in small samples,1215
How does the body decide where to add or take away fat when gaining/losing weight?,1216
What causes a 'stuffy' or 'runny' nose when you have a cold?,1217
What or Who is Space Shuttle?,1218
Why do we have five fingers?,1219
Merging sequencing data for ChIP-seq experiments,1220
"Why are the nozzles on squirt mustard bottles shaped the way they are, but other condiments all have the same short cylinder cap?",1221
Why are weather kites no longer used (much) operationally?,1222
Why exactly is “Jewish” classified as both a race and a religion?,1223
What constitutes a blizzard in meterological terms?,1224
What or Who is Tree of Life (Bahrain)?,1225
Why didn't the Event Horizon Telescope team mention Sagittarius A*?,1226
What is the reverse recovery time in a diode?,1227
"Why do Giraffes only live for 25 years but Elephants live upto 70 years even though they both share similar diets, size and live in the same parts of the world?",1228
"Why do many materials, such as rock and wood, appear darker when wet?",1229
"Are fallen leaves traceable to their specific tree of origin using DNA analysis, similar to how a strand of hair is traceable to a specific person?",1230
What or Who is Swarm behaviour?,1231
"If light has no mass, why is it affected by gravity?",1232
How do zip files compress information and file sizes while still containing all the information?,1233
Removing PCR duplicates in RNA-seq Analysis,1234
Is it possible to 'store' light so it can be used as a form of energy?,1235
Are modern humans stronger or more athletic than our pre-agricultural counterparts?,1236
What or Who is Selective catalytic reduction?,1237
Calculate Rotation Matrix to align Vector $A$ to Vector $B$ in $3D$?,1238
Why is english the world wide language of communication?,1239
What or Who is Tin foil hat?,1240
What or Who is Auditing (Scientology)?,1241
Is Jupiter still an anomaly?,1242
"Using a Bash Script to search TaxIDs against NCBI's Taxonomy yields ""400 Bad Request"" error?",1243
"If games can render near photo-realistic graphics in real-time, why does 3D animation software (e.g Blender) take hours or even days to render simple animations?",1244
"How did ancient people figure out that sex leads to kids, since the effects are so delayed?",1245
What or Who is The Secret Life of the Zoo?,1246
Do the axes of rotation of most stars in the Milky Way align reasonably closely with the axis of galactic rotation?,1247
"Why does hair turn grey or white, and why does it happen later for some?",1248
What or Who is Cherenkov radiation?,1249
"Is there a standard definition of a ""dry-down"" event in hydrology?",1250
Improve scRNA-seq dataset for further analysis,1251
"If Venus and Mars changed places, would we then have 3 habitable planets?",1252
Evaluate $\int_0^1 \frac{\log \left( 1+x^{2+\sqrt{3}}\right)}{1+x}\mathrm dx$,1253
What is the isomer distribution in monosubstituted fluorobullvalene?,1254
Windows 10 says pins are safer than passwords how can this be when passwords have more combinations?,1255
How is it that just a few millimetres of insulation in space suits is enough to protect astronauts from the extreme heat/cold of outer space?,1256
What or Who is Continental shelf?,1257
My understanding of RC circuits is broken,1258
"Evaluating the integral $\int_0^\infty \frac{\sin x} x \,\mathrm dx = \frac \pi 2$?",1259
How do I extract cyanide from apple seeds?,1260
How to filter out cross alignments from a BED file?,1261
On what scale does the universe expand?,1262
What or Who is Burke and Wills expedition?,1263
Why is Carbon Dioxide a Greenhouse Gas whereas Ammonia is not?,1264
What or Who is Great chain of being?,1265
What or Who is A. J. Ayer?,1266
Why is FORTRAN so commonly used in computational chemistry?,1267
Can scientists create totally synthetic life?,1268
"What or Who is Guns, Germs, and Steel?",1269
Symmetry lost in orbitals?,1270
What or Who is Gnomon?,1271
What or Who is Precision agriculture?,1272
What or Who is IOPS?,1273
Why $\sqrt{-1 \cdot {-1}} \neq \sqrt{-1}^2$?,1274
Zero to the zero power – is $0^0=1$?,1275
What or Who is Level (optical instrument)?,1276
Why does water evaporate at room temperature?,1277
What or Who is Engineer's degree?,1278
Why does the earth spin clockwise?,1279
"If a black hole's singularity is infinitely dense, how can a black hole grow in size leagues bigger than it's singularity?",1280
What or Who is Supersymmetry?,1281
What or Who is Coandă effect?,1282
Why do burns blister and why do burn wounds remain warm long after the injury occurred?,1283
What or Who is Randomized controlled trial?,1284
"How do conferencing programs like Zoom handle so many different screens so quickly, when sometimes single videos in other apps lag?",1285
What are the ways to keep track of branches in the analysis?,1286
"How are colourblind people able to recognize the colours when they put on the special glasses, they have never seen those colours, right?",1287
What or Who is Standard electrode potential (data page)?,1288
Linear models of complex diseases,1289
Can my 7 year old ask you about tornadoes?,1290
"Are ""pressure points"" in the body real or handwavey pseudoscience? If they are real, what do they do and how do they work?",1291
"Can bootstrap be seen as a ""cure"" for the small sample size?",1292
Why is chemistry unpredictable?,1293
Induction on Real Numbers,1294
What or Who is Butterfly effect?,1295
How do you calculate precision and recall for multiclass classification using confusion matrix?,1296
What data does a skilled meteorologist look at to predict thunderstorms?,1297
Does mAh measure how long a battery would last?,1298
What is the unit of pH?,1299
What or Who is Event horizon?,1300
"How can cheese be ""aged"" so long, but when it's in my fridge for longer than a few weeks it goes mouldy?",1301
What is the difference between linear regression and logistic regression?,1302
What should I do when my neural network doesn't generalize well?,1303
How do long rivers exist?,1304
Why do water droplets seem to stay on plastic tupperware more than other materials after you wash them?,1305
why does saliva taste like blood when you exhaust yourself?,1306
"Do people who had already been infected by a virus needs the vaccine to it, if its the same strain?",1307
Books for self-studying time series analysis?,1308
What or Who is Mars (American TV series)?,1309
Why do living fossils like crocodiles remain so constant and not evolve?,1310
What or Who is Dyson sphere?,1311
Does anything orbit the Sun faster than Mercury?,1312
What are some valuable Statistical Analysis open source projects?,1313
What or Who is Taxonomy (biology)?,1314
Why does lightning strike from the ground-up?,1315
Drawbacks of upper quartile normalization for scRNA-seq data,1316
What or Who is Dining philosophers problem?,1317
Why is the definition of the mole as it is?,1318
Can exons be located outside of the coding sequence?,1319
What is a typical value of the Péclet number for internal waves?,1320
"Why do some viruses, such as influenza, quickly mutate (thus require different vaccinations annually), but other viruses, such as smallpox seem to barely mutate at all (or at least much more slowly)?",1321
Why don't we ever sneeze while sleeping?,1322
What or Who is Prince Edward Islands?,1323
What or Who is Glossary of mathematical symbols?,1324
Two species of dark matter?,1325
What or Who is George Berkeley?,1326
"If someone gets a blood transfusion, wouldn’t they have a mishmash of genetic material appear in a DNA test?",1327
Why can you not see through fog when it's ahead of you but you can once you're in it?,1328
How to convert a binary matrix of gene presence or absence into a fasta sequence,1329
What or Who is White coat ceremony?,1330
does inflation ever reverse? What kind of situation would prompt that kind of trend?,1331
What is an FPGA?,1332
What or Who is Ferromagnetism?,1333
"What is the difference between a ""link function"" and a ""canonical link function"" for GLM",1334
What or Who is Bit error rate?,1335
A 5 foot section of railroad rail does not seem very flexible but a 200 foot section appears to be as flexible as a noodle with bends under a foot. How does longer length make it more flexible?,1336
Why aren't globular clusters disk shaped,1337
How does a Crystal work?,1338
why our brains can form arbitrary memories from seemingly random events and recall them perfectly but its hard to memorize something when you are intentionally trying to memorize it?,1339
"With today's discovery that hydrogen and anti-hydrogen have the same spectra, should we start considering the possibility that many recorded galaxies may be made of anti-matter?",1340
Can plants get cancer?,1341
What or Who is Solar time?,1342
Why is it important to use a salt bridge in a voltaic cell? Can a wire be used?,1343
How much bandwidth does the spinal cord have?,1344
What or Who is Chandra X-ray Observatory?,1345
Why doesn't water enter my body through my anus or genitals when swimming?,1346
Differences between phenols and alcohols,1347
"If the internet is primarily dependent on cables that run through oceans connecting different countries and continents. During a war, anyone can cut off a country's access to the internet. Are there any backup or mitigant in place to avoid this? What happens if you cut the cable?",1348
"Why is the gravitational constant, a value that is fundemental to so many fields of science, only know to within 4 significant digits? What about this figure is so intrinsically difficult to measure?",1349
Inductive effect of hydrogen isotopes,1350
"What's the difference between theorem, lemma and corollary?",1351
What or Who is Reproducibility?,1352
What or Who is The Hot Zone?,1353
Who Are The Bayesians?,1354
Kendall Tau or Spearman's rho?,1355
R's lmer cheat sheet,1356
What factors determine the number of Hadley cells for a planet?,1357
What's an intuitive way to think about the determinant?,1358
Am I just not smart enough?,1359
Why study linear algebra?,1360
Is there any reason to prefer the AIC or BIC over the other?,1361
What or Who is Observational study?,1362
What or Who is Vocal range?,1363
Why aren't we putting a lot more research toward making genetically modified plants/algae/bacteria that consume a lot more CO2?,1364
What makes C=O more stable that C(OH)₂,1365
"How to simulate NGS reads, controlling sequence coverage?",1366
Why was there a negative temperature anomaly between 1950 to 1980?,1367
What kinds of remote sensing required to observe methanogenic life on Titan?,1368
What problem do shrinkage methods solve?,1369
How do countries get rid of nuclear warheads when they decide they no longer want/need them?,1370
Is there any known moon of a moon?,1371
What or Who is Big data?,1372
"If stars are able to create heavier elements through extreme heat and pressure, then why didn't the Big Bang create those same elements when its conditions are even more extreme than the conditions of any star?",1373
How was Trappist-1 discovered?,1374
What or Who is Sustainable development?,1375
"how font designers can design for Japanese and Chinese, languages that both use millions of individual Chinese characters?",1376
Download multiple SRA files,1377
Why do we define quotient groups for normal subgroups only?,1378
What or Who is Philosophiæ Naturalis Principia Mathematica?,1379
What or Who is Endurance (1912 ship)?,1380
What is actually the difference between valence bond theory and molecular orbital theory?,1381
What is the status of meteorological data exchange standards?,1382
How do I calculate the inclination of an object with an amateur telescope?,1383
"Is ""computational biology"" different from ""bioinformatics""?",1384
What or Who is Firmament?,1385
What or Who is Navier–Stokes existence and smoothness?,1386
Cost function of neural network is non-convex?,1387
Why should you use two resistors in parallel on an LED?,1388
What or Who is Kinsey scale?,1389
"When microwaving a bag of popcorn, why doesn’t the first kernel that is popped burn by the time the last kernel is popped?",1390
Extracting the CIGAR string from a BAM via Python?,1391
"What are modern, easily used alternatives to stepwise regression?",1392
how do plants survive so long in pots? Doesn't the soil run out of nutrients?,1393
"What is the difference between fixed effect, random effect in mixed effect models?",1394
What or Who is Meta-analysis?,1395
Why are there species instead of a continuum of various animals?,1396
Converting Ensembl Gene IDs to Entrez Gene IDs through biomart,1397
Intuitive explanation for dividing by $n-1$ when calculating standard deviation?,1398
What or Who is Haptic technology?,1399
Extract nanopore read ID & start times from fastq file,1400
"How do I measure 10,000 A DC?",1401
"What does ""The Universe is not locally real"" mean?",1402
how are we sure that we all see the same colors ?,1403
"Is gravity weaker on the equator just because the radius is larger, or also because of a centrifugal force?",1404
What or Who is Specific absorption rate?,1405
What or Who is Social Darwinism?,1406
What or Who is Weissman score?,1407
Why does evolution not make our life longer?,1408
What or Who is History of COVID-19 vaccine development?,1409
What or Who is Table of mathematical symbols by introduction date?,1410
Why do the alkali metals form different products upon combustion in air?,1411
"How do old people's chances against covid19, after they've had the vaccine, compare to non vaccinated healthy 30 year olds?",1412
Why is it important for a matrix to be square?,1413
Why does it take half a year to decode an airplane's black box?,1414
"Why do we put ress at the end of some words, like actress, mayoress and murderess, but not for others like doctress, accountantress, or teacheress?",1415
Which equilibrium constant is appropriate to use?,1416
"Why is the sun not directly overhead at noon on the March equinox at N 0° 0' 0.00"" E 0° 0' 0.00""?",1417
"If taking ibuprofen reduces your fever, but your body raises it's temperature to fight infection, does ibuprofen reduce your body's ability to fight infection?",1418
Using shells other than bash,1419
Do oysters feel pain?,1420
Unusual Friedel–Crafts alkylation with pivaloyl chloride,1421
"How will the waters actually recede from Harvey, and how do storms like these change the landscape? Will permanent rivers or lakes be made?",1422
"What is the difference between a neural network and a deep neural network, and why do the deep ones work better?",1423
What or Who is Ocean thermal energy conversion?,1424
What is the predictability of El Niño/La Niña?,1425
"How to simulate ""base error rate"" in art_illumina?",1426
What or Who is Benthic zone?,1427
Went on vacation. Fridge died while I was gone. Came back to a freezer full of maggots. How do maggots get into a place like a freezer that's sealed air tight?,1428
What or Who is Genetic sexual attraction?,1429
What is the advantage of circular DNA in bacteria? ,1430
Push-pull/open drain; pull-up/pull-down,1431
What is happening inside your brain when you're trying to retrieve a very faint memory?,1432
Why does macaroni and cheese lose so much flavor when refrigerated then reheated?,1433
Can every proof by contradiction also be shown without contradiction?,1434
Unit of the equilibrium constant: contradiction of Bridgman's theorem?,1435
why is it bad to swallow large amounts of your own blood?,1436
What or Who is Band gap?,1437
When are Log scales appropriate?,1438
Do women with big boobs have more estrogen?,1439
What or Who is Pseudoscience?,1440
What happens when we (incorrectly) make improper fractions proper again?,1441
"What are examples where a ""naive bootstrap"" fails?",1442
What or Who is Abyssal plain?,1443
Why do things get darker when wet?,1444
What happens to the 0.01% of bacteria that isnt killed by wipes/cleaners? Are they injured or disabled?,1445
Why are infinitely dimensional vector spaces not isomorphic to their duals?,1446
How did the Great Wall of China affect the region's animal populations? Were there measures in place to allow migration of animals from one side to another?,1447
Why does direct banking not work in America?,1448
"Why are there no organisms with metal body parts, like weapons, bones, and armour? (Or are there?)",1449
Do firefighters have to tackle electric car fires differently?,1450
Bird brain-eating Mantis - how does it crack the skull?,1451
What or Who is Pyrolysis?,1452
"If a heart is a muscle, why doesn’t it ever get tired of beating but things like my arms and legs do?",1453
What or Who is SI base unit?,1454
What or Who is Ashish Jha?,1455
"In the Seinfeld episode ""The Junior Mint"", Jerry and Kramer are watching an operation of a man who gets his spleen removed. Kramer is eating Junior Mints, and fumbles one that drops into the cavity of the patient, unbeknownst to the doctors. What outcome would a patient have IRL if this happened?",1456
What or Who is Operation Paperclip?,1457
What or Who is Liz Bonnin?,1458
Why are mathematical proofs that rely on computers controversial?,1459
"How point systems, like on Snapchat and Reddit, motivate people to participate even though they contribute no tangible value like money or rewards?",1460
How to check whether all BAM read contain defined read groups?,1461
"If the Earth was a giant eyeball, how far would it be able to see into space? Would it outperform modern telescopes?",1462
What is mate rescue in bwa mem?,1463
What or Who is Citizen science?,1464
Did predators evolve eyes first?,1465
PCA on correlation or covariance?,1466
What or Who is Scientific socialism?,1467
How can I efficiently drive an LED?,1468
Is the Chernobyl core still melting to this day?,1469
"Why did we go from a Delta variant of COVID straight to Lambda? What happened to Epsilon, Zeta, Eta, Theta, Iota, and Kappa?",1470
Are human fetuses more likely to be male?,1471
"Why are there so many gun models using the same calibre? Doesn't the bullet determine most of the lethality and range, while the gun is just the vehicle that fires it?",1472
What fraction of dry land is below sea level?,1473
"Why are solar panels only like ~20% efficient (i know there's higher and lower, but why are they so inefficient, why can't they be 90% efficient for example) ?",1474
What or Who is Failure rate?,1475
Can pyroclastic flows cross water?,1476
Can an irrational number raised to an irrational power be rational?,1477
Advanced statistics books recommendation,1478
How does isopropyl alcohol disinfect less in higher concentration?,1479
What or Who is Focal length?,1480
Peak phosphorus - what are the sinks?,1481
How come the majority of people in the world are right-handed?,1482
"Dentists always advise to floss or use interdental brushes (in addition to brushing, of course), but no one recommends mouthwash. Does mouthwash make a visible difference?",1483
Why do Tsunamis travel slower than sound?,1484
What or Who is Master of Engineering?,1485
Identification: Creepy 'nope',1486
How to choose value of resistor in voltage divider?,1487
Why do GPS receivers have a 1 PPS output?,1488
Can the body naturally clean fat from arteries?,1489
"What is the velocity of the edge of a bubble as it is ""popping""?",1490
"Are $14$ and $21$ the only ""interesting"" numbers?",1491
Why sequence the human genome at 30x coverage?,1492
Explosions of black holes,1493
On the importance of the i.i.d. assumption in statistical learning,1494
What or Who is MKUltra?,1495
Why after a good long cry can't we take a big deep breath without that huh-huh-huh tracheal contraction?,1496
How much gold is there in our sun?,1497
What or Who is Transhumanism?,1498
What or Who is Fetch! with Ruff Ruffman?,1499
Can a woman give birth to twins with different fathers?,1500
"I get that crack is the free base of cocaine chemically, but why does that make it smokable and more powerful?",1501
"Getting a ""system is computationally singular"" error in sleuth",1502
"What is the bottom of the Sahara desert like? Like underneath the sand, what condition is the bedrock in?",1503
What or Who is Microaggression?,1504
What or Who is Criminal investigation?,1505
What or Who is Smoke point?,1506
Why don't emails arrive immediately like Instant Messages? Where does the email go in the time between being sent and being received?,1507
Is it true that the percentile bootstrap should never be used?,1508
What or Who is Index of branches of science?,1509
What or Who is PH meter?,1510
What or Who is Roger Bacon?,1511
"Why are metals smelted into the ingot shape? Would it not be better to just make then into cubes, so they would stack better?",1512
"My scope detects a 50Hz signal when the probe is not connected to a circuit, is this normal?",1513
What is 'gaslighting' and some examples?,1514
"We can freeze human sperm and eggs indefinitely, without ""killing"" them. Why can't we do the same for whole people, or even just organs?",1515
"I just looked at the sun with my eclipse glasses, and there are two black dots on the sun. What are those?",1516
What or Who is Average human height by country?,1517
What percent of the Earth's core is uranium?,1518
"Theoretically the efficiency of a solar panel can’t pass 31 % of output power, why ??",1519
Strategies for Effective Self-Study,1520
What or Who is Noni juice?,1521
What or Who is New Horizons?,1522
Why are equations of state for a non-ideal gas so elusive?,1523
What causes the Earth to have magnetic poles?,1524
Why do airplanes need to fly so high?,1525
What's up with this leaf?,1526
Michael reaction or nucleophilic attack at the alpha carbon of an alpha-beta-unsaturated ketone?,1527
What or Who is Least developed countries?,1528
Why do the atoms in molecular models have the colors they have?,1529
"Why is it, that you can eat a 2,000 calorie meal, and in theory, you shouldn't need calories again until the next day, but you can be hungry again 6-8 hours after you finish eating? Is your body just not capable of actually processing that many calories?",1530
What or Who is Charlatan?,1531
How can I colour boxes in Gviz AnnotationTrack in R?,1532
Polio has been detected in London's water. Where did it come from?,1533
Are there any examples of sudden leaps in evolution?,1534
"How can fruits and vegetables withstand several days or even weeks during transportation from different continents, but as soon as they in our homes they only last 2-3 days?",1535
Prove that $C e^x$ is the only set of functions for which $f(x) = f'(x)$,1536
What or Who is Ultraviolet–visible spectroscopy?,1537
Why would one drive LEDs with a common emitter?,1538
Why are there 3 pins on some batteries?,1539
how do water wells work? Why did medieval people know where to build them or why they provided clean drinking water?,1540
Why is it that when we watch footage from the 70s a lot of times it looks better than footage of the 90s?,1541
Could we carve a large radio dish in the Antarctic ice?,1542
calling diploid SNVs from long reads,1543
How much magnification is needed to see the planets of solar system?,1544
Why do snipers need a 'spotter'?,1545
How does NaCl maintain its crystalline structure?,1546
What or Who is Outline of physics?,1547
How to obtain the p-value (check significance) of an effect in a lme4 mixed model?,1548
How often do Type Ia supernovae occur?,1549
What's the difference between VCF spec versions 4.1 and 4.2?,1550
What is the hottest thing in the universe?,1551
How do Circuit Simulators actually work?,1552
Real life applications of Topology,1553
What or Who is Allen Dulles?,1554
"As we begin covering the planet with solar panels, some energy that would normally bounce back into the atmosphere is now being absorbed. Are their any potential consequences of this?",1555
"During a nuclear disaster, is it possible to increase your survival odds by applying sunscreen?",1556
Elementary proof that $\mathbb{R}^n$ is not homeomorphic to $\mathbb{R}^m$,1557
If my speed is 100 km/h and my destination is 100 km away and then I move 90 km/h if it's 90 km away. 80 km/h if it's 80 km away. Keep on slowing to match the distance. When will I arrive?,1558
Why does multiplying two negatives give you a positive?,1559
How do rockets burn fuel in space if there isnt oxygen in space?,1560
What or Who is Atomic mass?,1561
"Since the small intestine is coiled up inside the body, are they all similar in shape? Or is it completely random?",1562
Do asteroids fly into the sun?,1563
What or Who is Quasiparticle?,1564
"why do canker sores appear, taste like metal and feel weird when your tongue touches them?",1565
What magnification do I need to see blood cells?,1566
Effect on sea level if the Earth stopped rotating,1567
What or Who is Leonard McCoy?,1568
Why does cracking a joint make noise?,1569
Why is open hardware so rare?,1570
ImageNet: what is top-1 and top-5 error rate?,1571
Can someone explain Gödel's incompleteness theorems in layman terms?,1572
What or Who is Artemis 3?,1573
What or Who is Giordano Bruno?,1574
What or Who is Jim Al-Khalili?,1575
"How are our Phones so resistant to bugs, viruses, and crashing, when compared to a Computer?",1576
Are there any predators that hunt for sport rather than for food?,1577
How do we know that Covid-19 vaccines won't teach our immune system to attack our own ACE2 enzymes?,1578
What or Who is Adamic language?,1579
Why does salt preserve foods like meat? Can't bacteria live in salt?,1580
What or Who is Eternity?,1581
What or Who is Amityville: The Awakening?,1582
What or Who is Suspended animation?,1583
"Why is it that biking requires a lot less effort than walking, yet when the slope gets steeper, it's easier to get off the bike and push it?",1584
What or Who is Sokal affair?,1585
What or Who is Kensington Runestone?,1586
How to subset a BAM by a list of QNAMEs?,1587
How many times did endosymbiosis occur?,1588
Why isn't stripping wires by burning with a lighter a more common practice?,1589
What or Who is A440 (pitch standard)?,1590
Why does glacier ice look blue?,1591
how to set database other than nr for remote blast+ search,1592
What or Who is Redstone Arsenal?,1593
Are phylogenetic tree construction algorithms any different than general clustering algorithms?,1594
Should I discard my inventory of old electrolytic capacitors?,1595
Test if two binomial distributions are statistically different from each other,1596
Is non-standard analysis worth learning?,1597
What is gaslighting?,1598
What or Who is Volatility (chemistry)?,1599
What or Who is Chinese Academy of Sciences?,1600
Why Are Ethernet/RJ45 Sockets Magnetically Coupled?,1601
Is the power output at the core of the sun about the same as a compost pile (about 300 watts)?,1602
Ages 1 to 4 are very important for brain development but yet most people can't recall anything from that time period. Why don't we remember our earliest memories?,1603
What or Who is Geometric dimensioning and tolerancing?,1604
"The Johnson&Johnson one-shot vaccine never seems to be in the news, or statistics state that “X amount of people have their first shot”. Has J&J been effective as well? Will a booster be needed for it?",1605
How have we come so far with visual technology like 4k and 8k screens but a phone call still sounds like am radio?,1606
Theoretical basis behind orbital correlation diagram for pericyclic reactions,1607
"What are the differences between rings, groups, and fields?",1608
How do biological communities at deep-ocean hydrothermal vents migrate between vents?,1609
What or Who is Q.E.D.?,1610
How do we know an $ \aleph_1 $ exists at all?,1611
How to find ${\large\int}_0^1\frac{\ln^3(1+x)\ln x}x\mathrm dx$,1612
Compare alignment quality of multiple sequencing runs aligned against the same reference genome,1613
How can the same side of the moon always face earth? Doesn't it rotate?,1614
"What research has there been into blood clots developed from birth control, or why hasn't the problem been solved in the decades since the pill's introduction?",1615
"If diamonds and other gemstones can be lab created, and indistinguishable from their naturally mined counterparts, why are we still paying so much for these jewelry stones?",1616
"What makes carbon dioxide gas ""sticky"" in pipes?",1617
What or Who is Hollow Moon?,1618
"Trains seem like no-brainers for total automation, so why is all the focus on Cars and trucks instead when they seem so much more complicated, and what's preventing the train from being 100% automated?",1619
Why exactly is HIV transferred more easily through anal intercourse?,1620
ust watched Ford v. Ferrari. How was the 1964 GT40 able to achieve a top speed of 210+ when modern supercars are still barely pushing 200?,1621
"If a regular weight person and an obese person were left on a desert island with no food, would the obese person live a lot longer bc they have stored up energy as fat? Or does it not work like that?",1622
What or Who is MESSENGER?,1623
"f there are 13 different vitamins that our body needs and every fruit contains a little bit of some of the vitamins, then how do people get their daily intake of every vitamin?",1624
"Are the nearby airplanes cleared of the sky when launching Falcon Heavy? I was checking Flightradar24 when launch occurred and didn't see any difference. Also, 3 boosters landed back successfully. I assume the sky has to be clear of airplanes to avoid any potential collision?",1625
Example of infinite field of characteristic $p\neq 0$,1626
"What makes a beer belly how it is, round and hard? What makes it different from a normal stomach or a soft(fat) stomach?",1627
What is the distance that the Moon travels during one orbit around the Earth?,1628
What or Who is Technological convergence?,1629
Is pyrene aromatic despite failing Hückel's rule?,1630
what propels light? why is light always moving?,1631
Finding homologs of a protein sequence,1632
How can I find the surface area of a normal chicken egg?,1633
When is R squared negative?,1634
Fast and memory efficient moving average calculation,1635
Why are turtles classified as reptiles and not amphibians?,1636
Why do we refer to ourselves as “in the car” and not “on the car” like we are when “on a bus”?,1637
What or Who is Oceanic trench?,1638
What causes random long white body hairs?,1639
Why are drug dosages so high in some mice studies?,1640
What's the third wire on a piezo buzzer?,1641
What is the ppm in the crystal oscillator?,1642
What concept does an open set axiomatise?,1643
How large does building has to be so the curvature of the earth has to be considered in its design?,1644
What or Who is Multidimensional Poverty Index?,1645
Human Cell Atlas - Data availability,1646
What or Who is Quantum algorithm?,1647
What are the biggest sources of microplastics?,1648
Do bacteria die of old age?,1649
How Do You Actually Do Your Mathematics?,1650
"When sending robots to other planets, how do they make sure not to include Earth microorganisms?",1651
Why does a space elevator have to be tethered at the equator?,1652
What or Who is Third-party evidence for Apollo Moon landings?,1653
Finding the limit of $\frac {n}{\sqrt[n]{n!}}$,1654
Water veins underground causing health problems,1655
"Why does it take a computer minutes to search if a certain file exists, but a browser can search through millions of sites in less than a second?",1656
"What is ""restricted maximum likelihood"" and when should it be used?",1657
What or Who is Thermoelectric effect?,1658
Why do you need to press so many buttons to start a plane? Can’t there be just one button to start everything in sequence automatically?,1659
Why were both the sun and the moon red today?,1660
"Why doesn't modern healthcare protocol include yearly full-body CAT, MRI, or PET scans to really see what COULD be wrong with ppl?",1661
What is it about Johnson & Johnson's baby powder that could cause ovarian cancer?,1662
How can a one million megohm resistor be useful?,1663
What or Who is Nobel Prize?,1664
What or Who is Necessity and sufficiency?,1665
How does geothermal heating work?,1666
How to reverse PCA and reconstruct original variables from several principal components?,1667
How do organic chemistry mechanisms become accepted?,1668
Getting better at proofs,1669
Imputing missing genotypes from separate genotyping panels,1670
What or Who is Mathematical proof?,1671
"Why are records still made of vinyl? I know they're more of a collector's item nowadays, but haven't we invented any materials that are more durable or would otherwise be better for the job?",1672
What happened to all the bugs that used to splatter on the windshield years ago?,1673
What or Who is Thomas P. Stafford?,1674
Why can we understand a language but not speak it?,1675
"Are there observable changes in a star about to become supernova, minutes or hours before the explosion?",1676
"Why is W called ""double U"" when it is clearly ""double V""?",1677
Is $2048$ the highest power of $2$ with all even digits (base ten)?,1678
Are other animals aware of their mortality?,1679
Why do plane and helicopter pilots have to pysically fight with their control stick when flying and something goes wrong?,1680
"Duck fat melts at 57 degrees Fahrenheit. So on a 90 degree day, is a living duck's fat just... sloshing around?",1681
Why are we building larger land-based telescopes instead of launching larger ones into space?,1682
What could cause a forest of bent trees?,1683
Does rain (temporarily) deplete the surrounding atmosphere of carbon dioxide?,1684
Temperature as a function of luminosity and greenhouse gas concentrations,1685
Why does my shower curtain seem to gravitate towards me when I take a shower?,1686
What is Y-aromaticity? Is the trinitromethanide anion aromatic?,1687
Whats the usefulness of finding new bigger prime numbers?,1688
"How do ""hive"" applications get startup users? Apps like tinder, meetup, and other social apps?",1689
How can a supermassive black hole cause so much energy to enlighten its matter when its massive gravity prevents light to escape?,1690
Switching DC with MOSFET: p-Channel or n-Channel; Low Side Load or High Side Load?,1691
Why do British people sound like Americans when they sing but not when they speak?,1692
I'd like to learn how to make my own USB gadgets,1693
Is it true that a butterfly flapping its wings can result in a tornado in a distant location?,1694
Can the overuse of geothermal energy become an environmental concern?,1695
"If visceral fat is so dangerous, why do surgeons not routinely remove it during surgery within the abdomen?",1696
What's the difference between variance and standard deviation?,1697
What or Who is Intertidal zone?,1698
"Does the size of a creature, or the size of its eye, affect what can be seen by the ""naked eye""? for example, can ants see things we consider microscopic? are ants microscopic to elephants?",1699
What or Who is Fisher information?,1700
What or Who is One-to-many (data model)?,1701
How do fairy rings propagate?,1702
How to sum this series for $\pi/2$ directly?,1703
Why is Mauna Kea taller than the maximum height possible on Earth?,1704
Why does this matrix give the derivative of a function?,1705
When will the Sun end all human life on Earth?,1706
What or Who is Melanie's Marvelous Measles?,1707
What or Who is Tide?,1708
Where on Earth is the magnetic field intensity stronger?,1709
Is humans' height ideal?,1710
Why did it take 1 year to construct the Empire State Building in 1930 but 7 years to construct One World Trade Center in modern times?,1711
What or Who is Kambo (drug)?,1712
Loadings vs eigenvectors in PCA: when to use one or another?,1713
Why does basicity of group 15 hydrides decrease down the group?,1714
What or Who is Mössbauer spectroscopy?,1715
Random access on a FASTQ file,1716
Can ozone have a triangular structure?,1717
Vias directly on SMD pads?,1718
"Why does ""pure"" alcohol feel so strange to the touch?",1719
Do vinyl cations adopt a classical or non-classical structure?,1720
"How can large chains (Target, Walmart, etc) produce store brand versions of nearly every product imaginable while industry manufacturers only really produce a single type of item?",1721
What organ warms the body? Or just what in general?,1722
Where is the calmest place on Earth?,1723
What causes the range of severity of neurological deficits in Down's syndrome?,1724
Can the moon appear to be in any position in the sky?,1725
"Is there a domain ""larger"" than (i.e., a supserset of) the complex number domain?",1726
What or Who is Individuation?,1727
"How do movies get that distinctly ""movie"" look from the cameras?",1728
"Is the nomenclature ""primary"", ""secondary"", ""tertiary"", and ""quaternary"" carbon atoms limited to sp3 carbon atoms?",1729
Do tornadoes have eyes?,1730
"If humans need such a balanced diet to stay healthy, how is it that most animals seem to get away with having a very narrow diet?",1731
What or Who is Sputnik 1?,1732
More than 99% of groups of order less than 2000 are of order 1024?,1733
What are principal component scores?,1734
What or Who is Mercury-Redstone 4?,1735
"When you restart a PC, does it completely ""shut down""? If it does, what tells it to power up again? If it doesn't, why does it behave like it has been shut down?",1736
Why do we have to kill a horse when it broke its leg? What is the difference in biological processes between man and horse in bone mending?,1737
Convert local alignments to spliced alignments in SAM file,1738
"In snowy mountain areas, avalanches occur, we all know this, but does the same happen in the desert on high dunes?",1739
How does adding lemon juice to sugar make better caramel?,1740
Does the sun cross other spiral arms in its movement around the galaxy's center?,1741
Is there any evidence for higher air pressures in the geological past?,1742
What makes some metals melt at higher temperature?,1743
"Do geese belong to individual flocks, or can they just join up with whatever flock is headed in the right direction?",1744
probeset to probeset mappings between Affymetrix arrays,1745
Why do human beings just get sad sometimes for no real reason?,1746
Africa declared that it is free of polio. Does that mean we have now eradicated polio globally?,1747
What or Who is Amorphous solid?,1748
Why is it when you touch the metal part of a plugged in phone charger you don’t get shocked?,1749
d-orbital splittings in WS2 monolayer,1750
Why are arrest records and mugshots made publicly available before a guilty conviction is determined by the courts?,1751
What or Who is Dianetics?,1752
What or Who is Full-time equivalent?,1753
What is physically different about a hard drive with a 500 GB capacity versus a hard drive with a 1 TB capacity? Do the hard drives cost the same amount to produce?,1754
What or Who is Time dilation?,1755
Is there any reason for the alphabet being in the order its in?,1756
How are MACS2's narrow peak and broad peak algorithms different?,1757
Diagnostic plots for count regression,1758
"Can we detect pulsars that aren't ""pointed"" towards us?",1759
Multivariate multiple regression in R,1760
Are large data sets inappropriate for hypothesis testing?,1761
Cells of umbilical cord - mom's or son's?,1762
Selection for less efficient egg transfer in Human Botfly life cycle,1763
how the rank “colonel” is pronounced “kernel” despite having any R’s? Is there history with this word that transcends its spelling?,1764
Are diamonds really forever?,1765
Why is Earth not a sphere?,1766
Mutual information versus correlation,1767
"There is a video on the Front Page about the Navy's Railgun being developed. What kind of energy, damage would these sort of rounds do?",1768
"If you were in a completely dark room, and you somehow could see in the dark. Would you be able to see your reflection in a mirror?",1769
"Do ants or other insects sleep, and if so why?",1770
What or Who is Sidney Gottlieb?,1771
"Do beneficial viruses exist? If so, what examples are there?",1772
What or Who is Industrial control system?,1773
"Why do drug stores have tons of reading glasses in varying intensities (for farsighted people), but no pre-made glasses for nearsighted people?",1774
Can HIV be transmitted via mosquitos?,1775
Where do the photons go after the light is turned off in the room?,1776
What or Who is Nudity?,1777
What or Who is Research question?,1778
What is the Riemann-Zeta function?,1779
"Stupid question, If there were metal buildings/electronics more than 13k+ years ago, would we be able to know about it?",1780
"My parents told me phones and tech emit dangerous radiation, is it true?",1781
What or Who is Seismic magnitude scales?,1782
What or Who is Iceberg?,1783
"Bird Flu, Swine flu exist and has been past to humans. How come we never have canine or feline flu, despite our close contact to those animals?",1784
"Why do sunburns seem to ""radiate"" heat?",1785
Are graphite and hexagonal boron nitride aromatic,1786
"Proxima Centauri, the closest star to the Sun is 4.85 billion years old, the Sun is 4.6 billion years old. If the sun will die in around 5 billion years, Proxima Centauri would be already dead by then or close to it?",1787
Genome assembly from error-prone reads,1788
Why does the unstabilised Wittig reaction selectively form cis alkenes?,1789
"Why is, no matter the colour of the shampoo, the foam always white?",1790
What did LIGO Actually See? (Gravitational waves discovery),1791
What or Who is Ohm's law?,1792
What or Who is Coefficient?,1793
Does commutativity imply Associativity?,1794
Why is it matter in the Sun's core can undergo fusion at 15 million degrees but our fusion reactors need to be 100+ million degrees?,1795
Why does soap clean your body and yet make the shower filthy with grime at the same time?,1796
Why are condoms only 98% effective?,1797
What or Who is Space Shuttle program?,1798
Is continental drift caused by lava pushing the seabed apart?,1799
What or Who is Timeline of discovery of Solar System planets and their moons?,1800
What is the index fastq file (sample_I*.fastq.gz) generated when demultiplexing Illumina paired-end runs?,1801
Trying to identify something I saw in the sky,1802
Why can't supermassive black holes merge? (or can they?),1803
"What does a ""closed-form solution"" mean?",1804
Why is rabies incurable?,1805
What or Who is Vacuum?,1806
why is it so impressive that India landed on the South side of the Moon?,1807
What or Who is Paramagnetism?,1808
What or Who is Map?,1809
What or Who is DISC assessment?,1810
What does a whitening toothpaste contain that is responsible for whitening teeth?,1811
Do complex numbers really exist?,1812
What did the SapceX Falcon 9 rocket launch look the way it did?,1813
why construction workers don’t seem to mind building/framing in the rain. Won’t this create massive mold problems within the walls?,1814
How did this rock dome (pictured) form?,1815
Why do the planets orbit in the same direction?,1816
How is the mass of the Earth determined?,1817
Why do balloons make such a loud noise when they pop?,1818
What or Who is Open source?,1819
Why do ships have circular windows instead of square ones?,1820
Why exactly are back pains so common as people age?,1821
How can I extract normalized read count values from DESeq2 results?,1822
What is the origin of the ocean's salt?,1823
How do rich people use donations as tax write-offs to save money? Wouldn't it be more financially beneficial to just keep the money and have it taxed?,1824
"if the deepest depth drilled by man is about 8 miles, and the crust is nearly 20 miles deep, how were scientists able to discover that there is an upper and lower mantel and inner and outer core?",1825
Why are computer CPUs the size they are? Wouldn't making them bigger give way to more processing power without needing better technology?,1826
What or Who is Derivative?,1827
What or Who is Inertial confinement fusion?,1828
What is the force imposed by underwater currents?,1829
Is it possible to kill parasitic worms by intoxicating oneself?,1830
Can our Sun become a black hole,1831
What or Who is Silva Method?,1832
Why doesn't the moon twinkle?,1833
What's the smallest size a human eye can see?,1834
How do smelling salts wake you up after you’ve been unconscious?,1835
What or Who is Sustainability?,1836
"Converting a VCF into a FASTA given a reference with Python, R",1837
How accurate is the amount of a medicine in a pill (is 20 milligrams of Aspirin really 20 milligrams)?,1838
How does a plant grow before photosynthesis is possible?,1839
"Why are we told to breathe in through our nose and out of our mouth while doing sports, meditation etc?",1840
What causes diarrhea? Specifically why and how is a virus causing the body to expel massive amounts of water?,1841
How does gravity make time slow down?,1842
Why were prehistoric animals so much bigger than their present counterparts?,1843
What or Who is Crunch (exercise)?,1844
Why is the eigenvector of a covariance matrix equal to a principal component?,1845
How to read and interpret a gene expression quantification file?,1846
What or Who is Soil classification?,1847
What or Who is Fermi paradox?,1848
Is there any simple way of using the Coriolis effect to determine what hemisphere you are in?,1849
What or Who is Subacute sclerosing panencephalitis?,1850
What or Who is Walter Lewin?,1851
A credible SARS-NCOV vaccine manufacturer said large scale trials shows 90% efficiency. Is the vaccine ready(!)?,1852
What or Who is Flight instruments?,1853
What or Who is Planetarium?,1854
"Why is ridge regression called ""ridge"", why is it needed, and what happens when $\lambda$ goes to infinity?",1855
What is the variance of the weighted mixture of two gaussians?,1856
samtools mpileup empty when filtering out flags,1857
What or Who is Lagoon?,1858
derivative of cost function for Logistic Regression,1859
What or Who is Lewis and Clark Expedition?,1860
My son's Sum of Some is beautiful! But what is the proof or explanation?,1861
What or Who is CERN?,1862
What is the most surprising characterization of the Gaussian (normal) distribution?,1863
How would you explain covariance to someone who understands only the mean?,1864
Why can't we see all of the black dots simultaneously on this illusion?,1865
"When you ""feel"" the sun beating down on you, is that some part of your body reacting to radiation rather than the normal sense of warmth carried via conduction or convection?",1866
What or Who is Aviation transponder interrogation modes?,1867
What or Who is Garmin Forerunner?,1868
Is there any reasoning behind component names?,1869
"Why do older emulated games still occasionally slow down when rendering too many sprites, even though it's running on hardware thousands of times faster than what it was programmed on originally?",1870
Why is Chromosome 1 called Chromosome 1?,1871
Does the open mapping theorem imply the Baire category theorem?,1872
How long does antibiotic-dosed LB maintain good selection?,1873
What or Who is Genome-wide association study?,1874
"What is ""Possible polymerase run-on fragment""?",1875
What or Who is Doctor of Engineering?,1876
What or Who is Kingdom (biology)?,1877
What elements are at genuine risk of running out and what are the implications of them running out?,1878
How far away can you see a thunderstorm?,1879
RIP-seq analysis?,1880
I’m currently going through puberty and was wondering if anyone can explain the science behind voice cracks?,1881
"If the human body replenishes its cells and has a new ""set"" every seven years, how do tattoos stay intact?",1882
Correcting for non-linear brightness in LEDs when using PWM,1883
"Why does bond angle decrease in the order H2O, H2S, H2Se?",1884
What or Who is MDPI?,1885
"why do Serrated bread knives stay sharp for ever, but my relatively good kitchen knives need a lot of attention, esp to slice tomatoes?",1886
Why is human vision restricted to 400-700 nm?,1887
"Is saying that what we see of an object 1 light-year away happened 1 year ""ago"" in any a way useful view of the universe?",1888
What or Who is Geoid?,1889
Using a bottle of water as a resistor,1890
"How and where, in the human brain, are memories stored?",1891
Why would an op-amp use BJTs over MOSFETs?,1892
"What is a ""kernel"" in plain English?",1893
Why can cannabis be detected in urine weeks after use while other drug traces dissipate after days? What properties set it apart in that regard?,1894
How is it possible that validation loss is increasing while validation accuracy is increasing as well,1895
What does the circle inscribed in a benzene ring represent?,1896
How to use Python to count k-mers?,1897
Can microcontrollers be run at arbitrarily low clock frequencies?,1898
Why are deserts mostly located on the western side of continents?,1899
What or Who is Ulugh Beg?,1900
How come large herbivores have such thin legs?,1901
How did forests end up covering pyramids?,1902
Is it possible for a planets moon to share an atmosphere with the planet?,1903
"When a banana gets bruised, does the nutritional content of the bruised area change?",1904
Why is the volume of a sphere $\frac{4}{3}\pi r^3$?,1905
What or Who is Explorer 1?,1906
My linear voltage regulator is overheating very fast,1907
Why do thiols have such a propensity for bonding with mercury?,1908
What did Alan Turing mean when he said he didn't fully understand dy/dx?,1909
What or Who is Quantum supremacy?,1910
What or Who is Biomedical sciences?,1911
What's the difference between a microcontroller and a microprocessor?,1912
"why do appliances like fans have the off setting right next to the highest setting, instead of the lowest?",1913
"Read PDB file, extract dihedral angles, modify dihedral angles, reconstruct Cartesian coordinates, and write PDB file",1914
The moon has just the right speed not to crash on the Earth or escape into space. What are the odds?,1915
What or Who is Indigo children?,1916
If an air bubble is accidentally left in a syringe for a vaccine or any other medicine can it kill me? Or is it rare?,1917
What or Who is Exposure value?,1918
Why aren't weather balloons left in the atmosphere permanently?,1919
Why is China experiencing such a surge in acute cases of COVID?,1920
What or Who is Binary prefix?,1921
What or Who is The Hum?,1922
Correct formula for LED current-limiting resistor?,1923
What or Who is Conservation status?,1924
How can I evaluate $\sum_{n=0}^\infty(n+1)x^n$?,1925
Is there public RESTful api for Gnomad?,1926
What does the Y capacitor in a SMPS do?,1927
How can a CPU deliver more than one instruction per cycle?,1928
"Assuming ducks can't count, can they keep track of all their ducklings being present? If so, how?",1929
Age of the universe and time dilation,1930
In what way could benzoin give Tollen's test?,1931
"Why are European languages's words for ""dog"" all different but their words for ""cat"" all basically the same?",1932
Stereoselectivity of dihydroxylation with osmium tetroxide,1933
Why do resistors still use color coding?,1934
"Why is The Beatles’ Sergeant Peppers considered such a turning point in the history of rock and roll, especially when Revolver sounds more experimental and came earlier?",1935
Is the universe considered to be flat?,1936
What or Who is Fringe science?,1937
In (relatively) simple words: What is an inverse limit?,1938
How is global weather model skill measured?,1939
What or Who is Magic square?,1940
Can large (and wet) storms really trigger large magnitude Earthquakes?,1941
What or Who is Fugaku (supercomputer)?,1942
Is it true that all of the physical laws and mathematics needed to describe chemistry are known?,1943
What or Who is Morgellons?,1944
"In a cup of coffee, why does the top of the liquid leave a stain ring, whereas the rest of the liquid does not?",1945
Tools for simulating Oxford Nanopore reads,1946
Why are cobalt deposits so unevenly distributed?,1947
What's the difference between a nucleophile and a base?,1948
What is the intuition behind beta distribution?,1949
What is the relation between k-means clustering and PCA?,1950
What or Who is Micromort?,1951
What or Who is John Darwin disappearance case?,1952
What or Who is Wind wave?,1953
VHDL vs. Verilog,1954
Why is the pond in my backyard not frozen when it is -15 °C (5 °F) outside?,1955
What's this importance of datasheets?,1956
Why does a candle not create smoke when burning but lots of smoke when you blow it out?,1957
Can you see something active in the sky apart from satellites? Can there be amateur time-domain astronomy?,1958
Get RefSeq accession numbers with versions,1959
How do I saturate an NPN transistor?,1960
"When you read a sentence but don't absorb it (and have to read it again), where does that thought ""go""? Do the electric signals in your brain just... disappear?",1961
How can we tell that the Milky Way is a spiral galaxy?,1962
What or Who is Spacetime?,1963
How are animals that eat only one kind of food not horribly malnourished? Do they need a narrower set of nutrients than humans?,1964
How do seismologists locate the epicenter and focus of an earthquake?,1965
What does the TPP (Trans-Pacific Partnership) mean for me and what does it do?,1966
What or Who is Bruno Latour?,1967
Can an infinite sum of irrational numbers be rational?,1968
"Feature selection for ""final"" model when performing cross-validation in machine learning",1969
Is there any substance that's a 4-4-4 on the NFPA diamond?,1970
What is the advantages of Wasserstein metric compared to Kullback-Leibler divergence?,1971
Why do some women die when giving birth? What is modern medicine doing to prevent that?,1972
What is the 'natural variation' in global temperature that climate-change skeptics mention?,1973
Why study Algebraic Geometry?,1974
"Why is it that it takes few seconds for our body to decide that it's had enough water not to be thirsty, but several minutes to recognize that no more food is needed cuz it's not hungry?",1975
Carbon with 5 bonds?,1976
Why should a tumor look like a crab?,1977
What or Who is Black Sea deluge hypothesis?,1978
"How did a population of landlocked seals manage to establish itself in lake Baikal, of all places, at an altitude of 450 m and several hundred kilometers from the Nearest coastline???",1979
Sea Level in Paleogeographic Maps,1980
What or Who is Physical constant?,1981
Why does this LED bulb have an energy efficiency rating of 'F'?,1982
What or Who is Circumference?,1983
Why do stars explode?,1984
What or Who is History of sociology?,1985
What percent of volcanoes are glaciated?,1986
What or Who is Cepheid variable?,1987
What or Who is Actuarial science?,1988
"If bacteria die from (for example, boiled water) where do their corpses go?",1989
What or Who is Qualitative research?,1990
"What is resonance, and are resonance structures real?",1991
Why do planets and satellites in the Solar system look so wildly different if they came from more or less the same matter?,1992
Why is Adobe Flash so insecure?,1993
What or Who is Universal testing machine?,1994
What or Who is Geodesy?,1995
What's the maximum and minimum temperature a human can survive?,1996
"Why, although planes are highly technological, do their speakers and microphones ""sound"" like old intercoms?",1997
Derivative of sigmoid function $\sigma (x) = \frac{1}{1+e^{-x}}$,1998
"Are unbalanced datasets problematic, and (how) does oversampling (purport to) help?",1999
What or Who is Lysenkoism?,2000
How is eating meat bad for the environment?,2001
Can you really trigger an avalanche by screaming really loud while in snowy mountains?,2002
What happens if you cool water in a container too small for it to freeze?,2003
Pearson's or Spearman's correlation with non-normal data,2004
What is the role of sulfuric acid and mercury(II) sulfate in the oxymercuration of alkynes?,2005
What or Who is ID2020?,2006
Are new stars less pure as generations go by?,2007
Does modern sedentary lifestyle contribute to the rising amount of depression?,2008
What's so great about ARM?,2009
What or Who is Operation Castle?,2010
"If we were able to walk in a straight line ignoring the curvature of the Earth, how far would we have to walk before our feet were not touching the ground?",2011
Are human chromosomes connected or separate molecules?,2012
"What, if any, paleoclimate data can be derived from stromatolite fossils?",2013
What or Who is Angular diameter?,2014
What or Who is Dynamometer?,2015
The rate of universal expansion is accelerating to the point that light from other galaxies will someday never reach us. Is it possible that this has already happened to an extent? Are there things forever out of our view? Do we have any way of really knowing the size of the universe?,2016
"People who are exposed to the cold more build a tolerance. Is this a physically built resistant, or is it all mental?",2017
How does a USB C port provide the power to charge laptops?,2018
What or Who is E number?,2019
"Why do musical semitones mess around with a confusing sharps / flats system instead of going A, B, C, D, E, F, G, H, I, J, K, L ?",2020
What or Who is Significance of numbers in Judaism?,2021
What or Who is Piano key frequencies?,2022
How many people are required to maintain genetic diversity?,2023
Is this a grass cell?,2024
What or Who is History of astronomy?,2025
Is the sun's volume shrinking currently?,2026
"If someone asks me 'how many apples are on the table', and I say 'five', am I counting them quickly in my head or do I remember what five apples look like?",2027
What or Who is Total fertility rate?,2028
What or Who is Telemetry?,2029
What or Who is History of the metric system?,2030
Complete alternatives to the Arduino IDE?,2031
"Liquids can't actually be incompressible, right?",2032
What or Who is Doc Savage?,2033
Why is an inductor not a good antenna?,2034
Can impact craters on the moon act like giant radio telescopes?,2035
What or Who is Psychic surgery?,2036
Are there biological reasons why life expectancy is lower for men in most countries of the world?,2037
Why do we use helium in balloons?,2038
"With people under quarantine and practicing social distancing, are we seeing a decrease in the number of people getting the flu vs. expectations?",2039
What or Who is Water memory?,2040
"Understanding DESeq2 design, contrast and results",2041
What does orthogonal mean in the context of statistics?,2042
Bias and variance in leave-one-out vs K-fold cross validation,2043
"Does animal blood, esp. human, really have similar salinity as ocean water, and does that prove anything about evolution?",2044
Funny identities,2045
"What exactly is the ""paradox"" in Olber's Paradox?",2046
Why is gradient the direction of steepest ascent?,2047
Silver and milk (or milk products),2048
What or Who is Questionnaire?,2049
Is it important to scale data before clustering?,2050
Why are weather service atmospheric pressures systematically different from those I measure in Johannesburg?,2051
What or Who is Coriolis force?,2052
How does remote sensing of ocean currents work?,2053
Plate Tectonics: Is it possible to have an ocean-continent divergent boundary,2054
Why don't we explode after drinking water?,2055
Running differential expression analyses on count matrices with many zeroes,2056
What is the very worst case scenario in relation to the rise in water levels? Can Earth become an ocean planet?,2057
"When flights get cancelled because of heavy winds / bad weather, why is it only e.g. 10% of all flights and not 100%? Isn’t either too dangerous so no plane can take off or it’s safe so they all can take off ?",2058
"What started the US Dust Bowl of the 1930s, and could it happen again?",2059
Might be very stupid so sorry in advance. But NASA says that Perseverance did about 7 months to travel to Mars and travelled about 480 million kilometres. But they say it travelled at a speed of about 39600 Km/h. And unless I made a dumb mistake that doesn't add up. Am I missing something?,2060
"What is the psychology behind not wanting to perform a task after being told to do it, even if you were going to do it anyways?",2061
What or Who is Psychologist?,2062
"Scientists created a “radioactive powered diamond battery” that can last up to 28,000 years. What is actually going on here?",2063
"The Human Genome Project cost $2.7 billion. 20 years later, it costs <$1000 to sequence the genome. Was the cost of the project fundamentally necessary for subsequent progress, or could we have ""waited"" for the technology to become cheaper?",2064
What or Who is Cartography?,2065
What or Who is Mercury-Redstone 3?,2066
What is the .632+ rule in bootstrapping?,2067
"If the Moon were impacted by a suitably sized meteor, how long would it take to impact the Earth?",2068
Aligning many long sequences,2069
What or Who is Social studies?,2070
What or Who is Apollo–Soyuz?,2071
Solid ground-plane vs hatched ground-plane,2072
What's the evidence against SARS-CoV-2 being engineered by humans?,2073
What or Who is MQTT?,2074
What or Who is Tropical year?,2075
What or Who is Stimulated emission?,2076
Why doesn't Earth's axis change during the year?,2077
What or Who is Daytime?,2078
Why is it that every snowflake is unique?,2079
What or Who is Speculative evolution?,2080
Does gravity have a range or speed?,2081
"Why do ""campfire smells"" (or other wood-burning smells) seem to stick to clothing/skin longer than other smells?",2082
Why is menstruation in wild animals not a disadvantage to organismal survival?,2083
"Given the way the Indian subcontinent was once a very large island, is it possible to find the fossils of coastal animals in the Himalayas?",2084
Can depression related cognitive decline be reversed?,2085
"Why can people walk many miles without discomfort, but when they stand for more than 15 minutes or so, they get uncomfortable?",2086
What or Who is V-2 rocket?,2087
Obtaining knowledge from a random forest,2088
"Ethiopia is building the largest hydroelectric power plant in Africa, Egypt opposes the dam which it believes will reduce the amount of water that it gets, Ethiopia asserts that the dam will in fact increase water flow to Egypt by reducing evaporation on Egypt's Lake Nasser, How so?",2089
"If there was a bag of 10 balls, 9 white and 1 red and 10 people including you has to pick one randomly and who gets the red ball wins, does it matter what order you all pick, or is it better to go first or last with probability?",2090
How do geologists find ore deposits?,2091
"Why can we develop a vaccine for COVID in 8 months, but still don't have a vaccine for other viruses that are decades old?",2092
Is a spider's vision stitched together like ours?,2093
Reasons not to use a 741 op-amp?,2094
Is '$10$' a magical number or I am missing something?,2095
Why do microcontrollers have so little RAM?,2096
What is the Jacobian matrix?,2097
Free resources for learning R,2098
What or Who is Francis Galton?,2099
How do birds survive the incredible cold temperatures of the polar vortex?,2100
How come uranium's relative atomic mass is 238.03 when it only contains isotopes with a mass number of 238 or less?,2101
"In this image taken by Voyager 1, which is closer: the earth or the moon?",2102
Why is euthanasia often the only option when a horse breaks its leg?,2103
What or Who is Experience?,2104
how can canned meats like fish and chicken last years at room temperature when regularly packaged meats only last a few weeks refrigerated unless frozen?,2105
Natural Bond Orbital analysis: Significance of stabilization energy determined by 2nd order perturbation,2106
"Purpose of ""wave shaped"" PCB traces",2107
Have we ever observed a large meteor hit the Moon?,2108
What or Who is Electron paramagnetic resonance?,2109
What is the fastest way to get the reverse complement of a DNA sequence in python?,2110
RTOS for Embedded Systems,2111
Why do physicists continue to treat gravity as a fundamental force when we know it's not a true force but rather the result of the curvature of space-time?,2112
What or Who is Global city?,2113
Scientists think the Earth had 2 periods of time when it was almost completely covered in ice. They only lasted a few million years. Do we have any way of knowing if Europa or Enceladus might be in similar temporary freezes? Or is theirs a clearly permanent state?,2114
"In the song ""Taxman"" the Beatles complain about the then 95% tax rate for top earners in the UK. Why was the tax rate so high back then, and was the rate sustainable?",2115
What are the pros and cons of the different basecallers in Oxford Nanopore Technology Sequencing?,2116
Generate a random variable with a defined correlation to an existing variable(s),2117
Optimizing response times of an ambulance corp: short-term versus average,2118
"Variables are often adjusted (e.g. standardised) before making a model - when is this a good idea, and when is it a bad one?",2119
Are cells guaranteed to get at least one mitochondrion when they divide?,2120
What or Who is Differential GPS?,2121
What or Who is Cupping therapy?,2122
Striking examples where Kohn-Sham orbitals clearly have no physical meaning,2123
"What is the reason that the value ""47"" is so popular in electrical engineering?",2124
"Is there any mathematical reason for this ""digit-repetition-show""?",2125
What are the differences between a Black Hole and a Supermassive Black Hole,2126
How do animals like whales not get the bends when breaching at high speeds from the depths?,2127
Why does pasta really boil over?,2128
What or Who is Bay?,2129
"Comparing the stabilities of allylic, benzylic, and tertiary radicals",2130
What or Who is Pedometer?,2131
Prove that $||x|-|y||\le |x-y|$,2132
What or Who is Meridian (Chinese medicine)?,2133
What or Who is Key (music)?,2134
Why does CO2 make a drink like Coke feel 'fizzy' while nitrogen gas makes a drink like beer/ale feel smother?,2135
Why are Garlic and Onions Poisonous to Dogs and Cats and Not To Humans?,2136
Why are marine mammals able to keep their eyes open under water without the salt burning their eyes?,2137
Why are car batteries still so heavy?,2138
What or Who is Hadal zone?,2139
What or Who is Animal magnetism?,2140
How are wild and sometimes dangerous animals in documentaries filmed so close and at so many different angles without noticing the camera operator?,2141
How does a simple logistic regression model achieve a 92% classification accuracy on MNIST?,2142
What is a Charge?,2143
Do veins grown in the same pattern in every body or is it unique like fingerprints?,2144
Death Valley is 282’ below sea level. Would it offset the rising ocean to build a canal and create the Death Valley Sea?,2145
Is computer science a branch of mathematics?,2146
How to deal with perfect separation in logistic regression?,2147
What or Who is Microscope?,2148
When and how was it discovered that Jupiter and Saturn are made out of gas?,2149
The math behind Warren Buffett's famous rule – never lose money,2150
Can you give me an understandable example of money laundering? So say it’s a storefront that sells art but is actually money laundering. How does that work? What is actually happening?,2151
What or Who is Pandemic severity index?,2152
"How is the universe (at least) 46 billion light years across, when it has only existed for 13.8 billion years?",2153
"The staircase paradox, or why $\pi\ne4$",2154
What or Who is Offender profiling?,2155
"Why is fluorine a gas, but lithium isn't?",2156
Examples of problems that are easier in the infinite case than in the finite case.,2157
"Why does the flame of a cigarette lighter aid visibility in a dark room, but the flame of a blowtorch has no effect?",2158
What or Who is Homogeneity and heterogeneity?,2159
What or Who is Absorption spectroscopy?,2160
What or Who is Hypnotherapy?,2161
"Why isn't a virus ""alive""?",2162
What or Who is World Trade Center controlled demolition conspiracy theories?,2163
What's the percentage of strange matter inside a star at any time?,2164
Why does shaking a match put the fire out?,2165
What or Who is Process capability index?,2166
"If I am measuring 2.3 V on a 1.5 V AA battery from Duracell, is my multimeter broken?",2167
Quantifying reads mapping to multiple loci,2168
What or Who is Astronomer?,2169
What or Who is COVID-19 misinformation?,2170
Why is the Ozone Layer 'hole' more pronounced in the Southern Hemisphere?,2171
What or Who is Cobra Commander?,2172
I just had my genome sequenced. Can someone tell me what these different file formats are?,2173
Understanding stratified cross-validation,2174
Why is Euclidean distance not a good metric in high dimensions?,2175
Difference between CPM and TPM and which one for downstream analysis?,2176
Are there any uncharted waters left on earth?,2177
how far away could we detect that Earth has life?,2178
What or Who is Scientist?,2179
What or Who is LGM-25C Titan II?,2180
Where do rivers like the Rio de la Plata end and the ocean begin?,2181
What are the 'big problems' in statistics?,2182
"""Remove After Washing"" on Piezo Buzzer",2183
What makes garlic and onion bulbs special that makes them so good to cook with? Is there a reason other than taste that stops me from trying to cook with all the different species of bulbs?,2184
What or Who is The Limits to Growth?,2185
What or Who is Key–value database?,2186
Does continental shift have any effect on man made structures like bridges and canals that connect them?,2187
What or Who is Virus classification?,2188
What or Who is Race and intelligence?,2189
"Why, historically, do we multiply matrices as we do?",2190
What or Who is Creative Commons?,2191
What or Who is Archaea?,2192
Why are glass bottles not used more for soft drinks if plastic is such a nightmare for the planet?,2193
"What causes that feeling of ""emptiness"" when someone experiences an episode of depression or sadness?",2194
Under what conditions should Likert scales be used as ordinal or interval data?,2195
What is the steepest surface that can hold snow?,2196
"During pregnancy, how does the mother's immune system know to avoid attacking the baby?",2197
Is it possible for rivers to freeze completely and stop flowing?,2198
Why do some vegetables taste bitter?,2199
What or Who is Table of prime factors?,2200
Have there been any attempts to measure profiles through deep convective systems using dropsondes?,2201
"Moderna has announced that their vaccine is effective against the new variants but said ""pseudovirus neutralizing antibody titers were approximately 6-fold lower relative to prior variants"" in regards to the SA Variant. What are the implications of this?",2202
What or Who is Extraterrestrial life?,2203
Is a CAN enabled microcontroller sufficient to drive a CAN bus?,2204
"Im wondering as to why all the Birds ,Insects and Fish were very large back in the mesozoic age compared to what they are now?",2205
What or Who is Game theory?,2206
What do the quantum numbers actually signify?,2207
Is telomere length a reliable measure of health/lifespan?,2208
What is the deepest we have ever gone into the Earth?,2209
What or Who is Applied science?,2210
What or Who is Neuro-linguistic programming?,2211
What or Who is Energy medicine?,2212
Blast hits disappearing after changing -evalue,2213
What or Who is Quantum mind?,2214
How to apply Neural Network to time series forecasting?,2215
Is there a geological explanation for the recent Mammoth tusk discovery 185 miles off the California coast?,2216
Volcano plot in R,2217
Really advanced techniques of integration (definite or indefinite),2218
Logistic Regression - Error Term and its Distribution,2219
"Is this 70km crack in an ice shelf of Antarctica remarkable, or a regular occurrence?",2220
Why is ethyne and not ethene used for welding?,2221
What or Who is Armillary sphere?,2222
What would be the ecological implications of a complete mosquito eradication?,2223
What are the little bits of metal that come out of light bulb filaments and why do they stick to only one terminal?,2224
What or Who is 2012 phenomenon?,2225
"Why is it that I can buy a perfectly edible block of cheese that has ""aged for 3 years,"" but then cheese in my fridge goes moldy in a month?",2226
"We encounter static electricity all the time and it's not shocking (sorry) because we know what's going on, but what on earth did people think was happening before we understood electricity?",2227
What causes this striped rock formation?,2228
Did the Zika virus mutate?,2229
What or Who is Rankings of academic publishers?,2230
How much of the current global warming is due to human influence?,2231
What or Who is Diversity index?,2232
How can I measure the angle between two stars?,2233
What or Who is Zoo hypothesis?,2234
Why do most women get their first period around age 12 when their bodies are usually not well developed enough to safely carry a baby to term?,2235
How do they manage to constantly provide hot water to all the rooms in big buildings like hotels?,2236
What or Who is Pioneer plaque?,2237
How does USB Type C handle reverse polarity / signal duplication,2238
Training on the full dataset after cross-validation?,2239
When to use what transistor,2240
"How is it so that several (all?) mammals grow and lose a set of ""baby teeth"" before growing their final dentition? Why stop at two sets when other vertebrates such as sharks regenerate their teeth constantly?",2241
When can taste be used to help identify rocks?,2242
What or Who is Reflectance?,2243
What or Who is Aperture?,2244
What or Who is Human Genome Project?,2245
Why does water dissociate to H3O+ and OH- rather than H+ and OH-?,2246
"If all human cells replace themselves every 7 years, why can scars remain on you body your entire life?",2247
What or Who is Pioneer 11?,2248
Merge hundreds of small BAM files into a single BAM file,2249
What or Who is Space Shuttle Solid Rocket Booster?,2250
What or Who is Trinitite?,2251
Are mean normalization and feature scaling needed for k-means clustering?,2252
If a massive object like Jupiter flew past the Earth how close would it need to come to pull people off of the surface?,2253
"Resampling / simulation methods: monte carlo, bootstrapping, jackknifing, cross-validation, randomization tests, and permutation tests",2254
What or Who is The Scientist (song)?,2255
"Antarctica is defined as a desert, due to lack of precipitation. So where does all the 1-3 mile thick layers of ice and snow come from?",2256
"If humans have been in our current form for 250,000 years, why did it take so long for us to progress yet once it began it's in hyperspeed?",2257
What or Who is Quark star?,2258
Why are they called breadboards?,2259
How to convert fasta file to tab delimited file,2260
What or Who is Biogeography?,2261
What exactly is voltage?,2262
What or Who is Doubtnut?,2263
What or Who is Real-time kinematic positioning?,2264
What or Who is Documentary hypothesis?,2265
What tectonic mechanisms cause the North and South Islands of New Zealand to be so geologically different?,2266
Shouldn't very very distant objects appear magnified?,2267
"If almost every large animal with mobility has forward bending knees, why do so many advanced Boston dynamics type robots have rear facing knees?",2268
What or Who is Adiabatic process?,2269
Why is '-ethane' in 'methane'?,2270
"When did ""sleeping"" evolve? What are the most primitive organisms that we know of that sleep?",2271
"Hi, my name is jack, I'm 14 years old, and I love Baseball. I would like to know when a pitcher throws a baseball, how does it curve?",2272
What’s stopping the water in lakes from seeping into the soil and ‘disappearing’?,2273
What or Who is Egyptian pyramid construction techniques?,2274
What or Who is Riemann hypothesis?,2275
Is it possible to have steam hot enough to start a fire?,2276
Why is an S-S bond stronger than an O-O bond?,2277
Which is the currently accepted mechanism of a Wittig reaction?,2278
"""Tristate a pin""",2279
"What makes a theorem ""fundamental""?",2280
Why does a planet rotate and revolve?,2281
"Why does Io cast a hard shadow on Jupiter, but the Moon casts a soft shadow on Earth?",2282
What do you call an average that does not include outliers?,2283
Why do satellites arcs end abruptly when observed from Earth,2284
How can we determine the size and composition of Earth's inner core?,2285
"If mean is so sensitive, why use it in the first place?",2286
Queen Victoria ruled over one of the most powerful empires in history for almost a century. So why did it take until 1918 for women to be considered politically intelligent and allowed to vote?,2287
T-test for non normal when N>50?,2288
What or Who is How to Solve It?,2289
"Why do humans move while listening to music (headbobs, dancing and foot tapping)?",2290
What or Who is John James Audubon?,2291
What or Who is Richard Feynman?,2292
"Would animals with non-round pupils (such as cats and goats) see a different shaped image to us, additional to that which is granted by the different eye position?",2293
What is the intuition behind SVD?,2294
"Why are there many different types of fuel (87, 93, diesel) and why can certain machines take only one type?",2295
What or Who is Peenemünde?,2296
Why is Blackjack the only mathematically beatable game in casino?,2297
What or Who is Robert Boyle?,2298
Why are people with poultry at home barred from working in the vaccines industry?,2299
How to prove that $\lim\limits_{x\to0}\frac{\sin x}x=1$?,2300
What or Who is Scrying?,2301
Why is bwa-mem the standard algorithm when using bwa?,2302
How can the color spectrum be wrapped into a continuous color wheel? How can the highest frequency colors blend into the lowest frequency colors without clashing?,2303
Does O2 have a color in the gas phase,2304
why was the US the first to make it to the moon despite the USSR being first in nearly everything else in the Space Race?,2305
What or Who is Pelagic zone?,2306
How to properly store acids at home?,2307
"Why do people think Yellowstone will explode and destroy the earth, but not worry about Hawaii's volcano eruption?",2308
What or Who is Quantum teleportation?,2309
Why do high tides occur simultaneously on opposite sides of the Earth?,2310
What happens if you let a chess AI play itself? Is it just 50-50?,2311
Least present k-mers in the human genome,2312
What or Who is Menstrual cycle?,2313
"If I put a flashlight in space, would it propel itself forward by ""shooting out"" light?",2314
Insect identification - Is this a bedbug?,2315
"What causes waves to form the characteristic ""breaking"" shape as they approach the shoreline?",2316
What or Who is Ziegler–Nichols method?,2317
Why is gold golden?,2318
Software for workshop - electronic components stock management,2319
How can the world's sea level rise and fall simultaneously?,2320
What or Who is Dragonfly (Titan space probe)?,2321
Is there any *mathematical* basis for the Bayesian vs frequentist debate?,2322
What or Who is Modified Newtonian dynamics?,2323
"Why is water ""the universal"" solvent?",2324
"Why is Euler's Gamma function the ""best"" extension of the factorial function to the reals?",2325
What or Who is Ig Nobel Prize?,2326
What's the difference between feed-forward and recurrent neural networks?,2327
"What is the name of meteoroids which hit Moon, Mars, or pretty much anything that isn’t the Earth?",2328
What or Who is Periodic table?,2329
What is the current accepted theory as to why Venus has a slow retrograde rotation?,2330
What or Who is Astral projection?,2331
What or Who is And yet it moves?,2332
What or Who is V-3 cannon?,2333
What or Who is Absorption (electromagnetic radiation)?,2334
What is this 5-column sequencing format from 2009?,2335
What or Who is Quantitative research?,2336
What or Who is Roald Amundsen?,2337
Do we know the exact spot where big bang took place?,2338
Moon's unusual gravity,2339
How does the ISS never run out of fresh air to breathe ?,2340
What do I need for a basic RF circuit?,2341
Biological siblings possible with <9 months age difference?,2342
The last time atmospheric CO2 levels were this high the world was 3-6C warmer. So how do scientists believe we can keep warming under 2C?,2343
Is it possible to melt diamonds into a liquid?,2344
Current consensus on the Messinian Salinity Crisis,2345
What or Who is Spherical Earth?,2346
What or Who is Manhattan Project?,2347
What or Who is Sanpaku?,2348
bed file with N regions of GRCh38 reference?,2349
"Didn't the person who wrote world's first compiler have to, well, compile it somehow?Did he compile it at all, and if he did, how did he do that?",2350
Is our sun in a star cluster?,2351
"Can plants be ""fat""?",2352
What or Who is Measurement?,2353
Do common colds or flu strains leave permanent damage similar to what is being found with CoViD-19?,2354
"On Jupiter, will more superstorms the size the Great Red Spot eventually form, or are the positions and types of storms relatively constant?",2355
Which measure should be used in a PCA or RNA-seq data? TPM or counts?,2356
What makes diazo compounds so unstable and explosive?,2357
How did Ole Christensen Romer measure the speed of light?,2358
How was a new organ JUST discovered?,2359
What happens when a person contracts COVID between doses of the vaccine?,2360
MOSFET as a Switch - When is it in Saturation?,2361
Division by zero,2362
What or Who is Night?,2363
Why is a mosquito feeding on human blood not a parasite?,2364
What happens to a radioactive carbon dioxide molecule when its carbon-14 atom decays?,2365
What or Who is Proportionality (mathematics)?,2366
What or Who is Whig history?,2367
Why use complex numbers to represent amplitude and phase of AC,2368
"why do deer run at the slightest sound or movement, but just stand there and stare when a car is coming towards them at full speed?",2369
Open problems in General Relativity,2370
What or Who is J. Robert Oppenheimer?,2371
What or Who is Yang–Mills existence and mass gap?,2372
How are Richter magnitudes of past earthquakes estimated?,2373
Why is the Jeffreys prior useful?,2374
What do the residuals in a logistic regression mean?,2375
Where in space would the Earth and Moon appear to be the same size?,2376
How many undiscovered planets might be in our solar system?,2377
Ice burns make no sense to me on a molecular level. Your skin cells are damaged because they came in contact with molecules that move too slowly?,2378
"Is the ""Great Pacific Garbage Patch"" beneficial for marine wildlife?",2379
"Can someone help translate what's been called ""the most beautiful paragraph in physics""?",2380
What or Who is Data collection?,2381
Why are many cars' screens slow and laggy when a $400 phone can have a smooth performance?,2382
Changing the record id in a FASTA file using BioPython,2383
How worried should we be about the Clathrate Gun?,2384
Generic HMM solvers in bioinformatics?,2385
why does vaginal discharge bleach black underwear but stains white underwear?,2386
How to do `bedtools intersection` using pandas alone?,2387
What happens to a charger that's plugged into a power outlet but doesn't have a device attached?,2388
How do solid state drives (SSD) store and retrieve data?,2389
What or Who is Economist?,2390
Subscript notation in expectations,2391
"How can medicines like ibuprofen and acetaminophen work on a number of (seemingly) unrelated symptoms (reducing fevers, joint pain, muscle pain, headaches, toothaches, etc.)? Do they do just one thing that affects all of these processes or do they do lots of different things at once?",2392
What or Who is Peter Abelard?,2393
What's the purpose of two capacitors in parallel?,2394
"What are the major philosophical, methodological, and terminological differences between econometrics and other statistical fields?",2395
"In Earth travel, we use North, South, East, and West, plus altitude for three-dimensional travel. Since those are all relative to the Earth, what do they use for space travel?",2396
Please explain why dioxygen difluoride is so dangerous,2397
What or Who is Relationship between religion and science?,2398
Why don't we develop immunity against common cold?,2399
What or Who is Natural History (Pliny)?,2400
How should I transform non-negative data including zeros?,2401
What is charge shift bonding?,2402
"If evolution is not about increased complexity, why does so much complexity evolve?",2403
"When performing differential expression analysis, should genes with low read counts be removed before or after normalization?",2404
How could a species be engineered to go extinct?,2405
"If my 60 GB phone is full or empty, is there any difference in weight at the nano level?",2406
Mathematical difference between white and black notes in a piano,2407
Why can't light escape from a black hole?,2408
What or Who is Simulation hypothesis?,2409
What or Who is Vapor?,2410
PDB format: remark number for free text,2411
What or Who is Jetfire?,2412
Oat Milk bad for Reproductive Organs?,2413
What resides in the different memory types of a microcontroller?,2414
What or Who is Geography?,2415
"With solar sails being so thin, how do they avoid being punctured by tiny space debris?",2416
Positive or Negative Anode/Cathode in Electrolytic/Galvanic Cell,2417
What or Who is Elephant Island?,2418
How did ROM files originally get extracted from cartridges like n64 games? How did emulator developers even begin to understand how to make sense of the raw data from those cartridges?,2419
"If you try and speak in really strong wind, are your words literally being ""blown away"" or can people just not hear you due to the wind noise?",2420
Is everything that we know about black holes theoretical?,2421
What or Who is Scientia potentia est?,2422
KL divergence between two multivariate Gaussians,2423
What or Who is Shuttle-Centaur?,2424
What or Who is Performativity?,2425
How exactly do contagious disease's pandemics end?,2426
Could a natural nuclear fission detonation ever occur?,2427
What are angular and radial nodes?,2428
Intuitive interpretation of the Laplacian Operator,2429
What or Who is Load cell?,2430
What is the difference between eluvium and alluvium?,2431
What does catnip actually do to cats?,2432
"What or Who is Science Fell in Love, So I Tried to Prove It?",2433
Why do stars disappear when I look at them?,2434
Hypothetical: What happens to water as pressure increases to infinity?,2435
What is the gold and silver foil they put on satellites and why is it important?,2436
Maximum Likelihood Estimation (MLE) in layman terms,2437
Remapping genomic coordinates to account for indels,2438
Is lithium considered a metal in astronomy?,2439
How do spam callers mask their phone numbers to ones registered to someone else?,2440
Why is 'Grudger' an evolutionary stable strategy?,2441
"When did ""the customer is always right"" business model start, and why do we still use it despite the issues it causes?",2442
What ground-based observational evidence is there that the Moon doesn't have an atmosphere?,2443
What or Who is Hauntology?,2444
How long does it take for memory to disperse after death?,2445
"Is there a 'half-life' of knowledge? For example if you learned 100 spanish words, what is the 'decay-rate' of knowing the meanings? At what time do you only remember half of the meaning of the words?",2446
"If A and B are correlated with C, why are A and B not necessarily correlated?",2447
samtools depth print out all positions,2448
What or Who is History of physics?,2449
What or Who is Why We Sleep?,2450
"Can a bird, previously at earth potential, get electrocuted by landing on a powerline at high-enough voltage due to the initial ""equalization charge""?",2451
What or Who is Royal Commission on Animal Magnetism?,2452
What or Who is Endothermic process?,2453
What or Who is Drapetomania?,2454
"Are all NO3- salts soluble in water? If so, why?",2455
Has anyone even taken a picture of a molecule to confirm the geometry predicted by theory?,2456
What or Who is ARPANET?,2457
What happens to a molecule while it is reacting?,2458
Relay vs. Transistor?,2459
What or Who is Geo-fence?,2460
Why does USB have 4 lines instead of 3?,2461
Why is RAM not put on the CPU chip?,2462
What or Who is Tim Minchin?,2463
Why does carbon monoxide have a greater affinity for hemoglobin than oxygen?,2464
What or Who is Open access?,2465
Could light be dark matter?,2466
What or Who is Mercury Seven?,2467
What or Who is Chemical polarity?,2468
Do all interactions terms need their individual terms in regression model?,2469
"When surgeons perform a ""36 hour operation"" what exactly are they doing?",2470
"Came across this ""fact"" while browsing the net. I call bullshit. Can science confirm?",2471
Why is pyrimidine less basic than pyridine?,2472
What or Who is Trans-lunar injection?,2473
Imaginary Bonding Interactions,2474
What or Who is Etching?,2475
What or Who is Parker Solar Probe?,2476
What or Who is Vivisection?,2477
"Besides lightning, what are some ways that fire can occur naturally on Earth?",2478
What or Who is Gravity of Earth?,2479
Does matter accumulate just outside the event horizon of a black hole?,2480
What or Who is Computational linguistics?,2481
Minimum operating temperature - Outer Space?,2482
What or Who is Germ theory denialism?,2483
What causes these banded clouds?,2484
Why would one still use normal EEPROM instead of flash?,2485
My girlfriend insists on letting her restaurant leftovers cool to room temperature before she puts them in the refrigerator. She claims it preserves the flavor better and combats food born bacteria. Is there any truth to this?,2486
Studying Euclidean geometry using hyperbolic criteria,2487
Library for computing BWT-based alignments,2488
Why would clipping a wire cause a bomb to explode?,2489
What or Who is Flow measurement?,2490
What or Who is Science and technology studies?,2491
"If red and purple are at opposite ends of the visible spectrum, why does red seem to fade into purple just as well as it fades into orange?",2492
"Does DNA have the equivalent of IF-statements, WHILE loops, or function calls? How about GOTO?",2493
Reduce Classification Probability Threshold,2494
"When animals leave their parents to establish their own lives, if they encounter the parents again in the wild, do they recognise each other and does this influence their behaviour?",2495
When in human history did we start cutting our hair?,2496
"Why is it that we have emojis but have yet to utilize bold, italics, or underlining in text messages?",2497
What's the mechanism for being mentally tired?,2498
What or Who is Robert FitzRoy?,2499
"Why is the ice that comes out of my fridge's ice maker white, or cloudy, while the ice you get at a restaurant or bar is clear?",2500
Did the 1918 pandemic have asymptomatic carriers as the covid 19 pandemic does?,2501
"How come when it is extra bright outside, having one eye open makes seeing “doable” while having both open is uncomfortable?",2502
ATP cost for gene expression,2503
Why do ICs have NC (No Connection or No Function) pins?,2504
Intuitive explanation of entropy,2505
What or Who is Bill Nye Saves the World?,2506
Why is around 200C/ 400F the right temperature to cook pretty much everything?,2507
What or Who is John Henry Newman?,2508
Why do we need sigma-algebras to define probability spaces?,2509
Why is trans-cyclooctene chiral?,2510
What or Who is Science?,2511
"If a 20 year old gets an organ transplant from a 50 year old, 30 years later is that organ functioning as if it were 80 years old or 50 years old?",2512
What or Who is Megatsunami?,2513
How to visualize what canonical correlation analysis does (in comparison to what principal component analysis does)?,2514
What or Who is Creationism?,2515
How to run HYPHY on multiple files non-interactively?,2516
What or Who is Spock?,2517
What or Who is Chronograph?,2518
"Why do humans need to eat ridiculous amounts of food to build muscle, but Gorillas are way stronger by only eating grass and fruits?",2519
"How big are clouds? Like, how much geographical space could they cover? A town? A city?",2520
Why can't humans drink sea water?,2521
Do all organisms have to die?,2522
When will the number of stars be a maximum?,2523
What or Who is History of technology?,2524
"I’m told skin-to-skin contact leads to healthier babies, stronger romantic relationshipd, etc. but how does our skin know it’s touching someone else’s skin (as opposed to, say, leather)?",2525
What books must every math undergraduate read?,2526
"They said ""the water doesn't have an expiration date, the plastic bottle does"" so how come honey that comes in a plastic bottle doesn't expire?",2527
"When you're asleep, what part of the brain filters the noises you hear, determining whether to wake up or not?",2528
"Why do some letters have a completely different character when written in uppercase (A/a, R/r, E/e, etc), whereas others simply have a larger version of themselves (S/s, P/p, W/w, etc)?",2529
Why is Olympus Mons the largest volcano in the whole solar system?,2530
What is the Infection Fatality Rate from COVID 19 if you are fully vaccinated?,2531
Why are sugars in whole fruits not digested the same way sugars in juice are?,2532
Is the ring or the chain chosen as the parent structure in octan-2-ylbenzene?,2533
Do Tectonic plates ever change in size and or break apart?,2534
How can telescopes see anything at all?,2535
What or Who is Strangelet?,2536
"What is the point of using screws with a Phillips head, flathead, allen, hex, etc. instead of just having one universal screw type?",2537
Why is wifi perfectly safe and why is microwave radiation capable of heating food?,2538
"Why can some birds, which do not even have lips, perfectly mimic human language, while chimpanzees, which have mouths and lips much more similar to humans, cannot?",2539
How to use Pearson correlation correctly with time series,2540
What or Who is Socionics?,2541
Do caterpillars need to become butterflies? Could one go it's entire life as a caterpillar without changing?,2542
What or Who is Stark effect?,2543
What or Who is LGBT symbols?,2544
What or Who is Content analysis?,2545
Why do humans need pillows and what would happen if we slept without them on a regular basis? Would this cause long term spinal problems?,2546
What or Who is Jaccard index?,2547
What or Who is Project Blue Book (TV series)?,2548
What or Who is Bohr radius?,2549
"How/why is space between the sun and the earth so cold, when we can feel heat coming from the sun?",2550
Can a tectonically inactive planet retain a long-term atmosphere?,2551
Why are most peninsulas oriented north-south?,2552
"230V AC to 5V DC converter, lossless",2553
Is there a physiological basis to the change in food tastes/preferences as you grow up?,2554
Why is raw egg white okay to drink in fancy cocktails but considered dangerous when eating raw cookie dough?,2555
What or Who is Gradient?,2556
How to go from newbie to manufactured?,2557
Why are there no 256-bit or 512-bit microprocessors?,2558
Is there any use of CO₂ in human body?,2559
What or Who is Why Most Published Research Findings Are False?,2560
Why do traditional cars lack any decent ability to warn the driver that the battery is low or about to die?,2561
What or Who is NASA Clean Air Study?,2562
Why can't we reproduce the sound of very old violins like Stradivariuses? Why are they so unique in sound and why can't we analyze the different properties of the wood to replicate it?,2563
Convergence in probability vs. almost sure convergence,2564
Why do cops pull you over then ask you if you know why they pulled you over?,2565
Are the lone pairs in water equivalent?,2566
Why are there waves in seas towards shore - even in night?,2567
What is so cool about de Finetti's representation theorem?,2568
Can a human be made with ovum but without sperm?,2569
"Why do the Oscars tend to favour more critically successful 'artistic' movies, whilst the Grammy's favour more commercially successful 'mainstream' music?",2570
What or Who is Antiferromagnetism?,2571
How can Ethernet cables that have been around forever transmit the data necessary for 4K 60htz video but we need new HDMI 2.1 cables to carry the same amount of data?,2572
Why does our brains tend to recall bad memories and make us in a bad mood rather than recall good memories and make us in a good mood more often?,2573
Software for drawing geometry diagrams,2574
Relative stability of cis and trans cycloalkenes,2575
"if we have tons of face muscles that we use all the time, how come our face muscles don’t bulk up like biceps or quads?",2576
Why does Volcano Lightning occur?,2577
Why is store brought ice clear but when you make it at home it goes cloudy?,2578
What or Who is Cryonics?,2579
Why are planes not getting faster?,2580
What or Who is Miscibility?,2581
What or Who is The Right Stuff (film)?,2582
What or Who is H-index?,2583
What software can calculate aqueous solution equilibria?,2584
Why do 50% of people who break their hip die within a year of doing so? What is the connection to breaking your hip and dying?,2585
Can an object from a natural process escape earth gravitation?,2586
STAR-long parameters for aligning RNA ONT reads to genome,2587
What or Who is Social services?,2588
Negative voltage on AA battery,2589
Compute $\int_0^{\pi/4}\frac{(1-x^2)\ln(1+x^2)+(1+x^2)-(1-x^2)\ln(1-x^2)}{(1-x^4)(1+x^2)} x\exp(\frac{x^2-1}{x^2+1}) dx$,2590
Why is methanol toxic?,2591
Why does it matter that oats are steel cut?,2592
What or Who is Stellar corona?,2593
What or Who is Environmental education?,2594
What or Who is The Salisbury Poisonings?,2595
"Since light stops penetrating water at 1000 meters deep and the deepest freshwater lake is 1642 meters deep(both according to Google), is there an equivalent to deep sea creatures for freshwater?",2596
Why is it that you’re not able to hear in the middle of a really good stretch?,2597
How far do we have to go to leave the galaxy?,2598
estimate genome size: kmer-based approach from PacBio reads,2599
What or Who is Alien Autopsy (1995 film)?,2600
What or Who is Scale (music)?,2601
What or Who is Replication crisis?,2602
What or Who is TED (conference)?,2603
To what extent is hydroelectric power really renewable?,2604
What do you need 1.018V for?,2605
What or Who is Sputnik 2?,2606
Does turning a lighbulb on and off repeatedly use more energy than just leaving it on for hours?,2607
Would the Earth function the same spinning the other way?,2608
Why is the time constant 63.2% and not 50% or 70%?,2609
What or Who is Chemist?,2610
What or Who is Molecular vibration?,2611
What are the causes of the supercontinent cycle?,2612
What or Who is Kardashev scale?,2613
What or Who is Chess symbols in Unicode?,2614
"When sending a letter abroad, how does the receiving country's mail service get paid for their work?",2615
Why isn't the human body comfortable at 98.6 degrees if that's our internal temperature?,2616
What do the people who go in person to the New York stock exchange actually do? Especially with online trading and information everywhere?,2617
What or Who is Criminology?,2618
What or Who is Theoretical computer science?,2619
Regression with multiple dependent variables?,2620
How efficient are LEDs?,2621
What or Who is Operation Midnight Climax?,2622
How will sea level rise be distributed across the globe?,2623
How many mouse clicks would it take to put the space shuttle into orbit?,2624
Does it make sense to add a quadratic term but not the linear term to a model?,2625
What or Who is God gene?,2626
How to synchronize two microcontrollers to micro-second accuracy?,2627
how is it possible that we can only see between 430-770 Thz and hear 20hz-20khz? Does that mean there are things around us we just cannot hear or see?,2628
"If we replaced the Moon with Ceres, how close would Ceres have to orbit to cause the same tides?",2629
Why does sleeping in a car feel different than normal sleep?,2630
What misused statistical terms are worth correcting?,2631
What or Who is PH?,2632
"Is a cure for tinnitus actively being worked on by anyone? And if so, what progress has been made?",2633
What or Who is Radio telescope?,2634
What or Who is Relative atomic mass?,2635
"In a desert, what is under all of the sand?",2636
What or Who is Anchoring effect?,2637
"Not sure how to quite phrase this but, is there a sort of “default position” for human body parts?",2638
What or Who is COVAX?,2639
New eagle library: reuse standard package & symbol,2640
"How do nurses not get sick all the time if they're working long hours, likely stressed, and constantly around sick people?",2641
Convert rs ID of one hg build to rs IDs of another build,2642
"If a person is allergic to domestic cats, would they also be allergic to wild cats (lions, bobcats, etc.)?",2643
Why don't typical digital multimeters measure inductance?,2644
"What causes some people to be more ""addiction prone"" than others?",2645
Does the strength of Earth's magnetic field influence its climate?,2646
What or Who is Newton's law of cooling?,2647
"Why should I ""believe in"" weak solutions to PDEs?",2648
What or Who is Confocal microscopy?,2649
Why are vias placed this way on a PCB?,2650
What or Who is Internship (medicine)?,2651
What or Who is Vertical and horizontal?,2652
Why do SN1 and SN2 reactions not occur at sp2 centres?,2653
When to avoid using a breadboard,2654
"How to name binary (inorganic) compounds given their chemical formula, and vice-versa?",2655
What or Who is Princess Bubblegum?,2656
What is the probability that a point chosen randomly from inside an equilateral triangle is closer to the center than to any of the edges?,2657
Where to download JASPAR TFBS motif bed file?,2658
Does Earth's air leak into space over time?,2659
"How come, when we rub our eyes hard enough we see those weird colors and patterns?",2660
How many sides does a circle have?,2661
Pauli exclusion principle and resonance,2662
How many genes do we share with our mother?,2663
"In a family with two children, what are the chances, if one of the children is a girl, that both children are girls?",2664
Is this XKCD comic an accurate timeline of the earth's average temperature?,2665
Which pseudo-$R^2$ measure is the one to report for logistic regression (Cox & Snell or Nagelkerke)?,2666
What or Who is Equine coat color?,2667
Normalization methods with RNA-Seq ERCC spike in?,2668
Why can the Golden Ratio be found all over nature?,2669
Why is high input impedance good?,2670
What or Who is Brinell scale?,2671
What or Who is Counting?,2672
Overlap between computer science and chemistry?,2673
Tools to do VCF to MAF and MAF to VCF conversion?,2674
What or Who is Scientific racism?,2675
Solar panels directly convert sunlight into electricity. Are there technologies to do so with heat more efficiently than steam turbines?,2676
Where does the Solar System end?,2677
Why are burns due to chemicals or intense cold also called “burns”? What do they have in common with the regular burns due to fire or heat?,2678
Why does it take a million years for a photon moving at the speed of light to reach the sun's surface from its core?,2679
What or Who is Voyager program?,2680
When can you switch the order of limits?,2681
What or Who is Tombolo?,2682
What is the relationship between a chi squared test and test of equal proportions?,2683
What or Who is Silurian hypothesis?,2684
how do food allergies (ie: dairy) cause allergic people to have to use the bathroom so quickly? How do my bowels get food I just ate out within 30 minutes of eating it?,2685
What or Who is Crisis actor?,2686
Why is home-squeezed orange juice so different from store bought?,2687
Flammability (NFPA) - how is it defined?,2688
What do quasi-geostrophic and ageostrophic mean?,2689
Why does ice cream make soda fizz?,2690
Death because of distilled water consumption,2691
Is there any chemical that can destroy PTFE or Teflon?,2692
Nutrition Facts: Why is sodium listed instead of salt?,2693
Does a phone charger or any other cable that is unused still waste energy and therefore money? Or do they only waste energy when they are connected to something?,2694
"Are there any stars or planets that rotate so fast, they're closer to discs than spheres?",2695
Is a walnut a nut or a drupe?,2696
Why aren't FPGAs ubiquitous?,2697
"Are the ""proofs by contradiction"" weaker than other proofs?",2698
"Considering Chinese is a tonal language, how are lyrics understood or sung when a song's melody defines the tone?",2699
What or Who is Perpetual motion?,2700
"Choosing power supply, how to get the voltage and current ratings?",2701
What or Who is Displacement (geometry)?,2702
What or Who is Island?,2703
Why does including latitude and longitude in a GAM account for spatial autocorrelation?,2704
Do other planets in our solar system experience eclipses or is this unique to Earth?,2705
What or Who is Leaky gut syndrome?,2706
Why does hydrogen fluoride have a boiling point so much lower than that of water?,2707
What or Who is Katha (unit)?,2708
Why does a mirror bent 'like a potato chip' allow space telescopes to be smaller and have a wider field of view?,2709
What or Who is Empirical distribution function?,2710
What is the most extreme weather found on another planet?,2711
What's the difference between male and female?,2712
Why do fundamental circuit laws break down at high frequency AC?,2713
Why is silver chloride less soluble than silver nitrate?,2714
How to validate that BAMs have been downloaded correctly?,2715
What is the lowest latitude at which snow has been recorded at sea level?,2716
"Pluto's orbit overlaps Neptune's, does this mean Pluto will hit Neptune sometime?",2717
"Why does the so called ""tornado alley"" exist?",2718
Why does putting a leaf between pages of a firmly closed book prevent the leaf from decaying?,2719
"Why does sulfur, but not oxygen, catenate?",2720
What or Who is Saturn V?,2721
Convert a BAM file from one reference to another?,2722
"Is Hexafluorocyclohexane the ""Most Polar"" Small Molecule?",2723
"why is tomato-sauce so good at coloring plastic red in your dishwasher, unlike raspberries or strawberries for example?",2724
In light of the recent growth of sightings of Tasmanian Tigers and possibility of a species coming back from what we thought was extinction... Has this happened with any other species in the last ~500 years?,2725
What is this unusual structure inside this banana?,2726
"Why do double minuses become positive, and two pluses never make a negative?",2727
What or Who is Soda geyser?,2728
Won't highly-correlated variables in random forest distort accuracy and feature-selection?,2729
"If ocean water had a higher viscosity, would wave size be affected?",2730
What or Who is Electronegativity?,2731
Why doesn't the sun reach its highest point overhead at exactly 12:00 noon?,2732
How to produce a pretty plot of the results of k-means cluster analysis?,2733
Can the Moon eclipse Venus?,2734
BLAST(n): No hits found,2735
"If the liquids we drink end up in the stomach, how does our stomach acid not get thinned down by the constant flow of liquid?",2736
How should the popular press compare similarity of genomes?,2737
What is hydraulic diffusivity?,2738
What or Who is Thomas Hobbes?,2739
what was the point of the skull and bones pirate flag? why would you give away that you are a pirate?,2740
What or Who is Victor Frankenstein?,2741
Why do utility companies supply at a frequency of either 50/60 Hz?,2742
How is that Alcohol 70% is better than Alcohol 90% as disinfectant ?,2743
What or Who is Physiognomy?,2744
Why can't our teeth heal like our skin and bones?,2745
"When dams are being built, how do they build it with all the water still there?",2746
What or Who is Lunar Gateway?,2747
What or Who is International unit?,2748
What's the difference between INPUT and INPUT_PULLUP?,2749
What or Who is Strike rate?,2750
How long between the moment a meteor is first visible and the moment a meteorite hits the ground?,2751
What or Who is Water–gas shift reaction?,2752
What or Who is Rolfing?,2753
Proof that $1+2+3+4+\cdots+n = \frac{n\times(n+1)}2$,2754
What or Who is Alchemy?,2755
Which organism has the smallest genome length?,2756
Why air do not suffer density stratification of its gaseous components?,2757
What or Who is Panspermia?,2758
How far does an insect (like a beetle or a fly) travel from the place they were born in?,2759
What or Who is History of economic thought?,2760
What're the differences between PCA and autoencoder?,2761
Why do small mirror imperfections matter with modern computers,2762
What or Who is Aura (paranormal)?,2763
"If the planet was shaped like a donut, how would gravity work in the middle?",2764
What or Who is God of the gaps?,2765
Does the brain interact with programming languages like it does with natural languages?,2766
"Is the original strain of covid-19 still being detected, or has it been subsumed by later variants?",2767
"What does it mean to ""write an image and GIF into the DNA of bacteria""?",2768
What or Who is Barrier island?,2769
What are good initial weights in a neural network?,2770
What or Who is Anthropic principle?,2771
What or Who is Coincidence?,2772
Standard errors for lasso prediction using R,2773
Why did Mars lose its magnetic field?,2774
Is the light we see from stars extremely old?,2775
Why is the Queen in chess the most effective piece?,2776
What or Who is Voyager 2?,2777
What or Who is Quasistatic process?,2778
Is there any integral for the Golden Ratio?,2779
What or Who is Nuremberg Code?,2780
What or Who is Flexner Report?,2781
"During the winter, humans are known to track animals via their footprints in the snow, as we do not posses the same olfactory capabilities as say a wolf. Are there any other animals which have been observed tracking animals by means of visual cues?",2782
How did we get to the point where laptops and smartphones are in the same price range?,2783
What is the benefit of breaking up a continuous predictor variable?,2784
Why do impurities lower the melting point of an isolated substance?,2785
"What is a boot loader, and how would I develop one?",2786
Why 20 amino acids instead of 64?,2787
What or Who is Magnetic susceptibility?,2788
What does it mean when scientists say “an eagle can see a rabbit in a field from a mile away”. Is their vision automatically more zoomed in? Do they have better than 20/20 vision? Is their vision just clearer?,2789
What or Who is Chemtrail conspiracy theory?,2790
Is density functional theory an ab initio method?,2791
What or Who is Psychometrics?,2792
How high must one be for the curvature of the earth to be visible to the eye?,2793
What or Who is Almagest?,2794
Why is NaCl so hyper abundant in the ocean?,2795
What or Who is Sycamore processor?,2796
What or Who is Soviet space dogs?,2797
Why can't we simulate gravity?,2798
Has there been any observation of species adapting the evolution process?,2799
What are the numbers before and after the decimal point referred to in mathematics?,2800
What or Who is STEAM fields?,2801
How can phones have 8gb ram in such a small formfactor and pc needs these huge 4gb ram stick?,2802
Is C. elegans always observed with precisely 302 neurons? Are there ever individual viable exceptions?,2803
"I don't care how a transistor works, how do I get one to work?",2804
Why don't plants get sunburned or genetic damage/cancer being out in the sun all day?,2805
"When a tectonic plate subducts, does any of the subducted material melt, or is it just the mantle above the subducted slab that melts?",2806
What or Who is Technology acceptance model?,2807
combining the use of workdir and option --jobscript in snakemake,2808
What or Who is Human body weight?,2809
Did the impact event that caused the Chicxulub-Crater definitively and single-handedly cause the Cretaceous-Paleogene extinction?,2810
What or Who is Buteyko method?,2811
Difference between UART and RS-232?,2812
"why did some animals in the same family become hyper aggressive like geese, whereas ducks are relatively benign?",2813
"Can you explain the ""Axiom of choice"" in simple terms?",2814
"Why is methane's molecular formula conventionally ""CH₄"", while water is ""H₂O"" (among others)?",2815
Difference between neural net weight decay and learning rate,2816
Likelihood ratio vs Bayes Factor,2817
Can I replace all electrolytic capacitors with ceramic?,2818
"Why are SSDs sold in 240 GB, 480 GB, etc. whereas HDDs are sold in 250 GB, 500 GB, etc.?",2819
What or Who is Operation Crossroads?,2820
How is personality formed?,2821
Best book of topology for beginner?,2822
"How much larger will the ""observable by us"" universe be when JWST becomes operational?",2823
"How does a cell ‘know’ what to become, if they all start from one or two cells and have the same genetic code?",2824
What or Who is Sidereal time?,2825
How does a master key work?,2826
Why are p-values uniformly distributed under the null hypothesis?,2827
What causes an Existential Crisis to trigger in our brain?,2828
"What, if any, paleoclimate data can be derived from igneous rocks?",2829
Cross-Validation in plain english?,2830
What or Who is Long Island Medium?,2831
Why are most discovered exoplanets heavier than Earth?,2832
What or Who is Freezing-point depression?,2833
visualisation of genome alignment,2834
What or Who is Bachelor of Engineering?,2835
What or Who is Ivy Mike?,2836
"We know what a nova is, but how?",2837
What or Who is David Hume?,2838
Is it possible to train a neural network without backpropagation?,2839
How to read structural variant VCF?,2840
What or Who is Anthropometry?,2841
How can my portable battery charger drain itself completely when charging my phone? Shouldn't the two batteries come to equilibrium?,2842
Could someone explain conditional independence?,2843
Why add water first then acid?,2844
Why are some spicy foods felt in the mouth (i.e. hot sauce) and some felt in the sinuses (i.e. wasabi?,2845
Why did Venus not lose its atmosphere without a magnetic field?,2846
I always thought that all dirt is the result of fungus slowly breaking apart bedrock over millions of years but I do not know if this is actually true. Is it?,2847
What or Who is Natural philosophy?,2848
why do humans need to eat many different kind of foods to get their vitamins etc but large animals like cows only need grass to survive?,2849
Why does 25 MPH on a bicycle seem so much faster than in a car?,2850
"why do small animals like squirrels not lose appendages to frostbite when temperatures reach below freezing, and they walk around on ice and snow all day?",2851
What or Who is Orchestrated objective reduction?,2852
How is the minimum of a set of IID random variables distributed?,2853
F1/Dice-Score vs IoU,2854
What or Who is History of evolutionary thought?,2855
Why are so many electrical plugs designed in such a way that they cover adjacent sockets?,2856
How did the restaurant industry convince the American population to pay their employees for them?,2857
Is the Solar core hard?,2858
Why is logistic regression a linear classifier?,2859
insert size pre and post trimming,2860
How do cats know automatically how to use a litter box?,2861
What or Who is Refracting telescope?,2862
Proof of Frullani's theorem,2863
What or Who is Toxin?,2864
Why did historical diseases like the black death stop?,2865
What or Who is Edwin Hubble?,2866
Major League Baseball batting strategy. Are they simply trying to hit a home run every time? Is there more to it than that?,2867
Where did the sand in the Sahara come from?,2868
Does an obese person have more blood in their body than a person with a optimal body mass index?,2869
Why are there uneven bright areas in this photo of black hole?,2870
What or Who is Decision theory?,2871
What or Who is Extrasensory perception?,2872
"How can ""purely"" electrical circuits emit sound?",2873
Correlations with unordered categorical variables,2874
What is the difference between a DSP and a standard microcontroller?,2875
"When Pangea divided, the seperate land masses gradually grew further apart. Does this mean that one day, they will again reunite on the opposite sides? Hypothetically, how long would that process take?",2876
Solving for regression parameters in closed-form vs gradient descent,2877
Converting VCF file to PLINK bed/bim/fam files,2878
What or Who is Newton's cradle?,2879
Why does transparent plastic become opaque when it breaks?,2880
What or Who is Biologist?,2881
Why are we able to control almost all of our muscles at will but have a lot of difficulty suppressing laughter or a smile?,2882
What or Who is Macrobiotic diet?,2883
Do insects' muscles become stronger with exercise?,2884
What or Who is Global cooling?,2885
Conjectures that have been disproved with extremely large counterexamples?,2886
"Why do video games rely on mega high resolution textures to appear more realistic, when a DVD movie can look far more realistic with a resolution of only 720x480?",2887
What or Who is Cross section (physics)?,2888
"If a person has been depressed for a long time, is there some kind of 'damage' to their brain, and can anti-depressants reverse the damage?",2889
What or Who is Divisibility rule?,2890
Is a diamond a single molecule?,2891
What volume does one mole of an ideal gas occupy?,2892
Where does the biggest land-based ice cap reside?,2893
What or Who is Cryptozoology?,2894
"Can I see ""my own hand"" in the void space?",2895
The Hole in One Pizza,2896
What or Who is Khazar hypothesis of Ashkenazi ancestry?,2897
What or Who is Queueing theory?,2898
"Why can the human body absorb toxins thru the skin, but you can't rehydrate yourself by sitting in water?",2899
Why do the fastest runners tend to be black?,2900
What or Who is Pierre Teilhard de Chardin?,2901
Why is the Sun's atmosphere (the corona) so hot?,2902
What or Who is Kubuntu?,2903
What are the advantages and disadvantages between using KEGG or Reactome?,2904
What or Who is Invasive species?,2905
Will a transplanted body part keep its original DNA or slowly change to the hosts DNA as cells die and are replaced?,2906
What or Who is Bokeh?,2907
"Objective function, cost function, loss function: are they the same thing?",2908
What exactly is bound by the control line on COVID19 antigen tests?,2909
What or Who is NoSQL?,2910
What or Who is UNESCO?,2911
Read counts from BAM file,2912
"On average, and not including direct human intervention, how do ant colonies die? Will they continue indefinitely if left undisturbed? Do they continue to grow in size indefinitely? How old is the oldest known ant colony? If some colonies do ""age"" and die naturally, how and why does it happen?",2913
Does the Sun rotate?,2914
Is it possible to make a vaccine against cancer?,2915
How is duration of efficacy estimated for vaccines?,2916
Do we have negative prime numbers?,2917
What or Who is Quasi-experiment?,2918
Convert FASTA to FASTQ with dummy quality scores,2919
What or Who is Khan Academy?,2920
Should chassis ground be attached to digital ground?,2921
What or Who is Adrenal fatigue?,2922
Why are amino acids in biology homochiral?,2923
About meddies: what are they? How do they form? How are they maintained?,2924
How do I model an LED with SPICE?,2925
Help find hard integrals that evaluate to $59$?,2926
"The moon rotates around its own axis at the same speed as its rotation around earth, which is why we don't see the ""dark side"". Is this purely coincidental or not?",2927
How much of a mountain is below the surface?,2928
Were there any flying dinosaurs?,2929
What is the distribution of indel sizes in a healthy human genome? of insertion:deletion ratios?,2930
What's the purpose of the Wingdings font?,2931
What do the PCB markings mean?,2932
What are the impacts of sublimation on an annual mountain snowpack?,2933
Why is the summer solstice night shorter than the winter solstice day?,2934
Transitivity of Species Definitions,2935
"How did the modern playground came to be? When did a swing set, a slide, a seesaw and so on become the standard?",2936
Stranded vs. unstranded library preparation protocols in RNAseq,2937
"Can bacteria, viruses, etc. get diseases just like humans or plants?",2938
What or Who is Psychiatry?,2939
Why do computers and game consoles need to restart in order to install software updates?,2940
What or Who is She Blinded Me with Science?,2941
How to determine number of structural isomers?,2942
What does 3V3 or 1V8 mean?,2943
What determines the lifespan of a species? Why do humans have such a long lifespan compared to say a housecat?,2944
What or Who is Piltdown Man?,2945
Comparing acidities of substituted and aromatic carboxylic acids,2946
Why does ridge estimate become better than OLS by adding a constant to the diagonal?,2947
Single-molecule magnet with electrically-controlled permeability: How does the Titan Shield from Deus Ex work?,2948
"If you were to randomly find a playing card on the floor every day, how many days would it take to find a full deck?",2949
Why do gold deposits form only in certain areas of the earth?,2950
Does nitrogen inversion affect the basicity of amines?,2951
Can people act like antennas?,2952
What or Who is Reptilian conspiracy theory?,2953
Detecting portions of human proteins with high degree of microbial similarity,2954
Why do cockroaches flip over when they die?,2955
"Coffee and cocoa beans are awful raw, and both require significant processing to provide their eventual awesomeness. How did this get cultivated?",2956
"What substances do humans consume that are caloric but neither protein, carb, nor fat?",2957
Side reactions of N-hydroxysuccinimide esters with nucleophiles,2958
Why is it important not to fall unconscious after you suffer a concussion?,2959
How does siri hear me say “hey siri” if it isn’t constantly listening to my conversations or me speaking?,2960
How does anthropogenic heating affect global warming?,2961
What or Who is Ernst Mach?,2962
What or Who is Potentiometer (measuring instrument)?,2963
Why is the L2 regularization equivalent to Gaussian prior?,2964
Difference in the functioning of alkaline and acidified KMnO4,2965
why does tensing your legs help you reach orgasm?,2966
What or Who is Lorentz force?,2967
"Why do some forests have undergrowth so thick you can't get through it, and others are just tree trunk after tree trunk with no undergrowth at all?",2968
"Why do cognitive abilities progressively go down the more tired you are, sometimes to the point of having your mind go ""blank""?",2969
How much does drinking a cold drink really affect your body temperature?,2970
Could the Earth's core lose its heat?,2971
"If you dug a hole straight down to the other side of the earth, what would happen if you dropped something through it?",2972
What or Who is Attachment therapy?,2973
What or Who is Plutonium?,2974
Is it painful for the hen to lay eggs?,2975
"Why do computers become slow after a while, even after factory reset or hard disk formatting?",2976
Why don't mammals have more than 4 limbs?,2977
Can we taste electrons?,2978
What or Who is Millennium Prize Problems?,2979
What or Who is Eye movement desensitization and reprocessing?,2980
What prevents predator overpopulation?,2981
"If every part of the universe has aged differently owing to time running differently for each part, why do we say the universe is 13.8 billion years old?",2982
What or Who is F-number?,2983
What or Who is Arecibo Telescope?,2984
What is the neurological explanation to how the brain can keep reading but not comprehend any of the material? Is it due to a lack of focus or something more?,2985
"Is sodium chloride really odourless? If yes, what do I smell?",2986
"why does body temperature water feel slightly cool, but body temperature air feels uncomfortably hot?",2987
Data normalization and standardization in neural networks,2988
Why do we connect a battery to ground when jumping a car?,2989
Locating freely available data samples,2990
What or Who is Energy-dispersive X-ray spectroscopy?,2991
What or Who is Paranormal?,2992
What does forward modeling mean?,2993
Is there a reason that the majority of Earth's landmass is in the northern hemisphere?,2994
Why do we use 32.768 kHz crystals in most circuits?,2995
How do scientists studying antimatter MAKE the antimatter they study if all their tools are composed of regular matter?,2996
Does any iron fuse in stars before they go supernova?,2997
Does water really 'go bad' after a couple of days?,2998
Is the Delta variant a result of COVID evolving against the vaccine or would we still have the Delta variant if we never created the vaccine?,2999
Can vitamin B17 cure cancer?,3000
Why don't iron meteorites on Mars rust or oxidize? Why are they shiny?,3001
"How were ISP's able to ""pocket"" the $200 billion grant that was supposed to be dedicated toward fiber cable infrastructure?",3002
"How to interpret type I, type II, and type III ANOVA and MANOVA?",3003
The Mathematics of Tetris,3004
What or Who is The Selfish Gene?,3005
"If you transplanted a multi-decade old tree from a place like say Florida to up north, would the tree “know” to lose it’s leaves in the fall or would it just die?",3006
"If Earth is tilted, why is Polaris always above the same spot?",3007
"What's going on when I'm getting a ""kink in my neck"" after sleeping in an odd position?",3008
"If you put a giant mirror on the floor of the earth and make a photo from a satelite, what would you be able to see?",3009
Clustering with a distance matrix,3010
What or Who is Eyepiece?,3011
Does the octopus have an anus? What does it look like?,3012
What's the most efficient file format for the storage of DNA sequences?,3013
What or Who is Crawler-transporter?,3014
"If the common cold is a type of coronavirus and we're unable to find a cure, why does the medical community have confidence we will find a vaccine for COVID-19?",3015
What or Who is Artificial intelligence?,3016
"Why are adults woken up automatically when they need to pee, while young children pee the bed?",3017
How to release an R package with several bed files?,3018
Why is Jupiter's Great Red Spot reddish?,3019
What or Who is Bogdanov affair?,3020
What or Who is Adsorption?,3021
How do new houses hook up to existing sewage and water lines without disrupting service or spewing liquids?,3022
What is this bizarre looking animal we found in the forest? Bug identification,3023
Isnt everything in earth 4 billion years old? Then why is the age of things so important?,3024
How are poisons discovered? Does someone have to die/be poisoned from it first?,3025
"Why does Japan still have a declining/low birth rate, even though the Japanese goverment has enacted several nation-wide policies to tackle the problem?",3026
Is zero odd or even?,3027
What or Who is 1566 celestial phenomenon over Basel?,3028
Best practices for deciding if two structural variants are actually the same variant?,3029
What or Who is Climate change denial?,3030
what happens to animals who live in the ocean beneath where a hurricane is?,3031
"""Advice to young mathematicians""",3032
"Why do you have back and neck aches for days if you ""sleep wrong"" one night?",3033
How do scientists know we've only discovered 14% of all living species?,3034
why does squinting help you see a little better when you don’t have your glasses on?,3035
Why is it necessary for refs to stand in the path of a javelin throw. Can’t they just stand on the sidelines and jog over after it lands?,3036
"When an animation studio like Pixar has multiple dozens of people, all with their own styles, working on a project, how do they keep everything uniform?",3037
Do spiders ever take up residence in abandoned webs?,3038
Could the dinosaurs have seen the asteroid that killed them?,3039
How do lakes deep underground maintain an ecosystem with no energy input from the Sun?,3040
"Why were ridiculously fast planes like the SR-71 built, and why hasn't it speed record been broken for 50 years?",3041
Why don't microcontrollers generally have on-chip DACs?,3042
"Why don't we define ""imaginary"" numbers for every ""impossibility""?",3043
What or Who is Eternal return?,3044
What is indel calling and what is its purpose?,3045
What or Who is Epicurus?,3046
What or Who is History of watches?,3047
what causes the weird buzzing noises when you touch a 3.5mm jack plugged into a speaker?,3048
"Are humans the only animal that requires ""clean water""?",3049
"why can't we have supplements or pills for dopamine, oxytocin, serotonin or endorphins just like we have melatonin or contraceptive pills?",3050
validating identified sub-populations of cells in scRNA-seq,3051
What or Who is Multiple choice?,3052
Can Biologists identify all viruses?,3053
"How do series like Planet Earth capture footage of things like the inside of ant hills, or sharks feeding off of a dead whale?",3054
What or Who is Statistics?,3055
What should be the intuition when working with compactness?,3056
Why do we minimize the negative likelihood if it is equivalent to maximization of the likelihood?,3057
"What percentage of a human fart is produced by bacteria, and what percentage is actually produced by *you* ?",3058
How can two singers sing the same song in the same key still have distinguishable voices?,3059
Why won't the Sun set for days at N66.2 which is below the arctic circle?,3060
What's the intuition behind Pythagoras' theorem?,3061
lim sup and lim inf of sequence of sets.,3062
What or Who is Upper and lower bounds?,3063
"30+ years ago we had such a romantic picture of the Islamic culture (Orient Express, Thousand and one nights, Aladin) - and now it's all about terrorism. Did our picture of the Islamic culture change or did they change?",3064
What or Who is RAF Fylingdales?,3065
"Why is canned soda always so much colder than bottled soda, despite them being in the refrigerator just as long, or long enough to where they should be just as cold?",3066
How to extract RNA sequence and secondary structure restrains from a PDB file,3067
What or Who is Apollo 13 (film)?,3068
"Given an infinite number of monkeys and an infinite amount of time, would one of them write Hamlet?",3069
"Why is hot water more effective than cold when washing your hands, if the water isnt hot enough to kill bacteria?",3070
Why do we experience no sort of gag reflex when we are swallowing food or a drink?,3071
Can brain cells move?,3072
How can I improve a long-read assembly with a repetitive genome?,3073
"Can the ancient magnetic field surrounding Mars be ""revived"" in any way?",3074
What or Who is GPS signals?,3075
"With all the rain Seattle gets, why is widespread flooding relatively rare?",3076
Why is $\infty \cdot 0$ not clearly equal to $0$?,3077
what kind of suspension liquid should be used with ferrofluid (so it does not stain the glass),3078
Paleogene transantarctic seaway,3079
Difference between confidence intervals and prediction intervals,3080
How do oases form in the middle of the desert?,3081
Is there enough genetic material left in a loaf of bread to trace it back to the wheat plants used to make it?,3082
How did scientists know the first astronauts’ spacesuits would withstand the pressure differences in space and fully protect the astronauts inside?,3083
"have languages for animals developed over time similar to that of human beings, or say can a lion in this time communicate with a lion five hundred years ago?",3084
How do I carry out an ancestry/admixture test on a single VCF file?,3085
I2C 3.3 to 5.0 V conversion,3086
What is this wasp killing insect?,3087
Loud pop noise while plugging to a headphones jack,3088
How do farmers control whether a chicken lays an eating egg or a reproductive egg and how can they tell which kind is laid?,3089
"I have two questions. How do paleontologists determine what dinosaurs looked like by examining only the bones? Also, how accurate are the scientific illustrations? Are they accurate, or just estimations of what the dinosaurs may have looked like?",3090
Good books and lecture notes about category theory.,3091
What or Who is Signal-to-noise ratio?,3092
"Wikipedia states, ""The human nose is extremely sensitive to geosimin [the compound that we associate with the smell of rain], and is able to detect it at concentrations as low as 400 parts per trillion."" How does that compare to other scents?",3093
"Could I have a bag of neutrons? And if so, what would it look like, would they be reactive?",3094
What or Who is Alexei Leonov?,3095
What is the difference in Bayesian estimate and maximum likelihood estimate?,3096
How do media buttons on a plain wired headset work?,3097
How to put 9 pigs into 4 pens so that there are an odd number of pigs in each pen?,3098
"Why are erasers made of rubber, and what makes them able to erase graphite?",3099
What or Who is Geologist?,3100
What or Who is Anti-gravity?,3101
What or Who is Blinded experiment?,3102
Will the Earth ever stop rotating?,3103
What or Who is Theodolite?,3104
Why do 7 segment LED displays break apart when I brush my teeth?,3105
What or Who is Medical laboratory scientist?,3106
What or Who is Feng shui?,3107
How to modify execution orders for Snakemake?,3108
What or Who is Orbital period?,3109
What is a reasonable forecast of sea level in 2100?,3110
"if cancer is basically a clump of cells that dont want to die, why/how do things like cigarettes, asbestos, and the literal sun trigger it?",3111
What or Who is Homeostasis?,3112
Are there real world applications of finite group theory?,3113
Do we know a star that is similar to the Sun when it would be a red giant?,3114
"There's evidence that life emerged and evolved from the water onto land, but is there any evidence of evolution happening from land back to water?",3115
What or Who is Wow! signal?,3116
What or Who is Residency (medicine)?,3117
What are the available cloud computing services for bioinformatics?,3118
Can humans survive without consuming life?,3119
What are the advantages of this gold finger shape?,3120
Estimate the length of poly-A tails from randomly-primed RNAseq data,3121
Random Forest - How to handle overfitting,3122
"Given a VCF of a human genome, how do I assess the quality against known SNVs?",3123
What or Who is The Intelligence of Dogs?,3124
"How exactly does a ""random effects model"" in econometrics relate to mixed models outside of econometrics?",3125
JPL Horizons sending too many emails,3126
What or Who is HTTP cookie?,3127
Removing duplicated rows data frame in R,3128
"If numbers can be infinitely large, can they also be infinitely small?",3129
What is category theory useful for?,3130
Why do electronics have a low temperature limit?,3131
What or Who is Religious symbol?,3132
"If there was a tank that could hold 10000 tons of water and had a finger - width hole at the bottom and you put your finger on/in the hole, would the water not drain or push your finger out?",3133
How does a group of fruit flies find their way all the way up to my 22nd floor apartment to eat my tomatoes sitting out?,3134
What or Who is Eugenics?,3135
What or Who is Geocentric model?,3136
How to rationalise the resonance structures and hybridisation of the nitrogen in a conjugated amine?,3137
Intuition on the Kullback–Leibler (KL) Divergence,3138
"the ISS is a pretty well closed system. Every astronaut has brought their own microbiome, do we know anything about what they leave behind and what survives?",3139
What or Who is CCNA?,3140
Why is glucose our primary source of energy?,3141
What or Who is Biomass (ecology)?,3142
"If the whole purpose of a fruit/vegetable is to spread seeds by being eaten and what out, why are chilly peppers doing there best to prevent this?",3143
Why is building a Mars colony the next big space mission? Why not a colony on our very own moon?,3144
tools to reconcile experimental transcripts with reference annotation,3145
How are we able to perform a body transplant when we can't repair spinal injuries?,3146
"What is rank deficiency, and how to deal with it?",3147
How to choose a predictive model after k-fold cross-validation?,3148
What or Who is Einstein family?,3149
Generating the reconstructed alignment from BAM,3150
What or Who is Johnny Ball?,3151
What or Who is Phosphorescence?,3152
What or Who is Mercury-Atlas 6?,3153
"How do octopi kill sharks? Do they ""drown""/suffocate them? Do they snap their bones?",3154
What should I do when my neural network doesn't learn?,3155
Why does this human bam file only have one copy of each chromosome?,3156
What determines which strand of DNA is transcribed by RNA polymerase?,3157
What or Who is Reversible process (thermodynamics)?,3158
"If our brains do not have pain receptors, how does it seem like we want to split our skull when we get migraines or headaches?",3159
"Nuclear power plants, how long could they run by themselves after an epidemic that cripples humanity?",3160
How can the average coldest day of the year be before the winter solstice?,3161
What or Who is Word2vec?,3162
Apparent Ring of Craters on the Moon,3163
What or Who is Total Information Awareness?,3164
What or Who is Bachelor of Computer Science?,3165
What gauge of single strand wire works well with breadboards?,3166
What or Who is Atomic number?,3167
How can there be decimal subscripts in a molecular formula?,3168
What is a good microcontroller for Ethernet applications?,3169
What or Who is TNT equivalent?,3170
"How is it that rich people's ""net worth"" is public, but average people's information is private?",3171
Can someone explain the math behind tessellation?,3172
What or Who is Rip current?,3173
Is it possible to detect gravitational lensing of stars behind the Moon?,3174
How does an electronic caliper work?,3175
What or Who is Uranium?,3176
What or Who is Human microbiome?,3177
What or Who is Nuclear reaction?,3178
ADHD brains are said to be constantly searching for dopamine - aren't all brains craving dopamine? What's the difference?,3179
Is monogamy a human innate behaviour?,3180
What or Who is Faith healing?,3181
Which compound reacts faster in the Cannizzaro Reaction?,3182
Why are LEDs on most embedded designs inverted?,3183
"Why is it healthy to strain your heart through exercise, but unhealthy to strain it through stress, caffeine, nicotine etc? What is the difference between these kinds of cardiac strain?",3184
Why is the Liver one of the only organs that grows back when most of it is removed?,3185
Why can you HEAR the sound of tap water changing temperature?,3186
"Why have some languages like Spanish kept the pronunciation of the written language so that it can still be read phonetically, while spoken English deviated so much from the original spelling?",3187
What or Who is Metastability?,3188
"Why is it that during winter it's not uncommon to have days with abnormally high temperature and summer-like weather, but in the summer it never drops to winter-like weather for a day?",3189
What or Who is Computer ethics?,3190
What's a minimal yet chemically-meaningful kinetic system for an oscillating reaction?,3191
Why is $1$ not a prime number?,3192
How does a chip antenna work?,3193
What is the difference between discrete data and continuous data?,3194
"Do tall people have larger internal organs? If not, how do their bodies fill the extra space?",3195
How much current can I draw from the Arduino's pins?,3196
What or Who is Telescope?,3197
What is the purpose of those star like solder joints?,3198
Why does having had a concussion make one ineligible to donate bone marrow?,3199
SPI or I2C: which to use for a longish bus,3200
"What is this ""crystal ball"" located at a meteorological station?",3201
what happens in your brain when you start daydreaming with your eyes still open. What part of the brain switches those controls saying to stop processing outside information and start imagining?,3202
The median minimizes the sum of absolute deviations (the $ {\ell}_{1} $ norm),3203
"When so many homeowners struggle with things clogging their drains, how do hotels, with no control whatsoever over what people put down the drains, keep their plumbing working?",3204
"When a battery is your power source, what is ground?",3205
Does $R[x] \cong S[x]$ imply $R \cong S$?,3206
What do modern-day analysts actually do?,3207
What or Who is Equinox?,3208
What or Who is The Paradox of Choice?,3209
What or Who is Proletariat?,3210
How can an FPGA outperform a CPU?,3211
How to understand the drawbacks of K-means,3212
How can the cell line contribution be estimated from RNASeq data?,3213
"Where is the Eagle component library for 0.1"" breakaway headers?",3214
What or Who is Thought experiment?,3215
What or Who is Bohr magneton?,3216
What or Who is André-Marie Ampère?,3217
What does vaccine efficacy mean?,3218
Can other animals be allergic to us?,3219
Why do hurricanes hit the U.S. East Coast so often but never on the West Coast?,3220
What or Who is The Big Bang Theory?,3221
Simple theorems that are instances of deep mathematics,3222
What or Who is Smart meter?,3223
What or Who is Continuum hypothesis?,3224
How are the Covid19 vaccines progressing at the moment?,3225
What or Who is Thomas Jefferson?,3226
Why does a burn still feel hot even after running it under cold water?,3227
why adobe flash is no longer being used? For that matter what does it even do ??,3228
Can a person survive on blood in place of water?,3229
Fan and heatsink - suck or blow?,3230
What or Who is Shutter speed?,3231
Why is that cars don't get significantly more fuel efficient year by year?,3232
How do we prove that something is unprovable?,3233
"Debunking scientific paper ""Has global warming already arrived?""",3234
Why is there no incredibly cheap bare basics car that doesn’t have power anything or any extras? Like a essentially an Ikea car?,3235
Why is there so much fear surrounding LiPo batteries?,3236
What or Who is Precalculus?,3237
What or Who is Drug design?,3238
What or Who is FLOPS?,3239
variant calling on ChIP-seq style data: samtools mpileup with minimal filters,3240
How to download FASTA sequences from NCBI using the terminal?,3241
What or Who is Shirō Ishii?,3242
What made us settle on cow’s milk and chicken eggs as our standard milk/egg?,3243
Why is heart cancer so rare?,3244
"Why does it hurt your ears and make that ""wahwahwahwah"" sound when only one window in a car is down and you're moving fast? And why does it disappear instantly when another window is rolled down?",3245
Smallest viable reproducing population,3246
Selective nitro reduction of poly nitro compounds,3247
I don't understand why hieroglyphics a lost language. Egypt was the biggest civilization of its time and there is no translation other than the Rosetta stone? Why?,3248
What or Who is Invariant (mathematics)?,3249
What or Who is Omega Point?,3250
What's the difference between predicate and propositional logic?,3251
What or Who is American Association for the Advancement of Science?,3252
What or Who is Refractory?,3253
What or Who is Cross-industry standard process for data mining?,3254
If the universe is expanding in all directions how is it possible that the Andromeda Galaxy and the Milky Way will collide?,3255
"How come a restaurant dishwashing machine can cycle in 3 minutes, while at home mine takes several hours?",3256
Are lost memories gone forever? Or are they somehow ‘stored’ somewhere in the brain?,3257
What or Who is BET theory?,3258
When to use Fisher versus Neyman-Pearson framework?,3259
Motivation for Ramanujan's mysterious $\pi$ formula,3260
Does the sun have a solid(like) surface?,3261
What or Who is History of science?,3262
Why do some animals (like spiders or lizards) spend so much time just doing nothing? What is happening and why?,3263
What or Who is Deciduous?,3264
"Are some people more 'attractive' to mosquitos? If so, is that a hereditary trait?",3265
What or Who is Zoo?,3266
Is Facebook coming to an end?,3267
Why do the boys rescued from the cave in Thailand need to be quarantined?,3268
What or Who is Leidenfrost effect?,3269
What or Who is Moon rock?,3270
How did the SARS 2002-2004 outbreak (SARS-CoV-1) end?,3271
BJT in Reverse Active Mode of Operation,3272
What or Who is Electron configuration?,3273
What or Who is John Ioannidis?,3274
Why aren't there any competing biologies on Earth?,3275
What or Who is Landmass?,3276
How to find the Galois group of a polynomial?,3277
How many GPS channels make sense?,3278
When did people first measure that the Earth was closest to the Sun during January?,3279
What or Who is Gulf?,3280
Can a coin with an unknown bias be treated as fair?,3281
How fast are we moving relative to the CMB?,3282
How to subset a VCF by chromosome and keep the header?,3283
What is the difference between a class and a set?,3284
What or Who is Global Hunger Index?,3285
"Why does playing music in the background of a social gathering put people at ease, allowing them to talk more comfortably whilst removing that awkward feeling?",3286
Has the growing % of the population avoiding meat consumption had any impact on meat production?,3287
How many planets have we discovered that can support human life?,3288
What or Who is Reflux?,3289
"if ants love sugar, and bees make honey, why aren’t bee hives constantly attacked by ants?",3290
Why is water flavorless?,3291
Is there a difference between 'controlling for' and 'ignoring' other variables in multiple regression?,3292
Building STAR Genome Index for nanopore RNA sequencing,3293
Why does it take 5 seconds for credit card/debit card companies to take money out of my account but 5 days for them to refund it?,3294
What or Who is Chandrayaan-1?,3295
What or Who is Cape (geography)?,3296
Is soil a renewable resource?,3297
What or Who is Cells at Work! Code Black?,3298
Some users are mind bogglingly skilled at integration. How did they get there?,3299
"A bluish aurora-like streak informally called ""Steeve"" has been recurrently spotted int the night sky of the Canadian prairies - what might it be, and how could this phenomenon be investigated?",3300
What influences tide-height the most? Can I guess the height by looking on a globe?,3301
What or Who is Frank Olson?,3302
What or Who is Vostok 1?,3303
Would bee hives grow larger if we didn't harvest their honey?,3304
Over time do nuclear warheads become less powerful?,3305
why are clothes that are hung to dry crunchy/stiffer than clothes dried in a dryer?,3306
How should I ship plasmids?,3307
Why is the bond angle H-P-H smaller than H-N-H?,3308
Is there a reason all the planets orbit the sun in approximately the same plane and direction?,3309
How to manipulate a reference FASTA or bam to include variants from a VCF?,3310
Why Is Most Life Symmetrical Externally But Not Internally?,3311
Is there an energy cost associated with flipping the spin of an electron?,3312
What or Who is Time constant?,3313
How can I build a protein network pathway from a gene expression quantification file?,3314
What or Who is Ephemeris?,3315
What or Who is Energy level?,3316
Why do refrigerator doors suddenly need hulk strength to open at random times?,3317
Central limit theorem for sample medians,3318
Choosing a clustering method,3319
What parts of a pure mathematics undergraduate curriculum have been discovered since $1964?$,3320
"If the gravitational pull of a planet is the same in all directions, why does Saturn, for example, have rings in only one plane? Shouldn't it be inside of a ""shell"" of debris instead of just having rings?",3321
Is a butterfly one or two animals?,3322
What or Who is History of scientific method?,3323
What or Who is Chemical property?,3324
Does the Milky Way orbit around anything?,3325
"How can the US power grid struggle with ACs in the summer, but be (allegedly) capable of charging millions of EVs once we all make the switch?",3326
Does electricity effect water freezing?,3327
"If humans have evolved to have hair on their head, then why do we get bald? And why does this occur mostly to men, and don't we lose the rest of our hair over time, such as our eyebrows?",3328
What is the mathematical basis behind the Jahn-Teller effect?,3329
How to remove 'silk braid' noise in satellite data?,3330
Why do bell peppers sometimes grow little bell peppers inside of them?,3331
What causes morning wood?,3332
Cross Entropy vs. Sparse Cross Entropy: When to use one over the other,3333
What's a schematic (compared to other diagrams)?,3334
Why are allenes chiral?,3335
What or Who is Film speed?,3336
Lightning bolt vs. batteries: a coulomb in everyday terms,3337
Why does water evaporate spontaneously at room temperature despite ΔG > 0?,3338
Are there any series whose convergence is unknown?,3339
What or Who is Rayleigh scattering?,3340
Is oxygen really the most abundant element on the surface of the Moon?,3341
"We're told flu viruses mutate to multiple new strains every year where we have no existing immunity, why then is it relatively rare to catch the flu multiple times in the same season?",3342
Why do hands get an itchy/tingly sensation when doing something with high vibrations like weed whacking?,3343
Is it possible to Yo-Yo in space?,3344
Global warming - why doesn´t mankind collect heat (thermal energy) and turn it into electricity or send it to space?,3345
ANY (technical) reason behind submitting sequences to GenBank versus ENA Sequence,3346
"Why is the new COVID variant being called ""Omicron"" rather than ""Nu""?",3347
How to actually plot a sample tree from randomForest::getTree()?,3348
What or Who is Hydrophobe?,3349
Lebesgue integral basics,3350
"I heard that detergents, soaps, and surfactants have a polar end and a non-polar end, and are thus able to dissolve grease. But so do fatty acids; the carboxyl end (the acid part) is polar, and the long hydrocarbon tail is non-polar. So why don't fatty acids behave like soap? What's the difference?",3351
"Why is tupperware wet coming out of the dishwasher, when plates and glasses are all dry?",3352
What or Who is Emissivity?,3353
IUPAC nomenclature for an interesting looking organic compound,3354
Can an adult without genetic lactase persistence still develop a tolerance for dairy foods?,3355
How can I collimate a dobsonian telescope with a laser collimator?,3356
"Good source that explains the evolution of single-celled organisms ""from scratch""",3357
How many trees would I have to plant to solve Global Warming?,3358
Can Newton's gravity equation explain why black holes are so strong?,3359
"What is the difference between ""likelihood"" and ""probability""?",3360
What keeps antarctic penguins from having frostbitten feet?,3361
What or Who is Bachelor of Information Technology?,3362
What or Who is Balance of nature?,3363
Could we transmit smells electronically?,3364
How does a meandering river form?,3365
How would waves be any different if there was a superocean like Phantalassa. Would they be larger and more dangerous or calmer and would anything else be different?,3366
What or Who is Chandrayaan-3?,3367
"If 900 out of 1000 people say a car is blue, what is the probability that it is blue?",3368
Do we know if there exist true mathematical statements that can not be proven?,3369
What or Who is Measurement of land in Punjab?,3370
"If inflamation is a response of our immune system, why do we suppress it? Isn't it like telling our immune system to take it down a notch?",3371
What were the tallest mountain ranges in Earth's geological past?,3372
Are there any (currently) unsolved equations that can change the world or how we look at the universe?,3373
Can mosquitos spread COVID-19?,3374
"All real numbers in $[0,2]$ can be represented as $\sqrt{2 \pm \sqrt{2 \pm \sqrt{2 \pm \dots}}}$",3375
Why does the Earth have a z-component at the start of the J2000 epoch?,3376
What or Who is Tycho Brahe?,3377
What or Who is Glossary of landforms?,3378
What or Who is Seafloor spreading?,3379
Relationship between poisson and exponential distribution,3380
"How can scavenger animals (that feast on often diseased, rotten flesh) stomach such meals?",3381
What happened to electrolytic capacitors in the 21st century?,3382
How do I find identical sequences in a FASTA file?,3383
"Israel has now given approximately 42% of its population one or more doses of Covid-19 vaccine. Has the vaccination program had a noticeable impact on covid-19 cases, hospitalizations and deaths so far in Israel?",3384
What is this suspicious stain under a VFD's glass?,3385
"If the main goal of our brain is survival, why does it let get depressed and in some cases commit suicide?",3386
What or Who is Electromagnetic induction?,3387
What would happen if an ice cube is left in space?,3388
What or Who is Near-death experience?,3389
What or Who is Ball lightning?,3390
What are the advantages of forgetting?,3391
What skills are required to perform large scale statistical analyses?,3392
How do we take pictures of our galaxy if we are in our galaxy?,3393
Do men have hormonal rhythms in the way women do around periods without the coinciding biological event?,3394
What stoppped the spanish flu?,3395
"Are there any animal species whose gender ratio isn't close to balanced? If so, why?",3396
What is this yellowish insect?,3397
What or Who is Periodical cicadas?,3398
Why is the asteroid belt shaped like a triangle?,3399
Solutions of Group 1 and Group 2 metals in Ammonia,3400
How do we know the megalodon is extinct if we explored less than 5% of the ocean?,3401
"Which is brighter, Mars as seen from Earth, or Earth as seen from Mars?",3402
What or Who is Soyuz (rocket family)?,3403
How to convert FASTA to BED,3404
What or Who is Aether (classical element)?,3405
What's a template switching site?,3406
Too old to start math,3407
Will we ever run out of music? Is there a finite number of notes and ways to put the notes together such that eventually it will be hard or impossible to create a unique sound?,3408
When was the martian dichotomy first observed?,3409
Why do we have two kidneys but one liver?,3410
"Why do Home dishwashers need to take 3 hours? I know it’s for energy star requirements, but commercial machines get the job done in 90 seconds. Why the massive difference? Wouldn’t even a more powerful motor take less electricity for such a big time difference?",3411
Poles and Zeros in English,3412
What or Who is PiHKAL?,3413
Why would someone use a CRAM instead of a BAM?,3414
"If an astronaut travel in a spaceship near the speed of light for one year. Because of the speed, the time inside the ship has only been one hour. How much cosmic radiation has the astronaut and the ship been bombarded? Is it one year or one hour?",3415
Doesn't gravity attract objects in space until they collide?,3416
Does any molecule other than DNA have a double-helical structure?,3417
"In terms of a percentage, how much oil is left in the ground compared to how much there was when we first started using it as a fuel?",3418
Does any known substance ignite on cooling?,3419
Is a matrix multiplied with its transpose something special?,3420
What percentage of 74-year-olds survive a COVID-19 diagnosis?,3421
Are antibodies resulting from an infection different from antibodies resulting from a vaccine?,3422
Duracell PowerCheck - How Does It Work?,3423
"What actually happens when we unintentionally start to drift off to sleep but our body suddenly ""shocks"" us awake?",3424
What is the difference between Cross-entropy and KL divergence?,3425
How does a baby deer stand the day it's born?,3426
Why do we need red blood cells?,3427
Why do pictures of a computer screen look much different than real life?,3428
What's the difference between minutes and arcminutes?,3429
Why is $\cos (90)=-0.4$ in WebGL?,3430
How does the human ear discern between a quiet noise and a distant noise?,3431
What has changed in the last 40 years so that it now takes two incomes to maintain a household?,3432
"Why do you lose consciousness in a rapid depressurization of a plane in seconds, if you can hold your breath for longer?",3433
"How do scientists make sure that the light they are getting is from that particular heavenly body and not a nearby star, like the Sun?",3434
Can a Mars Colony be built so deep underground that it's pressure and temp is equal to Earth?,3435
Why don't we use wireless electricity today?,3436
Has the mass use of hand sanitizer during the COVID-19 pandemic increased the risk of superbugs?,3437
Why does running ice cold water on my hands not feel as bad as running it on any other part of my body?,3438
"How fasting or changing the amount of food that you eat, tampers with your metabolism?",3439
"Why are your hands slippery when dry, get ""grippy"" when they get a little bit wet, then slippery again if very wet?",3440
Do dams reduce the flow of river downstream?,3441
Is fracking likely to produce earthquakes?,3442
Is it meaningful to calculate Pearson or Spearman correlation between two Boolean vectors?,3443
How to get more than 100mA from a USB port,3444
What processes produced the basalt columns of the Giant's Causeway?,3445
What or Who is Erdős number?,3446
What is the failure mode of a solar panel?,3447
What is the best way to identify outliers in multivariate data?,3448
Is $\frac{\textrm{d}y}{\textrm{d}x}$ not a ratio?,3449
"Why do windmills typically have 4 blades, yet all modern wind turbines have 3?",3450
Why can't differentiability be generalized as nicely as continuity?,3451
What or Who is Computer science?,3452
"If Teflon is the ultimate non-stick material, why is it not used for toilet bowls, oven shelves, and other things we regularly have to clean?",3453
What or Who is Breathalyzer?,3454
How can I create my own GO association file (gaf)?,3455
What or Who is Features new to Windows 11?,3456
What makes a food 'filling'? Is it just calories?,3457
Find the average of $\sin^{100} (x)$ in 5 minutes?,3458
What is this spider with blue striped head?,3459
Did I see Pluto with my naked eye?,3460
What or Who is Time in physics?,3461
What or Who is UTC offset?,3462
Is there any consensus of what caused the Lusi Mud Volcano eruptions in Indonesia?,3463
What or Who is Bacteria?,3464
What or Who is Ultraviolet catastrophe?,3465
Why don't the electrons move through the electrolyte (instead of the circuit) in a galvanic cell?,3466
When did pee and poo got separated?,3467
"What is ""forward"" and ""reverse"" voltage when working with diodes?",3468
why is white rice cheaper than brown rice if it's the processed form of latter?,3469
How do we know that black holes are spinning?,3470
"If the sea level rises, does the altitude of everything decreases ?",3471
"Why hasn't the ""9th Planet"" been detected already?",3472
What or Who is Survey methodology?,3473
Why is it wrong to use the concept of hybridization for transition metal complexes?,3474
What or Who is E-meter?,3475
How much Uranium is there in the Earth's Crust?,3476
"Why is turkey a more common cold cut for sandwiches than chicken, when chicken is a more popular meat?",3477
How Precisely Are Satellites put into orbit? Is it to the meter?,3478
In what situation should I keep the brown-out detection feature OFF on a microcontroller?,3479
How can a storm drop 40 inches (1 metre) of rain?,3480
You know those glass windows that can blur at the press of a button? How do those work?,3481
What or Who is Laika?,3482
What's the simplest Linux capable board I could make at home?,3483
What or Who is Charles Darwin?,3484
Running Snakemake in one single conda env,3485
What or Who is Philosophy of space and time?,3486
What is impedance?,3487
GRCh38 vcf file with common cancer mutations,3488
What or Who is Universal Time?,3489
Does the Sun belong to a constellation?,3490
"If there is no cellphone signal, how does the ""emergency calls only"" mode works?",3491
Smallest AES implementation for microcontrollers?,3492
why was aluminum used in antiperspirant for so long and why are we moving away from it?,3493
Does a cat purr manually or automatically? Is it aware of it's own purring? Does purring have an effect on the cat?,3494
Do any non-human animals deliberately combine foods for eating simultaneously? Do any prepare meals with more than one ingredient?,3495
Are there dextral/sinistral higher animals?,3496
What or Who is Blink: The Power of Thinking Without Thinking?,3497
"The all-green picture with ""red"" strawberries picture. Do I see red because I know ripe strawberries are red?",3498
Is this photocomposition of Andromeda's galaxy and the Moon accurate?,3499
"If dark matter bends light, how do we know the stuff in the sky is where we think it is?",3500
What or Who is 3Blue1Brown?,3501
Why do they say not to put a car battery on a concrete floor?,3502
Is Sun a part of a binary system?,3503
What is the difference and relationship between the binomial and Bernoulli distributions?,3504
Why is ANOVA taught / used as if it is a different research methodology compared to linear regression?,3505
Partial derivative in gradient descent for two variables,3506
Why are flies not scared when landing on a monitor with changing graphics?,3507
why is hot food supposed to be cooled before it goes into the fridge? What makes that an issue?,3508
What or Who is Logic?,3509
Successful Earthquake predictions,3510
What causes that 'gut feeling' that something is wrong?,3511
Why do some pins have `~` signs next to their numbers?,3512
What or Who is Isaac Newton?,3513
What or Who is Mr. Freeze?,3514
"Why is it not possible to simply add protons, electrons, and neutrons together to make whatever element we want?",3515
"Serbia, Kosovo power grid row delays European clocks. Why?",3516
The oxygen level rise to 30% in the carboniferous period and is now 21%. What happened to the extra oxygen?,3517
Why shouldn't Uranium come in contact with water?,3518
What is the role of ammonium chloride in the workup of a Grignard reaction?,3519
How do seeds know which way is up?,3520
What was the first rock in the rock cycle?,3521
How does our body know when we need to drink water?,3522
"Why does the back usually hurt after standing up for a certain amount of time, but not after walking the same amount?",3523
"How statistically significant was the ""sweaty T-shirt"" experiment?",3524
How far can one get in analysis without leaving $\mathbb{Q}$?,3525
What or Who is Arrow of time?,3526
What exactly fries the chip when you invert power supply?,3527
What or Who is Remote terminal unit?,3528
"Why does micro USB 2.0 have 5 pins, when the A-type only has 4?",3529
Is it possible for one specific atom in a molecule to have a non-integer oxidation state?,3530
Are there known ore deposits under cities?,3531
How do the brain and nerves create electrical pulses?,3532
What or Who is History of medicine?,3533
What or Who is Mediumship?,3534
"What or Who is Thinking, Fast and Slow?",3535
How do the Chinese send signals back to earth from the dark side of the moon if it is tidally locked?,3536
"Men and Women have different warning signs for a heart attack, why is that?",3537
What or Who is Brad Hazzard?,3538
"What is the purpose of utilizing screws with a Phillips' head, flathead, Allen, hex, and so on rather than simply having one widespread screw compose?",3539
Why isn't ethane used for cooking?,3540
"IF sound could travel through space, how loud would The Sun be?",3541
What or Who is CS50?,3542
Why is the Krebs cycle considered a part of aerobic metabolism if molecular oxygen is not involved in any of the reactions in the cycle,3543
What or Who is Dark energy?,3544
Construction of a Borel set with positive but not full measure in each interval,3545
"Difference between LED, AMOLED, LCD, and Retina Display?",3546
Does Contwoyto Lake empty into both Bathurst Inlet and Chantrey Inlet?,3547
Is the stomach basically a constant ‘vat of acid’ that the food we eat just plops into and starts breaking down or do the stomach walls simply secrete the acids rapidly when needed?,3548
What is the IUPAC nomenclature of alkane with large numbers of C atoms (more than 200)?,3549
What or Who is Gough Island?,3550
Modular exponentiation by hand ($a^b\bmod c$),3551
What or Who is Paradigm shift?,3552
"Does a Grignard reagent react with enones to give the 1,2- or 1,4- product?",3553
Why are bruises not lethal?,3554
Did global warming cause the extreme cold 2013-14 winter in North America?,3555
"If you farted hard enough in space, could you move yourself around?",3556
Can a person really die quickly from biting their tongue?,3557
What or Who is Copernican heliocentrism?,3558
Is Earth an organism?,3559
What or Who is Angle of view (photography)?,3560
How scared should we be about convergence warnings in lme4,3561
Why are whole tunas bought for so much when canned tuna is one of the cheapest foods you can get?,3562
"Is there any evidence that pricing a product at, say, 9.99, results in a higher volume of sales than pricing the same product at 10.00?",3563
"Supposing I have an unfair coin (not 50/50), but don't know the probability of it landing on heads or tails, is there a standard formula/method for how many flips I should make before assuming that the distribution is about right?",3564
Cheapest FPGAs?,3565
"Why is it that when it is really cold outside, you can see steam coming from a vehicle's exhaust for several minutes, but then it becomes much less visible after the vehicle ""warms up""?",3566
"What happened with Zika, is it gone now?",3567
"You can’t dig a tunnel trough earth, but can you dig a tunnel trough mars?",3568
Why is the area under a curve the integral?,3569
What or Who is Time?,3570
Did the plague doctor masks actually work?,3571
Why would India have so much thorium on its beaches?,3572
Is there still a hole in the ozone layer?,3573
Why do we grow so much hair on our heads compared to our bodies?,3574
Are metallic/ionic bonds weaker than covalent bonds?,3575
Where did all the sand in the Sahara Desert come from?,3576
How does a neutron star collapse into a black hole?,3577
"Why do materials like glass, metal, or ceramic make a *clink* noise when you tap them but materials like wood or concrete make more of a *thud* noise?",3578
Why do ships have the bottom half of their hull painted red?,3579
Am I insane to question that only with a closed path can electrons move?,3580
"How to split the dataset for cross validation, learning curve, and final evaluation?",3581
What or Who is Geocaching?,3582
What are the applications of hydrostatic solvers vs non-hydrostatic solvers in numerical weather prediction?,3583
"How could Germany, in a span of 80 years (1918-2000s), lose a World War, get back in shape enough to start another one (in 20 years only), lose it again and then become one of the wealthiest country?",3584
Is $R^2$ useful or dangerous?,3585
Why is charging an electric car cheaper than filling a gasoline engine when electricity is mostly generated by burning fossil fuels?,3586
"Why most aligners do not output the ""X"" CIGAR operation?",3587
"Why is digital serial transmission used everywhere? i.e. SATA, PCIe, USB",3588
How can I systematically detect unknown barcode/adapter sequences within a set of samples?,3589
"Do we have evidence that Omicron is ""more mild"" than Delta coronavirus?",3590
Is it possible to mount a telescope on a plane? Is it beneficial?,3591
Parking a telescope at a Lagrange point: is this a good idea from a debris point of view?,3592
"Why does hot plugging blow stuff up, and how to prevent it?",3593
Is it possible for a function to be in $L^p$ for only one $p$?,3594
What or Who is Orrery?,3595
What or Who is Electronic voice phenomenon?,3596
How is it that sperm and eggs can be frozen for years to be used later but we can't freeze a living person without killing them?,3597
What or Who is Döbereiner's triads?,3598
Detecting light with an LED,3599
What or Who is Tapetum lucidum?,3600
Can the previous weather be computed from the current situation?,3601
Why is colored seismic inversion called 'colored'?,3602
"s it true that if you simultaneously shoot a bullet from a gun, and you take another bullet and drop it from the same height as the gun, that both bullets will hit the ground at the exact same time?",3603
What or Who is James Webb Space Telescope?,3604
What or Who is Electric charge?,3605
"What are these ""dogbone"" traces for on (1970s era) PCB?",3606
"If coal turns to diamonds through pressure, could we dump a bunch of coal on the ocean floor to turn them into diamonds faster?",3607
What is the importance of eigenvalues/eigenvectors?,3608
"So, what exactly is an 'ultra-cool' dwarf star?",3609
Did NASA nuke Saturn?,3610
"Who feels the umbilical cord being cut? Mother, child or both?",3611
What or Who is FOIL method?,3612
Height and natural selection in humans?,3613
There are apparently $3072$ ways to draw this flower. But why?,3614
Why do so many people now have trouble eating bread even though people have been eating it for thousands of years?,3615
How to trim adapter sequences from GSE65360 in order to map the reads?,3616
What is the smell of 'burning' metal?,3617
What or Who is Sampling (statistics)?,3618
What or Who is Directional derivative?,3619
What or Who is Force?,3620
How will rising carbon dioxide levels in the troposphere affect photosynthetic producers?,3621
"If there is indeed microbial life on Venus producing phosphine gas, is it possible the microbes came from Earth and were introduced at some point during the last 80 years of sending probes?",3622
Are albino animals ever shunned for looking different from the rest of their group?,3623
How small a quantity should be added to x to avoid taking the log of zero?,3624
How loud would the Sun be?,3625
What or Who is R-7 Semyorka?,3626
"What causes intra-plate faults, such as the New Madrid fault?",3627
What or Who is Human nutrition?,3628
HI/P reduction mechanism,3629
How to calculate the memory usage of storing kmers in RAM,3630
Why does rubbing your head when you hit it make it feel better?,3631
Why does dust build up on fan blades?,3632
Is there a function that grows faster than exponentially but slower than a factorial?,3633
What or Who is STRIDE (security)?,3634
Why does the Earth have a tilt of ~23°?,3635
Does causation imply correlation?,3636
How long will a vegetable live for after being harvested?,3637
Why should I use a logarithmic pot for audio applications?,3638
What or Who is Firefly Aerospace?,3639
What or Who is Telekinesis?,3640
Why was it so groundbreaking that ancient civilizations discovered/utilized the number 0?,3641
What or Who is Azimuth?,3642
Does IUPAC nomenclature have the ability to name all organic compounds?,3643
What or Who is Pale Blue Dot?,3644
What or Who is Electron affinity?,3645
What or Who is Fleming's left-hand rule for motors?,3646
What is the ICGC normalized_read_count?,3647
Why do men have nipples?,3648
checks for spike-in sequence controls,3649
What or Who is Abyssal zone?,3650
Why do we use CO2 for sparkling drinks rather than any other gas?,3651
Why do salts such as NaCl dissolve?,3652
What is the smallest amount of matter needed to create a black hole ? Could a poppy seed become a black hole if crushed to small enough space ?,3653
Verify a predicted protein in one genome in a different genome of the same species,3654
What or Who is Introduction to Algorithms?,3655
Does the MAPQ=0 fraction of a BAM file depend on the insert sizes?,3656
Why clouds are not moving in NASA's video of the Moon passing in front of the Earth?,3657
What or Who is National Academy of Sciences?,3658
"Iron is the element most attracted to magnets, and it's also the first one that dying stars can't fuse to make energy. Are these properties related?",3659
What or Who is Performance indicator?,3660
"What is ""common-mode"" noise?",3661
What or Who is Menagerie?,3662
"Why is armpit sweat much more pungent than sweat from other areas of the body, such as back sweat?",3663
What was the breakthrough behind the “sudden” feasibility of mRNA vaccines in 2020?,3664
"If a chimp of average intelligence is about as intelligent as your average 3 year old, what's the barrier keeping a truly exceptional chimp from being as bright as an average adult?",3665
"What is the pKa of the hydronium, or oxonium, ion (H3O+)?",3666
How to get rid of mosquitoes in a small lake,3667
"If you drive down the road and you roll two back windows down about 30% of the way, it creates a sound that shakes your eardrums. What/how is that happening?",3668
Does the human body actually have receptors specifically for THC or is that just a stoner myth?,3669
"What would happen to me, and everything around me, if a black hole the size of a coin instantly appeared?",3670
Why is there such a strong preference for 45 degree angles in PCB routing?,3671
What or Who is Linguistic relativity?,3672
"If I am made from star dust, how many stars do I come from?",3673
What or Who is Business mathematics?,3674
"How much do we know about p-hacking ""in the wild""?",3675
Synthesis Golf I: Sodium Fluvastatin,3676
Why don't trigonal S and P compounds undergo inversion at room temperature?,3677
Why do ants live so long?,3678
What or Who is Galvanization?,3679
What or Who is Neil Armstrong?,3680
Why is 1-ethylidene-4-methylcyclohexane chiral?,3681
How to prove that eigenvectors from different eigenvalues are linearly independent,3682
"How do we have automated robots that do extreme precision engineering, but there are still no cooking robots in restaurants?",3683
Can climate models reliably predict meteorological extremes?,3684
How to identify zero order reactions?,3685
What or Who is Medical uses of silver?,3686
"Does the human stomach digest food as a batch process, or in a continuous feed to the rest of the digestive tract?",3687
"A new paper suggests the Corona Virus has ""Uncanny similarity of unique inserts in the 2019-nCoV spike protein to HIV-1"" - What does this mean?",3688
How often do stars pass within 1 light year of the Sun?,3689
Why is the troposphere 8km higher at the equator than the poles?,3690
What or Who is Drake equation?,3691
"Do you go unconscious and die instantly the second your heart stops? If so, what causes that to happen instead of taking a little while for your brain to actually ""turn off"" from the lack of oxygen?",3692
Has there even been a clinical study where healthy volunteers consented to be infected with a pathogen?,3693
If you jump into a volcano filled with flaming hot magma would you splash or splat?,3694
We’ve now discovered that spending a year in space can change your DNA - What does this change about what we thought we knew about DNA?,3695
Is it wise to use RepeatMasker on prokaryotes?,3696
Why V rms instead of V average?,3697
What or Who is Absorbance?,3698
what actually signals our bodies to cause diarrhea and how does the body decide when it has evacuated enough to stop diarrhea?,3699
How can Io be tidally heated while it is in tidal lock?,3700
Why is March colder than September in Northern Hemisphere?,3701
What or Who is Spectral density?,3702
How can I tell charge-only USB cables from USB data cables?,3703
What or Who is Uncertainty?,3704
Do any publicly available databases detail protein structure and functional domains?,3705
Is cyclobutadiene antiaromatic?,3706
What or Who is Polytropic process?,3707
why do some pictures online load top to bottom (line of pixels line by line) and other go from blurry to clear?,3708
Could an identical twin who recovered from an infection donate some of their T-cells to the other twin as a form of vaccine?,3709
"How to tell if data is ""clustered"" enough for clustering algorithms to produce meaningful results?",3710
Why was Mini USB deprecated in favor of Micro USB?,3711
What or Who is ResearchGate?,3712
"What exactly stops our bodies from defecating and urinating as we sleep? What acts as an ""alarm"" that jolts us awake when we do need to do these things?",3713
Is the Earth's hot inner core necessary for life?,3714
Best One-Off DIY PCB Creation Technique,3715
How much better are we at treating Covid now compared to 5 months ago?,3716
Why are orbits elliptical instead of circular?,3717
"If Earth's mantle is liquid, does it have ""tides""?",3718
How fast does electricity flow?,3719
What kind of components are black blobs on a PCB?,3720
How is Uranus' north pole defined?,3721
What or Who is Cochrane (organisation)?,3722
Why is cannibalism detrimental to the body? What makes eating your own species's meat different than eating other species's?,3723
What or Who is Swell (ocean)?,3724
Norms Induced by Inner Products and the Parallelogram Law,3725
What or Who is Glossary of physics?,3726
What or Who is Radiation?,3727
"How to resolve in snakemake error : ""Target rules may not contain wildcards.""",3728
Why was New York City so dangerous in the 70s + 80s and how did it get that way?,3729
Why does the Inter tropical Convergence Zone shift?,3730
Is there a star over my head?,3731
What is the meaning of -999 degrees Celsius?,3732
What is the earliest event there is evidence of cultural memory for?,3733
What supports the Rockies?,3734
Why do ice cubes crack when liquid is poured over them?,3735
"How did Coral, which cannot tolerate a temperature change of 1 degree Celsius, manage to survive Earths changing climatic history?",3736
Why do European trucks have their engine below the driver compared to US trucks which have the engine in front of the driver?,3737
What or Who is Waist–hip ratio?,3738
Why do semi trucks in the United States have front wheels where the lug nuts protrude past the edge of the tire while each subsequent wheel has recessed lug nuts?,3739
What or Who is Geiger–Müller tube?,3740
Why do there seem to be so many meteors rich in iron and not gold or copper or some other metal?,3741
"in the Nintendo 64 game console, why does ""tilting"" the cartridge cause so many weird things to happen in-game?",3742
"Unified view on shrinkage: what is the relation (if any) between Stein's paradox, ridge regression, and random effects in mixed models?",3743
Choice of K in K-fold cross-validation,3744
Can I use the analog pins on the Arduino for my project as digital?,3745
How is it possible that my car keys unlock only my car and not all the others? Is it theoretically possible that my key could unlock a second car somewhere on the world (given I'm close by)?,3746
What is the methodology to analyze future climatic extremes using the results of climate models?,3747
"What is meant by a ""random variable""?",3748
"How, on a physical level, does ATP confer energy?",3749
What does edge triggered and level triggered mean?,3750
How to count reads in bam per bed interval with bedtools,3751
Why can't two series-connected diodes act as a BJT?,3752
What or Who is Oscilloscope?,3753
Why are alpine river water green - blue?,3754
What is the purpose of a buffer gate?,3755
What or Who is Qubit?,3756
"Theoretically, if the whole world isolates itself for a month, could the flu, it's various strains, and future mutated strains be a thing of the past? Like, can we kill two birds with one stone?",3757
What or Who is Habitat destruction?,3758
What or Who is Arthur C. Clarke?,3759
What or Who is Photogrammetry?,3760
Is there an integral that proves $\pi > 333/106$?,3761
Is there an intuitive interpretation of $A^TA$ for a data matrix $A$?,3762
Can open-source software be peer-reviewed and published?,3763
"Why do we have to ""fall"" asleep? Why can't we just decide to be asleep?",3764
How many lines of code does new PC games take?,3765
What or Who is Allan Hills 84001?,3766
What or Who is Pupillary distance?,3767
"According to the last episode of Chernobyl, there is still a man buried inside reactor 4. Would his body have decomposed normally or would the excessive radiation not allow for any substantial bacterial activity?",3768
Is the product of two Gaussian random variables also a Gaussian?,3769
Why do people seem to age so incredibly fast after a traumatic experience?,3770
Are there any animals that celebrate communally?,3771
Why is your mouth much more sensitive to cold water after brushing your teeth or chewing mint gum?,3772
How did television studios make words like show titles appear on screen before computers?,3773
What or Who is Swiss Policy Research?,3774
What causes the beautiful Auroras on the north and south magnetic poles?,3775
How to understand degrees of freedom?,3776
Is there a more elegant solution to the bwa-mem: paired reads have different names error?,3777
What or Who is Heuristic?,3778
What or Who is Missile guidance?,3779
Why is $1^{\infty}$ considered to be an indeterminate form,3780
I know there is a correlation between elevation/altitude and suicide. I moved to a place at 8000 ft 7 years ago. I now have 6 people I know that have killed themselves. I had zero before moving here (in my 40's). Why?,3781
How long would it take after a vaccine for COVID-19 is approved for use would it take to make 250 Million doses and give it to Americans?,3782
What or Who is Ammonia production?,3783
What is 'protein' in food?,3784
MOSFET: Why the drain and source are different?,3785
Are mathematical articles on Wikipedia reliable?,3786
"How did prostitution work before birth control? Would people ""pull out?"" Was there a type of abortion?",3787
CO2 emissions per calorie (food),3788
Are stronger bonds always shorter?,3789
What or Who is Ampere-hour?,3790
"If you did a ton of sprints, going farther and building endurance, could you eventually full sprint a mile? Is there a limit we can push ourselves?",3791
What or Who is Stochastic?,3792
What or Who is Sound level meter?,3793
What or Who is Frankenweenie (2012 film)?,3794
Why does chlorine have a higher electron affinity than fluorine?,3795
Why are the majority of cars able to drive nearly double the maximum speed limit of most countries?,3796
What or Who is Food irradiation?,3797
What or Who is Imperial Trans-Antarctic Expedition?,3798
Is there a name for the great circle where latitude and longitude are equal?,3799
What or Who is Johannes Kepler?,3800
Why does the sensitivity to GWs drops off inversely proportional to the distance?,3801
What or Who is Jurisprudence?,3802
How do you call it when two celestial bodies come as close to each other as they will in their current orbits?,3803
"What exactly is happening when sodium, potassium, or other alkali metal explodes in water?",3804
What or Who is Google Glass?,3805
"Where did some of the more common anime tropes, such as naming attacks or having blood shoot out of a person's nose to show arousal, originate and how did they develop over time?",3806
Assumptions regarding bootstrap estimates of uncertainty,3807
Is $0$ a natural number?,3808
Why is there such an emphasis on not consuming plastics and other harmful products rather than on their manufacture?,3809
What or Who is Hilbert's problems?,3810
Which products should have FCC certification and about how much does that cost?,3811
"If the universe is an hypertorus, is it possible that we receive the light from a star twice ?",3812
How to maximize fastq parsing with FastqGeneralIterator (Bio.SeqIO.QualityIO),3813
Water is clear. Why is snow white?,3814
How big would the asteroid belt planet be?,3815
Is it actually possible to dispose of a body with hydrofluoric acid?,3816
"What exactly are keys, queries, and values in attention mechanisms?",3817
What or Who is Autotroph?,3818
Is it true that heavy water is not blue?,3819
Are there secondary causes of sea level change?,3820
What or Who is Anthropologist?,3821
"Identification of a quadrilateral as a trapezoid, rectangle, or square",3822
Why doesn't the water of the mediterranean sea mix with the atlantic ocean?,3823
What or Who is Predatory publishing?,3824
What or Who is Operation Plumbbob?,3825
What or Who is Spectrophotometry?,3826
What or Who is Anechoic chamber?,3827
"What if residuals are normally distributed, but y is not?",3828
So how does the the human brain ignore the second the?,3829
"Why do Large Planes Require Horizontal and Vertical Separation to Avoid Vortices, But Military Planes Fly Closely Together With No Issue?",3830
What or Who is Cold fusion?,3831
What or Who is Extreme poverty?,3832
What have been the implications/significance of finding the Higgs Boson particle?,3833
What or Who is New 7 Wonders of Nature?,3834
What or Who is Poor Richard's Almanack?,3835
Can someone who has photosensitive seizures have a seizure by blinking really fast?,3836
Why didn't the Big Bang produce heavier elements?,3837
How do I compare measured ratios to calculated ratios in peptide mass spectrometry?,3838
Why are the C-C bonds in benzene closer in length to double bonds than single bonds?,3839
How do we measure the height of mountains on planets with no sea level?,3840
Are there any old/ancient star maps that we can compare to today’s and see drastic differences?,3841
What or Who is National Science Foundation?,3842
What or Who is Knowledge representation and reasoning?,3843
Is the color of the sky the same everywhere on earth?,3844
Where did the Sun get hydrogen to work with if it is in the 3rd generation of stars?,3845
"Similar to increasing wealth gap, are we experiencing an increasing educational gap? Are well-educated getting more educated and under-educated staying under-educated?",3846
What or Who is Irradiance?,3847
Why isn't the asteroid belt affected by Jupiter's gravitational field?,3848
What or Who is An Essay on the Principle of Population?,3849
What will succeed the Arecibo Observatory?,3850
What or Who is Olbers's paradox?,3851
What or Who is NumPy?,3852
"Why are the rare earths erbium (Er), terbium (Tb), yttrium (Y) and ytterbium (Yb) named like that?",3853
What or Who is David Deutsch?,3854
What or Who is We choose to go to the Moon?,3855
"Why do flames take a clearly defined form, rather than fire just being a glow of incandescent radiation?",3856
Noise and what does V/√Hz actually mean?,3857
What or Who is Informatics?,3858
Is climate change a vicious circle?,3859
What or Who is Naturopathy?,3860
How to select the most representative pathways from a gene enrichment analysis?,3861
What or Who is Hybrid (biology)?,3862
What or Who is Space exploration?,3863
Why is the skin on your face prone to blackheads and pimples so much more than the rest of your body?,3864
Principled way of collapsing categorical variables with many levels?,3865
Why aren't headphone jack shaped plugs used for data?,3866
What or Who is ElectroBOOM?,3867
What or Who is Project Mercury?,3868
What or Who is The Anatomy Lesson of Dr. Nicolaes Tulp?,3869
How do I sell out with abstract algebra?,3870
What or Who is Operation Fishbowl?,3871
Are decoupling capacitors needed with battery power?,3872
How to determine with certainty that a function has no elementary antiderivative?,3873
What or Who is Lucy (spacecraft)?,3874
What or Who is Exchange rate?,3875
Why on earth are o-scopes earth referenced?,3876
Why is standing stationary for a long time more painful for your legs than walking for a long time?,3877
"When I hold two fingers together and look through the narrow slit between fingers I am able to see multiple dark bands in the space of the slit. I read once long ago that this demonstrates the wavelength of light. Is there any truth to this? If not, what causes those dark bands?",3878
What or Who is Aerobic organism?,3879
"Why do dogs have such extreme diversity in size, shape, and attributes when compared to cats?",3880
how can restaurants leave ketchup and mustard out all day but the bottles you buy in the store say to refrigerate after opening?,3881
What or Who is Dark matter?,3882
What or Who is Electrolysis?,3883
What or Who is Control variable?,3884
How to convert GFF3 to GTF2,3885
What or Who is Apollo program?,3886
What or Who is Packet Tracer?,3887
Why is Earth's age given by dating meteorites rather than its own rocks?,3888
"Could I, as a speaker of early 21st century Modern English, be capable of communicating with a speaker of 14-15th century Middle English?",3889
Why Ti/Tv ratio?,3890
Simple Climate Models that Predict Climate Change,3891
What or Who is Anousheh Ansari?,3892
How can a drink contain 1.8 kcal energy while 0 g fat/carbs/protein?,3893
"Why is it that bears, birds and other animals can eat fish without getting the bone stuck in their throat, but when humans do it and the bone gets stuck, it becomes an emergency ?",3894
How is heavy water detrimental to the human body?,3895
How are current and voltage related to torque and speed of a brushless motor?,3896
What or Who is Benjamin Franklin?,3897
Why do most crustaceans / seafood turn from a grayish color to a red / orange color when heat is applied?,3898
What or Who is Weather Station Kurt?,3899
"On MMORPGs, how can a server laglessly handle thousands of players across the entire game world, but experiences problems when lots of players are in one place?",3900
Why wiggle nearby tracks on a PCB?,3901
Why doesn't frozen sugar solution taste sweet?,3902
What or Who is Time loop?,3903
How to convert fastq to fast5,3904
Are there any stars that orbit perpendicular to the Milky Way's galactic plane?,3905
Is there a way to retrieve several SAM fields faster than `samtools view | cut -f`?,3906
Why chose CNN for a variant caller,3907
"What are all the reference files produced by bwa index, and are these dependent upon whether the reference is zipped?",3908
Convergence of $\sum_{n=1}^{\infty} \frac{\sin(n!)}{n}$,3909
Can a radio transmitter somehow detect the number of receivers in its area?,3910
What is a pull up and pull down?,3911
How are solvents chosen in organic reactions?,3912
If silver is cheaper than gold and also conducts electricity better why do major companies prefer to use gold conductors in computing units?,3913
Why haven't robust (and resistant) statistics replaced classical techniques?,3914
Harmless virus?,3915
Functional difference of Benedict's solution and Fehling's solution,3916
Computer power supplies usually have higher efficiency on 230V than on 115V. Why?,3917
Why do the planets in our solar system orbit in the same plane?,3918
What's a good ontology for drug names?,3919
What or Who is History of mathematics?,3920
What or Who is Michael Stevens (educator)?,3921
What or Who is Planetary mnemonic?,3922
Why is there no middle ground between tornadoes and hurricanes?,3923
Using clothesline steel core wire rope for AC and DC,3924
"How do you respond to ""I was always bad at math""?",3925
"If climate change is a serious threat and sea levels are going to rise or are rising, why don’t we see real-estate prices drastically decreasing around coastal areas?",3926
Do I really need resistors when controlling LEDs with Arduino?,3927
why do people say they will treat bombs as a terrorist attack until proven otherwise? Isn't a bombing in nature an act of terrorism regardless of who did it?,3928
What or Who is Duck test?,3929
What or Who is Objections to evolution?,3930
How does htslib/samtools access optional BAM fields?,3931
How does Venus retain such a thick atmosphere despite having no magnetic field and being located so close to the sun?,3932
What or Who is Boeing X-37?,3933
Calculating optimal number of bins in a histogram,3934
"Does every man produce close to 50/50 X/Y sperm, or do some have a heavy bias?",3935
"Why do marriage vows use the line, ""Til death us do part"" if in Christianity there is an afterlife (heaven). Wouldn't you still be with your wife/husband in that afterlife so? Why do these vows not transcend this life?",3936
Are there any chemicals so deadly a mere drop on skin could kill?,3937
Why can completely paralyzed people often blink voluntarily?,3938
What or Who is Innovation?,3939
Specific mechanism behind lethality of yellow coat color in mice,3940
What is the probability of a photon from one of these galaxies hitting the James Webb detector?,3941
What or Who is Lucretius?,3942
How long do planetary rings last?,3943
How to prove Euler's formula: $e^{i\varphi}=\cos(\varphi) +i\sin(\varphi)$?,3944
What or Who is David Bohm?,3945
What properties of carbon dioxide make it a greenhouse gas?,3946
What or Who is Kurzgesagt?,3947
What or Who is Progress?,3948
What is ground and what does it do?,3949
Infer missing UTR features in GFF3 file,3950
Why does smartphone GPS find its position much faster than a GPS module?,3951
Is there an advantage to antibacterial soap?,3952
What did the manufacturer mean by asking if an angle should be made for the fingers?,3953
What or Who is Summit?,3954
"If it takes less energy to boil water at higher altitudes, are there any variable that change the freezing point of water?",3955
What or Who is Cavitation?,3956
"If iron loses its magnetism at around 1400°F, how is the earths core magnetic?",3957
Can you be immune to a coronavirus?,3958
Does washing off fruits and vegetables before eating them actually remove much of the residual preservatives and/or pesticides?,3959
What or Who is Polybius (urban legend)?,3960
"For whales and dolphins can water ""Go down the wrong pipe"" and make them choke like with humans?",3961
Does the Earth have another moon?,3962
What or Who is Boiling-point elevation?,3963
Does a burnt piece of toast have the same number of calories as a regular piece of toast?,3964
What or Who is Desiccation?,3965
What or Who is GISAID?,3966
Do cows produce milk excessively?,3967
How can odor travel be tracked,3968
Why do climate scientists predict a change of just 1.5 or 2° Celsius means disaster for the world? How can such a small temperature shift make such a big impact?,3969
Why are DCM and chloroform so resistant towards nucleophilic substitution?,3970
VCF merge containing CNV,3971
"If telomers get shorter with every split of a cell, doesn't this mean we can pretty accurately calculate when someone will die of old age?",3972
Do apes and humans share 99% of DNA or 99% of genes? What is the difference?,3973
What or Who is Technician?,3974
"I've been told that lobsters can't die of old age, and that they keep growing their whole life. If that's the case, then how come it be, that we've never seen any super massive lobsters?",3975
From my kid: Can you put a marshmallow on a stick out into space and roast it with the sun?,3976
What or Who is Trial and error?,3977
Structure that breaks InChI,3978
"Why is it that Mandarin and Cantonese are considered dialects of Chinese but Spanish, Portuguese, Italian, and French are considered separate languages and not dialects of Latin?",3979
Are cancers always fatal when left untreated?,3980
"What is the best way to remember the difference between sensitivity, specificity, precision, accuracy, and recall?",3981
What or Who is Education Index?,3982
What or Who is Participatory rural appraisal?,3983
Why do we get runny noses in the cold?,3984
"Which planet, viewed from which other planet would appear the largest?",3985
"Publicly available, free, complete database for antibiotics names and classes?",3986
How bright would the sun appear from the hypothetical Planet Nine proposed by Caltech?,3987
Is the blue area greater than the red area?,3988
What or Who is Tunguska event?,3989
What or Who is Mathematician?,3990
"Given that radiowaves reduce amplitude according to the inverse square law, how do we maintain contact with distant spacecraft like Voyager 1 & 2?",3991
How to show that a set of discontinuous points of an increasing function is at most countable,3992
Is the Sun visible from Proxima Centauri to human eyes?,3993
FPGA's vs Microcontrollers,3994
Why couldn't we breathe in a pure oxygen environment?,3995
What or Who is Classical element?,3996
What or Who is Globally Harmonized System of Classification and Labelling of Chemicals?,3997
"hat makes a 64bit OS better than a 32bit, and how does it relate to a bit?",3998
What exactly happens when a WiFi router stops working and needs to be restarted to give you internet connection again?,3999
When can a molecule be considered freely rotating at room temperature?,4000
What or Who is Data dredging?,4001
"Why do tires on cars when doing a burnout give white smoke, but a pile of tires burns black?",4002
What standard UART rates are there?,4003
What are the advantages of ReLU over sigmoid function in deep neural networks?,4004
How after 5000 years of humanity surviving off of bread do we have so many people within the last decade who are entirely allergic to gluten?,4005
What or Who is Availability heuristic?,4006
How far away are the events that caused the gravitational waves that have been detected?,4007
Why are the Pillars of Creation pillar-shaped?,4008
Why is the energy transition start not reflected in the CO2 concentration graphs?,4009
What or Who is Taxonomy?,4010
What or Who is Archipelago?,4011
Why do we tend to listen to a new song that we like over and over again and then we can’t stand hearing it anymore?,4012
"If we could travel at 99.9% the speed of light, it would take 4 years to get to Alpha Centauri. Would the people on the spaceship feel like they were stuck on board for 4 years or would it feel shorter for them?",4013
"why do some things (e.g. Laptops) need massive power bricks, while other high power appliances (kettles, hairdryers) don't?",4014
"What is the purpose of tiny ""bumps"" on LED legs?",4015
What or Who is Is–ought problem?,4016
Extract sequence context of high-degree nodes in assembly graphs,4017
What or Who is Horoscope?,4018
"Regarding COVID-19 testing, if the virus is transmissible by breathing or coughing, why can’t the tests be performed by coughing into a bag or something instead of the “brain-tickling” swab?",4019
"Does the force of ejaculation influence the probability of impregnation, or is this only determined by the swimming speed of individual sperm cells?",4020
To what extent do animals experience minor diseases like ‘the common cold’ or even other symptoms like fevers?,4021
Is a sample covariance matrix always symmetric and positive definite?,4022
Values of $\sum_{n=0}^\infty x^n$ and $\sum_{n=0}^N x^n$,4023
Why are password managers considered good security practice when they provide a single entry for an attacker to get all of your credentials?,4024
What is the theoretical maximum depth of the ocean?,4025
What or Who is Medical history?,4026
How is data actually transferred through cables? How are the 1s and 0s moved from one end to the other?,4027
"How hard is it to find the Sun's ""sisters?""",4028
What or Who is Dutch elm disease?,4029
Why L1 norm for sparse models,4030
What or Who is Scientific law?,4031
What or Who is Solstice?,4032
Element-wise (or pointwise) operations notation?,4033
What or Who is Reflexology?,4034
Why is the skin on bald men's heads shiny but skin everywhere else on the body is dull?,4035
Why does cyclopropane react with bromine?,4036
Why did scientists state that the Omicron COVID-19 variant was a reason to get a booster?,4037
How can I convert SCF trace files to ABI files?,4038
Can you make a non-polar electrolytic capacitor out of two regular electrolytic capacitors?,4039
How do small animals not get hurt by rain drops?,4040
What is Occam's Razor?,4041
What or Who is Radar?,4042
"When you don’t eat for a period of time, why do you sometimes feel nauseous to the point of not wanting to eat anymore?",4043
Why does Ohm's law not work for vacuum cleaners?,4044
What or Who is Pre-Columbian transoceanic contact theories?,4045
What or Who is Hipparchus?,4046
What or Who is History of education?,4047
Why does plastic turn white when you bend it?,4048
How to derive the ridge regression solution?,4049
What or Who is Brady Haran?,4050
"While filling electrons, we follow Aufbau principle, but not while removing them. Why is this so?",4051
If squaring a number means multiplying that number with itself then shouldn't taking square root of a number mean to divide a number by itself?,4052
What or Who is Anatomical terminology?,4053
"Is there an altitude on Venus where both temperature and air pressure are habitable for humans, and you could stand in open air with just an oxygen mask?",4054
What correlation makes a matrix singular and what are implications of singularity or near-singularity?,4055
A generalization of the Law of Iterated Expectations,4056
Where to cut a dendrogram?,4057
What is the difference between a multiclass and a multilabel problem?,4058
Amazon interview question—probability of 2nd interview,4059
Which quality score encoding does PacBio use?,4060
What or Who is James Lovelock?,4061
What or Who is Artificial general intelligence?,4062
What or Who is Canceled Apollo missions?,4063
Will gaseous ionic compounds be free moving ions?,4064
"Why use gradient descent for linear regression, when a closed-form math solution is available?",4065
Do mosquitoes have a preference on blood type? Do some people have more “attractive” blood?,4066
Splitting of multiplets in ¹H NMR spectra?,4067
What or Who is RS-25?,4068
What or Who is Cicada 3301?,4069
What or Who is Pioneer 10?,4070
What or Who is Urban sprawl?,4071
"How to define a bijection between $(0,1)$ and $(0,1]$?",4072
What or Who is Medical Apartheid?,4073
How does a cell sense its size?,4074
What or Who is Geographic coordinate system?,4075
Why draw blood from veins rather than arteries?,4076
What or Who is ITER?,4077
Why do felsic materials have lower melting points than mafic?,4078
"How to distinguish P, S, Love, and Rayleigh waves in a seismogram?",4079
Removal of statistically significant intercept term increases $R^2$ in linear model,4080
Inverse of the sum of matrices,4081
How do scientists know that 1 Billion crab went missing ?,4082
How does rabies make it's victims 'afraid' of water?,4083
How does our body know we are taking a nap instead of falling asleep for 8 hours?,4084
"Why does the ""Ring of Fire"" pretty much define ""Pacific Rim""",4085
Is it possible that all dark matter is made of rogue planets (free-floating planet)?,4086
What or Who is Reiki?,4087
Why do things turn dark when wet?,4088
"What tools, equipment, and techniques do you use to solder fine-pitch SMT parts?",4089
What or Who is Autoignition temperature?,4090
"Are humans more adapted to ""light mode"" or ""dark mode""?",4091
Why didn't the H1N1 Pandemic affect the world as much as COVID-19 did and still is affecting it massively?,4092
How old is the Earth?,4093
Organizing electronic parts?,4094
What or Who is Information theory?,4095
A multiplication algorithm found in a book by Paul Erdős: how does it work?,4096
Help me identify this glassware!,4097
How many sun-like stars are there in the universe?,4098
What limits CPU speed?,4099
Regulation of chromatin structure,4100
What or Who is Serendipity?,4101
What or Who is Water hammer?,4102
Why do moles grow such long hairs?,4103
why is it necessary to wipe the skin with an alcohol wipe when receiving any type of injection or having blood drawn but it isn’t necessary for a shot in the mouth?,4104
"Why are human eye colours restricted to brown, blue, green, and in extremely rare cases, red, as opposed to other colours?",4105
Is there sand in Antarctica?,4106
What or Who is Marine ecosystem?,4107
From my 7 year old: Do the things in our bodies ever get tired? Like cells and antibodies? Do they have to rest?,4108
Do trees die of old age?,4109
One-hot vs dummy encoding in Scikit-learn,4110
What or Who is Space Launch System?,4111
Why has Venus's atmosphere not been stripped away by solar wind?,4112
Meaning of Rays in Polar Plot of Prime Numbers,4113
Can any animals photosynthesize?,4114
Why do we need an isolation transformer to connect an oscilloscope?,4115
What's the reason that we have a different number of days each month?,4116
What or Who is Process?,4117
What is the origin of the Montmartre mountain in Paris?,4118
How do dolphins sleep. If dolphins need air to breathe then how do they sleep underwater?,4119
Is it a coincidence that on the far side of the moon almost no seas are visible?,4120
"Do oceans get roughly homogeneous rainfall, or are parts of Earth's oceans basically deserts or rainforests?",4121
What or Who is Refraction?,4122
Why does the SARS-Cov2 coronavirus genome end in aaaaaaaaaaaaaaaaaaaaaaaaaaaaaaaaa (33 a's)?,4123
What or Who is Scientific theory?,4124
What or Who is 21 grams experiment?,4125
"Why are other standards for data transfer used at all (HDMI, USB, SATA, etc), when Ethernet cables have higher bandwidth, are cheap, and can be 100s of meters long?",4126
What or Who is Animal?,4127
Closest star system to Alpha Centauri?,4128
How does the eye-sight-measuring machine at the glasses shop actually give you the exact number of your eyesight?,4129
"Dogs can smell COVID infections in patients, with as much accuracy as a PCR test. What's stopping us from building a machine that 'smells' the patients and detects it as well, if not better, than a dog?",4130
Real-life examples of moving average processes,4131
"ow do fitness trackers know that you actually sleeping but not just laying there resting, being awake ?",4132
What or Who is Systematics?,4133
Does the craving of different foods at different times have to do with what nutrients your body is currently in need of (protein vs carbs for example)?,4134
How many people can one tree sufficiently make oxygen for?,4135
What or Who is Vishen Lakhiani?,4136
"Why is a tetanus shot required for a deep puncture wound, but not scratches that still draw blood?",4137
"Does a ""cubic"" matrix exist?",4138
"In regions that are ""100% powered by renewable energy"", what happens to the traditional power plants?",4139
What or Who is Castle Bravo?,4140
What or Who is Physical change?,4141
Bank/money transfers taking “business days” when everything is automatic and computerized?,4142
Does red light preserve your night vision?,4143
Why does windows takes way longer to detect that you entered a wrong password while logging into your user?,4144
"Considering our methods of exploration, how likely is it that there are unfound planets (not dwarf planets) in our solar system?",4145
What or Who is Bloodletting?,4146
Why is chemical accuracy defined as 1 kcal/mol?,4147
"If Mars at some point had oceans that were filled with life similar to our own, would there still be oil there despite the harsh Marian conditions and what we know about the planet?",4148
"What causes ""hydrocarbons"" to take the form of petroleum versus natural gas?",4149
How to hold SMD parts in place while soldering?,4150
Why are snowflakes flat?,4151
"How can a psychological factor like stress cause so many physical problems like heart diseases, high blood pressure, stomach pain and so on?",4152
What's the use of a decoupling capacitor near a reservoir capacitor?,4153
How can the organic mercury compound Thiomersal be not dangerously toxic?,4154
Why do some assemblers require an odd-length kmer for the construction of de Bruijn graphs?,4155
What's the difference between correlation and simple linear regression?,4156
What or Who is Calibration?,4157
What or Who is Analysis?,4158
Why don't electrons take the shorter path in coils?,4159
How is the pKa of extremely weak acids determined?,4160
What or Who is Decade?,4161
Why can white hairs get dark again?,4162
"If nothing sticks to Teflon, how does Teflon stick to frying pans?",4163
Is there a difference between rock and stone?,4164
"Why are some words, like ""mama and papa"", similar in many languages?",4165
STM32 Understanding GPIO Settings,4166
What or Who is Gilles Deleuze?,4167
What or Who is Baryon asymmetry?,4168
Maximum I2C Bus Length?,4169
"Does the string ""...CATCAT..."" appear in the DNA of Felis catus?",4170
What or Who is Vsauce?,4171
What is covariance in plain language?,4172
What or Who is Research?,4173
"Crypto is software, code. Isn't it hosted on a server somewhere on the world? Break the computer, break the crypto?",4174
What does $2^x$ really mean when $x$ is not an integer?,4175
What or Who is Conroy Virtus?,4176
Why have CPU clock speeds stopped going up?,4177
Transpose of inverse vs inverse of transpose,4178
Why can a meal that takes 30 minutes to cook in oven be cooked in 4 minutes in a microwave?,4179
"How can there be so much opiate prescription drug abuse when, in theory, the number of manufactured pills and the number of prescriptions are known? Isn't it obvious the pills are being abused?",4180
What is the most compact data structure for canonical k-mers with the fastest lookup time?,4181
How do surgeons avoid air bubbles in the bloodstreams after an organ transplant?,4182
What or Who is Wernher von Braun?,4183
Intuitive explanation of the source of energy that cause Jupiter and Saturn to migrate outward in the Grand Tack Hypothesis?,4184
"When you buy a piece of clothing from a name brand such as Nike, Calvin Klein, or even Dolce and Gabbana, are the actual materials and product quality better than something from Walmart, or are you only paying for the branding?",4185
How can I predict if a reaction will occur between any two (or more) substances?,4186
(How long) would Earth's atmosphere last without a global magnetic field?,4187
What or Who is Bite force quotient?,4188
"If extra wings seen on biplanes add more lift and maneuverability, why don’t we add them to modern planes or jets and have them built into the airframe like we do today?",4189
What is the longest-lasting protein in a human body?,4190
How do you calculate the probability density function of the maximum of a sample of IID uniform random variables?,4191
what are those little black dots that surround my windshield for?,4192
Why is distillation not a viable way to separate ammonia from water?,4193
What or Who is Bachelor of Software Engineering?,4194
What or Who is Space Shuttle orbiter?,4195
Merging regions according to their identifier,4196
What or Who is Leyden jar?,4197
"what is actually happening psychologically/physiologically when you have a ""gut feeling"" about something?",4198
Run kallisto iteratively across many samples,4199
What or Who is Mister Peabody?,4200
Dinosaurs were around for 150m years. Why didn’t they become more intelligent?,4201
What or Who is Osteopathy?,4202
What is the importance of the Collatz conjecture?,4203
Where is it possible to observe the Moon for 24 hours?,4204
Why is −78 °C a magic temperature for organic reactions?,4205
How do free mobile games make money when all the ads in the game are from other free mobile games?,4206
Am I using muscles to keep my eyelids open or to keep them closed or both?,4207
do tanks actually have explosives attached to the outside of their armour? Wouldnt this help in damaging the tanks rather than saving them?,4208
How come spent nuclear fuel is constantly being cooled for about 2 decades? Why can't we just use the spent fuel to boil water to spin turbines?,4209
Does working out for 10 minutes every day do anything or do you have to do a minimum amount of exercise to see any benefit?,4210
What or Who is The God Equation?,4211
Why does an antenna trace have this shape?,4212
What or Who is History of sport?,4213
What or Who is Unit of measurement?,4214
Why when we are horny we are willing to do something we wouldn't normally want to?,4215
Why does it take 24 hours for muscles to start hurting after a workout? Why not straight away?,4216
Does a dangling wire really electrocute me if I'm standing in water?,4217
"Why are games rendered with a GPU while Blender, Cinebench and other programs use the CPU to render high quality 3d imagery? Why do some start rendering in the center and go outwards (e.g. Cinebench, Blender) and others first make a crappy image and then refine it (vRay Benchmark)?",4218
What is this droplet of liquid that comes out of a mosquito?,4219
What is the most unusual proof you know that $\sqrt{2}$ is irrational?,4220
Find expected value using CDF,4221
Improve a reference genome with sequencing data,4222
Can Pluto be seen with the naked eye from Neptune when Pluto and Neptune are closest?,4223
Do bees socialize with bees from other hives?,4224
Extremely rare occurence of Heart cancer?,4225
Can somebody explain birthmarks to me?,4226
How are drill bits that make drill bits made? And the drill bits that make those drill bits?,4227
Why does your ear pop sometimes and sound becomes insanely clear and nice much better than normal but then doesn't stay around for long?,4228
Why three-phase power? Why not a higher number of phases?,4229
What or Who is Beyond Order?,4230
What or Who is 486958 Arrokoth?,4231
Why did mathematicians take Russell's paradox seriously?,4232
What or Who is Tachymeter (watch)?,4233
"Are clouds a gas, liquid, and/or solid?",4234
What or Who is Roger Penrose?,4235
Why does it feel colder inside in the winter even though the thermostat says the temperature is the same?,4236
Do we defecate our food in the order of which we ate it?,4237
Using pysam with cython: htslib/kstring.h not found,4238
Why doesn't sea level show seasonality?,4239
What measures should I take to protect the USB ports of my PC during development of a USB device?,4240
Why can't we kill ourselves by holding our breath?,4241
Where did TRAPPIST-1a go?,4242
What or Who is Standard drink?,4243
What or Who is Globe?,4244
What or Who is Isentropic process?,4245
How does NASA and other space agencies protect their spacecraft from being hacked and taken over by signals broadcast from hostile third parties?,4246
What is the difference between linear regression on y with x and x with y?,4247
Why do people often capitalize element names?,4248
How is cancer so deadly but a person feels fine one day then the next they are told they have 4 months to live?,4249
Model for predicting number of Youtube views of Gangnam Style,4250
Why do you not feel hungry after not eating for a long time?,4251
Can rats pass on memories of a maze to their offspring?,4252
"Why do we recognize that mirrors are ""silver"" when they appear to be the exact same color as what they are reflecting?",4253
What or Who is Water ionizer?,4254
What exactly is the difference between a derivative and a total derivative?,4255
Why does Congo have a near monopoly in Cobalt extraction? Is all the Cobalt in the world really only in Congo? Or is it something else? Congo produces 80% of the global cobalt supply. Why only Congo? Is the entirety of cobalt located ONLY in Congo?,4256
Does Bluetooth interfere with WiFi?,4257
What or Who is Acupuncture?,4258
Why does a Tesla car use an AC motor instead of a DC one?,4259
KL divergence between two univariate Gaussians,4260
What is the latency of an LED?,4261
Does sipping water vs 'chugging' water impact how the body processes water?,4262
Why is water a dipole?,4263
Why does the Geneva Convention forbid medics from carrying any more than the most basic of self-defense weapons?,4264
Is there a upper limit to the number of planets orbiting a star?,4265
An integral involving Airy functions $\int_0^\infty\frac{x^p}{\operatorname{Ai}^2 x + \operatorname{Bi}^2 x}\mathrm dx$,4266
What or Who is Index (economics)?,4267
Why do we believe that the super massive black holes at the centers of two merging galaxies would themselves merge?,4268
What or Who is Cavendish experiment?,4269
What or Who is Zipf's law?,4270
Why do you die if you cannot breathe?,4271
What is the correct way to map Hi-C data with bwa mem?,4272
Why can't we just make water by smooshing hydrogen and oxygen atoms together?,4273
Why rationalize the denominator?,4274
Why can't we observe the Oort cloud with a telescope?,4275
"What is the purpose of prison bail? If somebody should or shouldn’t be jailed, why make it contingent on an amount of money that they can buy themselves out with?",4276
Why do guillotines fall with the blade not perfectly level?,4277
"Can i control the direction my wifi travels in? For e.g is there an object i can surround my router to bounce the rays in a specific direction. If so , will it even have an effect on my wifi signal strength?",4278
"If I modify a PDB file with a specific mutation, how to minimize energy?",4279
What or Who is Marine biology?,4280
"If we observe a star X light years away, does that mean theres nothing inbetween here and there obstructing our view?",4281
What or Who is Copernican Revolution?,4282
Why is negative times negative = positive?,4283
"if heat from the sun is radiated onto Earth, doesn’t that mean multiple layers of air are being heated up? If so, why isn’t the top layer really hot and the lower ones cold?",4284
"Why do animal cells ""mistake"" rubidium ions for potassium ions?",4285
What or Who is Gas constant?,4286
Why would parametric statistics ever be preferred over nonparametric?,4287
A 1400 years old approximation to the sine function by Mahabhaskariya of Bhaskara I,4288
Difference between exothermic and exergonic,4289
How was the core temperature of the Sun estimated?,4290
What or Who is Scattering?,4291
What or Who is Great Moon Hoax?,4292
Why One Side of Mountain Range is Lush,4293
Are these standard species abbreviations and how to look up others?,4294
"Why does a coconut have exactly three ""holes""?",4295
How to get a list of genes corresponding to the list of SNPs (rs ids)?,4296
"What's the difference between CS (Computer Science), CIS (Computer Information Science, and IT (Information Technology?",4297
Why exactly can't a single resistor be used for many parallel LEDs?,4298
What or Who is Linearity?,4299
People say that the housing market has collapsed. What does that mean and how did it happen?,4300
What or Who is Psycho-Cybernetics?,4301
How can a cup of water not spill in an airplane when the plane tips its wings to make a broad turn?,4302
Why are things like RESET/MCLR active low on most ICs?,4303
What or Who is Empirical research?,4304
"How do we know that we are NOT in an ""Ice Age?""",4305
What or Who is Analysis of variance?,4306
Affordable night sky photography,4307
What or Who is USS Hornet (CV-12)?,4308
What makes smartphones tilt-sensitive? Will they retain this ability in zero-gravity conditions?,4309
Megalodon is often depicted as an enlarged Great a White Shark (both in holleywood and in scientific media). But is this at all accurate? What did It most likely look like?,4310
What's the difference between PBE and B3LYP methods?,4311
What or Who is Ancient Egyptian race controversy?,4312
Getting Students to Not Fear Confusion,4313
What or Who is Spherical cow?,4314
Can $x^{x^{x^x}}$ be a rational number?,4315
What or Who is Surveillance capitalism?,4316
What or Who is Attention?,4317
Evaluation of Gaussian integral $\int_{0}^{\infty} \mathrm{e}^{-x^2} dx$,4318
Why does L'Hopital's rule fail in calculating $\lim_{x \to \infty} \frac{x}{x+\sin(x)}$?,4319
"Energy-efficiency aside, what are the chemical constraints on CO₂ capture and methanation?",4320
Convert R RNA-seq data object to a Python object,4321
I developed seasonal allergies when I was 33. How does my body decide that things it has encountered for decades are now hostile?,4322
Is a current-limiting resistor required for LEDs if the forward voltage and supply voltage are equal?,4323
Why do symptoms of a cold sometimes go away overnight and sometimes take several days to fade away?,4324
"Why does lemon juice reduce the ""fish"" odor of sea food — specifically fish?",4325
"Do marine deep sea life forms exhibit circadian rhythms? If so, what entrains them?",4326
What or Who is The Men Who Built America?,4327
Are the bonding orbitals in methane equivalent - photoelectron spectrum,4328
Puzzling quotes from astronauts about earth size,4329
What or Who is Right-hand rule?,4330
Why can you turn clothing right-side-out?,4331
What or Who is Experiment?,4332
What or Who is Jerk (physics)?,4333
How many tumours/would-be-cancers does the average person suppress/kill in their lifetime?,4334
"If humans breathe in oxygen and exhale CO2, then why does mouth-to-mouth resuscitation work?",4335
What's so 'moment' about 'moments' of a probability distribution?,4336
What or Who is Contact process?,4337
Do single celled organisms experience inflammation?,4338
What happens to your voice if you don't speak for a very long time?,4339
Is climate chaotic?,4340
Is there any part in the body that cannot get cancer?,4341
"Why are some viruses like corona or the flu one and done, while others like herpes or HIV can last your entire life?",4342
Why do wheelbarrows use only 1 wheel? Wouldn’t it be more stable and tip over less if they used 2?,4343
What or Who is Vehicle Assembly Building?,4344
Why does a faster clock require more power?,4345
Do dogs understand pictures of their owners?,4346
What or Who is Cherry picking?,4347
What or Who is Leap second?,4348
How do psychologists distinguish between a patient who suffers from Body Dysmorphic Disorder and someone who is simply depressed from being unattractive?,4349
What or Who is Contact (novel)?,4350
How do singers know they are singing the correct tone if the sound of our voice we hear is different than what others hear?,4351
Which planet came first in our Solar system?,4352
Ortho-effect in substituted aromatic acids and bases,4353
Are mutations a source of genetic variation?,4354
Products of Reimer–Tiemann reaction of 4-methylphenol,4355
Evaluating $\lim\limits_{n\to\infty} e^{-n} \sum\limits_{k=0}^{n} \frac{n^k}{k!}$,4356
What or Who is Richard Helms?,4357
What is regularization in plain english?,4358
What is the reason for the exceptional stability of the cyclopropylmethyl carbocation?,4359
What or Who is Nuclear fusion?,4360
"What is the definition of a ""feature map"" (aka ""activation map"") in a convolutional neural network?",4361
Why is the Moon receding from the Earth due to tides? Is this typical for other moons?,4362
What or Who is Extended reality?,4363
What or Who is Large Hadron Collider?,4364
Why bother with the dual problem when fitting SVM?,4365
Motivation for the rigour of real analysis,4366
What or Who is Psychic reading?,4367
What or Who is Full body scanner?,4368
What or Who is Outline of space science?,4369
What is the difference between added sugars and natural sugars in processed foods?,4370
What is the difference between zero-inflated and hurdle models?,4371
What or Who is Solubility?,4372
What or Who is Traditional Chinese medicine?,4373
Finding the location and unit length of repetitive sequences within a long read,4374
What or Who is Ice age?,4375
Symmetry of function defined by integral,4376
What or Who is Cardinal point (optics)?,4377
What or Who is Earth's orbit?,4378
Why don't we make CPUs with 1000s of layers to make use of space in the third dimension?,4379
What or Who is Type I and type II errors?,4380
"When octopus/squid/cuttlefish are out of the water in some videos, are they in pain from the air? Or does their skin keep them safe for a prolonged time? Is it closer to amphibian skin than fish skin?",4381
Explaining to laypeople why bootstrapping works ,4382
What or Who is Qi?,4383
How does calculator know and use pi if even super computers can't know all the digits. Does it use like first 100 digits?,4384
scanBam from Rsamtools is not importing one of my reads into R,4385
What is caesium-137 used for in fracking?,4386
What or Who is Milankovitch cycles?,4387
Looking for an intuitive explanation why the row rank is equal to the column rank for a matrix,4388
"Is it likely that dinosaurs walked like modern day pigeons, with a back and forth motion of their head?",4389
What or Who is Psionics?,4390
What or Who is Pulse-Doppler radar?,4391
Can 100% covalent bonds exist?,4392
Could we make a hydraulic press strong enough to metamorphosize rock?,4393
Why is the inside of the Earth so hot?,4394
"Do bath salts actually have any proven beneficial effects (e.g. on eczema), and is there any real difference between using Dead Sea salt VS Himalayan salt VS Epsom salt?",4395
Why is the voltage measurement of this circuit different when the switch is on?,4396
What or Who is HIV/AIDS denialism?,4397
What or Who is Case fatality rate?,4398
What or Who is Oceanic crust?,4399
Why is it more difficult to inhale when a force of wind or cold air is hitting your face?,4400
Why do whales die on land? They breathe air and do not have gills. So what is causing their death?,4401
"When you diet and exercise, where does the fat you burn physically go and how?",4402
"How much silicon is in the Earth's core, and how did it get there?",4403
"In the Tv series ""Chernobyl"" how realisticaly depicted are the effects of intense radiation exposure?",4404
What is it that creates that wonderful smell after a fresh rain?,4405
What or Who is Elementary charge?,4406
How do I generate a variant list (i.e. VCF file) using Illumina reads from a human genome?,4407
Is there an easy way to create a summary of a VCF file (v4.1) with structural variations?,4408
What or Who is Effervescence?,4409
"So atmospheric CO2 levels just reached 410 ppm, first time in 3 million years it's been that high. What happened 3 million years ago?",4410
What or Who is Cymatics?,4411
Why is tanh almost always better than sigmoid as an activation function?,4412
"What Happens where Predators eat body parts of animals that contain large dose of Venom, like the head of a Snake or the tail of a Scorpion?",4413
Why do some mammals not have testes in a scrotum?,4414
"What exactly is hydrogen bonding (and does it really need fluorine, oxygen, or nitrogen)?",4415
Does vaccination lead to short-term secondary infection suceptibility?,4416
"Why can our eyes precisely lock onto objects, but can't smoothly scroll across a landscape?",4417
Can small gas planets exist?,4418
What or Who is Donald Ewen Cameron?,4419
What or Who is Surya Siddhanta?,4420
What or Who is Kenny McCormick?,4421
How long does it take for the ocean conveyor to circulate?,4422
What or Who is Correlation coefficient?,4423
What or Who is Traditional knowledge?,4424
Which is the densest gas known?,4425
What motif finding software is available for multiple sequences ~10Kb?,4426
How does the microbial environment in your gut initiate?,4427
Why is [PdCl4]2- square planar whereas [NiCl4]2- is tetrahedral?,4428
What or Who is International Astronomical Union?,4429
Why do human females have periods?,4430
Does the genetic sequence of SARS-CoV-2 end with 33 A's?,4431
How can a vessel contain 100M degrees celsius?,4432
Did I see another planet?,4433
"The Gunpowder Plot involved 36 barrels of gunpowder in an undercroft below the House of Lords. Just how big an explosion would 36 barrels of 1605 gunpowder have created, had they gone off?",4434
How do quantum software packages Work?,4435
"How do ships anchor themselves in very deep waters? For example, if they anchored in 10K foot deep oceans, do they actually have 10K feet of anchor chains?",4436
Would hurricanes on an ocean planet continue indefinitely?,4437
What or Who is Calcination?,4438
"If fire is a reaction limited to planets with oxygen in their atmosphere, what other reactions would you find on planets with different atmospheric composition?",4439
Why does there seem to be a missing component in many PCBs?,4440
What or Who is Below Poverty Line?,4441
Is this poor laboratory safety?,4442
How to identify gene expression signatures from gene expression data?,4443
What is the best book to learn probability?,4444
"Help understanding this unsettling image of Titan, Epimetheus, and Saturn's rings?",4445
Why does burnt hair smell bad?,4446
5' and 3' bias in Rna-seq data,4447
"If I send a letter or postcard from the UK to the USA, who gets money from my stamp?",4448
"Why does music synthesizer built from chain of astable multivibrator circuits get ""out-of-tune"" after a few hours?",4449
How does the body decide where to store fat?,4450
Does sleeping for longer durations than physically needed lead to a sleep 'credit'?,4451
What or Who is History of glass?,4452
A study today showed Covid antibodies drop off quickly (70% in 2-3 months). But don't all antibodies drop off quickly? Isn't this normal?,4453
What caused the flashes in the video footage of Chernobyl?,4454
What are the main differences between K-means and K-nearest neighbours?,4455
"If a pregnant woman has cancer, is it possible for the cancer to spread to the fetus?",4456
Where in your body does your food turn brown?,4457
Can 'human' become a genus due to space colonization?,4458
How did plants adapt to $\small\sf{CO_2}$ levels past 400k years? Why won't they do it again?,4459
"How did old forts actually ""protect"" a strategic area? Couldn't the enemy just go around them or stay out of range?",4460
What is the range of possible atmospheric pressures on the surface of the Earth?,4461
Does a Corona virus actually look like a ball with spikes?,4462
Is it possible to be colorblind in only one eye?,4463
Examples of plant families that contain species that are safe for human consumption and species that are poisonous to humans?,4464
What or Who is Qt (software)?,4465
The deep reason why $\int \frac{1}{x}\operatorname{d}x$ is a transcendental function ($\log$),4466
Would an object shot from earth fall into the sun?,4467
Where did amino acids get their one-letter codes?,4468
How to drive a Peltier element?,4469
What or Who is Dimensional analysis?,4470
How was the mass of Venus determined?,4471
"When stars explode after running out of fuel, why are new stars born from the remnants?",4472
Do donated organs age according to the donor´s age or do they adapt to the age of the new body?,4473
Why doesn't H₄O²⁺ exist?,4474
What or Who is Seduction of the Innocent?,4475
What or Who is Collapse: How Societies Choose to Fail or Succeed?,4476
Which of the planets would be detected if they were exoplanets?,4477
What or Who is X-ray fluorescence?,4478
What or Who is Body Worlds?,4479
What or Who is Hidden Figures?,4480
When to use Capacitors?,4481
Why can't bots check 'I am not a robot' checkboxes?,4482
What or Who is Forest cover by state in India?,4483
Where does the 'C' in exhaled CO₂ mostly come from?,4484
"How do some games like Monster Hunter, or even mobile games like Underlords, allow for players all over the globe to play together seamlessly but other games like Dota has horrible lag and ping when you play outside your region?",4485
What or Who is Spectroscopy?,4486
What or Who is Philosophy of science?,4487
What’s the difficulty in making a pill that actually helps you lose weight?,4488
What or Who is Littoral zone?,4489
What or Who is Myers–Briggs Type Indicator?,4490
"Why is 50 Ω often chosen as the input impedance of antennas, whereas the free space impedance is 377 Ω?",4491
What or Who is B. M. Hegde?,4492
Why is there a daily inequality for low tides?,4493
"why don’t we make coffee like we do tea, by seeping the grounds in a bag?",4494
How did the cardiovascular system evolve?,4495
What or Who is Perseus (spy)?,4496
What or Who is Phase space?,4497
What or Who is Differentiation rules?,4498
How can I downsample a BAM file while keeping both reads in pairs?,4499
What or Who is Symbolab?,4500
What is the difference between ZCA whitening and PCA whitening?,4501
What or Who is Lucas number?,4502
Is there an RGB equivalent for smells?,4503
What or Who is Udacity?,4504
What or Who is Rudolf Steiner?,4505
Is exon order always preserved in splicing?,4506
What are the main differences between solar flares and coronal mass ejections?,4507
What do you see when your eyes are closed?,4508
"How to correct alpha, and not p-values themselves, for visualization purposes",4509
What or Who is Professor Moriarty?,4510
What or Who is Evidence-based medicine?,4511
What or Who is Phrenology?,4512
Do memories occupy a physical space in the brain?,4513
How to read a book in mathematics?,4514
"ow does an enclosed environment like a birds egg support a growing animal compared to a mammalian womb? How are waste products removed, are there hormones involved and how does the embryo receive oxygen?",4515
Conditional inference trees vs traditional decision trees,4516
What or Who is Melanin theory?,4517
At what distance from Earth would our Sun be the same apparent magnitude as the next brightest star in the sky?,4518
Why do some people have good sense of direction while other don't? Do we know how the brain differs in such people?,4519
Is it coincidence that the earth's rotation and revolution are in the same direction?,4520
What or Who is Balloon popping?,4521
How do FBI track down anonymous posters on 4chan?,4522
Why are digital oscilloscopes still so expensive?,4523
Why do I only breathe out of one nostril?,4524
How come all those atomic bomb tests were conducted during 60s in deserts in Nevada without any serious consequences to environment and humans?,4525
Why to optimize max log probability instead of probability,4526
"The universe is said to be around 23% dark matter, 72% dark energy and 5% ordinary matter. If we don't know what dark matter and dark energy are, where do the percentages come from?",4527
What or Who is Patterns in nature?,4528
What or Who is Decision-making?,4529
How do internet cables that go under the ocean simultaneously handle millions or even billions of data transfers?,4530
There are infinite numbers between 0 and 1. There are also infinite numbers between 0 and 2. There would more numbers between 0 and 2. How can a set of infinite numbers be bigger than another infinite set?,4531
"Addition of hydrogen bromide to 1,3-butadiene: thermodynamic and kinetic control",4532
How do you go about learning mathematics?,4533
"In what sense did the Oklo reactor ""trap"" its own nuclear waste?",4534
What or Who is WolframAlpha?,4535
What or Who is International Numbering System for Food Additives?,4536
"How exactly is ""effective length"" used in FPKM calculated?",4537
"Historically, why did fevers used to kill so many people, but now they're a rarely fatal annoying symptom?",4538
A moon in eccentric orbit dipping below Roche limit,4539
"There are lots of well-characterised genetic conditions in humans, are there any rare mutations that confer an advantage?",4540
Obtaining uniquely mapped reads from BWA mem alignment,4541
What's the difference between a potentiometer and a rheostat?,4542
What or Who is Thermodynamic equilibrium?,4543
What or Who is Multicollinearity?,4544
"If SARS-CoV (2002) and SARS-CoV-19 (aka COVID-19) are so similar (same family of virus, genetically similar, etc.), why did SARS infect around 8,000 while COVID-19 has already reached 1,000,000?",4545
Publicly available genome sequence database for viruses?,4546
How to convert BED to GFF3,4547
Pipetting: do human experimenters need liquid class information?,4548
What are the advantages of full wave bridge rectifier with capacitors parallel to diodes?,4549
How does blood circulate through your body after you've had an amputation?,4550
Better aligner than bowtie2?,4551
What is the difference between a neural network and a deep belief network?,4552
What or Who is António Egas Moniz?,4553
How to write a hash function for canonical kmers?,4554
What or Who is COVID-19 vaccine?,4555
How to reduce DC voltage using resistors?,4556
Will radar/lidar still work when every car is equipped with them?,4557
What or Who is Civil emergency message?,4558
"if electric vehicles are better for the environment than fossil fuel, why isn’t there any emphasis on heating homes with electricity rather gas or oil?",4559
Has there been a higher peak than Mt. Everest on Earth throughout its history?,4560
How many planets are there in this solar system?,4561
Can I cut an IC?,4562
Scientists have recently said the greenland ice is past the “point of no return” - what will this mean for AMOC?,4563
Why do Black Holes in the middle of galaxies not suck up the whole galaxy?,4564
How would you explain the difference between correlation and covariance?,4565
Human perception of time depending on age,4566
"Much less than, what does that mean?",4567
"The earth is about 4,5 billion years old, and the universe about 14,5 billion, if life isn't special, then shouldn't we have already been contacted?",4568
Why does screaming relieve physical pain to an extent?,4569
What or Who is Parameter?,4570
"What are the differences between the C programming languages: C, C++, C#, and Objective C?",4571
"How come airlines no longer require electronics to be powered down during takeoff, even though there are many more electronic devices in operation today than there were 20 years ago? Was there ever a legitimate reason to power down electronics? If so, what changed?",4572
What or Who is The Demon-Haunted World?,4573
What or Who is Lost Cosmonauts?,4574
"Making sense of principal component analysis, eigenvectors & eigenvalues",4575
What or Who is Spyder (software)?,4576
What or Who is Deep sea?,4577
"Was the 1918 H1N1 virus the ""source"" for the 1957 H2N2, 1968 H3N2, and the seasonal flu that comes around each year?",4578
What or Who is Inductively coupled plasma mass spectrometry?,4579
What is the fastest beats per minute we can hear before it sounds like one continuous note?,4580
Why my phones touchscreen sometimes registers a touch when in reality my finger is millemeter or two from screen?,4581
Eigenvectors of real symmetric matrices are orthogonal,4582
Prosthetics: Can someone born without a limb (rather than losing it after birth) use advanced prosthetics controlled by nerves and neural pathways?,4583
How likely is a lack of DNA match with a distant relative?,4584
What or Who is Fully automatic time?,4585
Can adrenaline actually give you the strength to lift a car and how does it work?,4586
"Does the earth ""lose/gain"" water or is it truly a closed system?",4587
How do tropopause folds form and do they have any impact on synoptic scale weather?,4588
Why is space black? Aren't the stars emitting light?,4589
"Why do science labs always so often use composition notebooks and not, for example, a spiral notebook?",4590
Is methanol more acidic than water?,4591
Why does bleach feel slippery?,4592
tanh activation function vs sigmoid activation function,4593
What or Who is Fatal insomnia?,4594
How long before robin no longer needs the nest on my porch?,4595
Why have humans evolved much more quickly than other animals?,4596
What's happening in our brains when we're trying to remember something?,4597
"Regarding p-values, why 1% and 5%? Why not 6% or 10%?",4598
Sum of random decreasing numbers between 0 and 1: does it converge??,4599
How could we define the factorial of a matrix?,4600
how do we know what the milkyway actually looks like?,4601
What or Who is Human zoo?,4602
hy do some apps stay open when you leave for 5 seconds but others take you back all the way to the starting screen?,4603
Why does the Lasso provide Variable Selection?,4604
Can metals have a net negative charge,4605
Is it possible to create a DESeqDataSet with a user-provided design matrix?,4606
What or Who is History of timekeeping devices?,4607
What or Who is Isobaric process?,4608
Why do so many medicines require you to stop eating grapefruit?,4609
What or Who is Nuclear magnetic resonance?,4610
"Could a single celestial body be as large as the Milky Way galaxy? If not, what is restricting the size of it?",4611
What or Who is Superconductivity?,4612
"What is the ""sharp"" in sharp cheddar? How are there various levels of ""sharp""?",4613
Monty hall problem extended.,4614
R package development: How does one automatically install Bioconductor packages upon package installation?,4615
Wouldn't charging a lithium battery to 80% only defeat the purpose of putting the battery into longer use in the first place?,4616
What or Who is Dharma Initiative?,4617
Is there a certain priority list for a severely damaged human body to heal itself?,4618
"Why does sea water hurt our eyes, but tears don't?",4619
Splitting a sandwich and not feeling deceived,4620
Does a steady or a blinking digital clock use more energy?,4621
Which atom is a Neutron star made of?,4622
Is it possible to have a pair of Gaussian random variables for which the joint distribution is not Gaussian?,4623
Fan speed switch: why OFF :: HIGH :: MED :: LOW?,4624
$\pi$ in arbitrary metric spaces,4625
I remember during the 90s/00s that the Ozone layer decaying was a consistent headline in the news. Is this still happening?,4626
What are we currently doing to combat the year 2038 problem?,4627
Calculating the length of the paper on a toilet paper roll,4628
How long can I store extracted RNA?,4629
What or Who is Electromagnetic hypersensitivity?,4630
How do women astronauts deal with periods in antigravity?,4631
What or Who is Pivot table?,4632
Why are there “hot people” and “cold people”?,4633
How can we hear the voice in our head and how is it produced?,4634
what is the humidity scale in reference to? Does 100% humidity mean the air has turned to water? Or is it 100% humidity when it is raining?,4635
What’s the difference between men’s and women’s multivitamins?,4636
Proof of $\frac{1}{e^{\pi}+1}+\frac{3}{e^{3\pi}+1}+\frac{5}{e^{5\pi}+1}+\ldots=\frac{1}{24}$,4637
Why can't I light a LED with a 1.5 V battery?,4638
Why don't (or can't) stars be more than 325 or so times the mass of the sun? What limits their size?,4639
Highly heterozygous reads mapping,4640
"Is there any kind of an upper limit for how many planets can be in a solar system? I assume that there are plenty of systems with zero, but are there others with hundreds or thousands, or is there some kind of clear maximum?",4641
How long do your eyes need to adapt to darkness and reach full contrast?,4642
What or Who is Longitudinal study?,4643
what is in instant rice that makes the rice cook faster?,4644
What or Who is High-frequency Active Auroral Research Program?,4645
What or Who is Voltmeter?,4646
"If somebody loses a lot of blood, how do doctors tell so fast wich blood type the patient has and exactly how much blood was lost/needs to be transfused?",4647
What or Who is Leonhard Euler?,4648
Are there lightning bolts on Mars?,4649
What or Who is History of statistics?,4650
Can we fill potato chips bags with a gas other than nitrogen?,4651
"How would an icicle ""grow"" upwards?",4652
"Is there an example of a mathematical problem that is easy to understand, easy to believe in it's truth, yet impossible to prove through our current mathematical axioms?",4653
Split FASTQ and matching BAM into matching chunks,4654
Why are there no hurricanes in the southern Atlantic basin?,4655
Shape of confidence interval for predicted values in linear regression,4656
What or Who is Female hysteria?,4657
What or Who is History of geography?,4658
Interpretation of R's lm() output,4659
What are imaginary numbers?,4660
How can I use a 12 V input on a digital Arduino pin?,4661
What happens with the isogonic lines at the South Pole?,4662
What or Who is Kepler space telescope?,4663
What or Who is Adaptation?,4664
What or Who is Unified Soil Classification System?,4665
What or Who is Pitot tube?,4666
How rabies virus affect almost every hot-blooded species on Earth while other viruses usually unique for one or few species?,4667
"Since there isn't any resistance in space, is reaching lightspeed possible?",4668
What or Who is Artificial gravity?,4669
"If e=mc^2, does that mean that the sun is constantly losing mass through radiated energy?",4670
How is the equilibrium of 21% oxygen in Earth's atmosphere established?,4671
How is ocean salinity measured from space?,4672
"If you had a completely empty universe, in which only 2 marbles, placed perfectly still in the beginning, with 1 ly distance in between them, how long would it take for them to collide due to gravity?",4673
What or Who is Conversion therapy?,4674
"Why do cars travel in packs on the highway, even when there are no traffic stops to create groups?",4675
What is the standard way to work with a diploid reference genome? Complementary strands?,4676
How can I use Nanopore reads to close gaps or resolve repeats in a short-read assembly?,4677
How is wristwatch with 10 years battery life possible?,4678
"What or Who is Alert, Nunavut?",4679
Approximately what percent of the sky has nothing in it?,4680
How do we know Nemesis is not a black hole (or neutron star)?,4681
What or Who is Bill Nye?,4682
"What’s the proper soldering iron temperature for standard .031"" 60/40 solder?",4683
What or Who is Geologic time scale?,4684
Why do greenhouse gases affect ocean temperature so much?,4685
Does the square or the circle have the greater perimeter? A surprisingly hard problem for high schoolers,4686
What are the most commonly accepted theories of consciousness among scientists today?,4687
Why is expectation the same as the arithmetic mean?,4688
Why is the discovery of merging neutron stars important?,4689
"How do centipedes/millipedes control all of their legs? Is there some kind of simple pattern they use, or does it take a lot of brainpower?",4690
Why is the Congo River so deep?,4691
Is this video fake? I thought Tesla coils only worked on AC,4692
Designing a lab NGS file database schema,4693
What or Who is Biodynamic agriculture?,4694
What or Who is Sensor?,4695
How can I compute gene expression for a set of RNA reads?,4696
"Is ""stainless"" a bulk or a surface property of stainless steel?",4697
How can I extract only insertions from a VCF file?,4698
Why can you sign up for an email list instantly but to unsubscribe it can take up to 10 days? Is there an actual technical reason or is it a sales tactic to try to make you reconsider?,4699
The reason behind the steep rise in pH in the acid base titration curve,4700
"What is it that strips vocals from audio when a 1/8"" audio jack is partially unplugged?",4701
"how can a tv remote sit around all day not wasting it’s batteries and immediately be picked up and used (without having to be turned on), while something like a game controller must be turned on first before use, and if you left it on all day it would drain the batteries even while not in use?",4702
Why on average does each bootstrap sample contain roughly two thirds of observations?,4703
"Bonding in diatomic C2, a carbon-carbon quadruple bond?",4704
Algorithms for automatic model selection,4705
What or Who is Fistula?,4706
What or Who is Neuroscientist?,4707
Potential explanations of Red Sea crossing,4708
"If there's 3.2 billion base pairs in the human DNA, how come there's only about 20,000 genes?",4709
Is $7$ the only prime followed by a cube?,4710
What or Who is Richard Leakey?,4711
What or Who is Ordnance Survey National Grid?,4712
Crossed vs nested random effects: how do they differ and how are they specified correctly in lme4?,4713
What or Who is Scoville scale?,4714
How do you melt metals with super high melting points?,4715
How do you cut PCB?,4716
"How 'heavy' should an element be, to be a ""Heavy Metal""?",4717
"Why doesn’t our moon rotate, and what would happen if it started rotating suddenly?",4718
What or Who is William of Ockham?,4719
What or Who is Skeletor?,4720
What or Who is Pattern recognition?,4721
"Why do atoms ""want"" to have a full outer shell?",4722
When someone has cancer they typically lose a lot of weight. Is this due to an inability to eat due to nausea or is there something about fighting cancer that is metabolically expensive?,4723
What or Who is Oxidizing agent?,4724
What makes Gorilla Glass more durable with each generation?,4725
"How easy would it be to crack Nazi encrypted “Enigma"" machine with today’s technology?",4726
Why does Jupiter have so many moons?,4727
What or Who is Exothermic process?,4728
Thermodynamic vs Kinetic Sulphonation of Naphthalene,4729
"Why does water sometimes taste like nectar of the gods while other times its just, meh?",4730
"Why was the number 299,792,458 chosen as the definiton of a metre instead of a more rounded off number like 300,000,000?",4731
Y Chromosome Aligned Reads in scATAC-seq data from a female-derived cell line?,4732
Why do many laptops run on 19 volts?,4733
What or Who is Spirit level?,4734
"Why do shampoo ingredient labels feature the term ""Aqua""?",4735
What or Who is Europa Clipper?,4736
Why do Humans not produce Vitamin C like other mammals?,4737
What does the hidden layer in a neural network compute?,4738
Validation Error less than training error?,4739
How are the compositional components of exoplanet atmospheres differentiated?,4740
What or Who is Click-through rate?,4741
How can I do an overlapping sequence count in Biopython?,4742
Why do banana plugs need these holes?,4743
Why don't we take blood from dead people?,4744
What or Who is Aromatherapy?,4745
Why don't astronomers use meters to measure astronomical distances?,4746
"Why is a frozen and thawed banana so much sweeter, and how does this change its nutritional value?",4747
What's the difference between a cog and a gear?,4748
Why do we wake up starving the morning after a night of binge eating?,4749
"Why does using bar soap when washing my hands and/or body give it a very grippy feeling after using it, while liquid soap doesn’t?",4750
Is there any role today that would justify building a large single dish radio telescope to replace Arecibo?,4751
Explaining Dark Matter and Dark Energy to layman,4752
Why is saltatory conduction in myelinated axons faster than continuous conduction in unmyelinated axons?,4753
"Why does making a 3 degree difference in your homes thermostat feel like a huge change in temperature, but outdoors it feels like nothing?",4754
What or Who is Process engineering?,4755
"In HBO's Silicon Valley, they mention a ""decentralized internet"". Isn't the internet already decentralized? What's the difference?",4756
What actually is the dial up internet noise?,4757
Difference between standard error and standard deviation,4758
Why is gold unreactive when only one electron is in the outer shell?,4759
"If my voice sounds different to me than it does in a recording, then how am I able to accurately match my singing voice to the key of a song?",4760
Online tool for making graphs (vertices and edges)?,4761
Does convergence in $L^p$ imply convergence almost everywhere?,4762
Why does the alignment evaluation image from JWST look like this?,4763
What or Who is Figure of the Earth?,4764
How to remove all BAM read groups from all reads (not just the header)?,4765
Are stars expected to become dimmer before a supernova?,4766
What is the reason that a likelihood function is not a pdf?,4767
"South Korea just got hit with a 5.4 magnitude earthquake. 3 days ago, North Korea carried out a nuclear weapons test that caused a 5.3 magnitude seismic event. Is it possible that today's earthquake is a result of the nuclear testing several days ago?",4768
What or Who is Not even wrong?,4769
What or Who is Actuary?,4770
"If you melt a magnet, what happens to the magnetism? Does the liquid metal retain the magnetism or does it go away?",4771
What or Who is Greenhouse?,4772
"How can people sever entire legs and survive the blood loss, while other people bleed out from severing just one artery in their leg?",4773
Can you give an example of a complex math problem that is easy to solve?,4774
"How does something as temporary as a human footprint get preserved for more than 10,000 years?",4775
KiCAD 5 --- what is the significance of the various GND symbols?,4776
What is a birth mark and why do so many people have them?,4777
"I saw a video of someone breathing in a rag of chloroform and getting instantly knocked out. I don’t think that’s real, but it made me curious. How does chloroform work? And what exactly does it do?",4778
"What determines if a queen bee produces another queen bee or just drone/worker bees? When a queen produces a queen, is there some kind of turf war until one of them leaves?",4779
How does bowing work in Japanese culture. I've heard there are so many subtleties to bowing that a Westerner should never attempt it. Is this true? What are some of these subtleties?,4780
How are the standard errors of coefficients calculated in a regression?,4781
What roles do neutrons play in an atom?,4782
How is the GT field in a VCF file defined?,4783
What or Who is Functional medicine?,4784
What or Who is Peer review?,4785
How did Earth's plate tectonics start?,4786
How does Walter White make pure crystal meth using a non-stereospecific reaction?,4787
What or Who is Isothermal process?,4788
How to visualize what ANOVA does?,4789
"The freezing point of carbon dioxide is -78.5C, while the coldest recorded air temperature on Earth has been as low as -92C, does this mean that it can/would snow carbon dioxide at these temperatures?",4790
"how come a cup of coffee doesn't seem to quench your thirst, even though it's mostly water?",4791
"How do we know what names mean? E.g. Hercules wife was called deinara, which means husband destroyer. In ancient greece was this woman literally called husband-destroyer?",4792
Why do tropical cyclones not tear themselves apart?,4793
What or Who is Galileo (satellite navigation)?,4794
What or Who is Tabby's Star?,4795
Does this recording sound like the pulses emitted by bats?,4796
Identifying Source of Periodic Artifact at Op-Amp Output,4797
"Why are the tops of clouds all poofy and fun, but the bottoms are totally flat and boring?",4798
Duplicate genes with RSEM counts: Which one to choose?,4799
When to use regularization methods for regression?,4800
"When our brain begins to lose its memory, is it losing the memories themselves or the ability to recall those memories?",4801
When a woman is pregnant does the baby follow the same sleeping patterns as the mother? Or can they have 2 separate sleeping patterns?,4802
What are some of the strongest theories against the existence of mantle plumes?,4803
What or Who is World Geodetic System?,4804
What makes ‘permanent’ markers more permanent than regular markers?,4805
Why are there no green stars?,4806
Do any animals other than humans undergo menopause?,4807
"What causes 'positive' lightning to be rarer, higher charged, and longer lasting than 'negative' lightning?",4808
Why does more transistors = more processing power?,4809
Can mining trigger earthquakes?,4810
Is there a reason most mountain ranges seem to run parallel to coastlines?,4811
The Mars Perseverance Rover's Parachute has an asymmetrical pattern to it. Why is that? Why was this pattern chosen?,4812
What or Who is Bayer process?,4813
"What is the difference between orthologs, paralogs and homologs?",4814
"How can I understand and prove the ""sum and difference formulas"" in trigonometry?",4815
How are snakemake's --cluster and --drmaa options implemented?,4816
Is the following matrix invertible?,4817
what does ‘I think therefore I am’ mean and why is it a big deal?,4818
Is there really no better way to diagnose mental illness than by the person's description of what they're experiencing?,4819
What or Who is Exoplanet?,4820
Why don't gases escape Earth's atmosphere?,4821
What or Who is Statistical inference?,4822
A good tool for gene locus visualization,4823
"How do veterinarians determine if animals have certain medical conditions, when normally in humans the same condition would only be first discovered by the patient verbally expressing their pain, etc.?",4824
What or Who is Vernier scale?,4825
How do urban areas affect rain?,4826
"Are the terms ""nuclear"" and ""thermonuclear"" considered interchangeable when talking about things like weapons or energy generating plants or the like?",4827
Softmax vs Sigmoid function in Logistic classifier?,4828
How does JWST position itself to see and resolve an exact target?,4829
"if the colon has no pain receptors, why does trapped gas hurt so much?",4830
What or Who is Ohio State University Radio Observatory?,4831
"How many mosquitoes would it take to ""drain"" enough blood to put a person into shock?",4832
What or Who is Konstantin Tsiolkovsky?,4833
Is normality testing 'essentially useless'?,4834
"If a nuclear bomb went off in Boston harbor could scientists tell after the fact who had manufactured it, do they leave distinct radioactive signatures?",4835
How does the White House prevent visitors or the press pool from planting a bug in the Oval Office? Do they sweep it after every visit?,4836
What or Who is Arecibo Observatory?,4837
What is the accepted theory as to why Uranus' axis is tilted so severely?,4838
"Why can't we just inject a ton of power into a phone at once to instantly charge it? Is that just too dangerous, or just not possible?",4839
What or Who is Transmission electron microscopy?,4840
Why isn't vomit corrosive?,4841
"Why does a laptop say it's at 6-8% charge, and then it dies, but when it's at a higher charge, going from 60% to 59% takes a while?",4842
What or Who is Shuttle Carrier Aircraft?,4843
"Why does a very strong BLAST hit get lost when I change num_alignments, num_descriptions or max_target_seqs parameter?",4844
Why can't moon light (reflected sun light) turn the sky blue?,4845
"animals that express complex nest-building behaviours (like tailorbirds that sew leaves together) - do they learn it ""culturally"" from others of their kind or are they somehow born with a complex skill like this imprinted genetically in their brains?",4846
"Why is our brain programmed to like sugar, salt and fat if it's bad for our health?",4847
What or Who is Cabinet of curiosities?,4848
How GFF3 attributes (9th column) varies from one gene prediction algorithm to another,4849
How do hackers remain anonymous when they are directly connected to an ISP?,4850
What or Who is Mathematical beauty?,4851
What or Who is Data analysis?,4852
Why do mints make your mouth feel cold?,4853
How fast can a submarine surface?,4854
"Why is the Penrose triangle ""impossible""?",4855
What or Who is Dioptre?,4856
Are there any trinary stars systems?,4857
"How is peach flavoring so easily captured in gummies, water, etc, when so many other flavors taste obviously fake?",4858
How does an ant not die when flicked full force by a human finger?,4859
"If you are in water right underneath the moon and the moon is at it's closest, do you float better than other places on earth?",4860
Why do certain foods (i.e. vanilla extract) smell so sweet yet taste so bitter even though our smell and taste senses are so closely intertwined?,4861
Why do we put horseshoes on horses? Are wild horses running around with sore feet?,4862
What or Who is Least count?,4863
Covariance and independence?,4864
What or Who is Dendrochronology?,4865
Near-Earth supernova,4866
Do all salts taste salty?,4867
What or Who is Plumb bob?,4868
What or Who is Universal Transverse Mercator coordinate system?,4869
Under what conditions does correlation imply causation?,4870
"Soaps come in different colors, but why is soap lather always white?",4871
Do heavily forested regions of the world like the eastern United States experience a noticeable difference in oxygen levels/air quality during the winter months when the trees lose all of their leaves?,4872
What or Who is History of cartography?,4873
Why don't cold fronts and other steep-gradient weather effects just dissipate?,4874
Can a cancerous cell from outside cause cancer in a healthy person?,4875
What or Who is Latin square?,4876
"why are so many German roofs built very steep so snow falls off, then with little fences so snow doesn't fall off?",4877
What or Who is Superfluidity?,4878
Are fgsea and Broad Institute GSEA equivalent?,4879
What or Who is High-temperature superconductivity?,4880
What or Who is The Magic School Bus Rides Again?,4881
"If Blue, Red and Yellow are the primary colors then why are Blue, Red and Green (RBG) used for generating colors in computer programs?",4882
How do we know dinosaurs didn't have cartilage protrusions like human ears and noses?,4883
"If I squash an insect and it produces red ""juice"", does it always mean it is a blood-sucking type?",4884
What or Who is Acclimatization?,4885
What or Who is Nuclear weapon yield?,4886
Any news from Tinnitus Treatment?,4887
Will the rings of Saturn eventually become a moon?,4888
"Why is cyclooctateraene shaped like a ""tub"" rather than a ""chair""?",4889
"If our tears are salty, by don’t hurt, then why the hell does it burn when you get saltwater in your eye?",4890
"If fevers are the immune system's response to viral/bacterial infection, why do with try to reduce them? Is there a benefit to letting a fever run its course vs medicinal treatment?",4891
Tradeoffs when considering SPI or I2C?,4892
"Is the earth pulled toward where the sun is now, or where the sun was 8 minutes ago?",4893
What or Who is Agronomy?,4894
"Metallicity of Celestial Objects: Why ""Metal = Non-metal""?",4895
"How do RV dealerships really work? Every dealership, it seems like hundreds of RVs are always sitting on the lot not selling through year after year. Car dealerships need to move this year’s model to make room for the next. Why aren’t dealerships loaded with 5 year old RVs that didn’t sell?",4896
"what happens to all those amazing discoveries on reddit like ""scientists come up with omega antibiotic, or a cure for cancer, or professor founds protein to cure alzheimer, or high school students create $5 epipen, that we never hear of any of them ever again?",4897
How far do you have to go beneath the ocean floor before the earth becomes dry again?,4898
What or Who is Syzygy (astronomy)?,4899
What or Who is Bonsai Kitten?,4900
What or Who is Likert scale?,4901
"In 'Interstellar', shouldn't the planet 'Endurance' lands on have been pulled into the blackhole 'Gargantua'?",4902
"Why do mountains have peaks instead of having ""flat tops""?",4903
Why does regular exercise increase brain volume?,4904
What or Who is SQUID?,4905
Why is it children’s shampoo is “tear free” while regular shampoo burns like all hell in the eyes?,4906
What or Who is Antoine Lavoisier?,4907
Is this Batman equation for real?,4908
What or Who is Location hypotheses of Atlantis?,4909
Should one remove highly correlated variables before doing PCA?,4910
What or Who is System of units of measurement?,4911
What or Who is ChAdOx1?,4912
Why does a good pair of headphones/earphones make it feel like the sound is coming from inside the middle of your head?,4913
Why does seafood go bad faster than meat?,4914
Are humans closer in relative size to the planck length or the entire observable universe?,4915
What or Who is Degrees of freedom?,4916
Will tropical cyclones form and be sustained in areas they previously were not due to global climate change?,4917
What or Who is Atoll?,4918
Why does F replace the axial bond in PCl5?,4919
How to get cell indices from latitude and longitude in WRF model grids?,4920
What or Who is Project Gemini?,4921
Do giraffes get struck by lightning more often than other animals?,4922
What or Who is Gartner hype cycle?,4923
Do rainbows also have sections in the infrared and/or ultraviolet spectrum?,4924
How does “activated charcoal” work and why has it become so wildly popular in beauty/cosmetic products?,4925
What or Who is Earth's circumference?,4926
"why is it that estrogen is the female hormone that makes us develop feminine features, but birth control is just more estrogen that prevents pregnancy?",4927
What or Who is Nibiru cataclysm?,4928
"Why when you rub your eyes for long enough do you begin to see shapes, grids, and other stuff?",4929
How do we know the asteroids formed at the same time as earth?,4930
"How come when you burp while drinking soda and exhale the air through your nose, it stings?",4931
Milky Way Galaxy from Earth,4932
What or Who is Actor–network theory?,4933
"How does the eardrum keep itself clear of earwax, dead skin and other debris?",4934
Do other Great apes pee holding their penises with their hands or is that just humans?,4935
Is activated carbon classified as organic or inorganic?,4936
"If bruises are from bleeding underneath the skin, where does all the blood go when it heals?",4937
What or Who is Azeotrope tables?,4938
What or Who is Flower?,4939
What or Who is Rotational spectroscopy?,4940
Scaling by linear regression against the number of reads,4941
What detail can Hubble see on Mars?,4942
How can HISAT2/StringTie report decimal coverage values,4943
Was the 1918 pandemic virus more deadly than Corona? Or do we just have better technology now to keep people alive who would have died back then?,4944
"Conventional matter to dark matter ratio, outside of galaxies",4945
What or Who is Haber process?,4946
Why is the temperature range of industrial and military products so high?,4947
What or Who is Fred Talbot?,4948
What or Who is Highly composite number?,4949
Why can't we feel the Earth's revolution?,4950
What does AUC stand for and what is it?,4951
"Where do we define the ""surface"" of a gas planet?",4952
What or Who is Glossary of psychiatry?,4953
Can beavers control the direction a tree falls?,4954
"When a photon is emitted, what determines the direction that it flies off in?",4955
What or Who is Homeopathy?,4956
Does anyone know of a comprehensive listing of geostationary weather satellites?,4957
Using a CPAP can increase the life span of a Sleep Apnea patient by 7 years. What does Sleep Apnea do to the body that reduces life expectancy this much?,4958
What specifically makes it hard for millions of sperm on their journey to reach an egg?,4959
Why does pee becomes harder to stop once you started peeing?,4960
What are t2g and eg in CFT?,4961
How come small cuts on the anus from over wiping or hemorrhoids does not cause serious septicemia?,4962
Does a fully charged cell phone have enough charge to start a car?,4963
Is there a technical reason why most touch screens use glass rather than plastic?,4964
"How do we know the age of the universe, specifically with a margin of error of 59 million years?",4965
"Does the recent news of ""ten times more galaxies"" imply that there is correspondingly less dark matter?",4966
What or Who is Mongoloid?,4967
What or Who is Silent Spring?,4968
Sum of First $n$ Squares Equals $\frac{n(n+1)(2n+1)}{6}$,4969
What or Who is Gravity?,4970
What or Who is Electricity meter?,4971
"If identical twins have the exact same DNA, why do they often look slightly different than one another?",4972
What or Who is Astronomical symbols?,4973
What or Who is Negroid?,4974
Effect of drinking ultra-pure water,4975
What is the difference between a consistent estimator and an unbiased estimator?,4976
Microcontroller shelf life,4977
What or Who is Interferometry?,4978
What or Who is Dead zone (ecology)?,4979
"In 2024 if NASA do get to and land on the moon, will novice photographers or people with telescopes be able to see any of the mission?",4980
Why do we use an autoclave at 121°C (250F)? (Origin),4981
"[Neuroscience] Why can't we use adrenaline or some kind of stimulant to wake people out of comas? Is there something physically stopping it, or is it just too dangerous?",4982
"Why does touching tinfoil with your teeth, especially when you have fillings, hurt so much?",4983
What or Who is Web analytics?,4984
Do dead insects “go bad” for other insects that eat them such as spiders?,4985
"What's the deepest hole we could reasonably dig with our current level of technology? If you fell down it, how long would it take to hit the bottom?",4986
Why deep ocean didn't freeze during snowball Earth?,4987
"Why are There No ""Triernions"" (3-dimensional analogue of complex numbers / quaternions)?",4988
Why is the Hydra Biologically Immortal?,4989
What exactly is dust? Where does it come from and how the heck does it get everywhere regardless of what measures you take (e.g. covering things in plastic)?,4990
"Do insects have muscles? If so, are they structurally similar to ours, and why can some, like ants, carry so much more weight than us proportionally? If not, what to they have that acts as a muscle?",4991
What or Who is Slide rule?,4992
Using the t-SNE algorithm on microarray data + an error bonus,4993
Where do bad smells eventually go?,4994
"What's the difference between an Ave, Rd, St, Ln, Dr, Way, Pl, Blvd etc. and how is it decided which road is what?",4995
"If hand sanitizer kills 99.99% of germs, then won't the surviving 0.01% make hand sanitizer resistant strains?",4996
"Decoupling caps, PCB layout",4997
What's radiating on my PCB?,4998
"Why do ""red skies at morning"" mean it's going to storm later that day?",4999
Can we really travel through earth's core?,5000
What or Who is Astrolabe?,5001
Python as a statistics workbench,5002
What or Who is Sputnik crisis?,5003
What or Who is Stargate Project?,5004
What is the speed of blood?,5005
"Given recent developments in our understanding of water/ice bodies on Mars, is it possible that we could one day be surprised by Martian fossils? Or do we have reason to believe that Martian life would be limited to microorganisms?",5006
What or Who is Fermi problem?,5007
What or Who is Avi Loeb?,5008
What or Who is Equator?,5009
Why does the moon look huge in the distance when poping over a mountain but small on a picture or a video?,5010
How can I improve the yield of MinION sequencing runs?,5011
What or Who is Channel Zero (TV series)?,5012
What is the difference between Flash memory and EEPROM?,5013
"If sitting down for long periods is bad for us, then why is walking or standing up all day cause lower back pain?",5014
What or Who is Alzheimer's disease?,5015
Why is there so much salt in the ocean? Where does it come from?,5016
What or Who is Integer factorization?,5017
What or Who is Hessdalen lights?,5018
Why is there no `nand` instruction in modern CPUs?,5019
"We see videos of meteors falling, burning bright, ets. However they appear to always travel at a steep angle. Is there a reason why meteors can not fall to the earth at a perfect perpendicular to the earths surface?",5020
How do I go from an Arduino on a breadboard to creating a real device?,5021
The sum of an uncountable number of positive numbers,5022
How does the correlation coefficient differ from regression slope?,5023
What or Who is Beatrix Potter?,5024
What or Who is Conversion of units?,5025
Why do you need 2 resistors when hooking up a transistor as a switch,5026
What or Who is International Union of Pure and Applied Chemistry?,5027
"How does gravity ""bend"" time?",5028
What or Who is Fold change?,5029
What or Who is Rare Earth hypothesis?,5030
Why does a commercial PCB need this much rework?,5031
What or Who is Atomic absorption spectroscopy?,5032
Free statistical textbooks,5033
Determinant of a non-square matrix,5034
Is there a name for the phenomenon of false positives counterintuitively outstripping true positives,5035
What or Who is Ionization energy?,5036
What or Who is OpenSUSE?,5037
What or Who is Bicameral mentality?,5038
What or Who is Mpemba effect?,5039
Was the Milky Way ever a quasar?,5040
"When searching for life on other planets, why do we look for oxygen when the species there could have a completely different structure where they don't need oxygen at all?",5041
What or Who is Future?,5042
What is the line crossing the Pacific Ocean that is shown on maps?,5043
ow does the start/stop feature in newer cars save fuel and not just wear out the starter?,5044
What is the difference between gas and dust in astronomy?,5045
What or Who is Shot glass?,5046
What or Who is History of chemistry?,5047
What or Who is Starship HLS?,5048
What or Who is Cyberchase?,5049
What or Who is Analytics?,5050
Why do we write NH3?,5051
If you had a pinhole camera with an aperture that only let one photon in at a time- what would its pictures look like?,5052
What or Who is Space Shuttle Challenger disaster?,5053
Why do the two COVID-19 vaccine candidates require different storage conditions?,5054
What or Who is Chemical vapor deposition?,5055
Does the US National Weather Service use Celsius or Fahrenheit?,5056
What or Who is Evidence?,5057
Single-sample vs. joint genotyping,5058
"How old could the average rock be, how young? Are most very old? How old? How long does it take to make an average round rock? How does it happen?",5059
What or Who is Image editing?,5060
"For humans, sea water is not drinkable due to its high salt content. How do whales, manatees, seals, and other sea faring mammals stay hydrated?",5061
How do scientists know mitochondria was originally a separate organism from humans?,5062
If $AB = I$ then $BA = I$,5063
What or Who is Combustibility and flammability?,5064
Why do smaller mammals move intermittently?,5065
What or Who is Crash Course (web series)?,5066
What or Who is Error?,5067
How does boiling water clean it? What can it NOT clean?,5068
"How does, at the point right after male orgasm, genital stimulation go from pleasurable to not when the nerves are being stimulated in the exact same way?",5069
What are the labels in my rstats distance matrix?,5070
What is the influence of C in SVMs with linear kernel?,5071
Does this smartphone photo show Mars just below the Sun?,5072
Why did LEDs take so long to appear as light bulbs?,5073
What would be the temperature of earth if there was no atmosphere?,5074
Why do we age? or Do we have a theory of senescence?,5075
How were the first microprocessors programmed?,5076
Why is untreated trypanosomiasis invariably fatal in humans?,5077
Why wasn't the planet Uranus recognized by ancient cultures?,5078
"What do weather forecasters mean when they say ""50% chance of rain""?",5079
Will social distancing make viruses other than covid-19 go extinct?,5080
How to make chromosome color maps for bed ranges,5081
Why does the 3rd electron shell start filling up with scandium?,5082
What or Who is Subspecies?,5083
Why are people’s palms never dark?,5084
"Why is it that we think of mirrors as being silver colored, even though they reflect the exact colors of objects around them?",5085
Why is the Oort cloud presumed to be spherical?,5086
"What has made solar energy so much more expensive in the past, and what developments are most important to further reduce the cost in the future?",5087
$\int_{-\infty}^{+\infty} e^{-x^2} dx$ with complex analysis,5088
Can an insect be “fat”? How do they store energy?,5089
Using volatile in embedded C development,5090
What or Who is Empiricism?,5091
What is a data scientist?,5092
What or Who is A3 problem solving?,5093
"If both ADHD and autism are considered neurodivergent, why do we only have ADHD stimulants but no medication to treat autism?",5094
"Besides cilantro, are there any other ingredients that have been identified to taste different to people based on their genetics?",5095
Is there a database of global rainfall time series?,5096
Is the Earth going to evolve towards Mars' fate or Venus' fate?,5097
Can humans eat grass?,5098
Is the dark side of the earth protected from the risks of solar flares?,5099
What or Who is Astrobiology?,5100
How do we think about moving our body without actually moving it?,5101
Understanding the role of the discount factor in reinforcement learning,5102
"Does Earth's core actually turn ""backwards"" at times?",5103
Multiple-choice question about the probability of a random answer to itself being correct,5104
Is buckminsterfullerene aromatic?,5105
Why do neural network researchers care about epochs?,5106
How to represent random sequence elements in SBOL?,5107
What or Who is Deep-sea fish?,5108
What or Who is Artemis program?,5109
"If you were to fall down a skyscraper's elevator shaft, would the Coriolis effect cause you to hit the sides?",5110
How is it possible that we haven't discovered anything in the Oort cloud yet?,5111
Ceramic caps vs electrolytic. What are the tangible differences in use?,5112
What or Who is Faster-than-light?,5113
Formula for k-mer coverage,5114
What or Who is Null hypothesis?,5115
Are metals and other elements in every continent?,5116
How long can an octopus survive out of the water?,5117
What is the best way to account for GC-content shift while constructing nucleotide-based phylogenetic tree?,5118
Why is snow white?,5119
What or Who is Ghost hunting?,5120
What is the mechanism that make men stop immediately being horny after orgsam?,5121
Why do we need so many transistors?,5122
"How does therapy actually work, how do you find a good one, and what's the difference between counseling/therapy/psychiatrists/psychologists/etc.?",5123
"I have recently heard that astronomers have found an ""exomoon"". I am quite scientifically illiterate so what exactly is an exomoon and how could it affect us on Earth?",5124
"Why is time referred to as ""The"" capital T 4th dimension?",5125
Do parrots and other talking birds teach wild birds to talk when released into the wild?,5126
How do I identify SMD components? (or how do I identify any component),5127
"Why does a woman’s risk of having a baby with Down Syndrome increase with her age, when women are born with all the eggs they will ever ovulate?",5128
What is the relation between FFT length and frequency resolution?,5129
"Why does the electron just orbit the nucleus instead of colliding and ""gluing"" to it?",5130
What or Who is Efflorescence?,5131
What are Kepler's laws (as he wrote them)?,5132
What or Who is Gravitational wave?,5133
"For automated processes, for example online banking, why do ""business days"" still exist?",5134
Good abstract algebra books for self study,5135
Why do atoms generally become smaller as one moves left to right across a period?,5136
Is there any evidence that sexual selection may lead to extinction of species?,5137
"Is cis-1,2-dimethylcyclohexane a meso compound?",5138
Can you be 1/12th Cherokee?,5139
"If you were to sky-dive in the rain, would water hit your stomach, back, or both?",5140
Why does a firefly light up? Is it a defense mechanism?,5141
What or Who is Quantity?,5142
What's the chance of having drunk the same water molecule twice?,5143
Having a job in data-mining without a PhD,5144
Why do uneducated people tend to have more children?,5145
What is the armpit hair for?,5146
Why is absolute zero unattainable?,5147
Do variant calls change when you call from CRAM?,5148
"Why is it so difficult to type (i.e. move your fingers quickly and precisely, or even at all) when your hands are very cold?",5149
Why don't equivalent hydrogens cause splitting in NMR?,5150
"if fruit is sweet to encourage animals to eat it and carry the seeds away from the parent tree, how do lemons and limes fit into this mix?",5151
"If you keep a metal next to a magnet long enough, will the metal change shape?",5152
Why can we still breathe in valleys?,5153
What or Who is Carl Sagan?,5154
What or Who is Cracking (chemistry)?,5155
"We're told for muscle growth you need to eat enough protein, but how important is the type of protein?",5156
What or Who is Elastic therapeutic tape?,5157
Exterior Derivative vs. Covariant Derivative vs. Lie Derivative,5158
What is the “pins and needles” feeling that happens when you cut off circulation to a part of your body?,5159
What is the environmental impact of air conditioning?,5160
What % of my weight am I actually lifting when doing a push-up?,5161
What or Who is John Stuart Mill?,5162
What or Who is Mars 2020?,5163
Why does whipped cream use nitrous oxide instead of nitrogen gas?,5164
Why there is no smoke around the Sun?,5165
How to 'sum' a standard deviation?,5166
What or Who is Habitable zone?,5167
Why can we smell copper?,5168
What makes protoplanetary disks start rotating? (Initial energy needed to rotate),5169
Why does mint oil feel cold on the skin?,5170
Is the inverse of a symmetric matrix also symmetric?,5171
What or Who is World Wide Web?,5172
What or Who is Summer solstice?,5173
Great Pacific Garbage Patch Equilibrium Points,5174
What or Who is Polygraph?,5175
Are there stars so hot they would appear black to the human eye?,5176
"One question to know if the number is 1, 2 or 3",5177
How to find the second order perturbation to wave function?,5178
"What do the prefixes meta, ortho, pyro mean in inorganic chemistry?",5179
What is the difference between regression and classification?,5180
"If you are 6x lighter on the moon than on earth, does that mean you can fall from a distance 6x farther than on earth without sustaining injury?",5181
What or Who is Solar symbol?,5182
What or Who is Scanning electron microscope?,5183
Introduce errors in reference transcripts according to external dataset error model,5184
Why is it so important to finish the whole course of antibiotics?,5185
Alternatives to NCBI BLAST during US government shutdowns?,5186
What or Who is Walden?,5187
Is kissing a natural human activity?,5188
What or Who is Multimeter?,5189
How many times did terrestrial life emerge from the ocean?,5190
How does an antenna radiate (how do currents flow through the wire),5191
What or Who is All models are wrong?,5192
What are we smelling when we open a fresh can of tennis balls?,5193
How is nerve damage repaired? Is there a way to tell if nerves are permanently damaged?,5194
"The state, limitations and comparisons of large variant stores",5195
What causes fingerprints to form and why is the pattern formed unique?,5196
XKCD's modified Bayes theorem: actually kinda reasonable?,5197
Why does time slow down at high speeds?,5198
Are there any ionic amorphous solids?,5199
What or Who is Definition?,5200
Ring contraction in a carbocation due to ring strain and back bonding,5201
What or Who is Nondestructive testing?,5202
"How does the immune system ""learn"" from a vaccine?",5203
"Why do humans suffer anxiety when they view ""Trypophobia trigger images""?",5204
What or Who is Wormhole?,5205
Why does potassium react more violently with water than lithium?,5206
Why (actually) is the night sky so bright in the city? How far up is that happening?,5207
Why can current only flow in loops?,5208
Are black holes spherical during merger?,5209
"In 1899 ""Mile-a-Minute"" Charles Murphy set a bicycle world record of 60 mph by riding behind a train to reduce drag, would this approach work for human runners as well to break the elusive 30 mph threshold?",5210
What or Who is Conflict of interest?,5211
"What or Who is Earth-centered, Earth-fixed coordinate system?",5212
Is Bluetooth Communication Possible Without Pairing?,5213
What or Who is Anecdotal evidence?,5214
When (and why) should you take the log of a distribution (of numbers)?,5215
How to select kernel for SVM?,5216
Performance metrics to evaluate unsupervised learning,5217
What or Who is Bill Nye the Science Guy?,5218
What or Who is Inequality (mathematics)?,5219
Are there real-life relations which are symmetric and reflexive but not transitive?,5220
How do we know it rains diamonds on saturn?,5221
"Humans and most animals breathe in O2(dioxide) and breathe out CO2(carbon dioxide) , where does the carbon come from?",5222
Why does the CAN bus use a 120 ohm resistor as the terminating resistor and not any other value?,5223
"Why does the oxygen level in the air doesn't change dramatically, when most of the trees shed their leaves in the winter?",5224
What or Who is Adhesion?,5225
Why does the Moon's gravity cause tides on earth but the Sun's gravity doesn't?,5226
"Why does a debit card reader ask what kind of debit card you are using? It cancels the transaction if the wrong answer is given, so does that not mean it can tell what kind it is?",5227
Deriving the conditional distributions of a multivariate normal distribution,5228
What or Who is Death ray?,5229
Could viruses be used as antibiotics?,5230
"When you’re playing chess with the computer and you select the lowest difficulty, how does the computer know what movie is not a clever move?",5231
Thermodynamic stability of meta-xylene over ortho- and para-isomers,5232
What are the environmental conditions for SARS-CoV-2 to survive?,5233
"How come a child will unknowingly pee in their sleep, while an adult is capable of waking up as soon as they feel the sensation of wanting to pee?",5234
Why is the unit for capacitance so large?,5235
Can you kill bacteria just by pressing fingers against each other? How does daily life's mechanical forces interact with microorganisms?,5236
Why does the world seem so quiet when it’s snowing outside?,5237
What are the de facto required fields in a SAM/BAM read group?,5238
How do I generate a color-coded tanglegram?,5239
What or Who is Russia and weapons of mass destruction?,5240
What or Who is Digit ratio?,5241
How catastrophic is an earthquake for deep sea creatures?,5242
Why do adults lose hearing at high frequencies?,5243
dividing genome into non-overlapping windows using R,5244
How to select a cutoff for interaction confidence in STRINGdb?,5245
How is temperature sensed?,5246
Yuo're prboably albe to raed tihs setencne. Deos tihs wrok in non-alhabpet lanugaegs lkie Chneise?,5247
What or Who is Cosmos (Sagan book)?,5248
What or Who is Ocean acidification?,5249
What or Who is Just-world hypothesis?,5250
"Human evolution: Where *exactly* did the first human come from, whose parents were not?",5251
How do calculators solve complex problems like matrices graphing etc. do programers have to write out every solution or are there shortcuts?,5252
"If I enter a password wrong thrice, the system locks me out. How are hackers able to attempt millions of combinations of passwords without the system locking them out?",5253
What or Who is Mathematical model?,5254
The direct sum $\oplus$ versus the cartesian product $\times$,5255
"when a person is dehydrated and starts drinking water, how does the redistribution process work? Do the most essential parts get filled to “100%” (to use a battery analogy) or just enough to get out of the danger zone and then hydrate less essential parts of the body?",5256
"How does your body burn 2000 calories a day without any effort, but running a mile only burns 100 calories?",5257
How does laughing gas (N₂O) work?,5258
"Why do we use the word ""scalar"" and not ""number"" in Linear Algebra?",5259
Does $\pi$ contain all possible number combinations?,5260
What is up with the seahorse? It looks like nature hit the random button during critter creation. Where did it evolve from? what other sea critters is it related to?,5261
How do orbitals coexist with a nucleus?,5262
What is the fastest way to calculate the number of unknown nucleotides in FASTA / FASTQ files?,5263
An example: LASSO regression using glmnet for binary outcome,5264
"Why is there no cure for herpes, what is the problem that can't be solved?",5265
Why is $1 - \frac{1}{1 - \frac{1}{1 - \ldots}}$ not real?,5266
If you picked a random spot in the middle of the ocean would it be teeming with life? Or are there huge dead zones with no fish around?,5267
What or Who is Time perception?,5268
"Evolutionarily, why do male rats and horses lack nipples?",5269
How do I rename fasta headers?,5270
Visualisation of long read RNA-Seq splicing,5271
How to measure or assign hydrophobicity score values to individual amino acids of a PDB structure?,5272
What would the night sky look like if the Milky Way were the only galaxy in the universe?,5273
"The video game ""Subnautica"" depicts an alien planet with many exotic underwater ecosystems. One of these is a ""lava zone"" where molten lava stays in liquid form under the sea. Is this possible?",5274
"When you get vaccinated, does your immunity last for a life-time?",5275
Why do some electromagnetic waves continue travelling while others disappear?,5276
How do epidemiologists determine whether new Covid-19 cases are a just result of increased testing or actually a true increase in disease prevalence?,5277
Why did the Laki eruption of 1783 produce so much fluorine?,5278
Why do antidepressants cause suicidal idealization?,5279
Why did life not evolve to use radio?,5280
How do GPS satellites refresh their clocks,5281
Should I use a categorical cross-entropy or binary cross-entropy loss for binary predictions?,5282
how did the sizes of mattresses become standardized? Is there a regulation authority for such things?,5283
Coriolis effect and Cyclones,5284
"Is $[0,1]$ a countable disjoint union of closed sets?",5285
A good way to retain mathematical understanding?,5286
What or Who is Feature engineering?,5287
Is there any practical use for astronomy?,5288
What or Who is Air separation?,5289
What or Who is History of printing?,5290
What or Who is Morning?,5291
What or Who is Spontaneous process?,5292
What or Who is Telepathy?,5293
Add a passive hardware token using a 3.5mm jack,5294
"When a person gets a cut, is it better to wipe off the blood or let the blood coagulate to protect the cut?",5295
Is there anything the human body has three of?,5296
What are some good practices to follow during EPIC DNA methylation data analysis?,5297
What or Who is Bioelectrical impedance analysis?,5298
What or Who is Manjaro?,5299
"Counting from the 21st century forward, what place on Earth will be last to experience a total solar eclipse?",5300
"Serious alternate form of the Drake Equation, or graffiti?",5301
Could liquid water have existed in open space 15 million years after the Big Bang?,5302
"If every digital thing is a bunch of 1s and 0s, approximately how many 1's or 0's are there for storing a text file of 100 words?",5303
What benefits do higher-rated NMR tubes provide?,5304
Efficient online linear regression,5305
"When a storm like Irma is at sea, what's happening below the surface?",5306
Why is arsenous acid denoted H3AsO3?,5307
The maximum limits to human lifespan appears to be around 120 years old. Why does the limit to human life expectancy seem to hit a ceiling at this particular point?,5308
"Why is chicken meat white, but beef red?",5309
What or Who is APA style?,5310
What or Who is Shoe size?,5311
Why weights on cables between utility poles?,5312
When did people realize that a whip crack was breaking the sound barrier? What did people think was causing that sound before then?,5313
Does gravity increase the closer to the core you get?,5314
Filtering bases based on phred qualities with pysam,5315
Why do certain antidepressants stop you having an orgasm or ejaculating properly?,5316
Please explain the waiting paradox,5317
"How comes when you buy vitamins separately, they all come in these large capsules/tablets, but when you buy multivitamins, they can squeeze every vitamin in a tiny tablet?",5318
What is the formula used for atmospheric visibility?,5319
How did the largest/longest dinosaurs hold their head and necks up?,5320
"Fastest way to meet, without communication, on a sphere?",5321
What or Who is Field of view?,5322
Is there any way of using biopython to write Swissprot files?,5323
Why is dU an exact differential and dq an inexact differential?,5324
Why does fructose reduce Tollen's reagent and Fehling's solution?,5325
Pipetting damage to cells,5326
What or Who is Margaret Hamilton (software engineer)?,5327
Were cyclones more powerful when the Earth was covered in superoceans?,5328
What or Who is Awareness?,5329
How far apart are stars in a binary system?,5330
What or Who is Crop circle?,5331
"What, precisely, is a confidence interval?",5332
"If someone was to cover their eyes for a year straight without seeing any light, would it just be really bright when they take it off then slowly adjust back to normal or would it have a permanent affect on the persons vision?",5333
What or Who is Error bar?,5334
Salmon output: transcripts quantified with zero reads support,5335
Why are some salt solutions coloured?,5336
"What is a good, convincing example in which p-values are useful?",5337
"What do they mean when they say Jupiter is a ""gas"" planet? Could a rocket be shot through it? Could an astronaut (or spacecraft) ""land"" on it?",5338
"If the Oxford vaccine targets Covid-19's protein spike and the Moderna vaccine targets its RNA, theoretically could we get more protection by getting both vaccines?",5339
Why does adding white vinegar to the laundry take care of bad smells and why don't laundry detergents already contain these properties?,5340
Why do astronauts breathe 100% oxygen?,5341
What or Who is Fluid catalytic cracking?,5342
Why is the letter J omitted in the spdf... sequence?,5343
What or Who is Vapor-compression refrigeration?,5344
What or Who is RAND Corporation?,5345
Do large animals often evolve into smaller animals?,5346
Why does the Moon appear gray when passing between the Sun and the Earth?,5347
Recharge a dry aquifer?,5348
Why can't RGB or bicolour LEDs produce a decent yellow?,5349
"Why is Chernobyl deemed to not be habitable for 22,000 years despite reports and articles everywhere saying that the radiation exposure of being within the exclusion zone is less you'd get than flying in a plane or living in elevated areas like Colorado or Cornwall?",5350
"Which ""mean"" to use and when?",5351
if crab fishing is so dangerous (think Deadliest Catch) why aren’t there crab farms like we have with fish?,5352
"Why can’t you spend dirty money like regular, untraceable cash? Why does it have to be put into a bank?",5353
"When it rains, do flies or other flying bugs dodge raindrops? And if not, is each impact like being hit by a gigantic missile of water?",5354
What or Who is Bioremediation?,5355
"Moon is in goldilocks zone but barren, what other criterions would declare a planet habitable?",5356
Feature selection and cross-validation,5357
Is it possible for a deck of cards to be shuffled accidentally into perfect order?,5358
Why do only two sexes exist for animals?,5359
What or Who is Home economics?,5360
Can a premium HDMI cable outperform a standard cable?,5361
How can I count the number of reads that support a variant in a bam file?,5362
What causes that foul taste with combination of toothpaste and orange juice?,5363
What or Who is Carrying capacity?,5364
"What is a ""saturated"" model?",5365
What place on Earth is closest to the Sun?,5366
hy does the time you feel like you were asleep for not match how long you were actually asleep for?,5367
What or Who is Case–control study?,5368
Do humans have enough biological differences to be grouped into races or subspecies?,5369
What or Who is Red Star OS?,5370
Theoretically if there were 6 black holes making a cube shape that blocked off all entrances and you went into the empty space between the black holes (without getting sucked in) what would happen to space and time around you and outside of the theoretical black hole cube?,5371
"why is it a problem that it takes so much water to produce 1kg of beef - something like 15,000 liters - if the cows just pee it all back out anyway?",5372
What is a coupled reaction and why do cells couple reactions?,5373
Will Saturn's rings become a moon?,5374
Stability Comparison between the Tropylium and Tricyclopropylcarbinyl Carbocation,5375
What or Who is Laboratory?,5376
How do French words like “cul-de-sac” and “hors d'oeuvres“ end up part of the English language without being translated to English words?,5377
What or Who is If and only if?,5378
An Introduction to Tensors,5379
What or Who is Noon?,5380
"How do we know we’ve discovered a new species of human based on a single fossil, and not just a really ugly dude?",5381
Why is there a line of volcanoes along the northwest coast of North America?,5382
What or Who is Cetane number?,5383
What or Who is Wetland?,5384
Clarification on Gene Enrichment,5385
Why do we lose Appetite when we are anxious/Nervous?,5386
What is physically different between a high-end CPU (e.g. Intel i7) and a low-end one (Intel i3)? What makes the low-end one cheaper?,5387
What or Who is Decimal time?,5388
What or Who is Bechdel test?,5389
"I see snails appear when raining, but where do they come from, and where do they disappear to when it gets sunny?",5390
"Do homing pigeons fly straight home or follow certain ""highways""?",5391
Interpretation of a seismogram (three components),5392
"ow is it that Cows can consume the same fibrous grass that makes every other herbivores scat into tight balls, somehow manage to produce turds of such low density as to be called ""cow patties""? ?",5393
How can I tell the size of a barrel power connector?,5394
"""Middle row anomaly"" of the periodic table",5395
What or Who is Heuristic (psychology)?,5396
Do most mathematicians know most topics in mathematics?,5397
What or Who is Francis Bacon?,5398
What or Who is Ocean current?,5399
Is not wanting to have kids becoming more common?,5400
"How come we can see highly detailed images of a nebula 10,000 light years away but not planets 4.5 light years away?",5401
Do we know whether Covid is actually seasonal?,5402
What or Who is Hypothesis?,5403
Are Richter-magnitude 10 earthquakes possible?,5404
Find a real function $f:\mathbb{R}\to\mathbb{R}$ such that $f(f(x)) = -x$?,5405
How can the Bonding in IF7 be explained using LCAO method?,5406
What or Who is Flying and gliding animals?,5407
"Why does ""Hoo"" produce cold air but ""Haa"" produces hot air ?",5408
What or Who is Invention?,5409
Batteries. Why use 9V?,5410
"When a pen quits half way through the word, why will it write on a fresh piece of paper but not over the words it failed to write in the first place?",5411
Why do vaccines cause your arm to hurt?,5412
"Why do nearsighted people need a prescription and a $300 pair of glasses, while farsighted people can buy their glasses at the dollar store?",5413
What's special about 14.31818 MHz?,5414
Difference between logit and probit models,5415
"Why is breakfast ""the most important meal of the day""?",5416
Why Does Salt Water Help Sore Throats?,5417
What or Who is Relative change?,5418
What or Who is Menstrual synchrony?,5419
How to build a BAM header file with htslib in C++?,5420
What or Who is Nielsen Media Research?,5421
How much would the Greenland landmass isostatic rebound contribute to long term climate change?,5422
What is the purpose of the little individual hairs on tires?,5423
Could a magnet pull oxygen out of the air?,5424
How to interpret a QQ plot?,5425
What or Who is Ernest Shackleton?,5426
Why does looking at bright light trigger sneezing in some people?,5427
How to connect USB Connector shield?,5428
How do porcupines keep from pricking each other while mating?,5429
Do antibiotics kill all healthy gut bacteria and if so how does the body return to normal after treatment?,5430
Will new stars stop forming at some point of time?,5431
What or Who is Flocculation?,5432
What or Who is Heat treating?,5433
Is 2015's record average temperature evidence that we are now experiencing runaway climate change?,5434
Choosing the right condenser,5435
Why are there no cheap diamond equivalents?,5436
What or Who is Avogadro constant?,5437
What or Who is Alie Ward?,5438
What or Who is Producer–consumer problem?,5439
How do you explain to a 5th grader why division by zero is meaningless?,5440
What or Who is Shape?,5441
What is the proper usage of scale_pos_weight in xgboost for imbalanced datasets?,5442
What caused the growing whining sound when old propeller planes went into a nose dive?,5443
Is it possible to contract COVID 19 a second time?,5444
How does ammonium nitrate explode on its own?,5445
"how do cuts on the inside of your mouth, on your cheek, tongue and lip not get super infected by all of our nasty mouth germs?",5446
What or Who is Steam reforming?,5447
Can I sense a bright star pointing an eight foot antenna towards it?,5448
What is the practical difference between watts and VA (volt-amps)?,5449
What tools allow a quick comparison of NetCDF output from ocean models?,5450
How do I design my very own ARM based processors?,5451
How it's possible to measure temperature 2000 years ago with such precision?,5452
How and why did the oceans form on Earth but not on other planets?,5453
Why is Earth's inner core solid?,5454
Uppercase vs lowercase letters in reference genome,5455
Why do we laugh?,5456
What or Who is Whole Earth Catalog?,5457
What has changed in the last 20-30 years so that it now takes two incomes to maintain a household?,5458
What is the difference between HPLC and FPLC and why is FPLC preferable for protein purification?,5459
What or Who is Instrumentation and control engineering?,5460
Why do nuclear power plants have those distinct concave-shaped smoke stacks?,5461
what is it about electricity that makes it so dangerous to the human body?,5462
Why cant they anesthetize chemo patients so they don’t feel the pain from chemotherapy?,5463
Can someone explain what abstract reasoning is to me?,5464
What or Who is Svalbard Global Seed Vault?,5465
What or Who is Social?,5466
Why is the square root transformation recommended for count data?,5467
How to merge sam files together with adding read groups,5468
Was the Sun's gravitational lensing observed in other solar eclipses than the one in 1919?,5469
What or Who is Spitzer Space Telescope?,5470
What or Who is Galileo affair?,5471
"Is the center of our galaxy, the Sagittarius A* black hole a former star?",5472
What are i.i.d. random variables?,5473
What or Who is Small Is Beautiful?,5474
Why use PLC instead of microcontroller?,5475
How does the precession of the Earth's apses affect climate?,5476
"R vs SAS, why is SAS preferred by private companies?",5477
What or Who is Telematics?,5478
"Are there viruses that infect, reproduce, and spread without causing any ill effects in their hosts?",5479
Is it known how the first viruses formed?,5480
What or Who is Grammatical mood?,5481
FeaturePlot from Seurat: change its title,5482
What or Who is Landrace?,5483
How do I get the square root of a complex number?,5484
What or Who is Difference in differences?,5485
"I just saw this bird outside my apartment. Anyone know what it is? (Texas, US)",5486
What (the heck) is a Super Worm Equinox Moon?,5487
Do people become immune to CoVid-19 after recovering from it?,5488
Does a green or yellow sky actually indicate a tornado?,5489
What or Who is Seismometer?,5490
PLINK clump behavior on missing SNPs?,5491
"Why do pregnant bellies ""pop out"" the belly button while fat bellies result in a cavernous belly button?",5492
"Why do crystals, like quartz and diamonds, form in different colors?",5493
How fast does the rotor in ATP synthase spin?,5494
Is there anything that is completely non-toxic to humans at any dose?,5495
Why are the solutions of polynomial equations so unconstrained over the quaternions?,5496
What or Who is Royal Society?,5497
Why does a vaccine have to be injected through a needle?,5498
What or Who is Estuary?,5499
Why is polyploidy lethal for some organisms while for others is not?,5500
What or Who is Mid-ocean ridge?,5501
How does an intoxicated person’s mind suddenly become sober when something very serious happens?,5502
What or Who is Cultural studies?,5503
What or Who is Case mix index?,5504
Lanes of flat ocean surface in coastal waters,5505
Show that the determinant of $A$ is equal to the product of its eigenvalues,5506
What or Who is Beer–Lambert law?,5507
Impractical question: is it possible to find the regression line using a ruler and compass?,5508
What or Who is Somatotype and constitutional psychology?,5509
"What is the percentage of the global water cycle (evaporation, precipitation) that occurs over the ocean?",5510
What or Who is Remote viewing?,5511
What or Who is Beamforming?,5512
Acid Accident Treatment,5513
What or Who is Cosmogony?,5514
Difference between Brushless Motor and Stepper Motor,5515
What or Who is Miracle Mineral Supplement?,5516
Why Bioconductor?,5517
Find five positive integers whose reciprocals sum to $1$,5518
Is there an elementary proof that $\sum \limits_{k=1}^n \frac1k$ is never an integer?,5519
What or Who is Social work?,5520
What or Who is GPS tracking unit?,5521
How did viruses come to exist in the first place? How likely is it that they would exist on other planets with forms of life?,5522
Why is that if you fall asleep hungry you still wake up feeling more or less fine?,5523
What is space made out of? What is the blackness in space?,5524
What or Who is Data (Star Trek)?,5525
What is the difference between dynamic and static electronic correlation,5526
Does volcanic activity fluctuate?,5527
What is a quick way to find the reverse complement in bash,5528
What or Who is Ecological succession?,5529
"How does a computer network like HBO's handle the massive output of data for short bursts of time, like a GoT episode?",5530
"What is the ""knot"" in your muscle that gets ""worked out"" during a massage?",5531
Are the antibodies developed by differing vaccines still the same?,5532
Is there a general formula for solving Quartic (Degree $4$) equations?,5533
What is electrical insulation tape officially for?,5534
When did people stop believing in the old gods like Greek and Norse? Did the Vikings just wake up one morning and think ''this is bullshit''?,5535
What or Who is Mathematics education?,5536
Natural nuclear explosions,5537
What or Who is Lens flare?,5538
What or Who is Physical property?,5539
Calculating the parameters of a Beta distribution using the mean and variance,5540
"How come it’s nearly impossible to get vitamine D overdose from the sun, but you can from supplements?",5541
Why doesn't water burn?,5542
Why does packaging tape adhere so well to cardboard but terribly to almost everything else?,5543
What or Who is Fermat's principle?,5544
How close would you have to get to the sun for the vacuum of space to be at room temperature?,5545
Why can't neurons undergo cell division?,5546
How does your body decide where it takes fat from when you're burning fat?,5547
"When I breathe in dust, how does it eventually leave my body?",5548
What does iOS do differently to Android for iPhones to only need 1-2 GB of RAM?,5549
"In HBO's Chernobyl, radiation sickness is depicted as highly contagious, able to be transmitted by brief skin-to-skin contact with a contaminated person. Is this actually how radiation works?",5550
Does my Arduino-based device need FCC certification?,5551
How could a hobbyist astronomer determine apparent magnitude of a star?,5552
What or Who is Anatomy?,5553
What or Who is Ten percent of the brain myth?,5554
What or Who is Computer science and engineering?,5555
Why do CPUs need so much current?,5556
Why is there a matter/anti-matter asymmetry in the universe?,5557
What or Who is Spaced repetition?,5558
"In the USA, why do emergency broadcast warnings sound like absolute garbage? It’s usually a robotic sounding voice that sounds like they are reporting from the middle of a static storm. Why is there so much extra noise in these recordings?",5559
Why do more tornadoes happen late in the day?,5560
What does the dot product of two vectors represent?,5561
What is batch size in neural network?,5562
"Explain the difference between multiple regression and multivariate regression, with minimal use of symbols/math",5563
"Why is it that when we first look at a clock, the first second seems to take a lot longer than usual to pass, but keeps on going as usual afterwards?",5564
How to check if a point is inside a rectangle?,5565
What or Who is Standards organization?,5566
What or Who is Electronic harassment?,5567
"Is there any mathematical proof that was at first solved in a very convoluted manner, but nowadays we know of a much simpler and elegant way of presenting the same proof?",5568
What or Who is Design of experiments?,5569
how have supply chains not recovered over the last two years?,5570
Most countries in the world seem to be in debt. Who exactly do they owe? Are there any consequences for them being in debt?,5571
"If you stand on a skateboard, hold an umbrella in front of you, point a leafblower at it and turn it on, which direction will you move?",5572
"If the universe is expanding in all directions, does that mean that the universe is shaped like a sphere?",5573
What or Who is Bach flower remedies?,5574
What or Who is Branches of science?,5575
What is this strange sea creature we found on the beach?,5576
How did Mars come to have a 24 hour 39 minute day?,5577
"How exactly does ""turning it off and on again"" fix such a wide variety of different tech problems?",5578
"Do ringwoodite minerals point to an ""ocean's worth"" of water, or a true subterranean ocean?",5579
What or Who is Vulcanization?,5580
"At each step of a limiting infinite process, put 10 balls in an urn and remove one at random. How many balls are left?",5581
What or Who is Solubility table?,5582
What do swordfish use their sword for?,5583
"If Hubble can make photos of galaxys 13.2ly away, is it ever gonna be possible to look back 13.8ly away and 'see' the big bang?",5584
What or Who is Kurt Debus?,5585
"If you placed wood in a very hot environment with no oxygen, would it be possible to melt wood?",5586
What or Who is Waist-to-height ratio?,5587
What or Who is Supercooling?,5588
What or Who is The Population Bomb?,5589
"We can't see beyond the observable universe because light from there hasn't reached us yet. But since light always moves, shouldn't that mean that ""new"" light is arriving at earth. This would mean that our observable universe is getting larger every day. Is this the case?",5590
What or Who is Instrumentation?,5591
What or Who is Pinky and the Brain?,5592
What or Who is Starfish Prime?,5593
What is a parsec and how is it measured?,5594
How did soldiers in hot countries in middle east and India survive the heat during wars wearing a metal body armor when temperatures in these regions touched 35 degree celcius (95f) in summer days?,5595
What or Who is Spectral line?,5596
What or Who is Institute of technology?,5597
What or Who is Space Shuttle Columbia disaster?,5598
Why was the initial theory of plate tectonics so controversial?,5599
How do we know the laws of physics are the same throughout the universe?,5600
"Why does CaCO3 react with HCl, but not with H2SO4?",5601
What or Who is Physical cosmology?,5602
What or Who is Franck–Condon principle?,5603
What is the human energy consumption by organ?,5604
Why do nostril pimples hurt so much more than regular pimples?,5605
What or Who is Engineering education?,5606
Is it really OK to supply more current than what the component is rated for?,5607
A chicken egg is 40% calcium. How do chickens source enough calcium to make 1-2 eggs per day?,5608
US Election results 2016: What went wrong with prediction models?,5609
Why are (pretty much) all tires black?,5610
What or Who is Strauss–Howe generational theory?,5611
Criticism of Pearl's theory of causality,5612
High-intensity ultrasound is being used to destroy tumors rather deep in the brain. How is this possible without damaging the tissue above?,5613
Prove $\operatorname{rank}A^TA=\operatorname{rank}A$ for any $A\in M_{m \times n}$,5614
"Why do soft baked goods go hard when they get stale, and hard baked goods go soft when they're stale?",5615
Do animals have blood types like we do?,5616
Connection between Fourier transform and Taylor series,5617
(Why) Is there more landmass on Earth's Northern hemisphere than the Southern Hemisphere?,5618
Quantum Mechanics after the detection of Gravitational Waves,5619
Chirality of symmetrically substituted biphenyl,5620
Why is geothermal heat insignificant to surface temperature?,5621
Different ways to prove there are infinitely many primes?,5622
What or Who is Event (philosophy)?,5623
"why is 3G and lesser cellular reception often completely unusable, when it used to be a perfectly functional signal strength for using data?",5624
"why is it bad to transplant a houseplant into a pot that's too big for it, but the same plants can grow in the wild with unlimited soil?",5625
"With the US now withdrawn from the WHO, how badly will that affect the seasonal flu vaccine development?",5626
"Why exactly is it wrong to remove a USB stick without first clicking ""safely remove/eject""?",5627
"Why is a heritability coefficient not an index of how ""genetic"" something is?",5628
What or Who is Blue Whale Challenge?,5629
Stranded vs solid wire,5630
What does 1x1 convolution mean in a neural network?,5631
Finding the optimal resolution parameter in Seurat's FindClusters function,5632
How to make Martian soil,5633
What or Who is Water-fuelled car?,5634
Are half of all numbers odd?,5635
How does trace amounts of fetanyl kill drug users but fetanyl is regularly used as a pain medication in hospitals?,5636
What are good basic statistics to use for ordinal data?,5637
Is it possible to forecast ocean salinity 100 years into the future?,5638
"Do (fighter) airplanes really have an onboard system that warns if someone is target locking it, as computer games and movies make us believe? And if so, how does it work?",5639
What is the status of the Raymo & Ruddiman idea that Tibet cooled the Earth?,5640
Standard PCB trace widths?,5641
Is there any advantage to one blood type over another?,5642
What would be the effect of the addition of an inert gas to a reaction at equilibrium?,5643
What is input and output impedance of an opamp?,5644
Is earthquake prediction possible?,5645
"Why can some people only sleep on their back, and others only on their front or side?",5646
Competing PCB Crystal layout recommendations,5647
What would the effects be on Earth if Jupiter was turned into a star?,5648
What or Who is Dyscalculia?,5649
"USART, UART, RS232, USB, SPI, I2C, TTL, etc. what are all of these and how do they relate to each other?",5650
What or Who is Locard's exchange principle?,5651
I have a theory: If there is an infinite amount of negative numbers and there is an infinite amount of positive numbers then the total amount of numbers would be odd. Because 0 is in the center. For every positive number there is an negative counterpart. Am I right? Can we prove this with math?,5652
"What is a ""zip file"" or ""compressed file?"" How does formatting it that way compress it and what is compressing?",5653
Free circuit simulator for educational purposes,5654
What or Who is Institutional review board?,5655
Do factorials really grow faster than exponential functions?,5656
What or Who is Hans Christian Ørsted?,5657
mtDNA is passed down from females to all of their children; shouldn't there be people around who carry denisovan or neanderthal mtDNA because they had a great- great- (etc) grandmother who was denisovan or neanderthal?,5658
How to represent a deletion at position 1 in a VCF file?,5659
How can the intense color of potassium permanganate be explained with molecular orbital theory?,5660
What or Who is BLC1?,5661
Many of us haven’t been sick in over a year due to lack of exposure to germs (COVID stay at home etc). Does this create any risk for our immune systems in the coming years?,5662
"How does the current know how much to flow, before having seen the resistor?",5663
What or Who is Praxeology?,5664
What or Who is Analytic–synthetic distinction?,5665
What's the biggest organic molecule that could have a smell?,5666
"Why are flowers attractive to humans even if we might not get any reward (fruit, nectar) from them?",5667
Why is this makeblastdb command not working?,5668
What is the difference between independent and mutually exclusive events?,5669
Are genitalia sexualized differently in cultures where standards of clothing differ greatly from Western standards?,5670
Do animals exhibit handedness (paw-ness?) preference?,5671
What or Who is Antifragile (book)?,5672
What or Who is Hall–Héroult process?,5673
What or Who is Great Filter?,5674
Do some genes follow Rock-Paper-Scissors model of dominance?,5675
Why did old TVs require that the channel be on 3 before accessories like VCRs and game consoles could work on them?,5676
What or Who is Gravimetric analysis?,5677
Did the Geothermal Power Plant contribute to Pahoa's Lava Fissures?,5678
What or Who is Observer effect (physics)?,5679
Why does a web browser require 4 gigabytes of RAM to run?,5680
Statistics interview questions,5681
Why is acne so hard to get rid of?,5682
Why are hail storms always brief?,5683
Why are solids and liquids not included in the equilibrium constant? What about in a reaction rate calculation?,5684
What exactly is a Tesseract?,5685
What or Who is Liana?,5686
Does human brain store duplicate data?,5687
What or Who is Units of textile measurement?,5688
Why do plants fruit?,5689
Does an unbalanced sample matter when doing logistic regression?,5690
What or Who is Vril?,5691
What or Who is Well to Hell?,5692
What or Who is Solar cycle?,5693
What or Who is Rush hour?,5694
Are there any rolling hash functions that can hash a DNA sequence and its reverse complement to the same value?,5695
Which are the biggest methodological differences between the archaeological and geological approaches to stratigraphy?,5696
What do butterflies eat?,5697
Are there any animals that are both poisonous and venomous?,5698
Can you raise a number to an irrational exponent?,5699
What or Who is Astrology?,5700
"When Intel / AMD choose their Nanometer Processes, why were the specific numbers, 5, 7, 10, 14, 22, 32, 45, etc chosen?",5701
"How realistic is the cancer ""vaccine"" talked about recently?",5702
What or Who is Beakman's World?,5703
What causes a star to become a pulsar?,5704
What or Who is Refrigeration?,5705
Why do transition elements make colored compounds?,5706
Is there evidence that some non-human species perform sexual selection based primarily on intelligence? How do they do this?,5707
Intuition of the meaning of homology groups,5708
Self-Contained Proof that $\sum\limits_{n=1}^{\infty} \frac1{n^p}$ Converges for $p > 1$,5709
Including the interaction but not the main effects in a model,5710
Warning in R - Chi-squared approximation may be incorrect,5711
"Why is it that some muscles «burn» while exercised hard, while in others you experience more of a fatigue-like feeling?",5712
What or Who is Spectrogram?,5713
"If the great pacific garbage patch WAS compacted together, approximately how big would it be?",5714
What or Who is Colorimeter (chemistry)?,5715
What or Who is Qualia?,5716
How to interpret F-measure values?,5717
Why are there teardrops on PCB pads?,5718
What or Who is Dependent and independent variables?,5719
How to interpolate scattered data to a regular grid in Python?,5720
"If nuclear waste will still be radioactive for thousands of years, why is it not usable?",5721
Are there gemstones on the moon?,5722
Is it possible to perform MinION sequencing offline?,5723
What or Who is Creativity?,5724
Measuring feline capacitance,5725
Why square the difference instead of taking the absolute value in standard deviation?,5726
Why would a plant evolve to produce an addictive chemical?,5727
Is a negative pH level physically possible?,5728
What is the difference between off-policy and on-policy learning?,5729
What or Who is New media?,5730
Why does the El Niño Stop?,5731
Server for finding kmers in set of sequences,5732
What or Who is Occam's razor?,5733
What or Who is Total station?,5734
Do all stars have an Oort cloud or is it a rare occurence?,5735
What or Who is Neil deGrasse Tyson?,5736
What or Who is Beach?,5737
What is the actual cause of excessive zeroes in single cell RNA-seq data? Is it PCR?,5738
Are gene names same across species?,5739
What or Who is Strategic Defense Initiative?,5740
Is the neutral wire considered safe?,5741
What can we learn by studying lunar atmospheric tides?,5742
What or Who is Arithmetic?,5743
hat happens to all the melted candle over time? Are we just inhaling a whole candle while it burns?,5744
What or Who is Ley line?,5745
How to know that your machine learning problem is hopeless?,5746
Why is it advised that infants are fed mother's milk?,5747
Using proof by contradiction vs proof of the contrapositive,5748
What or Who is Cybernetics?,5749
Where can obsidian be found?,5750
How does one measure what causes earthquakes?,5751
Expectation of the maximum of gaussian random variables,5752
"Why can the regenerative brakes of the Oslo Metro only share energy with other trains if they are ""nearby""?",5753
What is a straw man argument?,5754
"Why doesn't a dark chocolate bar break predictably, despite chocolate's homogeneity and deep grooves in the bar?",5755
How can a person be 50% fat when we consist of approximately 60% of water?,5756
why do computers get slower over times even if properly maintained?,5757
Why is main's neutral tied to earth?,5758
"On an atomic level, what causes things to be shiny, dull, or reflective ?",5759
Proof that ${\left(\pi^\pi\right)}^{\pi^\pi}$ (and now $\pi^{\left(\pi^{\pi^\pi}\right)}$) is a noninteger.,5760
What or Who is Black salve?,5761
Where can I get archived hourly temperature data?,5762
Why doesn't our brain go haywire when magnetic flux is present around it?,5763
What or Who is Ann Druyan?,5764
What or Who is Paranormal television?,5765
"How does a Coronavirus ""test kit"" work?",5766
Why does the cold make us sick?,5767
"Why is it good for you to raise your heart rate through aerobic exercise but not through caffeine, stress, anxiety, etc?",5768
What or Who is Scott Manley?,5769
"Is it possible for a single, random atom to split on its own, at any time?",5770
Wikipedia explains that String Field Theory is a part a of Quantum Field Theory while regular String Theory is not. What exactly is the difference between String Field Theory and String Theory?,5771
Using k-fold cross-validation for time-series model selection,5772
What or Who is Reticle?,5773
why do houseflies get stuck in a closed window when an open window is right beside them? Do they have bad vision?,5774
"If a person left Earth and were to travel in a straight line, would the chance of them hitting a star closer to 0% or 100%?",5775
What or Who is History of the metre?,5776
"What happens when a tap is off? Does the water just wait, and how does keeping it there, constantly pressurised, not cause problems?",5777
Is a patch of grass one singular organism? Or is multiple? How can you discern one specific organism of grass from another?,5778
What or Who is Precognition?,5779
What or Who is Human Poverty Index?,5780
What or Who is Contents of the Voyager Golden Record?,5781
"Is it possible to get eye damage, or even a sunburn, from the moon's light?",5782
Why do we retain memories if all of our cells replace themselves after a small amount of years?,5783
Why are prions in animal diets not destroyed by the digestive system?,5784
What or Who is George Cayley?,5785
Are cloudy nights warmer than nights without clouds?,5786
What or Who is Decaffeination?,5787
What or Who is New Math?,5788
"Since batteries are essentially reduction-oxidation reactions, why do most batteries say not to charge them since this is just reversing the reaction? What is preventing you from charging them anyway?",5789
What effect does Viagra have on a [biological] female?,5790
Converting a BAM file into VCF,5791
Converter between PDB or mmCIF and MMTF,5792
Are there non-rotating objects in the universe?,5793
"Why and how do some hairs ""know"" when to stop growing (e.g. eyebrows, arms, eyelashes) while others (e.g. scalp, beard) doesn't seem to?",5794
Reaction of alcohols with PCl5 and PCl3,5795
"The Spanish Flu of 1918 was a strain of H1N1, but how do we know that?",5796
BAM to BigWig without intermediary BedGraph,5797
Was the super massive black hole at the center of the Milkyway ever anything else?,5798
Behavior of `--reference` flag with samtools sort,5799
How to intuitively understand eigenvalue and eigenvector?,5800
"Since water boils at lower temperatures at high altitudes, will boiling water at high elevation still sanitize it?",5801
Why does the series $\sum_{n=1}^\infty\frac1n$ not converge?,5802
Why India is the only place commonly called a subcontinent?,5803
120-year-old gene regulation problem independently solved by a computer. How?,5804
What or Who is Stephen Wolfram?,5805
What is Copper Thieving and why use it?,5806
What's the cheapest way to link a few microcontrollers wirelessly at low speeds over short distances,5807
Bottom to top explanation of the Mahalanobis distance?,5808
What or Who is Lal Bagh?,5809
What or Who is Soyuz (spacecraft)?,5810
Supercomputer Vs Human Brain,5811
What kind of glue should I use for PCB-mounted components to avoid vibrations?,5812
Is there value in using a model that fails at validation against measurements?,5813
What or Who is Corpuscular theory of light?,5814
Why is ATP the preferred choice for energy carriers?,5815
How did ancient people keep stored water supplies such as cisterns safe to drink?,5816
What should be the oxidation state of oxygen in HOF (hypofluorous acid)?,5817
Why do tattoos persist if body cells are regularly renewed?,5818
Electrical conductivity of graphite,5819
why is a chip on a credit card considered ‘safer’ than swiping the magnetic strip?,5820
How did long pre-industrial ship voyages deal with drinking water?,5821
"Why is the Vitamin B complex, a ""complex""?",5822
What or Who is Reflection coefficient?,5823
"Why does the FASTA sequence for coronavirus look like DNA, not RNA?",5824
"If Tesla was on the path of making electricity be conducted through air, like WiFi, how come we can't do it now since technology advanced so much?",5825
What or Who is Loon LLC?,5826
Maximum spin rate of a black hole?,5827
Is ridge regression useless in high dimensions ($n \ll p$)? How can OLS fail to overfit?,5828
"If for some reason you have a handful of feces in your hand and you wash it off with disinfectant soap but your hand still smells like feces, does that mean your hand is still contaminated?",5829
What or Who is Cambrian explosion?,5830
What or Who is Water clock?,5831
How to compute RPKM in R?,5832
How do we induce a coma and how exactly does it help the patient?,5833
Multithread fastq processing with kseq.h in C++11?,5834
What's the difference between a confidence interval and a credible interval?,5835
"what is the reason that almost every video game today has removed the ability for split screen, including ones that got famous and popular from having split screen?",5836
Is there geological evidence that the moon once collided with the Earth?,5837
How do third party headphones with volume control and play/pause buttons send a signal to my phone through a headphone jack?,5838
What or Who is Storm chasing?,5839
"Can years long chronic depression IRREVERSIBLY ""damage"" the brain/ reduce or eliminate the ability to viscerally feel emotions?",5840
What or Who is Theorem?,5841
Is Earth's moon the only one where a total eclipse of the sun covers the entire sun?,5842
Is there an ideal PWM frequency for DC brush motors?,5843
What or Who is Conjecture?,5844
What or Who is Deke Slayton?,5845
Is there a correct resistance value for I2C pull-up resistors?,5846
"When inside a large group of people (at a stadium, concert, festival), why does your phones internet data stop working despite having full bars? Why does such a large presence of phones in one area limit every phones’ usability and ability to even simply send a text message?",5847
How did they beam back live images from the moon before the invention of the CCD or digital sensor?? What device turned the image into radio waves?,5848
What or Who is Forest cover by state and territory in the United States?,5849
What or Who is Sextant?,5850
What or Who is Mass flow sensor?,5851
What is the role of pH in azo coupling reaction of diazonium with phenol and aniline?,5852
What is this crawling next to my house?,5853
Why does peeing after sex help prevent uti's?,5854
Why isn't the American nickel magnetic?,5855
Why do Earth and Venus have different atmospheres?,5856
What does this lambda–sigma notation mean?,5857
Why does an electrical shock freeze up muscles?,5858
What or Who is Bertrand Russell?,5859
What or Who is Interdimensional UFO hypothesis?,5860
Importing GFF file with Biopython,5861
"If we can see cells with a microscope, why can’t we just keep adding lenses/magnification to see atoms fairly clearly (with electrons etc.)?",5862
"Is it possible to suffer permanent damage if a part of your body ""falls asleep"" for long enough?",5863
What or Who is Unani medicine?,5864
What or Who is Haversine formula?,5865
Why doesn't Random Forest handle missing values in predictors?,5866
Why can't calculus be done on the rational numbers?,5867
Is it possible for a computer to count to 1 googolplex?,5868
What or Who is Statistical hypothesis test?,5869
What or Who is Facial symmetry?,5870
Did neanderthals need vitamin C from the diet?,5871
"Why is it that, if you add any sequence of numbers like this (1 + 2 + 3 + 4 + 5 + 6 + 7 + 8 + 7 + 6 + 5 + 4 + 3 + 2 + 1), the sum is always the square of the largest number?",5872
What or Who is Sea ice?,5873
What or Who is Jodrell Bank Observatory?,5874
Acidity of substituted phenols,5875
"What caused the bend in the Emperor/Hawaii chain of islands, 45 million years ago?",5876
Why doesn’t the Sun fill the sky on Mercury?,5877
How to version the code and the data during the analysis?,5878
What happens if the explanatory and response variables are sorted independently before regression?,5879
What or Who is Cadastre?,5880
What or Who is Forty Six & 2?,5881
Intuitive explanation of unit root,5882
What or Who is Voyager Golden Record?,5883
Howcome we can see a campfire from miles away but it only illuminates such a small area?,5884
Do rainbows contain light frequencies that we cannot see? Are there infrared and radio waves on top of red and ultraviolet and x-rays below violet in rainbow?,5885
What or Who is David 8?,5886
Is there a standard k-mer count file format?,5887
Why do we feel tired if we sleep excessively?,5888
Testing equality of coefficients from two different regressions,5889
What or Who is Pacific Northwest tree octopus?,5890
"I’ve read that when caterpillars are in their cocoons, they dissolve completely into goo; no original parts survive in the butterfly. How is the butterfly made from the goo? Is there an embryo that grows and uses the goo like a yolk sac? Or does the goo somehow arrange itself into new body parts?",5891
What or Who is Snowball Earth?,5892
"How much does a covid-19 vaccine lower the chance of you not spreading the virus to someone else, if at all?",5893
What or Who is Sarin?,5894
"Why is lithium the most reducing alkali metal, and not caesium?",5895
Selecting sites from VCF which have an alt AD > 10,5896
"A math contest problem $\int_0^1\ln\left(1+\frac{\ln^2x}{4\,\pi^2}\right)\frac{\ln(1-x)}x \ \mathrm dx$",5897
What or Who is Bachelor of Technology?,5898
What or Who is Observatory?,5899
Why are there so few supernovae in M31 (Andromeda)?,5900
How did helium deposits form?,5901
What or Who is Electron affinity (data page)?,5902
What or Who is Longitude?,5903
Why is it that we don't remember falling asleep or the short amount of time leading up to us falling asleep?,5904
How is evolution possible in contemporary humans?,5905
What or Who is Factorial experiment?,5906
Difference between Random Forest and Extremely Randomized Trees,5907
Does the variance of a sum equal the sum of the variances?,5908
Gibbs free energy-minimum or zero?,5909
What or Who is Sabine Hossenfelder?,5910
"Considering that the internet is a web of multiple systems, can there be a single event that completely brings it down?",5911
Proper way of using recurrent neural network for time series analysis,5912
When is the closure of an open ball equal to the closed ball?,5913
"If an ant was the size of a human, would it still be able to lift 10x it’s body weight?",5914
What or Who is Kirlian photography?,5915
What are the differences between Factor Analysis and Principal Component Analysis?,5916
What or Who is Inertial navigation system?,5917
How is RNAse contamination in RNA based experiments prevented?,5918
Meaning of BWA-MEM MAPQ scores,5919
Fast way to count number of reads and number of bases in a fastq file?,5920
Examples of bijective map from $\mathbb{R}^3\rightarrow \mathbb{R}$,5921
What or Who is Total internal reflection?,5922
What or Who is Hyperspectral imaging?,5923
How does oobleck work?,5924
What or Who is Dowsing?,5925
How can I call structural variants (SVs) from pair-end short read resequencing data?,5926
What does the human body use oxygen for besides the final electron acceptor in the electron transport chain?,5927
Why does my room suddenly look 'reddish'? My eyes seem to adapt to color,5928
Why do 1 pF capacitors exist?,5929
Is my stomach ever completely empty? And about how much fluid is in there without and food or drink?,5930
What or Who is Aquarium?,5931
How do we have photos of galaxies so far away?,5932
How does a capacitor block DC?,5933
Why does the economy require to keep growing each year in order to succeed?,5934
What or Who is United States Naval Observatory?,5935
Is Earth getting heavier or lighter?,5936
"What makes cleaning/sanitizing alcohol different from drinking alcohol? When distilleries switch from making vodka to making sanitizer, what are doing differently?",5937
Why does a subduction zone produce a serpentinization diapir rather than volcanism?,5938
Can one see flickering of a light bulb at 50 Hz?,5939
What or Who is Distributive justice?,5940
Was there a decrease in other infectious diseases other than Covid due to wearing masks during the past two years?,5941
Application of Hilbert's basis theorem in representation theory,5942
What or Who is History of psychology?,5943
why can’t you boil a sponge to sanitize it?,5944
The best stack-up possible with a four-layer PCB?,5945
Is there a reason why human eyesight and plants make use of the same wavelength of light?,5946
"Why is it normal for children in practically all cultures to call parents ""Mother"" or ""Father"" rather than their real names?",5947
What or Who is Pyrophoricity?,5948
Closed form for $ \int_0^\infty {\frac{{{x^n}}}{{1 + {x^m}}}dx }$,5949
What or Who is Iridology?,5950
Help identifying leaf-like bone,5951
What or Who is Accretion disk?,5952
How and when people first realized that Antarctica is a continent?,5953
What or Who is Backscatter (photography)?,5954
"How does masturbating ""reduce the risk of prostate cancer""? Is it just a statistical correlation or is there a causal link?",5955
"How do we know some numbers, like Pi are endless, instead of just a very long number?",5956
How good were climate models of the 1990s at predicting the global temperature trends of the 2000s/2010s?,5957
Why do socks stink?,5958
Why is acetic acid more acidic than phenol?,5959
Can an FPGA design be mostly (or completely) asynchronous?,5960
What is responsible for the underwater waterfall illusion of Mauritius Island?,5961
What is a simple command line tool for doing Needleman-Wunsch pair-wise alignment on the command line,5962
What or Who is Latitude?,5963
What or Who is History of photography?,5964
why do bananas remain sweet and get creamy when they freeze while other fruits seize up into flavorless ice orbs?,5965
Why is Venus's atmospheric pressure 75 times that of earth when carbon dioxide is only 1.5 times heavier than air?,5966
What or Who is Speedometer?,5967
Sizing MOSFET gate resistor,5968
What or Who is Hardness comparison?,5969
What or Who is Denialism?,5970
Why is DNA antiparallel? Can it be parallel?,5971
"Whem pouring liquid from one container to another (bowl, cup), why is it that sometimes it pours gloriously without any spills but sometimes the liquid decides to fucking run down the side of the container im pouring from and make a mess all around the surface?",5972
Why is Mars cold?,5973
Why do temperature get as high as billion degrees but only as low as -270 degrees?,5974
"Why does nitration of N,N-dimethylaniline occur at the meta position?",5975
How discontinuous can a derivative be?,5976
Why do stars become red giants?,5977
What or Who is Fringe (TV series)?,5978
How do people know HCN smells like almonds?,5979
What or Who is Observation?,5980
Can an entomologist please give a further explanation of Asian Giant Hornet situation in Washington state and British Columbia?,5981
What or Who is Primate city?,5982
What or Who is Freedom House?,5983
Why do we like salt?,5984
"Integral $\int_{-1}^1\frac1x\sqrt{\frac{1+x}{1-x}}\ln\left(\frac{2\,x^2+2\,x+1}{2\,x^2-2\,x+1}\right) \mathrm dx$",5985
Why does diamond conduct heat better than graphite?,5986
"When scientists say that wormholes are theoretically possible based on their mathematical calculations, how exactly does math predict their existence?",5987
How is it not possible for NASA to have usable spacesuits by 2024?,5988
What or Who is Oxidation state?,5989
How powerful a telescope would allow me to view the astronauts aboard ISS do a space-walk?,5990
What or Who is Continuous or discrete variable?,5991
If a pregnant woman is given a vaccine does the unborn child also gain immunity?,5992
"A flu shot is a vaccine, right? But they seem to be far less reliable than other vaccines (I know many people who get flu shots each year then get the flu). What is the reason for this, and are flu shots really that important?",5993
What or Who is 36 Questions?,5994
What or Who is Attenuation coefficient?,5995
Why do classical musicians read sheet music during sets when bands and other artists don’t?,5996
What or Who is Buran programme?,5997
Which configuration is better for pulling down an NPN transistor's base?,5998
ASA discusses limitations of $p$-values - what are the alternatives?,5999
What or Who is Magnus effect?,6000
Why does radium have a higher first ionisation energy than barium?,6001
What or Who is Kinesiology?,6002
Are variant calling files personally identifiable information?,6003
Why do people get tired/fatigued more easily as they age?,6004
What or Who is Alessandro Volta?,6005
Designing a *linear* MOSFET driver stage,6006
"In this gif of white blood cells attacking a parasite, what exactly is happening from a chemical reaction perspective?",6007
How do the known abrupt climate change events fit into the xkcd Earth temperature timeline?,6008
How does a can of Orange Fanta have 160 calories despite having 43 grams of sugar (which by itself is 172 calories)?,6009
What is an intuitive explanation for how PCA turns from a geometric problem (with distances) to a linear algebra problem (with eigenvectors)?,6010
Exoplanet dip in transit light curve when the planet passes behind the star,6011
"I use a P100 respirator to protect myself from infection, but sometimes powerfully malodorant smells (garbage full of diapers, etc) are noticeable through the mask. Does this indicate that I am at risk of infection from airborne sources, specifically corona virus?",6012
How were 'old-school' mathematics graphics created?,6013
What or Who is Yellow rain?,6014
What are some ways to use relays more efficiently?,6015
What or Who is Gravitational field?,6016
"How to prove: if $a,b \in \mathbb N$, then $a^{1/b}$ is an integer or an irrational number?",6017
How did dinosaurs have sex?,6018
What or Who is Confounding?,6019
Does PCIe hotplug actually work in practice?,6020
Can siRNA induce DNA methylation in mammalian cells?,6021
What would happen if someone had a telescope and watched Betelgeuse when it goes supernova?,6022
What is this unusual NPN-PNP transistor pair?,6023
What or Who is Dihydrogen monoxide parody?,6024
What would happen if a small black hole fell into a star?,6025
How can I help ensure testing data does not leak into training data?,6026
What is the molecular structure of xenon hexafluoride?,6027
"Is this a former volcano in the Hamad Plateau, in the Syrian desert?",6028
What or Who is Metronome?,6029
What is negative voltage?,6030
What or Who is Taxonomic rank?,6031
What or Who is Runt?,6032
What or Who is Cells at Work!?,6033
Can a circuit be powered from Earth with a return ground on Mars?,6034
What or Who is Formal science?,6035
Does the language you speak affect the shape of your palate?,6036
"Why are car antennas so small now, when 10 years ago they were 2-3 feet tall?",6037
What or Who is Artemis 2?,6038
"Are these microscopic star-like structures on a dead leaf some sort of organism? If so, which one?",6039
"Since millions of years ago there was a much higher oxygen content, did fire behave any differently?",6040
What or Who is Sea level?,6041
What or Who is V-weapons?,6042
"If jobs are ""lost"" because robots are doing more work, why is it a problem that the population is aging and there are fewer in ""working age""? Shouldn't the two effects sort of cancel each other out?",6043
"Why normalize images by subtracting dataset's image mean, instead of the current image mean in deep learning?",6044
Calculating the pulldown resistance for a given MOSFET's gate,6045
"Can fish fart? If so, is it similiar to how mammals fart?",6046
"What or Who is Fourth, fifth, and sixth derivatives of position?",6047
What or Who is Burden of proof (philosophy)?,6048
"Feature annotation: RefSeq vs Ensembl vs Gencode, what's the difference?",6049
"In ancient times and places where potable water was scarce and people drank alcoholic beverages for substance, how were the people not dehydrated and hung over all the time?",6050
why can’t we just dispose of nuclear waste and garbage where tectonic plates are colliding?,6051
How will cloud feedback effects on the climate change as the result of global warming?,6052
What or Who is Tare weight?,6053
Why do some tactile switches have 4 terminals?,6054
Is it dark inside the Sun?,6055
What or Who is Genius (American TV series)?,6056
How much does it cost to have a custom ASIC made?,6057
Why are so many photos of celestial bodies ‘enhanced’ to the point where they explain that ‘it would not look like this to the human eye’? Why show me this unreal image in the first place?,6058
"Why does it seem so challenging now to send a manned crew to the moon, when we were able to accomplish this over 50 years ago?",6059
At what humidity does it start to rain?,6060
"When watches/clocks were first invented, how did we know how quickly the second hand needed to move in order to keep time accurately?",6061
When did vision evolve for the first time?,6062
"If someone has been muscular in the past, does he gain muscle mass more easily as someone who has not gained muscle before?",6063
Do immortal organisms exist?,6064
"Do galaxies form around supermassive black holes, or do supermassive black holes form in the center of galaxies?",6065
What or Who is Chloralkali process?,6066
Why does your neck get tense when you’re stressed and how does a massage fix it?,6067
Is there a quick proof as to why the vector space of $\mathbb{R}$ over $\mathbb{Q}$ is infinite-dimensional?,6068
Should I focus more on Aperture or Focal Length for a telescope?,6069
"In simple English, what does it mean to be transcendental in math?",6070
"If diamonds are the hardest material on Earth, why are they possible to break in a hydraulic press?",6071
How does the Earth move in the sky as seen from the Moon?,6072
5'UTR and 3'UTR annotation in yeast,6073
How did the Australian coronavirus vaccine produce HIV antibodies?,6074
What or Who is Natural News?,6075
What or Who is Mark Rober?,6076
Why do transformers use layer norm instead of batch norm?,6077
Why are there two Hydrogen atoms on some periodic tables?,6078
What or Who is Thunderf00t?,6079
What or Who is Shoal?,6080
When the mars rover went to mars were they able to remove all bacteria and small life from it? If not could any of the bacteria be able to live in the harsh conditions of mars? And how do they obtain soil samples looking for bacteria if it could possibly be from the rover itself?,6081
What or Who is Depth of field?,6082
What or Who is Nomenclature?,6083
"When eyeballs are donated by an organ donor, does the left eyeball have to be put in the left eye socket of the new body, and vice versa?",6084
What or Who is Outline of academic disciplines?,6085
How do I figure out the hybridization of a particular atom in a molecule?,6086
What or Who is Crucible?,6087
"What is ""intersectionality""?",6088
Reason of multiple GND and VCC on an IC,6089
How do molded dice with depressed dimples (where 6 dimples takes out greater mass on a side than one dimple) get balanced so that they are completely unweighted?,6090
Why isn't the silicon analogue of benzene flat?,6091
How can people have fires inside igloos without them melting through the ice?,6092
Why not take a picture of a closer black hole?,6093
What earth organisms might survive if they arrived on Mars?,6094
What or Who is Meteorologist?,6095
How do I get the number of rows of a data.frame in R?,6096
The Book of Why by Judea Pearl: Why is he bashing statistics?,6097
why do we have a white half moon at the top of our fingernails?,6098
Are there seasons in the deep ocean?,6099
What are the major differences between weather models and climate models?,6100
What or Who is Heliosphere?,6101
"Do other monogamous animals ever ""fall out of love"" and separate like humans do?",6102
What or Who is Recycling codes?,6103
What or Who is Orion correlation theory?,6104
What or Who is Staining?,6105
What are the advantages of having two ground pours?,6106
"Intuitively, what is the difference between Eigendecomposition and Singular Value Decomposition?",6107
How is prior.count used by edgeR's cpm,6108
What equation tells you how far in space you can go from a point and return?,6109
Why are vaccines for polio taken orally while vaccines for TB need to be injected?,6110
How many stars and galaxies can be seen by the naked eye?,6111
"Do plants receive a measureable amount of energy from starlight other than the Sun, versus if they were in total darkness?",6112
Is carbon dioxide organic or inorganic?,6113
Why does hitting the top of a bottle of beer with another bottle of beer create that much froth?,6114
Is there an upper limit on the mass of black hole mergers we can detect?,6115
What or Who is Grounded theory?,6116
"How are whales, some of the largest creatures on the planet, able to survive by eating krill, some of the smallest?",6117
How do magnets get their magnetic fields? How do electrons get their electric fields? How do these even get their force fields in the first place?,6118
Waterman-Smith-Beyer Sequence Alignment,6119
Why does the temperature change about every 50-100 meters near hills,6120
What is the difference between Fourier series and Fourier transformation?,6121
What or Who is Crystal structure?,6122
Why is grief so physically exhausting?,6123
Why are there only 7 types of unit cells and 14 types of Bravais lattices?,6124
"Proving you *can't* make $2011$ out of $1,2,3,4$: nice twist on the usual",6125
How do I convince someone that $1+1=2$ may not necessarily be true?,6126
Can we accelerate in space with the power of a flashlight and if yes - how fast?,6127
What or Who is Euler's laws of motion?,6128
Cyclobutadiene - Jahn–Teller effect or not?,6129
How many light seconds away is the JWST?,6130
What or Who is Darth Plagueis?,6131
What or Who is Document-oriented database?,6132
Why is 12 hour time even taught? Wouldn’t it just be easier to remember 13:00 instead of 1:00pm?,6133
"What are the differences between geology, petrology, and lithology?",6134
"For a lower voltage drop one could use Schottky diodes, but what are the disadvantages of Schottky's?",6135
Why is the brain white?,6136
If a very huge Earthquake occured anywhere on Earth could waves emerge to come together again on the opposite side?,6137
Are binary neutron star mergers needed to explain the abundance of gold?,6138
What or Who is Parallax?,6139
What or Who is Lumpenproletariat?,6140
Can someone identify this ant?,6141
"Why does my circuit work on a breadboard, but not on a perfboard? I am new to soldering",6142
What or Who is Marine pollution?,6143
The Sensitivity Conjecture has been solved. What is it about?,6144
Why do flies rub their hands together whenever they're not airborne?,6145
Why does chocolate melt so easily?,6146
Retrieve detailed gene descriptions,6147
Different ways to prove $\sum_{k=1}^\infty \frac{1}{k^2}=\frac{\pi^2}{6}$ (the Basel problem),6148
"We measure space objects speed in relation to earth. But since earth is also moving through space, how do we know the true speed of objects without a universal ""non moving"" point?",6149
What or Who is AI winter?,6150
Loss of taste and smell during a SARS-CoV-2 infection,6151
Do fossil fuels insulate the crust from the Earth's interior?,6152
How do non-polar substances dissolve in non-polar solvents?,6153
Look and you shall find (a correlation),6154
Is there any record of any object from earth being ejected to space by natural forces?,6155
"Is it possible to recreate a smell from a basic list of smells? in other words, is there an RGB equivalent for smells?",6156
What or Who is Earth science?,6157
Why aren't power lines in the US burried underground so that everyone doesn't lose power during hurricanes and other natural disasters?,6158
How to study math to really understand it and have a healthy lifestyle with free time?,6159
Do you use muscles to open or close your eyes?,6160
How can a piece of A4 paper be folded in exactly three equal parts?,6161
What or Who is Ham (chimpanzee)?,6162
What or Who is Center of excellence?,6163
What or Who is Nikola Tesla Museum?,6164
What or Who is Juno (spacecraft)?,6165
"Do animals that sleep in multiple short ""naps"" (such as cats) require REM sleep the way humans do?",6166
What strange jelly-like thing is shown in the photo?,6167
What or Who is Per capita?,6168
Problem regarding the absorption lines of the Sun,6169
What or Who is Red mercury?,6170
What or Who is Species?,6171
What or Who is Aquascaping?,6172
What inactivates pepsin in infants?,6173
What or Who is Human vaginal size?,6174
When (if ever) is a frequentist approach substantively better than a Bayesian?,6175
What or Who is Timekeeping on Mars?,6176
What or Who is Henry Murray?,6177
What or Who is Maxwell's demon?,6178
What or Who is Discrete time and continuous time?,6179
"If light can travel freely through space, why isn’t the Earth perfectly lit all the time? Where does all the light from all the stars get lost?",6180
What or Who is Motion?,6181
What or Who is Amphoterism?,6182
Why can't I weigh the earth by putting a scale upside-down?,6183
"Are ""if"" and ""iff"" interchangeable in definitions?",6184
Do trees really get a large share of their mass from the carbon in the air?,6185
"Why don’t starch and cellulose taste sweet like sugars, although they’re polymers of sugars?",6186
"How do some air-freshening sprays ""capture and eliminate"" or ""neutralize"" odor molecules? Is this claim based in anything?",6187
What or Who is Heterotroph?,6188
Do moons have moons?,6189
Why do joints ache so much when you get the cold/flu?,6190
Hot water and bacteria,6191
"On ""familiarity"" (or How to avoid ""going down the Math Rabbit Hole""?)",6192
"If 75% of radioactive material remains, how many half-lives have elapsed?",6193
How could humans have interbred with Neanderthals if we're a different species?,6194
Why doesn't blood remain on a mosquito's proboscis in quantities that could spread blood-borne diseases?,6195
"Why is it that .com is such a widely used suffix to websites, what does it stand for and why does it matter what the suffixes are when the DNS server converts the websites to their respective IP addresses anyways?",6196
Paleontology science fair ideas?,6197
Is it true that $0.999999999\ldots=1$?,6198
Why does rabies cause hydrophobia?,6199
How to go from a development board to a production board?,6200
"Since we measure nuclear warhead yields in terms of tonnes of TNT, would detonating an equivalent amount of TNT actually produce a similar explosion in terms of size, temperature, blast wave etc?",6201
How do we know how hot the core of the Earth is and everything underground if the farthest we have dug a hole is just 8 miles?,6202
Are all algebraic integers with absolute value 1 roots of unity?,6203
What or Who is Natural history?,6204
What or Who is Voyager 1?,6205
What or Who is Satellite navigation?,6206
What or Who is Hitchens's razor?,6207
What or Who is Dust explosion?,6208
"Why is it so hard to forget movie spoilers, but so easy to forget more important stuff?",6209
What or Who is Poverty threshold?,6210
Numerical example to understand Expectation-Maximization,6211
"Why are tertiary carbocations the most reactive, if they're already stable?",6212
How do I convert specific humidity to relative humidity?,6213
FASTQC overrepresented sequences after trimming,6214
What or Who is Pervez Hoodbhoy?,6215
What or Who is Cryptography?,6216
How much more dangerous would lightning strikes have been 300 million years ago when atmospheric oxygen levels peaked at 35%?,6217
"Horses' lifespan is severely affected from being injected with spider venom for anti-venom production. Why does it happen, and does something similar happen to people bitten by spiders?",6218
What is calculus? how does it work?,6219
How can carbon dioxide be converted into carbon and oxygen?,6220
What or Who is Anatomical plane?,6221
What or Who is Graphology?,6222
"In a USB cable, is it OK to swap the D+ and D- wires?",6223
About 6 months ago hundreds of millions of genetically modified mosquitos were released in the Florida Keys. Is there any update on how that's going?,6224
What or Who is Gardens by the Bay?,6225
What or Who is Arbor Day?,6226
What or Who is ALS?,6227
What or Who is Geographic coordinate conversion?,6228
"If you watch a gif of a coin flipping (without ever seeing it) to make a decision, is it still a 50/50 chance, even though the video already predetermines what side the coin will flip onto?",6229
What or Who is Magnetic monopole?,6230
How did Eratosthenes know that the sun is far away?,6231
Why do some diodes have a glass package?,6232
"How does your body burn 2000 calories a day, but you have to run a mile to burn 100 extra?",6233
What or Who is Time in Turkey?,6234
What or Who is Galileo Galilei?,6235
Nested cross validation for model selection,6236
What or Who is ArXiv?,6237
Suggest methods and basis sets for a variety of systems,6238
How is Pi programmed into calculators?,6239
How to choose nlme or lme4 R library for mixed effects models?,6240
Is there a way to find the direction to land in the middle of an ocean?,6241
Why “characteristic zero” and not “infinite characteristic”?,6242
What or Who is Three-domain system?,6243
What or Who is Weather station?,6244
How can adding a 2nd IV make the 1st IV significant?,6245
How does current get into a diode?,6246
Is it possible that someone can have a weak enough immune system that the defective virus in a vaccine can turn into the full fledge virus?,6247
What or Who is Goop (company)?,6248
What or Who is Rate of convergence?,6249
What or Who is Benchmark (computing)?,6250
Why does a single proton change everything about an element and it’s properties?,6251
What or Who is Bluetooth Low Energy?,6252
What or Who is Calorimeter?,6253
What or Who is Turbo encabulator?,6254
"Why is it appropriate for PG13 movies/shows to display extreme violence (such as mass murder, shootouts), but not appropriate to display any form of sexual affection (nudity, sex etc.)?",6255
What or Who is Phytoremediation?,6256
How do I measure a negative voltage with a ADC?,6257
What or Who is Ayurveda?,6258
"COVID-19 started with one person getting infected and spread globally: doesn't that mean that as long as there's at least one person infected, there is always the risk of it spiking again? Even if only one person in America is infected, can't that person be the catalyst for another epidemic?",6259
Are there any non-mammalian species known that lactate?,6260
Why is Neptune a darker blue than Uranus?,6261
How to show $e^{e^{e^{79}}}$ is not an integer,6262
How do you know a dated-at 1 million year old hammer wasn't 0.9999 million year old rock that was just made into a hammer in the last 0.0001 years?,6263
Downloading a reference Genome for Bowtie2,6264
What or Who is Canonical form?,6265
When is it ok to remove the intercept in a linear regression model?,6266
Why is the vanadium(3+) ion paramagnetic?,6267
What or Who is Squalene?,6268
Why does menthol (e.g. peppermint) feel cool to the tongue?,6269
"How do nurses, drug users, etc inject a drug directly into a vein? How do they know the needle tip hasn't gone through the vein or even missed it completely?",6270
Why isn't aluminium involved in biological processes?,6271
What or Who is Zeeman effect?,6272
Why do people have antibodies against other blood types?,6273
What are the Axiom of Choice and Axiom of Determinacy?,6274
"What is the difference between a partial likelihood, profile likelihood and marginal likelihood?",6275
What or Who is Speed of sound?,6276
What or Who is Saponification?,6277
Explanation for the trends in nucleophilicity—Orbital interactions or electrostatic attraction,6278
What are the differences between an LES-SGS model and a RANS based turbulence model?,6279
How do chickens have the spare resources to lay a nutrient rich egg EVERY DAY?,6280
What or Who is Anemometer?,6281
How do weather models work?,6282
"By putting a mirror in space, would we be able to see into the past?",6283
"how are micro SD cards able to store entire TV shows, albums and movies without any kind of electricity to keep them ""active""?",6284
How to manipulate protein interaction network from String database in R?,6285
Is there such a thing as an acid without a hydrogen?,6286
What or Who is Scientism?,6287
What or Who is Alexander von Humboldt?,6288
What or Who is Thought?,6289
How to get the count of each kmer past 255 using khmer,6290
What or Who is Ethics of artificial intelligence?,6291
"Before computers, how were newspapers able to write, typeset and layout fully-justified pages every 24 hours?",6292
Are all emerging viral diseases of the past 100 years zoonoses?,6293
"Why do Marvel movies (and other heavily CGI- and animation-based films) cost so much to produce? Where do the hundreds of millions of dollars go to, exactly?",6294
What or Who is Postpartum confinement?,6295
Why are the physical symptoms of shell shock from WW1 not seen in people with PTSD today?,6296
Why does hardware division take much longer than multiplication?,6297
what do washers actually *do* in the fastening process?,6298
Essential data checking tests,6299
Is it necessary to scale the target value in addition to scaling features for regression analysis?,6300
What or Who is Shape of the universe?,6301
Speed of light in a black hole,6302
What or Who is Mangrove?,6303
Why does the Cauchy distribution have no mean?,6304
What or Who is Antikythera mechanism?,6305
What or Who is Caucasian race?,6306
What to do with third contact in DC barrel plug with only two input contacts,6307
Is it necessary to conduct a power analysis before beginning an experiment?,6308
"Programming microcontrollers: JTAG, SPI, USB oh my!?",6309
"What are the consequences of missing a full night of sleep, if you make up for it by sleeping more the next night?",6310
What or Who is Elbow method (clustering)?,6311
plotting two heatmaps with the same order of genes,6312
What or Who is The Art of Computer Programming?,6313
What or Who is Mars Pathfinder?,6314
What or Who is Urine therapy?,6315
What or Who is Nacirema?,6316
What or Who is Refresh rate?,6317
"In the U.S., if the polio vaccination rate was the same as COVID-19, would we still have polio?",6318
What or Who is V-1 flying bomb?,6319
Similarities between grand circulation solvers and mantle convection solvers,6320
Why are rings called rings?,6321
Can a planet have more than 4 seasons?,6322
What or Who is Sci-Hub?,6323
Proof that the trace of a matrix is the sum of its eigenvalues,6324
What open-source software can produce 3D PDF representation of molecules?,6325
"How Does A Person ""Just"" Die?",6326
Why does sunlight cause colors to fade?,6327
How to obtain .bed file with coordinates of all genes,6328
What are those weird wires in the audio cables?,6329
Why does cutadapt remove low quality bases from the ends of reads only?,6330
Turkey was struck by two over 7 magnitude earthquakes a week ago. 10 cities were heavily affected. There're more than 2000 aftershocks by now. Why are there so many? Is it normal? Did it happen before?,6331
What or Who is Human height?,6332
Can a natural satellite exist in a geostationary orbit?,6333
Basic question about Fisher Information matrix and relationship to Hessian and standard errors,6334
"How much of sleep is actual maintenance downtime, and how much is just time-killing energy conservation?",6335
Relationship between SVD and PCA. How to use SVD to perform PCA?,6336
Deleting any digit yields a prime... is there a name for this?,6337
How and where do double-terminated crystals form?,6338
"What is the diameter of a lightning? They are always seen like some cm of diameter, but can it be just a diameter at the scale of atoms? Does they get bigger if they have more energy?",6339
Is iron in the brown ring compound in a +1 oxidation state?,6340
Is the average human being closer to the size of the entire observable universe or closer to 1 planck lenght?,6341
"Why is the loudest sound ever reported is considered to be the Krakatoa volcanic eruption, at 180 dB and could be directly heard 5,000km away but rocket launches regularly hits 200+ dB but are only heard within the vicinity of the ignition?",6342
What or Who is Hannah Fry?,6343
What is the difference between the magnetic H field and the B field?,6344
why can babies have water in formula but not actual water before 6 months?,6345
What or Who is Spectrum analyzer?,6346
Coverage calculation: long reads (RNA-seq),6347
What or Who is NASA Deep Space Network?,6348
What or Who is Photographic processing?,6349
Why do chemistry and physics have different sign convention in thermodynamics?,6350
How to resolve I2C address clashes?,6351
What or Who is Unintended consequences?,6352
"Sometimes websites deny a password change because the new password is ""similar"" to the old one, How do they know that, if all they got is a hash that should be completely different if even 1 character was changed?",6353
Why do small blood vessels become visible in your eyes when you’ve been awake for too long?,6354
Standard error for the mean of a sample of binomial random variables,6355
How to select high quality structures from the Protein Data Bank?,6356
"Why do clothes feel crunchy when you air dry them, but soft out of the dryer?",6357
Why don't teeth glow?,6358
Do all proteins start with methionine?,6359
"How do flies constantly fly into hard objects at high speeds(walls, doors, windows, etc) but never manage to get hurt?",6360
What or Who is Blood type personality theory?,6361
Why can't I read everything in my field of view?,6362
What or Who is Glossary of vexillology?,6363
DFT Functional Selection Criteria,6364
Why does a resistor need to be on the anode of an LED?,6365
Are humans the only species who drink milk as adults?,6366
For a given element do heavier isotopes form stronger bonds than lighter isotopes?,6367
Analog scales: Why do they have a metallic strip?,6368
Is there a way to remember the definitions of Type I and Type II Errors?,6369
What or Who is Elinor Wonders Why?,6370
"If a person catches a cold and COVID-19 at the same time, will that person get seriously sick from both illnesses, or one of the viruses will ""win"" the fight against the other?",6371
"How can there be 1,000 stellar ancestors before our Sun?",6372
Where do migratory birds go when it rains?,6373
What or Who is Life on Mars?,6374
How do I visualize an atom?,6375
"If dinosaurs could have feathers, would they still be reptiles?",6376
Is PCA followed by a rotation (such as varimax) still PCA?,6377
"I read that, on average, 3 supernovas will occur in the Milky Way galaxy every century. If that is the case why haven't we observed any since the last one in 1604?",6378
Why is coffee a laxative?,6379
Is the Japanese surgical/dust mask trend actually helping lower the % of people getting sick over there?,6380
Why do small open wounds and burns get itchy while healing?,6381
Do Schwarzschild black holes exist in reality?,6382
Does oil break down condoms?,6383
What or Who is Weather balloon?,6384
Can gravitational waves pass through a black hole?,6385
"When glancing at a clock, why does the first second after glancing at it sometimes feel longer than the rest?",6386
What or Who is Measurement uncertainty?,6387
What determines a mineral's hardness?,6388
What or Who is Dianna Cowern?,6389
What or Who is Our Common Future?,6390
Limit of $L^p$ norm,6391
How to calculate overall reference coverage with MUMmer?,6392
If implemented fully how bad would SpaceX’s Starlink constellation with 42000+ satellites be in terms of space junk and affecting astronomical observations?,6393
What are disadvantages of using the lasso for variable selection for regression?,6394
"how do online password managers work and how do we know the companies that run them can't just access our accounts, specially sensitive ones like online banking?",6395
"Why, intuitively, is the order reversed when taking the transpose of the product?",6396
Are single-celled organisms capable of learning?,6397
What or Who is Engineer?,6398
"Why are almost all flavored liquors uniformly 35% alcohol content, while their unflavored counterparts are almost all uniformly 40% alcohol content?",6399
Is it faster to count to the infinite going one by one or two by two?,6400
What or Who is Saturn IB?,6401
"Why can brushing your teeth too hard damage them, but the sharp metal points dentists use to scrape enamel off don't?",6402
Why does an orchestra have many people playing the same instruments? How does it add to the overall performance?,6403
PCA and proportion of variance explained,6404
What is a decoupling capacitor and how do I know if I need one?,6405
Why are asteroids with zero orbital inclination rare?,6406
Why do we hear about breakthroughs in cancer treatment only to never see them again?,6407
What or Who is Target rating point?,6408
What is the minimum mass required so that objects become spherical due to its own gravity?,6409
What or Who is KDE?,6410
What or Who is Chain fountain?,6411
"Why do certain flavours go well together? E.g. chicken/coleslaw, tomato/mozarella, spinach/garlic, walnuts/honey, tuna/mayonaise?",6412
What or Who is Destin Sandlin?,6413
Is theres space around all your organs and stuff? Whats there?,6414
How do “hostile takeovers” work? Is there anything stopping Jeff Bezos from just buying everything?,6415
"How many human cells are there in our body, on average?",6416
Why are fearful stimuli more powerful at night?,6417
What or Who is History of measurement?,6418
"hat is the ‘event horizon’ as described by Stephen Hawking and what does it mean for time, space and light?",6419
"How can an artificial neural network ANN, be used for unsupervised clustering?",6420
What or Who is The Right Stuff (TV series)?,6421
What or Who is Earliest known life forms?,6422
When is a MOSFET more appropriate as a switch than a BJT?,6423
How can antibonding orbitals be more antibonding than bonding orbitals are bonding?,6424
What does it feel like walking in areas with high radiation? Does it feel hot or something? Does it smell? Harder to breathe? Or is the only way you will figure it out (w/out a Geiger meter) is when you start to get sick?,6425
What or Who is Willard Van Orman Quine?,6426
What is the usage of Zero Ohm & MiliOhm Resistor?,6427
"Is there a ""positive"" definition for irrational numbers?",6428
What software is used to generate the PDB molecule of the month images?,6429
What's causing this high SO2 concentrations in Kazakhstan?,6430
"How, at 93 million miles away, does the sun feel so warm, yet when a simple cloud passes over it the warmth is incredibly dampened?",6431
Break in human nitrogen input in 1990s,6432
Why don't scientists use fire entry suits to study volcanoes?,6433
What or Who is Drinking water quality standards?,6434
