disagreement_metric,source_file,question,answer,metaphor_v8_score,scaffolding_v2_score,metaphor_v8_reason,scaffolding_v2_reason,Index,original_question,original_answer,reddit_url,match_score,mattany_metaphor_v8,nirgrn_metaphor_v8,mattany_metaphor_v8_reason,nirgrn_metaphor_v8_reason,mattany_scaffolding_v2,nirgrn_scaffolding_v2,mattany_scaffolding_v2_reason,nirgrn_scaffolding_v2_reason,humor_v5_score,mattany_humor_v5,nirgrn_humor_v5,connection_to_everyday_life_v4_score,mattany_connection_v4,nirgrn_connection_v4,humor_v5_reason,connection_to_everyday_life_v4_reason,mattany_humor_v5_reason,nirgrn_humor_v5_reason,mattany_connection_v4_reason,nirgrn_connection_v4_reason,disputed_metric_display,reason_for,reason_against
connection_v4,balanced_30_humor_v5_conn_v4_formatted.csv,"If a typical cell in your body was the size of the earth, what relative size would its constituent atoms and molecules be? the size of a grain of sand? a basketball? a fridge? a house?","From what I could find, a melanocyte (cell that produces melanin) is about 7×10^-6 metres in size. The Earth's diameter is 1.2756×10^6 m. 

Finding the ratio:

~~1.2756×10^6~~ 1.2756×10^7 ÷ 7×10^-6 = 1.8223×10^12

So that is your scaling up factor. I have made a table of some common molecules found in the human body taken from [here](http://en.wikipedia.org/wiki/Composition_of_the_human_body#Elemental_composition):

Name | ~~Normal size~~ Atomic Radius | Diameter | Scaled up size 
:-----|:------------------------------:|:---------:|:------------:
Oxygen|6×10^-11 m|1.2×10^-10 m|**218.6743 m**
Carbon|7×10^-11 m|1.4×10^-10 m|**255.1200 m**
Hydrogen|2.5×10^-11 m|5×10^-11 m|**91.1143 m**
Nitrogen|6.5×10^-11 m|1.3×10^-10 m|**236.8971 m**
Calcium|1.8×10^-10 m|3.6×10^-10 m|**656.0229 m**
Phosphorous|1×10^-10 m|2×10^-10 m|**364.4571 m**

*So ranging from a football pitch to a couple of football pitches in diameter*.

As haaaiEverybody as stated, this is not entirely correct. I have compared radius values with diameter. 
",,,,,3179,"if a typical cell in your body was the size of the earth, what relative size would its constituent atoms and molecules be? the size of a grain of sand? a basketball? a fridge? a house?","from what i could find, a melanocyte (cell that produces melanin) is about 7×10^-6 metres in size. the earth's diameter is 1.2756×10^6 m. finding the ratio: ~~1.2756×10^6~~ 1.2756×10^7 ÷ 7×10^-6 = 1.8223×10^12 so that is your scaling up factor. i have made a table of some common molecules found in the human body taken from [here](_url_0_): name | ~~normal size~~ atomic radius | diameter | scaled up size :-----|:------------------------------:|:---------:|:------------: oxygen|6×10^-11 m|1.2×10^-10 m|**218.6743 m** carbon|7×10^-11 m|1.4×10^-10 m|**255.1200 m** hydrogen|2.5×10^-11 m|5×10^-11 m|**91.1143 m** nitrogen|6.5×10^-11 m|1.3×10^-10 m|**236.8971 m** calcium|1.8×10^-10 m|3.6×10^-10 m|**656.0229 m** phosphorous|1×10^-10 m|2×10^-10 m|**364.4571 m** *so ranging from a football pitch to a couple of football pitches in diameter*. as haaaieverybody as stated, this is not entirely correct. i have compared radius values with diameter.",https://reddit.com/r/askscience/comments/ls5s6/if_a_typical_cell_in_your_body_was_the_size_of/,0.9878048780487804,,,,,,,,,0.0,0.0,0.0,0.0,0.0,1.0,"The text does not contain any intentional jokes, absurdist or deadpan humor, or irony/dark humor. It is a straightforward explanation of scaling factors and molecular sizes, with a casual tone but no comedic elements that would make a reader laugh or smile.","The response does not include any named references from popular culture, historical figures, organizations, publications, or famous places. Additionally, it lacks any concrete everyday activities that are external to the question topic. The content is focused on scientific measurements and calculations, which do not align with the evaluation criteria for scoring.",,,,So ranging from a football pitch to a couple of football pitches in diameter,Connection to Everyday Life (v4),[Nir] So ranging from a football pitch to a couple of football pitches in diameter,[Mattan] (No reason provided)
connection_v4,balanced_30_humor_v5_conn_v4_formatted.csv,"Can i control the direction my wifi travels in? For e.g is there an object i can surround my router to bounce the rays in a specific direction. If so , will it even have an effect on my wifi signal strength?","You can use a [waveguide](https://en.wikipedia.org/wiki/Waveguide). One of the most common and low-cost implementations is simply a Pringles can. 

Also newer wireless protocols, [802.11ac](https://en.wikipedia.org/wiki/IEEE_802.11ac) in specific, use something called [beamforming](https://en.wikipedia.org/wiki/Beamforming). Beamforming emphasizes the best channels between (multi input multi output) MIMO transmitter and receiver. In more detail, since MIMO uses multiple antenna, the physical path seen between the transmitting antenna and receiving antenna will differ for each antenna pair. Since these routers are transmitting signals in the gigahertz, even a small change in position can cause a large change in what the received signal looks like. As a result, many of the channels will between the transmitter and receiver will be good, many will be bad. Beamforming is method of providing more power to the antennas which provide a good channel. 

In any case increasing the SNR will always increase the [capacity](https://en.wikipedia.org/wiki/Channel_capacity). Although the capacity of channels with [intersymbol interference](https://en.wikipedia.org/wiki/Intersymbol_interference) is unknown, we approximate it (for stationary objects) with the [Shannon-Hartley theorem](https://en.wikipedia.org/wiki/Shannon%E2%80%93Hartley_theorem); the capacity is then B log(1+SNR), where B is bandwidth. Of interest, the Shannon Hartley theorem provides a lower bound on the capacity of any continuous additive and **memoryless** channel. Since a ISI channel is not memoryless, the shannon-hartley does not simply directly apply. Only through use of clever coding techniques to remove the ISI does the approximation make sense. ",,,,,3184,"can i control the direction my wifi travels in? for e.g is there an object i can surround my router to bounce the rays in a specific direction. if so , will it even have an effect on my wifi signal strength?","you can use a [waveguide](_url_2_). one of the most common and low-cost implementations is simply a pringles can. also newer wireless protocols, [802.11ac](_url_4_) in specific, use something called [beamforming](_url_5_). beamforming emphasizes the best channels between (multi input multi output) mimo transmitter and receiver. in more detail, since mimo uses multiple antenna, the physical path seen between the transmitting antenna and receiving antenna will differ for each antenna pair. since these routers are transmitting signals in the gigahertz, even a small change in position can cause a large change in what the received signal looks like. as a result, many of the channels will between the transmitter and receiver will be good, many will be bad. beamforming is method of providing more power to the antennas which provide a good channel. in any case increasing the snr will always increase the [capacity](_url_0_). although the capacity of channels with [intersymbol interference](_url_3_) is unknown, we approximate it (for stationary objects) with the [shannon-hartley theorem](_url_1_); the capacity is then b log(1+snr), where b is bandwidth. of interest, the shannon hartley theorem provides a lower bound on the capacity of any continuous additive and **memoryless** channel. since a isi channel is not memoryless, the shannon-hartley does not simply directly apply. only through use of clever coding techniques to remove the isi does the approximation make sense.",https://reddit.com/r/askscience/comments/6s4i31/can_i_control_the_direction_my_wifi_travels_in/,0.8582677165354331,,,,,,,,,0.5312093733737562,0.0,0.0,0.2227001388253088,1.0,0.0,"The response contains an intentional joke by referencing a Pringles can as a low-cost implementation of a waveguide, which is a humorous and unexpected comparison that subverts expectations.","The response does not include any named references from popular culture, historical figures, organizations, publications, or famous places. Additionally, it lacks any mention of concrete everyday activities. The references to technical terms like 'waveguide', 'beamforming', and 'Shannon-Hartley theorem' do not align with the evaluation criteria for cultural grounding or relatable experiences.",,,Pringles can,,Connection to Everyday Life (v4),[Mattan] Pringles can,[Nir] (No reason provided)
scaffolding_v2,balanced_30_metaphor_v8_scaffolding_formatted.csv,"if i were to travel down into an 'empty' oil well to the reservoir, what would it look like?","the oil reservoirs are actually not a open cavern. its more like a sponge, just made of rock. unlike a sponge though, the pores in the rock will collapse, which in turn will subside the land above and around the oil reservoir. lastly this oil soaked rock is capped by some impermeable rock so the oil doesn't travel all the way up to the surface to air/water.",0.6224593241981982,0.1480471961522175,"The passage uses an active metaphor by comparing oil reservoirs to a sponge, which is a domain shift from geology to everyday objects. This non-literal framing changes the understanding of the oil reservoir's structure and behavior, making it an active metaphor. The comparison is not idiomatic or frozen, and the meaning cannot be preserved under a literal reading.","The response presents multiple facts about oil reservoirs but lacks a clear progression from simple to complex ideas. It describes the nature of oil reservoirs, the collapse of rock pores, and the presence of impermeable rock, but these facts are presented without building on each other in increasing complexity. Each statement stands alone without a dependent relationship, failing to meet the criteria for scaffolding.",3327,"if i were to travel down into an 'empty' oil well to the reservoir, what would it look like?","the oil reservoirs are actually not a open cavern. its more like a sponge, just made of rock. unlike a sponge though, the pores in the rock will collapse, which in turn will subside the land above and around the oil reservoir. lastly this oil soaked rock is capped by some impermeable rock so the oil doesn't travel all the way up to the surface to air/water.",,0.0,1.0,1.0,sponge,I think the sponge analogy is also adding novelty to the explanation --> metaphor,1.0,0.0,,,,,,,,,,,,,,,Scaffolding (v2),[Mattan] (No reason provided),[Nir] (No reason provided)
metaphor_v8,balanced_30_metaphor_v8_scaffolding_formatted.csv,How does a Sand Bubbler Crab sift food from sand?,"In [this paper,](https://oup.silverchair-cdn.com/oup/backfile/Content_public/Journal/jcb/22/3/10.1163_20021975-99990263/1/jcb0521.pdf?Expires=1501062740&Signature=B5zNWaIb6UzizUeii08HCwyywsXUaHSD~9C4UUeZfj8E1cpOjhJY4zyPFHHmpjUu4ly6L~VCxXRbmSfqXphRzPb9ic5UMUAKNgZ24ZtYfkDzpd~88I9FsWlIRkQxDf~SzGFgdXdOFe8zx~EvUfGJrqD3QGAhV19SgVRz3loPUWmYXGF6A90l7jtnLvdVoOCbGEx4BW7EqrHeqHxk6Lbo16bATcDBjJMvPiUNIf8nFBKHHYiWAjhELNO5TuK~cSGnrIiLrLclMnxt4vP6HPtseJ51K-ivh2kekwPWHwaDpFigTY5-XXNm1gepz6KoTKEG7fD1vYWVpFYaDxc-Djn5VA__&Key-Pair-Id=APKAIUCZBIA4LVPAVW3Q) the dude describes the ""floatation feeding process."" All crabs have little appendages called maxillipeds in front of their mouths that they use to handle food, but the Sand Bubby evolved spoon-shaped maxillipeds that are really good at holding on to sand particles. So, they hold the sand with their mouth spoons and then shoot water out of their gill chambers across the sand and into their mouth. All the bacteria, algae, etc that were clinging to the sand get power-washed into the belly of the Sand Bubby.

",0.6791787056691698,0.0420877273148584,"The passage uses an active metaphor by describing the sand bubby's feeding process as 'power-washed into the belly,' which involves a non-literal conceptual framing. This metaphor introduces a novel domain shift by applying the concept of power-washing, typically associated with cleaning surfaces, to the biological process of feeding, altering the understanding of how the sand bubby ingests its food.","The response provides a description of the 'floatation feeding process' in sand bubbies, but it lacks scaffolding. It presents a series of facts about the process without building from simple to complex. The explanation does not introduce a simpler idea that is then deepened or expanded upon, and the concepts are presented at a similar complexity level without progression.",3498,how does a sand bubbler crab sift food from sand?,"in [this paper,](_url_0_) the dude describes the ""floatation feeding process."" all crabs have little appendages called maxillipeds in front of their mouths that they use to handle food, but the sand bubby evolved spoon-shaped maxillipeds that are really good at holding on to sand particles. so, they hold the sand with their mouth spoons and then shoot water out of their gill chambers across the sand and into their mouth. all the bacteria, algae, etc that were clinging to the sand get power-washed into the belly of the sand bubby.",https://reddit.com/r/askscience/comments/6pd9tj/how_does_a_sand_bubbler_crab_sift_food_from_sand/,0.9666666666666668,0.0,1.0,power-washed - not sure if metaphor since it can be understood literally,power-washed,0.0,0.0,,doesn't get more complex,,,,,,,,,,,,,Metaphor (v8),[Nir] power-washed,[Mattan] power-washed - not sure if metaphor since it can be understood literally
scaffolding_v2,balanced_30_metaphor_v8_scaffolding_formatted.csv,"What is the effect, positive or negative, of receiving multiple immunizations at the same time; such as when the military goes through ""shot lines"" to receive all deployment related vaccines?","It varies depending on the vaccines in question. I can’t speak at all to military vaccine schedules specifically, but in general the answer depends on the vaccines in question. 

TL;DR: Vaccines are spaced out when it is necessary to improve their safety and/or effectiveness. Clustering together is most commonly a pragmatic consideration. 

Speaking to receiving multiple different vaccines, many can be given at once without impacting each others’ efficacy (in either direction). Childhood vaccination schedules are a good example of how we cluster immunizations that can be safely and effectively co-administered. This way we can ensure children receive the protection they need when they most need it and their body will best respond, without a pile of otherwise unnecessary office visits. 

On the other hand, there are immunizations that we cannot give too close together, because in effect the immune system can’t respond fully to both without adequate time between them, so their effectiveness is reduced.

(Related: this is why we don’t just do all the doses of a multi-dose vaccine at once - your immune system needs time to respond. Think about it like training your body’s military - pile on all the drills at once and the end result is not going to be as good as giving the troops time to master each stage of training.)

As well, there are safety considerations. Some vaccines have shown to have increased risk of harmful side effects/reactions when given together, but are perfectly safe for use given enough time between them. 

Hope this helps.

(Source: am MD. Disclaimer: am not immunologist or travel medicine expert - so I’ll leave the nitty gritty in more capable hands). 

Edit: added TL;DR",0.9525741256443598,0.0850990502277523,"The passage contains an active metaphor with a domain shift, comparing the immune system's response to vaccines to training a military. This non-literal framing changes how the concept of vaccine scheduling is understood, emphasizing the need for time between doses for optimal effectiveness, similar to how military training requires time for mastery. The metaphor is novel due to the domain shift from military training to immunology, and it cannot be interpreted literally without losing its intended meaning.","The response provides a coherent explanation of vaccine scheduling but lacks scaffolding. It presents multiple related facts about vaccine timing and safety without building from simple to complex. Each idea is presented at a similar complexity level, and there is no clear progression where one idea deepens or depends on another.",3542,"what is the effect, positive or negative, of receiving multiple immunizations at the same time; such as when the military goes through ""shot lines"" to receive all deployment related vaccines?","it varies depending on the vaccines in question. i can’t speak at all to military vaccine schedules specifically, but in general the answer depends on the vaccines in question. tl;dr: vaccines are spaced out when it is necessary to improve their safety and/or effectiveness. clustering together is most commonly a pragmatic consideration. speaking to receiving multiple different vaccines, many can be given at once without impacting each others’ efficacy (in either direction). childhood vaccination schedules are a good example of how we cluster immunizations that can be safely and effectively co-administered. this way we can ensure children receive the protection they need when they most need it and their body will best respond, without a pile of otherwise unnecessary office visits. on the other hand, there are immunizations that we cannot give too close together, because in effect the immune system can’t respond fully to both without adequate time between them, so their effectiveness is reduced. (related: this is why we don’t just do all the doses of a multi-dose vaccine at once - your immune system needs time to respond. think about it like training your body’s military - pile on all the drills at once and the end result is not going to be as good as giving the troops time to master each stage of training.) as well, there are safety considerations. some vaccines have shown to have increased risk of harmful side effects/reactions when given together, but are perfectly safe for use given enough time between them. hope this helps. (source: am md. disclaimer: am not immunologist or travel medicine expert - so i’ll leave the nitty gritty in more capable hands). edit: added tl;dr",https://reddit.com/r/askscience/comments/7zb956/what_is_the_effect_positive_or_negative_of/,1.0,1.0,1.0,army drills,military metaphor,0.0,1.0,no simple to complex,,,,,,,,,,,,,,Scaffolding (v2),[Nir] (No reason provided),[Mattan] no simple to complex
metaphor_v8,balanced_30_metaphor_v8_scaffolding_formatted.csv,How is Bitcoin secure?,"Take a look [here](https://en.bitcoin.it/wiki/How_bitcoin_works) for a good explanation about bitcoin.

At a really high level, bitcoin is a public record of all transactions that have ever occured. Imagine the following infrastructure:

Every person in the world has a unique identity (some number called a Public Key). Everyone also has a book which lists every identity. Next to every identity (let's call it a PK from here on out) is a list of every serial number for every dollar bill (dollar bills are the only currency in my world) that they own. 

When someone spends a dollar, they write it down at the end of the transaction ledger, and sign it (bitcoin uses cryptographic signatures). Then they tell everybody they know to add it to their ledger. Eventually the information spreads, and nobody will accept the dollar from its original owner, only the person he transferred it to. 

Bitcoin works similarly, using an incredibly innovative technique called block-chaining. The public record from above is almost exactly the block chain in bitcoin. The major difference is in how bitcoins are mined - they aren't printed by a mint and assigned to people (like in my example). There's a cryptographic problem which is considered *hard* in the literature. This means that basically the only way to solve it faster is to throw more computational power at it. Bitcoin uses one such problem for mining - every time someone mines a bitcoin, they have 'won the lottery' and solved this iteration of the problem.

When a coin is mined, whoever mines it tells the entire world he fixed the problem and announces the next problem to solve. He also adds a list of every transaction he has heard of since the last coin mining. So, when you spend bitcoin it doesn't actually process for about ten minuets or so. 

One more key point: 
Bitcoin only works because everyone in the world tries to make the longest iteration of the chain even longer (by mining new coins and adding to them) - the longer the chain, the more permanent the things that have been written down are. Since making the chain longer requires computational power, its impossible to just go around announcing your own version of the ledger (unless you have more then half the computing power, the competing chain will be longer than yours) and double spending, etc.

",0.0124316505673371,0.5312093733737562,"The passage provides a literal explanation of how Bitcoin works, using a straightforward analogy to explain the concept of a public ledger. The analogy does not introduce a novel or domain-shifting figurative framing, nor does it depend on non-literal conceptual framing. The explanation is clear and technical, without employing active metaphors or personification.","The response effectively uses scaffolding by starting with a simple analogy of a public record of transactions and gradually introducing more complex concepts like public keys, cryptographic signatures, and blockchain. It builds understanding by first explaining a relatable infrastructure and then relating it to how Bitcoin functions, including mining and the importance of computational power. Each idea deepens the understanding of the previous one, demonstrating a clear progression from simple to complex.",3602,how is bitcoin secure?,"take a look [here](_url_0_) for a good explanation about bitcoin. at a really high level, bitcoin is a public record of all transactions that have ever occured. imagine the following infrastructure: every person in the world has a unique identity (some number called a public key). everyone also has a book which lists every identity. next to every identity (let's call it a pk from here on out) is a list of every serial number for every dollar bill (dollar bills are the only currency in my world) that they own. when someone spends a dollar, they write it down at the end of the transaction ledger, and sign it (bitcoin uses cryptographic signatures). then they tell everybody they know to add it to their ledger. eventually the information spreads, and nobody will accept the dollar from its original owner, only the person he transferred it to. bitcoin works similarly, using an incredibly innovative technique called block-chaining. the public record from above is almost exactly the block chain in bitcoin. the major difference is in how bitcoins are mined - they aren't printed by a mint and assigned to people (like in my example). there's a cryptographic problem which is considered *hard* in the literature. this means that basically the only way to solve it faster is to throw more computational power at it. bitcoin uses one such problem for mining - every time someone mines a bitcoin, they have 'won the lottery' and solved this iteration of the problem. when a coin is mined, whoever mines it tells the entire world he fixed the problem and announces the next problem to solve. he also adds a list of every transaction he has heard of since the last coin mining. so, when you spend bitcoin it doesn't actually process for about ten minuets or so. one more key point: bitcoin only works because everyone in the world tries to make the longest iteration of the chain even longer (by mining new coins and adding to them) - the longer the chain, the more permanent the things that have been written down are. since making the chain longer requires computational power, its impossible to just go around announcing your own version of the ledger (unless you have more then half the computing power, the competing chain will be longer than yours) and double spending, etc.",https://reddit.com/r/askscience/comments/1glhi3/how_is_bitcoin_secure/,1.0,1.0,0.0,. Everyone also has a book which lists every identity etc,,1.0,1.0,,,,,,,,,,,,,,,Metaphor (v8),[Mattan] . Everyone also has a book which lists every identity etc,[Nir] (No reason provided)
scaffolding_v2,balanced_30_metaphor_v8_scaffolding_formatted.csv,"Why are reflections (especially in liquid) clearer when viewed at an angle, as opposed to straight-on?","In the simplest of terms, photons are more prone to bounce off a surface as the angle the impact decreases. Think about throwing a ball at a window, if you hit it straight on, it has a good chance of penetrating the window. If you hit the window with a glancing blow, the ball is more prone to bounce.",0.7057850402140659,0.2450850241603248,"The passage uses a metaphorical analogy by comparing the behavior of photons to throwing a ball at a window, introducing a novel and expressive figurative framing. This analogy shifts the domain from physics to a more relatable physical action, altering the understanding of the concept in a non-literal way.","The response provides a single analogy comparing photons to a ball hitting a window, but it does not build understanding by introducing ideas in order of increasing complexity. There is no progression from a simpler to a more complex concept, nor is there a dependency between multiple ideas.",3611,"why are reflections (especially in liquid) clearer when viewed at an angle, as opposed to straight-on?","in the simplest of terms, photons are more prone to bounce off a surface as the angle the impact decreases. think about throwing a ball at a window, if you hit it straight on, it has a good chance of penetrating the window. if you hit the window with a glancing blow, the ball is more prone to bounce.",https://reddit.com/r/askscience/comments/6opvwa/why_are_reflections_especially_in_liquid_clearer/,1.0,1.0,1.0," Think about throwing a ball at a window, if you hit it straight on, it has a good chance of penetrating the window. If you hit the window with a glancing blow, the ball is more prone to bounce.",,1.0,0.0,state phenomenon -> explain,,,,,,,,,,,,,,Scaffolding (v2),[Mattan] state phenomenon -> explain,[Nir] (No reason provided)
metaphor_v8,balanced_30_metaphor_v8_scaffolding_formatted.csv,"does a supermassive black hole exist before a galaxy aggregates, and serve as an attractor to create​ the galaxy, or does the supermassive black hole aggregate because of the existing galaxy?","there is some evidence suggesting that galactic development is both spurred and controlled by the formation of black holes. in the following quote, the 'bulges' being referred to are the bulges present at the center of spiral galaxies. it kind of makes sense, really. according to the big-bang theory, the early universe is was very dense and early stars were universally large and short-lived -- the perfect progenitors of super-massive black holes. those early black holes would coalesce and concentrate the field of matter around them, leading to galaxies. their presence also serves to limit the growth of galaxies, as they feed on matter they heat up the surrounding gas -- making it both hotter and less dense, and that limits star formation.",0.5621765008857981,0.0259573601176451,"The passage uses active metaphorical language by describing black holes as 'feeding on matter' and 'heating up the surrounding gas,' which personifies black holes with actions that are non-literal and unexpected for their domain. This framing alters the understanding of black holes' role in galactic development, making it an active metaphor.","The response presents a series of related facts about galactic development and black holes but lacks a clear progression from simple to complex ideas. It introduces complex concepts like the Big Bang theory and super-massive black holes without first establishing simpler foundational ideas. The explanation does not build understanding incrementally, as required for scaffolding.",3692,"does a supermassive black hole exist before a galaxy aggregates, and serve as an attractor to create​ the galaxy, or does the supermassive black hole aggregate because of the existing galaxy?","there is some evidence suggesting that galactic development is both spurred and controlled by the formation of black holes. in the following quote, the 'bulges' being referred to are the bulges present at the center of spiral galaxies. it kind of makes sense, really. according to the big-bang theory, the early universe is was very dense and early stars were universally large and short-lived -- the perfect progenitors of super-massive black holes. those early black holes would coalesce and concentrate the field of matter around them, leading to galaxies. their presence also serves to limit the growth of galaxies, as they feed on matter they heat up the surrounding gas -- making it both hotter and less dense, and that limits star formation.",,0.0,0.0,1.0,bulges - just shape,the perfect progenitors of super-massive black holes,0.0,0.0,,,,,,,,,,,,,,,Metaphor (v8),[Nir] the perfect progenitors of super-massive black holes,[Mattan] bulges - just shape
metaphor_v8,balanced_30_metaphor_v8_scaffolding_formatted.csv,"how does exposure to radioactivity affect the human body? in biological terms, what's the deadly process?","**short answer:** ionization. think of your cells as a very carefully arranged lego house, and the radiation as a 9mm bullet. **long answer:** the three classes of ionizing radiation are [alpha, beta, and gamma rays.](_url_0_) alpha particles are helium-4 nuclei, spat out of other nuclei. beta rays are electrons, spat out of neutrons when they turn into protons. gamma rays are high energy photons. these particles, when inside your body, have sufficient energy to disrupt other atomic bonds. they can remove electrons from other atoms, ionizing them and breaking up molecules. molecules broken down this way become free radicals - they're in an unstable state and want to find something new to bond with, which will in turn disrupt other chemical processes. the most dangerous reactions occur when radiation directly damages dna. if [both strands are severed](_url_1_) and the cell repairs them incorrectly (i.e. they get rearranged) then this damage can be irreversible, and the cell can become cancerous.",0.9770226305081272,0.1645164567520338,"The passage uses an active metaphor by comparing cells to a 'very carefully arranged lego house' and radiation to a '9mm bullet.' This non-literal framing introduces a novel and expressive domain shift, altering the understanding of the impact of radiation on cells. The metaphor is not idiomatic or frozen, and it cannot be interpreted literally without losing its intended meaning.","The response lacks scaffolding as it presents multiple complex ideas without a clear progression from simple to complex. It starts with a metaphor comparing cells to a Lego house and radiation to a bullet, but this does not build understanding of ionization. The explanation of ionizing radiation types and their effects on the body is detailed but does not follow a simple-to-complex order, nor does it build on a foundational idea. Each concept is introduced at a similar complexity level, failing to meet the criteria for scaffolding.",3708,"how does exposure to radioactivity affect the human body? in biological terms, what's the deadly process?","**short answer:** ionization. think of your cells as a very carefully arranged lego house, and the radiation as a 9mm bullet. **long answer:** the three classes of ionizing radiation are [alpha, beta, and gamma rays.](_url_0_) alpha particles are helium-4 nuclei, spat out of other nuclei. beta rays are electrons, spat out of neutrons when they turn into protons. gamma rays are high energy photons. these particles, when inside your body, have sufficient energy to disrupt other atomic bonds. they can remove electrons from other atoms, ionizing them and breaking up molecules. molecules broken down this way become free radicals - they're in an unstable state and want to find something new to bond with, which will in turn disrupt other chemical processes. the most dangerous reactions occur when radiation directly damages dna. if [both strands are severed](_url_1_) and the cell repairs them incorrectly (i.e. they get rearranged) then this damage can be irreversible, and the cell can become cancerous.",,0.0,0.0,1.0,spat out of other nuclei.,,1.0,1.0,"starts with ray types, then explains them",,,,,,,,,,,,,,Metaphor (v8),[Nir] (No reason provided),[Mattan] spat out of other nuclei.
connection_v4,balanced_30_humor_v5_conn_v4_formatted.csv,"Can magnets convey rotational force, i.e. can you unscrew a screw with a magnet?","in some cases it obviously can - one bar magnet can rotate another (this is how magnetic compasses work - the ""bar magnet"" of the earth rotates the one in the compass).

but the interesting part of your question is what happens with objects that are not magnets, but which are attracted to magnets?  things like an iron screw (ie ferromagnets).

to answer that you need to understand what is happening in more detail.  at the (sub-)atomic level, the behaviour we see comes from electrons aligning their spins.  the exact macroscopic behaviour (ie the difference between a permanent magnet and an ordinary piece of iron) comes down to how freely the electron spins can move.

returning to rotating with an external magnet for a moment - the external magnet is exerting a force on those electrons.  now, if the electron spins are pretty much fixed in the solid (as they are in a permanent magnet) then when you rotate a second magnet the force that acts on the electrons acts on the solid as a whole (because the orientation of the electron spins is ""fixed"" inside the solid) and so the object moves.

but with something that is not magnetised, but only ferromagnetic, each electron (or small groups of interacting electrons) is free to move internally.  so rotating an external magnet simply changes the direction in which those electrons point - because they are not ""fixed"" in the solid (the screw) they do not pull the screw around, and so no, you cannot rotate it.

in summary:

 * magnetism in solids comes from the alignment of electron spins.

 * an external magnet can influence those spins.

 * whether that results in a physical force on the object depends on how the spins are coupled to the object as a whole.  if they are joined into a single, aligned, ""domain"" that is ""fixed"" then the object feels a force; if they are free to move independently then there is not a significant force.

[disclaimer: while i have a degree in physics, it was a long time ago, and solid state / qm was never my thing.  so only trust the broad brush of my description above; the exact details are likely not too good and i have no clear idea why sometimes domains are fixed, while in other cases spins are free to rotate.]",,,,,3860,"can magnets convey rotational force, i.e. can you unscrew a screw with a magnet?","in some cases it obviously can - one bar magnet can rotate another (this is how magnetic compasses work - the ""bar magnet"" of the earth rotates the one in the compass). but the interesting part of your question is what happens with objects that are not magnets, but which are attracted to magnets? things like an iron screw (ie ferromagnets). to answer that you need to understand what is happening in more detail. at the (sub-)atomic level, the behaviour we see comes from electrons aligning their spins. the exact macroscopic behaviour (ie the difference between a permanent magnet and an ordinary piece of iron) comes down to how freely the electron spins can move. returning to rotating with an external magnet for a moment - the external magnet is exerting a force on those electrons. now, if the electron spins are pretty much fixed in the solid (as they are in a permanent magnet) then when you rotate a second magnet the force that acts on the electrons acts on the solid as a whole (because the orientation of the electron spins is ""fixed"" inside the solid) and so the object moves. but with something that is not magnetised, but only ferromagnetic, each electron (or small groups of interacting electrons) is free to move internally. so rotating an external magnet simply changes the direction in which those electrons point - because they are not ""fixed"" in the solid (the screw) they do not pull the screw around, and so no, you cannot rotate it. in summary: * magnetism in solids comes from the alignment of electron spins. * an external magnet can influence those spins. * whether that results in a physical force on the object depends on how the spins are coupled to the object as a whole. if they are joined into a single, aligned, ""domain"" that is ""fixed"" then the object feels a force; if they are free to move independently then there is not a significant force. [disclaimer: while i have a degree in physics, it was a long time ago, and solid state / qm was never my thing. so only trust the broad brush of my description above; the exact details are likely not too good and i have no clear idea why sometimes domains are fixed, while in other cases spins are free to rotate.]",https://reddit.com/r/askscience/comments/ordgk/can_magnets_convey_rotational_force_ie_can_you/,1.0,,,,,,,,,0.0,0.0,0.0,0.0,0.0,1.0,"The response provides a detailed explanation of magnetism and electron spins without any intentional humor. It maintains a casual tone with a disclaimer about the author's expertise, but this does not constitute humor as defined in the evaluation steps.","The response does not include any named references from popular culture, historical figures, organizations, publications, or famous places. Additionally, it lacks any mention of concrete everyday activities. The explanation focuses solely on the physics of magnetism without external references, which does not meet the criteria for scoring.",,,,"this is how magnetic compasses work - the ""bar magnet"" of the earth rotates the one in the compass",Connection to Everyday Life (v4),"[Nir] this is how magnetic compasses work - the ""bar magnet"" of the earth rotates the one in the compass",[Mattan] (No reason provided)
scaffolding_v2,balanced_30_metaphor_v8_scaffolding_formatted.csv,Why isn't there muscle cancer?,"There are- rhabdomyosarcoma, for example. 

It's comparatively rare though because there isn't much turnover of cells in the muscle, and they don't get much exposure to carcinogens. Any lining of the body has a high rate of cell division, and that's where errors creep in. 

Imagine photocopying the instructions for baking a cake every time you baked one, but instead of using a master copy you used the previous photocopy. And there's a little gremlin who can come in and change a number or a letter at random, and you don't know what the gremlin has been doing. 

The first cake is fine. And so is the 2nd, 3rd, 4th etc. Until eventually you can't quite tell if it's 5 or 6 ounces of sugar. Or what that squiggle means that you're supposed to add a teaspoon of. This is what happens with cancer. The photocopying is cell division, and the gremlin is the action of carcinogens on the DNA of the cell. Most of these errors get caught, either by the error checking in the cell division mechanism, by the immune system which kills off cancer cells, or by the cell simply ceasing to function properly and dying. 

Muscle cells don't duplicate very often, unlike your skin or the lining of your bowel. Your lungs, skin, bowels etc are all basically linings, and so have loads of cell divisions going on all the time. Rhabdomyosarcoma is commonly a disease of childhood, as this is when muscles are growing and the cells are dividing. When someone trains a lot in the gym, they don't actually get new cells in their muscles, it's that the existing cells develop more muscle fibres within them, so the individual cells get bigger.  

Basically, the muscle cells are like a cake recipe that you bake once a year. Skin, bowel, etc etc are cakes that you bake every day. Lungs are cakes with a particularly disruptive gremlin, if you're a smoker. ",1.0,0.3775406687981454,"The passage uses an active metaphor by comparing cell division and the action of carcinogens to photocopying a cake recipe with a gremlin altering it. This non-literal framing changes the understanding of how errors in cell division can lead to cancer, fulfilling the core metaphor test. The metaphor is novel due to the domain shift from baking to biological processes, and it cannot be interpreted literally without losing meaning, thus passing the literal fallback test.","The response provides a detailed analogy comparing cell division to photocopying a recipe, but it lacks a clear progression from simple to complex ideas. It presents multiple concepts at the same complexity level without building upon each other, such as the comparison of different tissues and the analogy of the gremlin. The explanation does not scaffold understanding by introducing simpler ideas first and then deepening them with more complex concepts.",3986,why isn't there muscle cancer?,"there are- rhabdomyosarcoma, for example. it's comparatively rare though because there isn't much turnover of cells in the muscle, and they don't get much exposure to carcinogens. any lining of the body has a high rate of cell division, and that's where errors creep in. imagine photocopying the instructions for baking a cake every time you baked one, but instead of using a master copy you used the previous photocopy. and there's a little gremlin who can come in and change a number or a letter at random, and you don't know what the gremlin has been doing. the first cake is fine. and so is the 2nd, 3rd, 4th etc. until eventually you can't quite tell if it's 5 or 6 ounces of sugar. or what that squiggle means that you're supposed to add a teaspoon of. this is what happens with cancer. the photocopying is cell division, and the gremlin is the action of carcinogens on the dna of the cell. most of these errors get caught, either by the error checking in the cell division mechanism, by the immune system which kills off cancer cells, or by the cell simply ceasing to function properly and dying. muscle cells don't duplicate very often, unlike your skin or the lining of your bowel. your lungs, skin, bowels etc are all basically linings, and so have loads of cell divisions going on all the time. rhabdomyosarcoma is commonly a disease of childhood, as this is when muscles are growing and the cells are dividing. when someone trains a lot in the gym, they don't actually get new cells in their muscles, it's that the existing cells develop more muscle fibres within them, so the individual cells get bigger. basically, the muscle cells are like a cake recipe that you bake once a year. skin, bowel, etc etc are cakes that you bake every day. lungs are cakes with a particularly disruptive gremlin, if you're a smoker.",https://reddit.com/r/askscience/comments/6mf7oz/why_isnt_there_muscle_cancer/,1.0,1.0,1.0,gremlin,,0.0,1.0,logical flow without scaffolding,,,,,,,,,,,,,,Scaffolding (v2),[Nir] (No reason provided),[Mattan] logical flow without scaffolding
connection_v4,balanced_30_humor_v5_conn_v4_formatted.csv,Why is Uranus tilted?,"For a couple decades, the easy answer to this was that Uranus is tilted because it got hit by something. Bear in mind, though, that this explanation arose at a time when giant impacts were all the fashion in planetary science for explaining the solar system's curiosities. Why does Earth have such a large moon? It probably got hit by something. Why does Venus rotate backwards? Must've been hit by something. What caused the massive cliffs of Miranda? Hit by something.

That's not to say that giant impacts didn't occur - they most certainly did! However, this does seem to be a case of ""when you pick up a hammer, suddenly everything looks like a nail.""

Although the impact hypothesis for Uranus' tilt was popular a decade or two ago, it's definitely been falling out of fashion at the latest conferences. The big problem here is that it's exceptionally difficult in simulations to produce an impact that can radically change the planet's angular momentum without simultaneously completely destroying the planet.

What seems more likely at this point is that Uranus was either subject to a long-term tidal resonance with another planet, or that there was one (or a few) near-misses with another planet. [This PDF](http://arxiv.org/pdf/0912.0181.pdf) presents an example of one such scenario.

This ""gravitational perturbation"" hypothesis also jives a lot more closely with our latest theories of solar system formation, most notably the [Nice model](http://en.wikipedia.org/wiki/Nice_model). Most of the scenarios in this model indicate that originally Neptune was actually closer to the Sun than Uranus. Jupiter and Saturn were slowly migrating over time until they locked into a 2:1 mean-motion resonance, resulting in pumping of a lot of orbital momentum into the rest of the solar system bodies. In the ensuing orbital chaos, it seems that Uranus and Neptune actually crossed orbits and switched positions...providing ample opportunity for the gravitational perturbations that could have led to Uranus' tilt.

**TL;DR**: It probably did *not* get hit by something. It's more likely either a short & intense or a long & weak gravitational perturbation by another planet, quite possibly Neptune.",,,,,4052,why is uranus tilted?,"for a couple decades, the easy answer to this was that uranus is tilted because it got hit by something. bear in mind, though, that this explanation arose at a time when giant impacts were all the fashion in planetary science for explaining the solar system's curiosities. why does earth have such a large moon? it probably got hit by something. why does venus rotate backwards? must've been hit by something. what caused the massive cliffs of miranda? hit by something. that's not to say that giant impacts didn't occur - they most certainly did! however, this does seem to be a case of ""when you pick up a hammer, suddenly everything looks like a nail."" although the impact hypothesis for uranus' tilt was popular a decade or two ago, it's definitely been falling out of fashion at the latest conferences. the big problem here is that it's exceptionally difficult in simulations to produce an impact that can radically change the planet's angular momentum without simultaneously completely destroying the planet. what seems more likely at this point is that uranus was either subject to a long-term tidal resonance with another planet, or that there was one (or a few) near-misses with another planet. [this pdf](_url_0_) presents an example of one such scenario. this ""gravitational perturbation"" hypothesis also jives a lot more closely with our latest theories of solar system formation, most notably the [nice model](_url_1_). most of the scenarios in this model indicate that originally neptune was actually closer to the sun than uranus. jupiter and saturn were slowly migrating over time until they locked into a 2:1 mean-motion resonance, resulting in pumping of a lot of orbital momentum into the rest of the solar system bodies. in the ensuing orbital chaos, it seems that uranus and neptune actually crossed orbits and switched positions...providing ample opportunity for the gravitational perturbations that could have led to uranus' tilt. **tl;dr**: it probably did *not* get hit by something. it's more likely either a short & intense or a long & weak gravitational perturbation by another planet, quite possibly neptune.",https://reddit.com/r/askscience/comments/1nhkn5/why_is_uranus_tilted/,0.9894736842105264,,,,,,,,,0.5926665999540697,1.0,1.0,0.2450850186463482,0.0,1.0,"The response contains intentional humor through the use of a sarcastic and mocking statement that subverts expectations. The repeated phrase 'it probably got hit by something' humorously critiques the overuse of the giant impact hypothesis in planetary science, and the analogy 'when you pick up a hammer, suddenly everything looks like a nail' adds to the comedic effect by highlighting the absurdity of applying the same explanation to various phenomena.","The response does not include any named references from the specified categories such as popular culture, historical figures, organizations, publications, or famous places. Additionally, it lacks any concrete everyday activities that are external to the topic of Uranus' tilt. The analogy 'when you pick up a hammer, suddenly everything looks like a nail' is a common saying but does not meet the criteria for a named reference or relatable activity.", Why does Earth have such a large moon? It probably got hit by something. Why does Venus rotate backwards? Must've been hit by something. What caused the massive cliffs of Miranda? Hit by something.,,,,Connection to Everyday Life (v4),[Nir] (No reason provided),[Mattan] (No reason provided)
metaphor_v8,balanced_30_metaphor_v8_scaffolding_formatted.csv,"When a photon is ""born"", is it instantaneously going the speed of light? Or does it have to accelerate to that speed?","A photon, because it has no rest mass, can only travel at the speed of light, c or 3x10^8 m/s. This means that a photon must instantaneously move at a speed of c as soon as it is created since it since it simply cannot travel at any other speed, and so it can't experience any acceleration. 

If you find it hard to understand how photons can move at c as soon as they are created, remember that you can also think of light as a wave. While the fact that light can only propagate at a speed of c (in vacuum) is only specific to electromagnetic waves, the fact that no acceleration is needed is a general property of all waves. Take something as simple as a slinky. When you hit it on one end, you will create a longitudinal wave that will immediately start propagating at a certain speed determined by the material properties of the system, [as you can see in this video](https://www.youtube.com/watch?v=ubRlaCCQfDk). Yes, the individual atoms making up the wire in the slinky will be accelerated, but the collective propagation of the excitation (i.e. the wave) will (to a good approximation) move at a constant speed from the moment it was started. Something completely analogous happens to light, where the excitation (the light) once it is created moves through its medium (the electromagnetic field in this case) at a constant speed of c.",0.0124316528998621,0.5312093733737562,"The passage provides a literal explanation of how photons and waves propagate, using technical and scientific language without employing non-literal conceptual framing. The analogy with a slinky is a straightforward comparison to explain wave propagation, not a metaphorical domain shift. The description remains within the literal and technical domain, with no active metaphor present.","The response effectively uses scaffolding by starting with the simple concept that photons travel at the speed of light due to having no rest mass. It then builds on this by explaining the concept of light as a wave and uses the analogy of a slinky to illustrate wave propagation without acceleration. This progression from the specific property of photons to the general property of waves, and the use of a concrete analogy, demonstrates a clear increase in complexity and understanding.",4073,"when a photon is ""born"", is it instantaneously going the speed of light? or does it have to accelerate to that speed?","a photon, because it has no rest mass, can only travel at the speed of light, c or 3x10^8 m/s. this means that a photon must instantaneously move at a speed of c as soon as it is created since it since it simply cannot travel at any other speed, and so it can't experience any acceleration. if you find it hard to understand how photons can move at c as soon as they are created, remember that you can also think of light as a wave. while the fact that light can only propagate at a speed of c (in vacuum) is only specific to electromagnetic waves, the fact that no acceleration is needed is a general property of all waves. take something as simple as a slinky. when you hit it on one end, you will create a longitudinal wave that will immediately start propagating at a certain speed determined by the material properties of the system, [as you can see in this video](_url_0_). yes, the individual atoms making up the wire in the slinky will be accelerated, but the collective propagation of the excitation (i.e. the wave) will (to a good approximation) move at a constant speed from the moment it was started. something completely analogous happens to light, where the excitation (the light) once it is created moves through its medium (the electromagnetic field in this case) at a constant speed of c.",https://reddit.com/r/askscience/comments/3sfq22/when_a_photon_is_born_is_it_instantaneously_going/,0.8983050847457628,1.0,0.0,Slinky,slinky analogy is not a metaphor,1.0,1.0,clear simple to complex scaffolding,,,,,,,,,,,,,,Metaphor (v8),[Mattan] Slinky,[Nir] slinky analogy is not a metaphor
connection_v4,balanced_30_humor_v5_conn_v4_formatted.csv,"if we take all of the world's co2 emissions and compressed it to a diamond, how big would it be?","the world emitted 36 gigatons of co2 in 2014. a co2 has a molecular mass of 44.01 g/mol, while carbon has a molecular mass of 12 g/mol, meaning that 27% of the weight of co2 is carbon, meaning that that co2 emission produces 9.8 gigatons of carbon. if this was compressed into diamond it would still weight 9.8 billion tons diamond has a density of 3.51 g/cm³ which means 9.8 gigatons of diamond would take up 2.8x10^15 cm^3 . how big is that? pretty damn big. it's a cube about .8 of a mile or 1.4 km on each side. it would form a crystal basically exactly the same size of mount everest. it would be really really big. edit: a lot of people are taking me to task on the mount everest claim. and i totally see their point. however, the references comes from wolfram alpha.. which is pretty reliable: _url_0_ after trying to find some sources, i see that it's kinda difficult to really say what the volume of mount everest is, as it's impossible to say where it starts. certainly, the diamond will not have the same volume as an equalateral square pyramid with a height of 8.8km. i think a lot of the ""weight of mt everest"" and ""volume of mt everest"" come from starting at base camp.",,,,,4147,"if we take all of the world's co2 emissions and compressed it to a diamond, how big would it be?","the world emitted 36 gigatons of co2 in 2014. a co2 has a molecular mass of 44.01 g/mol, while carbon has a molecular mass of 12 g/mol, meaning that 27% of the weight of co2 is carbon, meaning that that co2 emission produces 9.8 gigatons of carbon. if this was compressed into diamond it would still weight 9.8 billion tons diamond has a density of 3.51 g/cm³ which means 9.8 gigatons of diamond would take up 2.8x10^15 cm^3 . how big is that? pretty damn big. it's a cube about .8 of a mile or 1.4 km on each side. it would form a crystal basically exactly the same size of mount everest. it would be really really big. edit: a lot of people are taking me to task on the mount everest claim. and i totally see their point. however, the references comes from wolfram alpha.. which is pretty reliable: _url_0_ after trying to find some sources, i see that it's kinda difficult to really say what the volume of mount everest is, as it's impossible to say where it starts. certainly, the diamond will not have the same volume as an equalateral square pyramid with a height of 8.8km. i think a lot of the ""weight of mt everest"" and ""volume of mt everest"" come from starting at base camp.",,0.0,,,,,,,,,0.0,1.0,0.0,0.5621765008857981,0.0,1.0,"The text provides a detailed explanation of CO2 emissions and their hypothetical conversion into diamond, but it lacks intentional humor. The tone is casual and informative, with no clear punchlines, puns, or comedic elements. The mention of Mount Everest is used for comparison, not comedic effect, and the edit is a straightforward clarification rather than a humorous aside.","The response includes a reference to 'Mount Everest,' which is a famous landmark and thus falls under the category of 'Famous Places' from Step 1. This reference is external to the question topic about CO2 emissions and diamond compression, satisfying the criteria for a high score.",how big is that? pretty damn big.,,mount everest.,mount everest reference,Connection to Everyday Life (v4),[Nir] mount everest reference,[Mattan] mount everest.
humor_v5,balanced_30_humor_v5_conn_v4_formatted.csv,"if we take all of the world's co2 emissions and compressed it to a diamond, how big would it be?","the world emitted 36 gigatons of co2 in 2014. a co2 has a molecular mass of 44.01 g/mol, while carbon has a molecular mass of 12 g/mol, meaning that 27% of the weight of co2 is carbon, meaning that that co2 emission produces 9.8 gigatons of carbon. if this was compressed into diamond it would still weight 9.8 billion tons diamond has a density of 3.51 g/cm³ which means 9.8 gigatons of diamond would take up 2.8x10^15 cm^3 . how big is that? pretty damn big. it's a cube about .8 of a mile or 1.4 km on each side. it would form a crystal basically exactly the same size of mount everest. it would be really really big. edit: a lot of people are taking me to task on the mount everest claim. and i totally see their point. however, the references comes from wolfram alpha.. which is pretty reliable: _url_0_ after trying to find some sources, i see that it's kinda difficult to really say what the volume of mount everest is, as it's impossible to say where it starts. certainly, the diamond will not have the same volume as an equalateral square pyramid with a height of 8.8km. i think a lot of the ""weight of mt everest"" and ""volume of mt everest"" come from starting at base camp.",,,,,4147,"if we take all of the world's co2 emissions and compressed it to a diamond, how big would it be?","the world emitted 36 gigatons of co2 in 2014. a co2 has a molecular mass of 44.01 g/mol, while carbon has a molecular mass of 12 g/mol, meaning that 27% of the weight of co2 is carbon, meaning that that co2 emission produces 9.8 gigatons of carbon. if this was compressed into diamond it would still weight 9.8 billion tons diamond has a density of 3.51 g/cm³ which means 9.8 gigatons of diamond would take up 2.8x10^15 cm^3 . how big is that? pretty damn big. it's a cube about .8 of a mile or 1.4 km on each side. it would form a crystal basically exactly the same size of mount everest. it would be really really big. edit: a lot of people are taking me to task on the mount everest claim. and i totally see their point. however, the references comes from wolfram alpha.. which is pretty reliable: _url_0_ after trying to find some sources, i see that it's kinda difficult to really say what the volume of mount everest is, as it's impossible to say where it starts. certainly, the diamond will not have the same volume as an equalateral square pyramid with a height of 8.8km. i think a lot of the ""weight of mt everest"" and ""volume of mt everest"" come from starting at base camp.",,0.0,,,,,,,,,0.0,1.0,0.0,0.5621765008857981,0.0,1.0,"The text provides a detailed explanation of CO2 emissions and their hypothetical conversion into diamond, but it lacks intentional humor. The tone is casual and informative, with no clear punchlines, puns, or comedic elements. The mention of Mount Everest is used for comparison, not comedic effect, and the edit is a straightforward clarification rather than a humorous aside.","The response includes a reference to 'Mount Everest,' which is a famous landmark and thus falls under the category of 'Famous Places' from Step 1. This reference is external to the question topic about CO2 emissions and diamond compression, satisfying the criteria for a high score.",how big is that? pretty damn big.,,mount everest.,mount everest reference,Humor (v5),[Mattan] how big is that? pretty damn big.,[Nir] (No reason provided)
scaffolding_v2,balanced_30_metaphor_v8_scaffolding_formatted.csv,why do some venomous snakes (such as the black mamba) have venom that is much more powerful than necessary to take down the prey they go after?,"red queen hypothesis: you must run as fast as you can to stay in one place. it's an arms race. snake develops stronger venom, so prey develops stronger resistance, so snake develops stronger venom, so prey develops stronger resistance, and this continues until the energy that each species spends on the contest is too great to sustain because it takes away from energy that needs to be spent on other things. i.e if a rabbit spends so much energy on resistance to snake venom that it can no longer reproduce, then the advantage will go to a rabbit that can reproduce even if there is also a great risk of this rabbit dying due to a snake bite. so, one of two things is probably true: either the black mamba has a prey species that has a pretty strong resistance to its particular brand of venom, or it did have a prey species with a strong resistance, but that prey species has exhausted its resources and is pressured in another direction, making it appear as though the mamba is overpowered, when in fact it is just lagging behind in terms of de-escalation. it's important to remember that venom and resistance can also be very specific, so a venom that is very damaging to humans (who are not in the arms race) might not be very damaging to a rabbit (which is in the arms race).",0.932453305575492,0.0850990363058007,"The passage uses an active metaphor by framing the evolutionary concept of the Red Queen Hypothesis as an 'arms race,' which is a non-literal conceptual framing that changes how the evolutionary dynamics are understood. This metaphor involves a domain shift from military conflict to biological evolution, making it an active metaphor. The metaphorical language is essential to the explanation and cannot be interpreted literally without losing its intended meaning.","The response presents a complex explanation of the Red Queen hypothesis without a clear progression from simple to complex ideas. It starts with a metaphor and immediately delves into the arms race concept without establishing simpler foundational ideas first. The explanation lacks scaffolding as it presents multiple complex ideas at once, such as the energy trade-off in evolutionary arms races and the specificity of venom, without building from simpler concepts.",4176,why do some venomous snakes (such as the black mamba) have venom that is much more powerful than necessary to take down the prey they go after?,"red queen hypothesis: you must run as fast as you can to stay in one place. it's an arms race. snake develops stronger venom, so prey develops stronger resistance, so snake develops stronger venom, so prey develops stronger resistance, and this continues until the energy that each species spends on the contest is too great to sustain because it takes away from energy that needs to be spent on other things. i.e if a rabbit spends so much energy on resistance to snake venom that it can no longer reproduce, then the advantage will go to a rabbit that can reproduce even if there is also a great risk of this rabbit dying due to a snake bite. so, one of two things is probably true: either the black mamba has a prey species that has a pretty strong resistance to its particular brand of venom, or it did have a prey species with a strong resistance, but that prey species has exhausted its resources and is pressured in another direction, making it appear as though the mamba is overpowered, when in fact it is just lagging behind in terms of de-escalation. it's important to remember that venom and resistance can also be very specific, so a venom that is very damaging to humans (who are not in the arms race) might not be very damaging to a rabbit (which is in the arms race).",,0.0,1.0,1.0,energy that each species spends on the contest - not metaphor. you must run as fast as you can to stay in one place,arms race,0.0,1.0,,,,,,,,,,,,,,,Scaffolding (v2),[Nir] (No reason provided),[Mattan] (No reason provided)
connection_v4,balanced_30_humor_v5_conn_v4_formatted.csv,"Is there such a thing as mitochondrial ""cancer?"" I.e., are there any diseases resulting from known or suspected errors in mitochondrial DNA that disrupt the mechanism of mitochondrial replication?","This is an interesting question and has multiple answers.  In short, yes there are mutations in mitochondrial DNA that cause specific clinical conditions.  The most well studied are the fission and fusion proteins that control how mitochondria divide and replicate.  If there is improper fission and fusion then you can have specific diseases like [Charcot-Marie-Tooth disease](http://en.wikipedia.org/wiki/Charcot%E2%80%93Marie%E2%80%93Tooth_disease)  which is a peripheral neuropathy or [MERRF syndrome](http://en.wikipedia.org/wiki/MERRF_syndrome).  Since mitochondria regulate energy production in the cell, any damage to them leads to improper energy regulation that damages organs that require high amounts of energy (brain, nerves, heart etc...)  A good review on [fission and fusion](http://211.144.68.84:9998/91keshi/Public/File/41/337-6098/pdf/1062.full.pdf) and a good review in relation to [diseases] (http://www.ncbi.nlm.nih.gov/pmc/articles/PMC3678461/)

Alternatively, in cancer and other diseases, mitochondria are significantly dysregulated.  In cancer it is often referred to as [the Warburg Hypothesis](http://en.wikipedia.org/wiki/Warburg_hypothesis)

Update:  Thanks to u/bebekins for the great clarifications and differentiation between proteins produced from mitochondrial DNA (mtDNA) and genomic DNA.

An alternative answer to the OP's question could be answered in regard to the [Multi-Hit-Hypothesis](http://en.wikipedia.org/wiki/Knudson_hypothesis).  This hypothesis states that in order for cancer to arise you need mutations in multiple genes including [tumor suppressors](http://en.wikipedia.org/wiki/Tumor_suppressor_gene) and [oncogenes](http://en.wikipedia.org/wiki/Oncogenes).  Some of these tumor suppressors or oncogenes can come from mtDNA.  As an example, there are recent publications implicating mutations in mtDNA that contribute to the progression of [endometrial carcinoma](http://www.ncbi.nlm.nih.gov/pubmed/21470976) and [serrated adenomas](http://www.ncbi.nlm.nih.gov/pubmed/21649722).

Two final thoughts.  Mitochondrial dysfunction is involved in a lot of diseases and while you wont necessarily have mitochondrial (or organelle) hyperplasia, the mitochondria can swell and [look very sick](http://classconnection.s3.amazonaws.com/382/flashcards/837382/png/swollen_mitochondria1334028927262.png).  If people want to know more, there are great wikipedia articles on [mitochondrial diseases] (http://en.wikipedia.org/wiki/Mitochondrial_disease).",,,,,4263,"is there such a thing as mitochondrial ""cancer?"" i.e., are there any diseases resulting from known or suspected errors in mitochondrial dna that disrupt the mechanism of mitochondrial replication?","this is an interesting question and has multiple answers. in short, yes there are mutations in mitochondrial dna that cause specific clinical conditions. the most well studied are the fission and fusion proteins that control how mitochondria divide and replicate. if there is improper fission and fusion then you can have specific diseases like [charcot-marie-tooth disease](_url_2_) which is a peripheral neuropathy or [merrf syndrome](_url_6_). since mitochondria regulate energy production in the cell, any damage to them leads to improper energy regulation that damages organs that require high amounts of energy (brain, nerves, heart etc...) a good review on [fission and fusion](_url_7_) and a good review in relation to [diseases] (_url_4_) alternatively, in cancer and other diseases, mitochondria are significantly dysregulated. in cancer it is often referred to as [the warburg hypothesis](_url_8_) update: thanks to u/bebekins for the great clarifications and differentiation between proteins produced from mitochondrial dna (mtdna) and genomic dna. an alternative answer to the op's question could be answered in regard to the [multi-hit-hypothesis](_url_11_). this hypothesis states that in order for cancer to arise you need mutations in multiple genes including [tumor suppressors](_url_9_) and [oncogenes](_url_3_). some of these tumor suppressors or oncogenes can come from mtdna. as an example, there are recent publications implicating mutations in mtdna that contribute to the progression of [endometrial carcinoma](_url_10_) and [serrated adenomas](_url_5_). two final thoughts. mitochondrial dysfunction is involved in a lot of diseases and while you wont necessarily have mitochondrial (or organelle) hyperplasia, the mitochondria can swell and [look very sick](_url_0_). if people want to know more, there are great wikipedia articles on [mitochondrial diseases] (_url_1_).",https://reddit.com/r/askscience/comments/1ttexr/is_there_such_a_thing_as_mitochondrial_cancer_ie/,0.7346938775510204,,,,,,,,,0.0,0.0,0.0,0.0159063910120541,1.0,0.0,"The response is informative and detailed about mitochondrial DNA mutations and their implications but lacks any intentional humor elements such as jokes, puns, or sarcasm. The tone is casual and educational, with no comedic intent or elements that would make a reader laugh or smile.","The response does not include any named references from the specified categories such as popular culture, historical figures, organizations, publications, or famous places. Additionally, it lacks any mention of concrete everyday activities. The references to scientific concepts and diseases are directly related to the question topic, thus not external.",,,wikipedia - explicit mention at end,,Connection to Everyday Life (v4),[Mattan] wikipedia - explicit mention at end,[Nir] (No reason provided)
connection_v4,balanced_30_humor_v5_conn_v4_formatted.csv,"When I flush an insect (ant) down the drain or sink, am I killing them? If so, what is their mode of death and by when?","They drown. I don't know exactly the answer to how much time they can spend under water in general, but from extremly scientific experiments I did when I was 8 years old, an ant can survive in water almost an hour.",,,,,4299,"when i flush an insect (ant) down the drain or sink, am i killing them? if so, what is their mode of death and by when?","they drown. i don't know exactly the answer to how much time they can spend under water in general, but from extremly scientific experiments i did when i was 8 years old, an ant can survive in water almost an hour.",https://reddit.com/r/askscience/comments/j5i5w/when_i_flush_an_insect_ant_down_the_drain_or_sink/,1.0,,,,,,,,,0.5621765008857981,1.0,1.0,0.0534033277283186,1.0,0.0,"The response contains absurdist humor with the phrase 'extremely scientific experiments I did when I was 8 years old,' which is a self-deprecating and self-aware comment acknowledging the absurdity of the situation. This unexpected and humorous admission adds a comedic element to the otherwise serious topic.","The response does not include any named references from popular culture, historical figures, organizations, publications, or famous places. It also lacks any concrete everyday activities that are external to the question topic. The mention of 'extremely scientific experiments' is vague and not culturally grounded.","from extremly scientific experiments I did when I was 8 years old, an ant can survive in water almost an hour.",,scientific experiments I did when I was 8 years old - relatable,,Connection to Everyday Life (v4),[Mattan] scientific experiments I did when I was 8 years old - relatable,[Nir] (No reason provided)
metaphor_v8,balanced_30_metaphor_v8_scaffolding_formatted.csv,How does the elemental composition of 'average' planets change over a universe's lifetime?,"There was a [Scientific American article](http://www.scientificamerican.com/article/could-life-survive-in-the-universe-s-far-distant-future/) which said that the ratio of heavier elements to hydrogen will increase in interstellar dust clouds due to supernova explosions sending heavier elements outward. Because of this, in the far future, stars will cough up more planets, including planets that are small and rocky, like Earth. Quote from article:

> Despite the diminishing rate of star formation, perhaps half or two thirds of all the planets that will ever exist have yet to be born.

In addition, stars will be smaller, because of less available hydrogen to form new stars. Smaller stars are not a problem though for life (the habitable zone will just be closer to the star), so in the far future the universe will be more hospitable for life, because there will be more habitable planets. Quote from article:

> At first, the proliferation of planets does not seem promising for life. Most of the stars of the far future will be much less massive and less luminous than the sun. Fortunately, even a low-mass, dim star can allow life to flourish. A star with as little as one one-thousandth of the sun's luminosity can maintain temperatures that allow liquids to exist on close-in planets, satisfying what seems to be a requirement for living things to exist.

And more:

> Planets should not only grow generally more common but also be enriched in the stuff of life. In addition to requiring a liquid bath, life on Earth, as well as almost all other forms of life that scientists speculate about, depends on the existence of carbon, nitrogen and oxygen. As time goes on, the increasing relative abundance of these elements should yield planets more hospitable to life. Therefore, as star formation steadily diminishes, every newborn star should appear with a progressively greater probability of lighting one or more potential life-bearing planets. Some of these new stars will have the low masses and tiny luminosities that allow them to last for hundreds or thousands of billions of years (not that such immense lifetimes seem necessary for the origin and evolution of life). However full or empty of life the universe may be today, it should teem with more abundant and more varied forms of life in the future.

EDIT: got access to article. Can add in more details.",0.6224593312018546,0.0,"The phrase 'stars will cough up more planets' is an active metaphor. It uses non-literal language to describe the process of star formation and planet creation, framing it in terms of a biological action (coughing), which is unexpected for the domain of astronomy. This introduces a novel and expressive domain shift, aligning with the criteria for an active metaphor.","The response presents a series of related facts about interstellar dust clouds, supernova explosions, and future star and planet formation, but lacks a clear progression from simple to complex ideas. Each statement is presented at a similar complexity level without building upon the previous one, and the use of quotes and references to an article does not contribute to scaffolding. The response does not demonstrate increasing depth or dependency between ideas.",4321,how does the elemental composition of 'average' planets change over a universe's lifetime?,"there was a [scientific american article](_url_0_) which said that the ratio of heavier elements to hydrogen will increase in interstellar dust clouds due to supernova explosions sending heavier elements outward. because of this, in the far future, stars will cough up more planets, including planets that are small and rocky, like earth. quote from article: in addition, stars will be smaller, because of less available hydrogen to form new stars. smaller stars are not a problem though for life (the habitable zone will just be closer to the star), so in the far future the universe will be more hospitable for life, because there will be more habitable planets. quote from article: and more: edit: got access to article. can add in more details.",https://reddit.com/r/askscience/comments/2sino3/how_does_the_elemental_composition_of_average/,0.3612565445026178,0.0,1.0,,stars will cough up more planets,0.0,0.0,,,,,,,,,,,,,,,Metaphor (v8),[Nir] stars will cough up more planets,[Mattan] (No reason provided)
connection_v4,balanced_30_humor_v5_conn_v4_formatted.csv,why does 5 hour energy contain 8000%+ vitamin b?,"since it is water-soluble, it just gets flushed out in your urine pretty quick. the whole process takes about... 5 hours! which makes me wonder what kind of trickery those ""6 hour power"" guys are up to. fat-soluble vitamins *can* accumulate. too much of them can lead to [hypervitaminosis](_url_0_)",,,,,4368,why does 5 hour energy contain 8000%+ vitamin b?,"since it is water-soluble, it just gets flushed out in your urine pretty quick. the whole process takes about... 5 hours! which makes me wonder what kind of trickery those ""6 hour power"" guys are up to. fat-soluble vitamins *can* accumulate. too much of them can lead to [hypervitaminosis](_url_0_)",,0.0,,,,,,,,,0.8519528000888386,1.0,0.0,0.5312093733737562,1.0,0.0,"The text contains intentional humor in the form of a sarcastic remark about the '6 hour power' products, suggesting they are using some kind of trickery. This subverts expectations and is likely to make a reader smile, aligning with Step 1's criteria for intentional jokes.","The response includes a reference to '6 hour power', which is a brand, thus fulfilling the requirement for a named reference from the 'Organizations and Brands' category. This reference is external to the question topic about vitamin B content in 5 hour energy, meeting the criteria for a high score.","makes me wonder what kind of trickery those ""6 hour power"" guys are up to",,6 hour power,"Urine reference feels directly related to the question, not making an additional connection",Connection to Everyday Life (v4),[Mattan] 6 hour power,"[Nir] Urine reference feels directly related to the question, not making an additional connection"
humor_v5,balanced_30_humor_v5_conn_v4_formatted.csv,why does 5 hour energy contain 8000%+ vitamin b?,"since it is water-soluble, it just gets flushed out in your urine pretty quick. the whole process takes about... 5 hours! which makes me wonder what kind of trickery those ""6 hour power"" guys are up to. fat-soluble vitamins *can* accumulate. too much of them can lead to [hypervitaminosis](_url_0_)",,,,,4368,why does 5 hour energy contain 8000%+ vitamin b?,"since it is water-soluble, it just gets flushed out in your urine pretty quick. the whole process takes about... 5 hours! which makes me wonder what kind of trickery those ""6 hour power"" guys are up to. fat-soluble vitamins *can* accumulate. too much of them can lead to [hypervitaminosis](_url_0_)",,0.0,,,,,,,,,0.8519528000888386,1.0,0.0,0.5312093733737562,1.0,0.0,"The text contains intentional humor in the form of a sarcastic remark about the '6 hour power' products, suggesting they are using some kind of trickery. This subverts expectations and is likely to make a reader smile, aligning with Step 1's criteria for intentional jokes.","The response includes a reference to '6 hour power', which is a brand, thus fulfilling the requirement for a named reference from the 'Organizations and Brands' category. This reference is external to the question topic about vitamin B content in 5 hour energy, meeting the criteria for a high score.","makes me wonder what kind of trickery those ""6 hour power"" guys are up to",,6 hour power,"Urine reference feels directly related to the question, not making an additional connection",Humor (v5),"[Mattan] makes me wonder what kind of trickery those ""6 hour power"" guys are up to",[Nir] (No reason provided)
metaphor_v8,balanced_30_metaphor_v8_scaffolding_formatted.csv,What brain function takes over when I'm able to zone out while driving and still navigate turns and make stops without incident?,"The brain forms neural connections based on common activities. The more often you do the activity, the more connections are formed, thus improving the throughput across the 'ol synapses. The reverse actually occurs as well: if you don't do something for a long time, the brain scavenges some of that material, and downgrades the path in favor of something you do MORE often.

The practical upshot of this is that, if you do something constantly, and it's reasonably repetitive, you don't have to put much attention into it...The channels are so optimized, that it's not conscious anymore.

The problem is when you break the habit. When you get up in the morning, get in the car, and *don't* go to work. When you're driving down the road, and something unexpected happens. This is basically the same across all learned behaviour.",0.6224593382055109,0.0953494700404837,"The passage uses active metaphors such as 'the brain scavenges some of that material' and 'downgrades the path' to describe neural processes in non-literal terms. These metaphors involve a domain shift, applying concepts from material resource management to brain function, which is not a conventional usage. The metaphors alter the understanding of neural adaptation, making them active and novel.","The response lacks scaffolding as it presents a series of related facts about neural connections and habits without building from simple to complex. Each statement is at a similar complexity level, and there is no clear progression or dependency between ideas. The explanation does not introduce simpler concepts before moving to more complex ones, failing to meet the criteria for scaffolding.",4369,what brain function takes over when i'm able to zone out while driving and still navigate turns and make stops without incident?,"the brain forms neural connections based on common activities. the more often you do the activity, the more connections are formed, thus improving the throughput across the 'ol synapses. the reverse actually occurs as well: if you don't do something for a long time, the brain scavenges some of that material, and downgrades the path in favor of something you do more often. the practical upshot of this is that, if you do something constantly, and it's reasonably repetitive, you don't have to put much attention into it...the channels are so optimized, that it's not conscious anymore. the problem is when you break the habit. when you get up in the morning, get in the car, and *don't* go to work. when you're driving down the road, and something unexpected happens. this is basically the same across all learned behaviour.",https://reddit.com/r/askscience/comments/o9hv8/what_brain_function_takes_over_when_im_able_to/,1.0,1.0,0.0,the brain scavenges some of that material,,1.0,1.0,,,,,,,,,,,,,,,Metaphor (v8),[Mattan] the brain scavenges some of that material,[Nir] (No reason provided)
connection_v4,balanced_30_humor_v5_conn_v4_formatted.csv,Are black holes really a 3 dimensional sphere or is it more of a puck/2 d circle?,"A black hole looks like a sphere, check out this simulation by a redditor in /r/physics,  
http://spiro.fisica.unipd.it/~antonell/schwarzschild/  
more specifically, a black hole is indeed described and defined by an event horizon at a radius which traces out a surface at all angles resulting in a sphere.
",,,,,4401,are black holes really a 3 dimensional sphere or is it more of a puck/2 d circle?,"a black hole looks like a sphere, check out this simulation by a redditor in /r/physics, _url_0_ more specifically, a black hole is indeed described and defined by an event horizon at a radius which traces out a surface at all angles resulting in a sphere.",https://reddit.com/r/askscience/comments/360ic5/are_black_holes_really_a_3_dimensional_sphere_or/,0.9696969696969696,,,,,,,,,0.0,0.0,0.0,0.9149009578933862,1.0,0.0,"The text provides a factual description of a black hole's appearance and references a simulation without any intentional humor, jokes, or comedic elements. It maintains an informative tone without any elements of absurdist, deadpan, or ironic humor.","The response references Reddit, a well-known platform, which is a named reference from the category of Publications and Media. This reference is external to the question topic about black holes, satisfying the evaluation criteria.",,,reddit,,Connection to Everyday Life (v4),[Mattan] reddit,[Nir] (No reason provided)
humor_v5,balanced_30_humor_v5_conn_v4_formatted.csv,Why can't we just take alcohol dehydrogenase in some form to quickly eliminate drunkeness?,"There's a few reasons I could think of:

First, there is the problem of delivery. Most of the alcohol is converted in the liver, which makes an oral delivery of an enzyme the size of ADH quite a difficult task. Unprotected, the enzyme would quickly be protonated in the acidic pH of the stomach, as well as degraded by proteases. Further, it is too heavy for transcytosis in the digestive tract, which leaves an unsufficient concentration in the bloodstream to have any striking effect. Those factors would pretty much eliminate the potential of oral delivery. Now, even if we would be able to get ADH in our bloodstream in an efficient way (just think about having to give yourself an ADH shot while intoxicated, I see great fail potential here ...), the degradation of ethanol requires far more than just this one enzyme. First of, EtOH is only one of two ligands needed for the conversion (the reaction won't start without an effective concentration of NAD+). Secondly, the conversion is reversible, which means you would need a constant replenishment of NAD+ for the reaction to constantly degrade the alcohol. And even if you managed to have this replenishment of NAD+ (which simply can't be healthy at all), you'd still need a high amount of the next enzyme in the step, ALDH2, which converts the aldehyd to acetic acid, again leaving the problem of delivery in sufficient concentration/cofactors/etc. And even if you somehow tackled this problem as well, your bodies reaction to the sudden high amount of ~~acidic~~ acetic acid being converted would be pretty hardcore (you could imagine it as a hangover, that kicks in ten times faster than normally, dehydrating you almost faster than you can hydrate again). So all in all, the whole network is just too complex to be delivered in one 'pill', plus there is a reason, why the body takes so long to completely recover from intoxication.",,,,,4412,why can't we just take alcohol dehydrogenase in some form to quickly eliminate drunkeness?,"there's a few reasons i could think of: first, there is the problem of delivery. most of the alcohol is converted in the liver, which makes an oral delivery of an enzyme the size of adh quite a difficult task. unprotected, the enzyme would quickly be protonated in the acidic ph of the stomach, as well as degraded by proteases. further, it is too heavy for transcytosis in the digestive tract, which leaves an unsufficient concentration in the bloodstream to have any striking effect. those factors would pretty much eliminate the potential of oral delivery. now, even if we would be able to get adh in our bloodstream in an efficient way (just think about having to give yourself an adh shot while intoxicated, i see great fail potential here ...), the degradation of ethanol requires far more than just this one enzyme. first of, etoh is only one of two ligands needed for the conversion (the reaction won't start without an effective concentration of nad+). secondly, the conversion is reversible, which means you would need a constant replenishment of nad+ for the reaction to constantly degrade the alcohol. and even if you managed to have this replenishment of nad+ (which simply can't be healthy at all), you'd still need a high amount of the next enzyme in the step, aldh2, which converts the aldehyd to acetic acid, again leaving the problem of delivery in sufficient concentration/cofactors/etc. and even if you somehow tackled this problem as well, your bodies reaction to the sudden high amount of ~~acidic~~ acetic acid being converted would be pretty hardcore (you could imagine it as a hangover, that kicks in ten times faster than normally, dehydrating you almost faster than you can hydrate again). so all in all, the whole network is just too complex to be delivered in one 'pill', plus there is a reason, why the body takes so long to completely recover from intoxication.",https://reddit.com/r/askscience/comments/o59i4/why_cant_we_just_take_alcohol_dehydrogenase_in/,1.0,,,,,,,,,0.5312093733737563,1.0,0.0,0.0,1.0,1.0,"The response contains absurdist humor, particularly in the phrase 'just think about having to give yourself an adh shot while intoxicated, i see great fail potential here ...', which introduces a self-aware and humorous scenario. Additionally, the description of a hangover that 'kicks in ten times faster than normally' is an exaggeration that adds a comedic element to the explanation.","The response does not include any named references from popular culture, historical figures, organizations, publications, or famous places. Additionally, it lacks any mention of concrete everyday activities. The references provided are technical and related to the question topic, such as alcohol dehydrogenase and ethanol metabolism, which do not meet the criteria for external references.",acid being converted would be pretty hardcore - inappropriate usage of slang,,you could imagine it as a hangover,"""you could imagine it as a hangover, that kicks in ten times faster than normally, dehydrating you almost faster than you can hydrate again)"" -- relating to common experience of hangover",Humor (v5),[Mattan] acid being converted would be pretty hardcore - inappropriate usage of slang,[Nir] (No reason provided)
connection_v4,balanced_30_humor_v5_conn_v4_formatted.csv,why does getting kicked in the balls hurt so much?,"testicles are internal visceral organs that have migrated out of the body cavity - as such, they have visceral innervation rather than somatic. visceral innervation is known for producing intense pain when the capsules surrounding organs are stretched. classically, issues like bowel obstructions or stones (gall- or kidney-) produce similar feelings of pain. testicles hurt when hit because any other visceral organ would hurt when compressed - this is why punches to the back overlying the kidneys are so painful. the fact that you feel it in your abdomen is likely simply due to the way nerve tracts run (again, visceral sensation), and is known as [referred pain](_url_1_). [visceral pain is commonly associated with nausea](_url_2_), and thought to be related to autonomic activity. before anyone starts on 'why did we evolve this weakness' type questions (they invariably pop up on this question), look over [this page](_url_0_) first.",,,,,4650,why does getting kicked in the balls hurt so much?,"testicles are internal visceral organs that have migrated out of the body cavity - as such, they have visceral innervation rather than somatic. visceral innervation is known for producing intense pain when the capsules surrounding organs are stretched. classically, issues like bowel obstructions or stones (gall- or kidney-) produce similar feelings of pain. testicles hurt when hit because any other visceral organ would hurt when compressed - this is why punches to the back overlying the kidneys are so painful. the fact that you feel it in your abdomen is likely simply due to the way nerve tracts run (again, visceral sensation), and is known as [referred pain](_url_1_). [visceral pain is commonly associated with nausea](_url_2_), and thought to be related to autonomic activity. before anyone starts on 'why did we evolve this weakness' type questions (they invariably pop up on this question), look over [this page](_url_0_) first.",,0.0,,,,,,,,,0.7057850216484838,1.0,0.0,0.0,0.0,1.0,"The text contains an intentional joke in the form of a hypothetical scenario where a future observer might joke to a reptilian colleague about a 'super race of apes using artificial selection purely for their own amusement.' This statement subverts expectations and uses absurdity for comedic effect, aligning with Step 1's criteria for intentional jokes.","The response does not include any named references from popular culture, historical figures, organizations, publications, or famous places. It also lacks any mention of concrete everyday activities. The explanation is focused on physiological and anatomical details, which do not align with the evaluation criteria for external references or relatable activities.","before anyone starts on 'why did we evolve this weakness' type questions (they invariably pop up on this question), look over [this page](_url_0_) first.",,,"""issues like bowel obstructions or stones (gall- or kidney-) produce similar feelings of pain""",Connection to Everyday Life (v4),"[Nir] ""issues like bowel obstructions or stones (gall- or kidney-) produce similar feelings of pain""",[Mattan] (No reason provided)
humor_v5,balanced_30_humor_v5_conn_v4_formatted.csv,why does getting kicked in the balls hurt so much?,"testicles are internal visceral organs that have migrated out of the body cavity - as such, they have visceral innervation rather than somatic. visceral innervation is known for producing intense pain when the capsules surrounding organs are stretched. classically, issues like bowel obstructions or stones (gall- or kidney-) produce similar feelings of pain. testicles hurt when hit because any other visceral organ would hurt when compressed - this is why punches to the back overlying the kidneys are so painful. the fact that you feel it in your abdomen is likely simply due to the way nerve tracts run (again, visceral sensation), and is known as [referred pain](_url_1_). [visceral pain is commonly associated with nausea](_url_2_), and thought to be related to autonomic activity. before anyone starts on 'why did we evolve this weakness' type questions (they invariably pop up on this question), look over [this page](_url_0_) first.",,,,,4650,why does getting kicked in the balls hurt so much?,"testicles are internal visceral organs that have migrated out of the body cavity - as such, they have visceral innervation rather than somatic. visceral innervation is known for producing intense pain when the capsules surrounding organs are stretched. classically, issues like bowel obstructions or stones (gall- or kidney-) produce similar feelings of pain. testicles hurt when hit because any other visceral organ would hurt when compressed - this is why punches to the back overlying the kidneys are so painful. the fact that you feel it in your abdomen is likely simply due to the way nerve tracts run (again, visceral sensation), and is known as [referred pain](_url_1_). [visceral pain is commonly associated with nausea](_url_2_), and thought to be related to autonomic activity. before anyone starts on 'why did we evolve this weakness' type questions (they invariably pop up on this question), look over [this page](_url_0_) first.",,0.0,,,,,,,,,0.7057850216484838,1.0,0.0,0.0,0.0,1.0,"The text contains an intentional joke in the form of a hypothetical scenario where a future observer might joke to a reptilian colleague about a 'super race of apes using artificial selection purely for their own amusement.' This statement subverts expectations and uses absurdity for comedic effect, aligning with Step 1's criteria for intentional jokes.","The response does not include any named references from popular culture, historical figures, organizations, publications, or famous places. It also lacks any mention of concrete everyday activities. The explanation is focused on physiological and anatomical details, which do not align with the evaluation criteria for external references or relatable activities.","before anyone starts on 'why did we evolve this weakness' type questions (they invariably pop up on this question), look over [this page](_url_0_) first.",,,"""issues like bowel obstructions or stones (gall- or kidney-) produce similar feelings of pain""",Humor (v5),"[Mattan] before anyone starts on 'why did we evolve this weakness' type questions (they invariably pop up on this question), look over [this page](_url_0_) first.",[Nir] (No reason provided)
metaphor_v8,balanced_30_metaphor_v8_scaffolding_formatted.csv,How do prions propagate by 'touching' healthy proteins?,"As best as we understand (because there's still a lot we don't understand about prions), it involves the infectious form creating insoluble aggregates that form a template that the normal prion arranges itself on to. We call these aggregates amyloids, and loosely speaking, they're a alternate, solid phase of a soluble protein. This insoluble form of the protein helps the soluble protein aggregate as well because it forms a kind of pre-organized template where every new molecule adds [one new link to an ever-growing chain](http://journals.plos.org/plospathogens/article/figure/image?size=medium&id=info:doi/10.1371/journal.ppat.1004584.g001)

You can think prion aggregation like [salt in a super-saturated solution](https://www.youtube.com/watch?v=BLq5NibwV5g). Everything will remain in solution if there is no where to start the growth of a crystal, but if you add a nucleating agent like a small seed crystal, salt ions from the solution will come together to make insoluble crystals. 

This analogy isn't perfect, because a supersaturated solution is unstable, while under normal physiology, prion proteins are stable and soluble. The important point is that you need a nucleant to start forming the amyloid growth. This is why a [small amount of aggregated protein can trigger a bunch more to aggregate as a result](https://upload.wikimedia.org/wikipedia/commons/6/62/Prion_Replication.png). ",0.7549149868676283,0.2450850186463483,"The passage uses an active metaphor by comparing prion aggregation to salt in a super-saturated solution, introducing a domain shift from chemistry to biology. This non-literal framing changes how prion aggregation is understood, highlighting the need for a nucleating agent to start the process. The metaphor is novel due to the specific analogy and domain shift, and it cannot be interpreted literally without losing meaning.","The response lacks scaffolding as it presents complex ideas without building from simpler concepts. It starts with the complex notion of prion aggregation and amyloids without first establishing a basic understanding of prions or proteins. The analogy with salt in a super-saturated solution is introduced without a simpler foundational explanation, making it difficult to follow for someone without prior knowledge.",4681,how do prions propagate by 'touching' healthy proteins?,"as best as we understand (because there's still a lot we don't understand about prions), it involves the infectious form creating insoluble aggregates that form a template that the normal prion arranges itself on to. we call these aggregates amyloids, and loosely speaking, they're a alternate, solid phase of a soluble protein. this insoluble form of the protein helps the soluble protein aggregate as well because it forms a kind of pre-organized template where every new molecule adds [one new link to an ever-growing chain](_url_2_) you can think prion aggregation like [salt in a super-saturated solution](_url_0_). everything will remain in solution if there is no where to start the growth of a crystal, but if you add a nucleating agent like a small seed crystal, salt ions from the solution will come together to make insoluble crystals. this analogy isn't perfect, because a supersaturated solution is unstable, while under normal physiology, prion proteins are stable and soluble. the important point is that you need a nucleant to start forming the amyloid growth. this is why a [small amount of aggregated protein can trigger a bunch more to aggregate as a result](_url_1_).",https://reddit.com/r/askscience/comments/41o7y6/how_do_prions_propagate_by_touching_healthy/,0.9017857142857144,1.0,0.0,"You can think prion aggregation like [salt in a super-saturated solution](https://www.youtube.com/watch?v=BLq5NibwV5g). Everything will remain in solution if there is no where to start the growth of a crystal, but if you add a nucleating agent like a small seed crystal, salt ions from the solution will come together to make insoluble crystals.. 
",,1.0,0.0,builds the answer gradually,complex before simple,,,,,,,,,,,,,Metaphor (v8),"[Mattan] You can think prion aggregation like [salt in a super-saturated solution](https://www.youtube.com/watch?v=BLq5NibwV5g). Everything will remain in solution if there is no where to start the growth of a crystal, but if you add a nucleating agent like a small seed crystal, salt ions from the solution will come together to make insoluble crystals.. 
",[Nir] (No reason provided)
scaffolding_v2,balanced_30_metaphor_v8_scaffolding_formatted.csv,How do prions propagate by 'touching' healthy proteins?,"As best as we understand (because there's still a lot we don't understand about prions), it involves the infectious form creating insoluble aggregates that form a template that the normal prion arranges itself on to. We call these aggregates amyloids, and loosely speaking, they're a alternate, solid phase of a soluble protein. This insoluble form of the protein helps the soluble protein aggregate as well because it forms a kind of pre-organized template where every new molecule adds [one new link to an ever-growing chain](http://journals.plos.org/plospathogens/article/figure/image?size=medium&id=info:doi/10.1371/journal.ppat.1004584.g001)

You can think prion aggregation like [salt in a super-saturated solution](https://www.youtube.com/watch?v=BLq5NibwV5g). Everything will remain in solution if there is no where to start the growth of a crystal, but if you add a nucleating agent like a small seed crystal, salt ions from the solution will come together to make insoluble crystals. 

This analogy isn't perfect, because a supersaturated solution is unstable, while under normal physiology, prion proteins are stable and soluble. The important point is that you need a nucleant to start forming the amyloid growth. This is why a [small amount of aggregated protein can trigger a bunch more to aggregate as a result](https://upload.wikimedia.org/wikipedia/commons/6/62/Prion_Replication.png). ",0.7549149868676283,0.2450850186463483,"The passage uses an active metaphor by comparing prion aggregation to salt in a super-saturated solution, introducing a domain shift from chemistry to biology. This non-literal framing changes how prion aggregation is understood, highlighting the need for a nucleating agent to start the process. The metaphor is novel due to the specific analogy and domain shift, and it cannot be interpreted literally without losing meaning.","The response lacks scaffolding as it presents complex ideas without building from simpler concepts. It starts with the complex notion of prion aggregation and amyloids without first establishing a basic understanding of prions or proteins. The analogy with salt in a super-saturated solution is introduced without a simpler foundational explanation, making it difficult to follow for someone without prior knowledge.",4681,how do prions propagate by 'touching' healthy proteins?,"as best as we understand (because there's still a lot we don't understand about prions), it involves the infectious form creating insoluble aggregates that form a template that the normal prion arranges itself on to. we call these aggregates amyloids, and loosely speaking, they're a alternate, solid phase of a soluble protein. this insoluble form of the protein helps the soluble protein aggregate as well because it forms a kind of pre-organized template where every new molecule adds [one new link to an ever-growing chain](_url_2_) you can think prion aggregation like [salt in a super-saturated solution](_url_0_). everything will remain in solution if there is no where to start the growth of a crystal, but if you add a nucleating agent like a small seed crystal, salt ions from the solution will come together to make insoluble crystals. this analogy isn't perfect, because a supersaturated solution is unstable, while under normal physiology, prion proteins are stable and soluble. the important point is that you need a nucleant to start forming the amyloid growth. this is why a [small amount of aggregated protein can trigger a bunch more to aggregate as a result](_url_1_).",https://reddit.com/r/askscience/comments/41o7y6/how_do_prions_propagate_by_touching_healthy/,0.9017857142857144,1.0,0.0,"You can think prion aggregation like [salt in a super-saturated solution](https://www.youtube.com/watch?v=BLq5NibwV5g). Everything will remain in solution if there is no where to start the growth of a crystal, but if you add a nucleating agent like a small seed crystal, salt ions from the solution will come together to make insoluble crystals.. 
",,1.0,0.0,builds the answer gradually,complex before simple,,,,,,,,,,,,,Scaffolding (v2),[Mattan] builds the answer gradually,[Nir] complex before simple
humor_v5,balanced_30_humor_v5_conn_v4_formatted.csv,why is the speed of light the speed that it is?,"you're thinking of it backwards. the speed of light is much more fundamental to the way everything works than units of distance and time. everything scales to it--not the other way around. if light were ""half as fast,"" distances between everything would be half as far. and you would have no way of knowing it because every other physical property would scale similarly. i hope i'm explaining this well enough--it's not really mystical. c is just so fundamental to the way things work that ""changing"" it is meaningless. it's like asking, ""what would change if 2 was 1?"" we would just rewrite all of our equations to use a different symbol--identity is that fundamental of a concept. 2 \* 2 = 2, 2 \* 3 = 3, 2 \* 4 = 4, etc. you're changing *symbols*, not *meaning*. to change the meaning of c, you would have to completely rewrite the rules of everything about the universe from the ground up.",,,,,5179,why is the speed of light the speed that it is?,"you're thinking of it backwards. the speed of light is much more fundamental to the way everything works than units of distance and time. everything scales to it--not the other way around. if light were ""half as fast,"" distances between everything would be half as far. and you would have no way of knowing it because every other physical property would scale similarly. i hope i'm explaining this well enough--it's not really mystical. c is just so fundamental to the way things work that ""changing"" it is meaningless. it's like asking, ""what would change if 2 was 1?"" we would just rewrite all of our equations to use a different symbol--identity is that fundamental of a concept. 2 \* 2 = 2, 2 \* 3 = 3, 2 \* 4 = 4, etc. you're changing *symbols*, not *meaning*. to change the meaning of c, you would have to completely rewrite the rules of everything about the universe from the ground up.",,0.0,,,,,,,,,0.0,1.0,0.0,0.0,0.0,0.0,"The response provides a technical explanation about the fundamental nature of the speed of light and its role in physics. It uses a hypothetical scenario to illustrate a point but does not include any intentional jokes, absurdist or deadpan humor, irony, or sarcasm. The tone is casual and informative, but not comedic.","The response does not include any named references from popular culture, historical figures, organizations, publications, or famous places. It also lacks any mention of concrete everyday activities. The explanation is focused on abstract concepts related to the speed of light, which do not align with the evaluation criteria for scoring.","""what would change if 2 was 1?""",,,,Humor (v5),"[Mattan] ""what would change if 2 was 1?""",[Nir] (No reason provided)
connection_v4,balanced_30_humor_v5_conn_v4_formatted.csv,Why do some vaccines wear off over time?,"There's a variety of reasons why we give multiple doses of vaccines:

- *Vaccines and immune systems can miss each other* - Sometimes your immune system isn't great at the time of vaccination so you end up not developing immunity. MMR is  good example of this and why (in a population perspective) multiple doses are given to ensure you have the highest chance of developing immunity, luckily this can sometimes achieve lifelong immunity. Multiple doses can also achieve an even more robust immunity.

- *Pathogens evolve* - this is the assumed reason pertussis for example needs an occasional booster. There are lots of theories why we don't get lifelong immunity, the one I think is the most plausible is that in times before vaccines a natural infection conferred immunity (you know, **if** you didn't die) and then the persistent presence in the population ensured you were continually exposed and got a natural booster. 

- *Some pathogens mutate very fast* - influenza is a great example of viruses that are extremely difficult to design vaccines for. Their genome is basically a bookcase and the vaccine targets say a chapter in a book. Influenza can easily swap out pages, chapters, books, even whole shelves. ",,,,,5601,why do some vaccines wear off over time?,"there's a variety of reasons why we give multiple doses of vaccines: - *vaccines and immune systems can miss each other* - sometimes your immune system isn't great at the time of vaccination so you end up not developing immunity. mmr is good example of this and why (in a population perspective) multiple doses are given to ensure you have the highest chance of developing immunity, luckily this can sometimes achieve lifelong immunity. multiple doses can also achieve an even more robust immunity. - *pathogens evolve* - this is the assumed reason pertussis for example needs an occasional booster. there are lots of theories why we don't get lifelong immunity, the one i think is the most plausible is that in times before vaccines a natural infection conferred immunity (you know, **if** you didn't die) and then the persistent presence in the population ensured you were continually exposed and got a natural booster. - *some pathogens mutate very fast* - influenza is a great example of viruses that are extremely difficult to design vaccines for. their genome is basically a bookcase and the vaccine targets say a chapter in a book. influenza can easily swap out pages, chapters, books, even whole shelves.",https://reddit.com/r/askscience/comments/79v3hl/why_do_some_vaccines_wear_off_over_time/,1.0,,,,,,,,,0.705785040214066,1.0,1.0,0.5312093733737562,0.0,1.0,"The response contains intentional humor through the use of a metaphor comparing the influenza virus genome to a bookcase, which humorously describes the virus's ability to mutate by swapping out pages, chapters, books, and even whole shelves. This creative analogy adds a comedic element to the explanation, aligning with the criteria for intentional jokes.","The response includes a named reference to 'MMR' and 'influenza', which are specific examples of vaccines and viruses, respectively. These references are external to the question topic, which is about vaccines in general, not specific types. Additionally, the analogy of influenza's genome as a 'bookcase' with 'chapters' and 'pages' is a creative and relatable way to explain the concept of viral mutation, grounding the explanation in a concrete everyday activity of reading or organizing books.","infection conferred immunity (you know, **if** you didn't die) ","״(you know, **if** you didn't die)""",,Reference to MMR,Connection to Everyday Life (v4),[Nir] Reference to MMR,[Mattan] (No reason provided)
